,Afghanistan,Algeria,Argentina,Austria,Azerbaijan,Bangladesh,Belgium,Benin,Bhutan,Bosnia and Herzegovina,Botswana,Brazil,Bulgaria,Burkina Faso,Burundi,Cambodia,Cameroon,Canada,Central African Republic,Chad,Chile,China,Colombia,Costa Rica,Cote d'Ivoire,Croatia,Cuba,Czech Republic,Democratic Republic of the Congo,Dominican Republic,Egypt,El Salvador,Equatorial Guinea,Estonia,Ethiopia,Finland,France,Gabon,Gambia,Georgia,Germany,Ghana,Greece,Greenland,Grenada,Guatemala,Guinea,Haiti,Honduras,Hungary,India,Indonesia,Iran,Iraq,Israel,Italy,Japan,Jordan,Kazakhstan,Kenya,Laos,Latvia,Lebanon,Liberia,Lithuania,Macedonia,Madagascar,Malaysia,Mali,Mauritania,Mexico,Mongolia,Montenegro,Morocco,Mozambique,Myanmar,Namibia,Nepal,Niger,Nigeria,Norway,Oman,Pakistan,Paraguay,Peru,Philippines,Poland,Qatar,Republic of the Congo,Romania,Russia,Rwanda,Saudi Arabia,Senegal,Serbia,Sierra Leone,Slovenia,Somalia,South Africa,South Korea,Spain,Sri Lanka,Sudan,Svalbard,Switzerland,Syria,Taiwan,Tajikistan,Tanzania,Thailand,Tunisia,Turkey,Uganda,Ukraine,United Arab Emirates,United Kingdom,USA,Viet Nam,Zaire,Zambia,Zimbabwe
Afghanistan,0.001,1.6067380923256965e-07,6.237575674365235e-08,1.553875133958547e-07,3.04595194367719e-07,0.001,1.553875133958547e-07,1.1600765800882102e-07,0.001,1.725053056643599e-07,1.24352338912691e-07,6.237575674365235e-08,2.2051020292202112e-07,1.1600765800882102e-07,1.7956269912915196e-07,2.702899275652735e-07,1.48432756356423e-07,9.431998719084027e-08,1.48432756356423e-07,1.48432756356423e-07,6.237575674365235e-08,2.35150920094436e-07,6.237575674365235e-08,6.543700521154625e-08,1.1600765800882102e-07,1.725053056643599e-07,7.098330416848066e-08,2.2051020292202112e-07,1.48432756356423e-07,7.098330416848066e-08,1.6067380923256965e-07,6.543700521154625e-08,1.48432756356423e-07,1.6998360697088591e-07,1.7956269912915196e-07,1.6998360697088591e-07,1.553875133958547e-07,1.48432756356423e-07,1.1600765800882102e-07,3.04595194367719e-07,1.553875133958547e-07,1.1600765800882102e-07,1.725053056643599e-07,9.431998719084027e-08,7.098330416848066e-08,6.543700521154625e-08,1.1600765800882102e-07,7.098330416848066e-08,6.543700521154625e-08,2.2051020292202112e-07,0.001,2.702899275652735e-07,0.001,3.04595194367719e-07,3.04595194367719e-07,1.725053056643599e-07,2.35150920094436e-07,3.04595194367719e-07,4.708061659943275e-07,1.7956269912915196e-07,2.702899275652735e-07,1.6998360697088591e-07,3.04595194367719e-07,1.1600765800882102e-07,1.6998360697088591e-07,1.725053056643599e-07,1.7956269912915196e-07,2.702899275652735e-07,1.1600765800882102e-07,1.1600765800882102e-07,6.543700521154625e-08,2.35150920094436e-07,1.725053056643599e-07,1.6067380923256965e-07,1.7956269912915196e-07,2.702899275652735e-07,1.24352338912691e-07,0.001,1.1600765800882102e-07,1.1600765800882102e-07,1.6998360697088591e-07,3.04595194367719e-07,0.001,6.237575674365235e-08,6.237575674365235e-08,2.702899275652735e-07,2.2051020292202112e-07,3.04595194367719e-07,1.48432756356423e-07,2.2051020292202112e-07,2.2051020292202112e-07,1.7956269912915196e-07,3.04595194367719e-07,1.1600765800882102e-07,1.725053056643599e-07,1.1600765800882102e-07,1.725053056643599e-07,1.7956269912915196e-07,1.24352338912691e-07,2.35150920094436e-07,1.725053056643599e-07,0.001,1.6067380923256965e-07,1.6998360697088591e-07,1.553875133958547e-07,3.04595194367719e-07,2.35150920094436e-07,4.708061659943275e-07,1.7956269912915196e-07,2.702899275652735e-07,1.6067380923256965e-07,3.04595194367719e-07,1.7956269912915196e-07,2.2051020292202112e-07,3.04595194367719e-07,1.6998360697088591e-07,9.431998719084027e-08,2.702899275652735e-07,1.48432756356423e-07,1.7956269912915196e-07,1.7956269912915196e-07
Algeria,1.6067380923256965e-07,0.001,1.0133358566130746e-07,4.139427467668838e-07,3.3878230516619953e-07,1.6067380923256965e-07,4.139427467668838e-07,3.8754912631917674e-07,1.6067380923256965e-07,5.751374504484346e-07,1.7328789233937284e-07,1.0133358566130746e-07,3.290825121830446e-07,3.8754912631917674e-07,2.2804969857602515e-07,1.0077268511995287e-07,3.7648492857960244e-07,1.3213391912541147e-07,3.7648492857960244e-07,3.7648492857960244e-07,1.0133358566130746e-07,1.0418506110234917e-07,1.0133358566130746e-07,9.484815196482228e-08,3.8754912631917674e-07,5.751374504484346e-07,1.1620814529260744e-07,3.290825121830446e-07,3.7648492857960244e-07,1.1620814529260744e-07,0.001,9.484815196482228e-08,3.7648492857960244e-07,2.6163805727496193e-07,2.2804969857602515e-07,2.6163805727496193e-07,4.139427467668838e-07,3.7648492857960244e-07,3.8754912631917674e-07,3.3878230516619953e-07,4.139427467668838e-07,3.8754912631917674e-07,5.751374504484346e-07,1.3213391912541147e-07,1.1620814529260744e-07,9.484815196482228e-08,3.8754912631917674e-07,1.1620814529260744e-07,9.484815196482228e-08,3.290825121830446e-07,1.6067380923256965e-07,1.0077268511995287e-07,1.6067380923256965e-07,3.3878230516619953e-07,3.3878230516619953e-07,5.751374504484346e-07,1.0418506110234917e-07,3.3878230516619953e-07,1.886650838445934e-07,2.2804969857602515e-07,1.0077268511995287e-07,2.6163805727496193e-07,3.3878230516619953e-07,3.8754912631917674e-07,2.6163805727496193e-07,5.751374504484346e-07,2.2804969857602515e-07,1.0077268511995287e-07,3.8754912631917674e-07,3.8754912631917674e-07,9.484815196482228e-08,1.0418506110234917e-07,5.751374504484346e-07,0.001,2.2804969857602515e-07,1.0077268511995287e-07,1.7328789233937284e-07,1.6067380923256965e-07,3.8754912631917674e-07,3.8754912631917674e-07,2.6163805727496193e-07,3.3878230516619953e-07,1.6067380923256965e-07,1.0133358566130746e-07,1.0133358566130746e-07,1.0077268511995287e-07,3.290825121830446e-07,3.3878230516619953e-07,3.7648492857960244e-07,3.290825121830446e-07,3.290825121830446e-07,2.2804969857602515e-07,3.3878230516619953e-07,3.8754912631917674e-07,5.751374504484346e-07,3.8754912631917674e-07,5.751374504484346e-07,2.2804969857602515e-07,1.7328789233937284e-07,1.0418506110234917e-07,5.751374504484346e-07,1.6067380923256965e-07,0.001,2.6163805727496193e-07,4.139427467668838e-07,3.3878230516619953e-07,1.0418506110234917e-07,1.886650838445934e-07,2.2804969857602515e-07,1.0077268511995287e-07,0.001,3.3878230516619953e-07,2.2804969857602515e-07,3.290825121830446e-07,3.3878230516619953e-07,2.6163805727496193e-07,1.3213391912541147e-07,1.0077268511995287e-07,3.7648492857960244e-07,2.2804969857602515e-07,2.2804969857602515e-07
Argentina,6.237575674365235e-08,1.0133358566130746e-07,0.001,9.766713740430463e-08,7.802369310419413e-08,6.237575674365235e-08,9.766713740430463e-08,1.348811438880539e-07,6.237575674365235e-08,9.405610272044893e-08,1.1091343527664071e-07,0.001,8.22768421736869e-08,1.348811438880539e-07,9.031450440305225e-08,5.2122190199751614e-08,1.0610231436341873e-07,1.2121480988764287e-07,1.0610231436341873e-07,1.0610231436341873e-07,0.001,5.584263658506971e-08,0.001,2.2269312491935518e-07,1.348811438880539e-07,9.405610272044893e-08,2.5505807052155757e-07,8.22768421736869e-08,1.0610231436341873e-07,2.5505807052155757e-07,1.0133358566130746e-07,2.2269312491935518e-07,1.0610231436341873e-07,8.792027031974543e-08,9.031450440305225e-08,8.792027031974543e-08,9.766713740430463e-08,1.0610231436341873e-07,1.348811438880539e-07,7.802369310419413e-08,9.766713740430463e-08,1.348811438880539e-07,9.405610272044893e-08,1.2121480988764287e-07,2.5505807052155757e-07,2.2269312491935518e-07,1.348811438880539e-07,2.5505807052155757e-07,2.2269312491935518e-07,8.22768421736869e-08,6.237575674365235e-08,5.2122190199751614e-08,6.237575674365235e-08,7.802369310419413e-08,7.802369310419413e-08,9.405610272044893e-08,5.584263658506971e-08,7.802369310419413e-08,6.698899990092903e-08,9.031450440305225e-08,5.2122190199751614e-08,8.792027031974543e-08,7.802369310419413e-08,1.348811438880539e-07,8.792027031974543e-08,9.405610272044893e-08,9.031450440305225e-08,5.2122190199751614e-08,1.348811438880539e-07,1.348811438880539e-07,2.2269312491935518e-07,5.584263658506971e-08,9.405610272044893e-08,1.0133358566130746e-07,9.031450440305225e-08,5.2122190199751614e-08,1.1091343527664071e-07,6.237575674365235e-08,1.348811438880539e-07,1.348811438880539e-07,8.792027031974543e-08,7.802369310419413e-08,6.237575674365235e-08,0.001,0.001,5.2122190199751614e-08,8.22768421736869e-08,7.802369310419413e-08,1.0610231436341873e-07,8.22768421736869e-08,8.22768421736869e-08,9.031450440305225e-08,7.802369310419413e-08,1.348811438880539e-07,9.405610272044893e-08,1.348811438880539e-07,9.405610272044893e-08,9.031450440305225e-08,1.1091343527664071e-07,5.584263658506971e-08,9.405610272044893e-08,6.237575674365235e-08,1.0133358566130746e-07,8.792027031974543e-08,9.766713740430463e-08,7.802369310419413e-08,5.584263658506971e-08,6.698899990092903e-08,9.031450440305225e-08,5.2122190199751614e-08,1.0133358566130746e-07,7.802369310419413e-08,9.031450440305225e-08,8.22768421736869e-08,7.802369310419413e-08,8.792027031974543e-08,1.2121480988764287e-07,5.2122190199751614e-08,1.0610231436341873e-07,9.031450440305225e-08,9.031450440305225e-08
Austria,1.553875133958547e-07,4.139427467668838e-07,9.766713740430463e-08,0.001,2.815919484362537e-07,1.553875133958547e-07,0.001,2.3742913706248567e-07,1.553875133958547e-07,1.0982373795468545e-06,1.2216128570635672e-07,9.766713740430463e-08,5.140855901848794e-07,2.3742913706248567e-07,1.5080748143698097e-07,1.0149370436826583e-07,1.9717658018075075e-07,1.839135149678658e-07,1.9717658018075075e-07,1.9717658018075075e-07,9.766713740430463e-08,1.1712439626003127e-07,9.766713740430463e-08,1.0769621003128483e-07,2.3742913706248567e-07,1.0982373795468545e-06,1.2995017291781167e-07,5.140855901848794e-07,1.9717658018075075e-07,1.2995017291781167e-07,4.139427467668838e-07,1.0769621003128483e-07,1.9717658018075075e-07,6.215458886063083e-07,1.5080748143698097e-07,6.215458886063083e-07,0.001,1.9717658018075075e-07,2.3742913706248567e-07,2.815919484362537e-07,0.001,2.3742913706248567e-07,1.0982373795468545e-06,1.839135149678658e-07,1.2995017291781167e-07,1.0769621003128483e-07,2.3742913706248567e-07,1.2995017291781167e-07,1.0769621003128483e-07,5.140855901848794e-07,1.553875133958547e-07,1.0149370436826583e-07,1.553875133958547e-07,2.815919484362537e-07,2.815919484362537e-07,1.0982373795468545e-06,1.1712439626003127e-07,2.815919484362537e-07,2.1183594329292855e-07,1.5080748143698097e-07,1.0149370436826583e-07,6.215458886063083e-07,2.815919484362537e-07,2.3742913706248567e-07,6.215458886063083e-07,1.0982373795468545e-06,1.5080748143698097e-07,1.0149370436826583e-07,2.3742913706248567e-07,2.3742913706248567e-07,1.0769621003128483e-07,1.1712439626003127e-07,1.0982373795468545e-06,4.139427467668838e-07,1.5080748143698097e-07,1.0149370436826583e-07,1.2216128570635672e-07,1.553875133958547e-07,2.3742913706248567e-07,2.3742913706248567e-07,6.215458886063083e-07,2.815919484362537e-07,1.553875133958547e-07,9.766713740430463e-08,9.766713740430463e-08,1.0149370436826583e-07,5.140855901848794e-07,2.815919484362537e-07,1.9717658018075075e-07,5.140855901848794e-07,5.140855901848794e-07,1.5080748143698097e-07,2.815919484362537e-07,2.3742913706248567e-07,1.0982373795468545e-06,2.3742913706248567e-07,1.0982373795468545e-06,1.5080748143698097e-07,1.2216128570635672e-07,1.1712439626003127e-07,1.0982373795468545e-06,1.553875133958547e-07,4.139427467668838e-07,6.215458886063083e-07,0.001,2.815919484362537e-07,1.1712439626003127e-07,2.1183594329292855e-07,1.5080748143698097e-07,1.0149370436826583e-07,4.139427467668838e-07,2.815919484362537e-07,1.5080748143698097e-07,5.140855901848794e-07,2.815919484362537e-07,6.215458886063083e-07,1.839135149678658e-07,1.0149370436826583e-07,1.9717658018075075e-07,1.5080748143698097e-07,1.5080748143698097e-07
Azerbaijan,3.04595194367719e-07,3.3878230516619953e-07,7.802369310419413e-08,2.815919484362537e-07,0.001,3.04595194367719e-07,2.815919484362537e-07,1.8376715996765235e-07,3.04595194367719e-07,3.6606154711540716e-07,1.5084338069035017e-07,7.802369310419413e-08,4.701211145389067e-07,1.8376715996765235e-07,2.3546687397497292e-07,1.432587722639697e-07,2.405911713828482e-07,1.1441105650682687e-07,2.405911713828482e-07,2.405911713828482e-07,7.802369310419413e-08,1.4565331453993143e-07,7.802369310419413e-08,7.791496668399515e-08,1.8376715996765235e-07,3.6606154711540716e-07,8.968323261376695e-08,4.701211145389067e-07,2.405911713828482e-07,8.968323261376695e-08,3.3878230516619953e-07,7.791496668399515e-08,2.405911713828482e-07,2.6580212053962534e-07,2.3546687397497292e-07,2.6580212053962534e-07,2.815919484362537e-07,2.405911713828482e-07,1.8376715996765235e-07,0.001,2.815919484362537e-07,1.8376715996765235e-07,3.6606154711540716e-07,1.1441105650682687e-07,8.968323261376695e-08,7.791496668399515e-08,1.8376715996765235e-07,8.968323261376695e-08,7.791496668399515e-08,4.701211145389067e-07,3.04595194367719e-07,1.432587722639697e-07,3.04595194367719e-07,0.001,0.001,3.6606154711540716e-07,1.4565331453993143e-07,0.001,3.812712187159341e-07,2.3546687397497292e-07,1.432587722639697e-07,2.6580212053962534e-07,0.001,1.8376715996765235e-07,2.6580212053962534e-07,3.6606154711540716e-07,2.3546687397497292e-07,1.432587722639697e-07,1.8376715996765235e-07,1.8376715996765235e-07,7.791496668399515e-08,1.4565331453993143e-07,3.6606154711540716e-07,3.3878230516619953e-07,2.3546687397497292e-07,1.432587722639697e-07,1.5084338069035017e-07,3.04595194367719e-07,1.8376715996765235e-07,1.8376715996765235e-07,2.6580212053962534e-07,0.001,3.04595194367719e-07,7.802369310419413e-08,7.802369310419413e-08,1.432587722639697e-07,4.701211145389067e-07,0.001,2.405911713828482e-07,4.701211145389067e-07,4.701211145389067e-07,2.3546687397497292e-07,0.001,1.8376715996765235e-07,3.6606154711540716e-07,1.8376715996765235e-07,3.6606154711540716e-07,2.3546687397497292e-07,1.5084338069035017e-07,1.4565331453993143e-07,3.6606154711540716e-07,3.04595194367719e-07,3.3878230516619953e-07,2.6580212053962534e-07,2.815919484362537e-07,0.001,1.4565331453993143e-07,3.812712187159341e-07,2.3546687397497292e-07,1.432587722639697e-07,3.3878230516619953e-07,0.001,2.3546687397497292e-07,4.701211145389067e-07,0.001,2.6580212053962534e-07,1.1441105650682687e-07,1.432587722639697e-07,2.405911713828482e-07,2.3546687397497292e-07,2.3546687397497292e-07
Bangladesh,0.001,1.6067380923256965e-07,6.237575674365235e-08,1.553875133958547e-07,3.04595194367719e-07,0.001,1.553875133958547e-07,1.1600765800882102e-07,0.001,1.725053056643599e-07,1.24352338912691e-07,6.237575674365235e-08,2.2051020292202112e-07,1.1600765800882102e-07,1.7956269912915196e-07,2.702899275652735e-07,1.48432756356423e-07,9.431998719084027e-08,1.48432756356423e-07,1.48432756356423e-07,6.237575674365235e-08,2.35150920094436e-07,6.237575674365235e-08,6.543700521154625e-08,1.1600765800882102e-07,1.725053056643599e-07,7.098330416848066e-08,2.2051020292202112e-07,1.48432756356423e-07,7.098330416848066e-08,1.6067380923256965e-07,6.543700521154625e-08,1.48432756356423e-07,1.6998360697088591e-07,1.7956269912915196e-07,1.6998360697088591e-07,1.553875133958547e-07,1.48432756356423e-07,1.1600765800882102e-07,3.04595194367719e-07,1.553875133958547e-07,1.1600765800882102e-07,1.725053056643599e-07,9.431998719084027e-08,7.098330416848066e-08,6.543700521154625e-08,1.1600765800882102e-07,7.098330416848066e-08,6.543700521154625e-08,2.2051020292202112e-07,0.001,2.702899275652735e-07,0.001,3.04595194367719e-07,3.04595194367719e-07,1.725053056643599e-07,2.35150920094436e-07,3.04595194367719e-07,4.708061659943275e-07,1.7956269912915196e-07,2.702899275652735e-07,1.6998360697088591e-07,3.04595194367719e-07,1.1600765800882102e-07,1.6998360697088591e-07,1.725053056643599e-07,1.7956269912915196e-07,2.702899275652735e-07,1.1600765800882102e-07,1.1600765800882102e-07,6.543700521154625e-08,2.35150920094436e-07,1.725053056643599e-07,1.6067380923256965e-07,1.7956269912915196e-07,2.702899275652735e-07,1.24352338912691e-07,0.001,1.1600765800882102e-07,1.1600765800882102e-07,1.6998360697088591e-07,3.04595194367719e-07,0.001,6.237575674365235e-08,6.237575674365235e-08,2.702899275652735e-07,2.2051020292202112e-07,3.04595194367719e-07,1.48432756356423e-07,2.2051020292202112e-07,2.2051020292202112e-07,1.7956269912915196e-07,3.04595194367719e-07,1.1600765800882102e-07,1.725053056643599e-07,1.1600765800882102e-07,1.725053056643599e-07,1.7956269912915196e-07,1.24352338912691e-07,2.35150920094436e-07,1.725053056643599e-07,0.001,1.6067380923256965e-07,1.6998360697088591e-07,1.553875133958547e-07,3.04595194367719e-07,2.35150920094436e-07,4.708061659943275e-07,1.7956269912915196e-07,2.702899275652735e-07,1.6067380923256965e-07,3.04595194367719e-07,1.7956269912915196e-07,2.2051020292202112e-07,3.04595194367719e-07,1.6998360697088591e-07,9.431998719084027e-08,2.702899275652735e-07,1.48432756356423e-07,1.7956269912915196e-07,1.7956269912915196e-07
Belgium,1.553875133958547e-07,4.139427467668838e-07,9.766713740430463e-08,0.001,2.815919484362537e-07,1.553875133958547e-07,0.001,2.3742913706248567e-07,1.553875133958547e-07,1.0982373795468545e-06,1.2216128570635672e-07,9.766713740430463e-08,5.140855901848794e-07,2.3742913706248567e-07,1.5080748143698097e-07,1.0149370436826583e-07,1.9717658018075075e-07,1.839135149678658e-07,1.9717658018075075e-07,1.9717658018075075e-07,9.766713740430463e-08,1.1712439626003127e-07,9.766713740430463e-08,1.0769621003128483e-07,2.3742913706248567e-07,1.0982373795468545e-06,1.2995017291781167e-07,5.140855901848794e-07,1.9717658018075075e-07,1.2995017291781167e-07,4.139427467668838e-07,1.0769621003128483e-07,1.9717658018075075e-07,6.215458886063083e-07,1.5080748143698097e-07,6.215458886063083e-07,0.001,1.9717658018075075e-07,2.3742913706248567e-07,2.815919484362537e-07,0.001,2.3742913706248567e-07,1.0982373795468545e-06,1.839135149678658e-07,1.2995017291781167e-07,1.0769621003128483e-07,2.3742913706248567e-07,1.2995017291781167e-07,1.0769621003128483e-07,5.140855901848794e-07,1.553875133958547e-07,1.0149370436826583e-07,1.553875133958547e-07,2.815919484362537e-07,2.815919484362537e-07,1.0982373795468545e-06,1.1712439626003127e-07,2.815919484362537e-07,2.1183594329292855e-07,1.5080748143698097e-07,1.0149370436826583e-07,6.215458886063083e-07,2.815919484362537e-07,2.3742913706248567e-07,6.215458886063083e-07,1.0982373795468545e-06,1.5080748143698097e-07,1.0149370436826583e-07,2.3742913706248567e-07,2.3742913706248567e-07,1.0769621003128483e-07,1.1712439626003127e-07,1.0982373795468545e-06,4.139427467668838e-07,1.5080748143698097e-07,1.0149370436826583e-07,1.2216128570635672e-07,1.553875133958547e-07,2.3742913706248567e-07,2.3742913706248567e-07,6.215458886063083e-07,2.815919484362537e-07,1.553875133958547e-07,9.766713740430463e-08,9.766713740430463e-08,1.0149370436826583e-07,5.140855901848794e-07,2.815919484362537e-07,1.9717658018075075e-07,5.140855901848794e-07,5.140855901848794e-07,1.5080748143698097e-07,2.815919484362537e-07,2.3742913706248567e-07,1.0982373795468545e-06,2.3742913706248567e-07,1.0982373795468545e-06,1.5080748143698097e-07,1.2216128570635672e-07,1.1712439626003127e-07,1.0982373795468545e-06,1.553875133958547e-07,4.139427467668838e-07,6.215458886063083e-07,0.001,2.815919484362537e-07,1.1712439626003127e-07,2.1183594329292855e-07,1.5080748143698097e-07,1.0149370436826583e-07,4.139427467668838e-07,2.815919484362537e-07,1.5080748143698097e-07,5.140855901848794e-07,2.815919484362537e-07,6.215458886063083e-07,1.839135149678658e-07,1.0149370436826583e-07,1.9717658018075075e-07,1.5080748143698097e-07,1.5080748143698097e-07
Benin,1.1600765800882102e-07,3.8754912631917674e-07,1.348811438880539e-07,2.3742913706248567e-07,1.8376715996765235e-07,1.1600765800882102e-07,2.3742913706248567e-07,0.001,1.1600765800882102e-07,2.51727468785103e-07,2.0140947894729932e-07,1.348811438880539e-07,1.8179124677413918e-07,0.001,2.0180974863968915e-07,8.154608231945776e-08,3.760946330623467e-07,1.2798444780003275e-07,3.760946330623467e-07,3.760946330623467e-07,1.348811438880539e-07,8.211380599939465e-08,1.348811438880539e-07,1.0928639557283959e-07,0.001,2.51727468785103e-07,1.410128290009708e-07,1.8179124677413918e-07,3.760946330623467e-07,1.410128290009708e-07,3.8754912631917674e-07,1.0928639557283959e-07,3.760946330623467e-07,1.7181548799544146e-07,2.0180974863968915e-07,1.7181548799544146e-07,2.3742913706248567e-07,3.760946330623467e-07,0.001,1.8376715996765235e-07,2.3742913706248567e-07,0.001,2.51727468785103e-07,1.2798444780003275e-07,1.410128290009708e-07,1.0928639557283959e-07,0.001,1.410128290009708e-07,1.0928639557283959e-07,1.8179124677413918e-07,1.1600765800882102e-07,8.154608231945776e-08,1.1600765800882102e-07,1.8376715996765235e-07,1.8376715996765235e-07,2.51727468785103e-07,8.211380599939465e-08,1.8376715996765235e-07,1.2691180074121644e-07,2.0180974863968915e-07,8.154608231945776e-08,1.7181548799544146e-07,1.8376715996765235e-07,0.001,1.7181548799544146e-07,2.51727468785103e-07,2.0180974863968915e-07,8.154608231945776e-08,0.001,0.001,1.0928639557283959e-07,8.211380599939465e-08,2.51727468785103e-07,3.8754912631917674e-07,2.0180974863968915e-07,8.154608231945776e-08,2.0140947894729932e-07,1.1600765800882102e-07,0.001,0.001,1.7181548799544146e-07,1.8376715996765235e-07,1.1600765800882102e-07,1.348811438880539e-07,1.348811438880539e-07,8.154608231945776e-08,1.8179124677413918e-07,1.8376715996765235e-07,3.760946330623467e-07,1.8179124677413918e-07,1.8179124677413918e-07,2.0180974863968915e-07,1.8376715996765235e-07,0.001,2.51727468785103e-07,0.001,2.51727468785103e-07,2.0180974863968915e-07,2.0140947894729932e-07,8.211380599939465e-08,2.51727468785103e-07,1.1600765800882102e-07,3.8754912631917674e-07,1.7181548799544146e-07,2.3742913706248567e-07,1.8376715996765235e-07,8.211380599939465e-08,1.2691180074121644e-07,2.0180974863968915e-07,8.154608231945776e-08,3.8754912631917674e-07,1.8376715996765235e-07,2.0180974863968915e-07,1.8179124677413918e-07,1.8376715996765235e-07,1.7181548799544146e-07,1.2798444780003275e-07,8.154608231945776e-08,3.760946330623467e-07,2.0180974863968915e-07,2.0180974863968915e-07
Bhutan,0.001,1.6067380923256965e-07,6.237575674365235e-08,1.553875133958547e-07,3.04595194367719e-07,0.001,1.553875133958547e-07,1.1600765800882102e-07,0.001,1.725053056643599e-07,1.24352338912691e-07,6.237575674365235e-08,2.2051020292202112e-07,1.1600765800882102e-07,1.7956269912915196e-07,2.702899275652735e-07,1.48432756356423e-07,9.431998719084027e-08,1.48432756356423e-07,1.48432756356423e-07,6.237575674365235e-08,2.35150920094436e-07,6.237575674365235e-08,6.543700521154625e-08,1.1600765800882102e-07,1.725053056643599e-07,7.098330416848066e-08,2.2051020292202112e-07,1.48432756356423e-07,7.098330416848066e-08,1.6067380923256965e-07,6.543700521154625e-08,1.48432756356423e-07,1.6998360697088591e-07,1.7956269912915196e-07,1.6998360697088591e-07,1.553875133958547e-07,1.48432756356423e-07,1.1600765800882102e-07,3.04595194367719e-07,1.553875133958547e-07,1.1600765800882102e-07,1.725053056643599e-07,9.431998719084027e-08,7.098330416848066e-08,6.543700521154625e-08,1.1600765800882102e-07,7.098330416848066e-08,6.543700521154625e-08,2.2051020292202112e-07,0.001,2.702899275652735e-07,0.001,3.04595194367719e-07,3.04595194367719e-07,1.725053056643599e-07,2.35150920094436e-07,3.04595194367719e-07,4.708061659943275e-07,1.7956269912915196e-07,2.702899275652735e-07,1.6998360697088591e-07,3.04595194367719e-07,1.1600765800882102e-07,1.6998360697088591e-07,1.725053056643599e-07,1.7956269912915196e-07,2.702899275652735e-07,1.1600765800882102e-07,1.1600765800882102e-07,6.543700521154625e-08,2.35150920094436e-07,1.725053056643599e-07,1.6067380923256965e-07,1.7956269912915196e-07,2.702899275652735e-07,1.24352338912691e-07,0.001,1.1600765800882102e-07,1.1600765800882102e-07,1.6998360697088591e-07,3.04595194367719e-07,0.001,6.237575674365235e-08,6.237575674365235e-08,2.702899275652735e-07,2.2051020292202112e-07,3.04595194367719e-07,1.48432756356423e-07,2.2051020292202112e-07,2.2051020292202112e-07,1.7956269912915196e-07,3.04595194367719e-07,1.1600765800882102e-07,1.725053056643599e-07,1.1600765800882102e-07,1.725053056643599e-07,1.7956269912915196e-07,1.24352338912691e-07,2.35150920094436e-07,1.725053056643599e-07,0.001,1.6067380923256965e-07,1.6998360697088591e-07,1.553875133958547e-07,3.04595194367719e-07,2.35150920094436e-07,4.708061659943275e-07,1.7956269912915196e-07,2.702899275652735e-07,1.6067380923256965e-07,3.04595194367719e-07,1.7956269912915196e-07,2.2051020292202112e-07,3.04595194367719e-07,1.6998360697088591e-07,9.431998719084027e-08,2.702899275652735e-07,1.48432756356423e-07,1.7956269912915196e-07,1.7956269912915196e-07
Bosnia and Herzegovina,1.725053056643599e-07,5.751374504484346e-07,9.405610272044893e-08,1.0982373795468545e-06,3.6606154711540716e-07,1.725053056643599e-07,1.0982373795468545e-06,2.51727468785103e-07,1.725053056643599e-07,0.001,1.341679358562406e-07,9.405610272044893e-08,6.285174621105096e-07,2.51727468785103e-07,1.7366264538720586e-07,1.0684248682860553e-07,2.297812881761362e-07,1.575536953786449e-07,2.297812881761362e-07,2.297812881761362e-07,9.405610272044893e-08,1.1914684353801368e-07,9.405610272044893e-08,9.88760616784629e-08,2.51727468785103e-07,0.001,1.1859492274736157e-07,6.285174621105096e-07,2.297812881761362e-07,1.1859492274736157e-07,5.751374504484346e-07,9.88760616784629e-08,2.297812881761362e-07,4.795588165770195e-07,1.7366264538720586e-07,4.795588165770195e-07,1.0982373795468545e-06,2.297812881761362e-07,2.51727468785103e-07,3.6606154711540716e-07,1.0982373795468545e-06,2.51727468785103e-07,0.001,1.575536953786449e-07,1.1859492274736157e-07,9.88760616784629e-08,2.51727468785103e-07,1.1859492274736157e-07,9.88760616784629e-08,6.285174621105096e-07,1.725053056643599e-07,1.0684248682860553e-07,1.725053056643599e-07,3.6606154711540716e-07,3.6606154711540716e-07,0.001,1.1914684353801368e-07,3.6606154711540716e-07,2.32573759065993e-07,1.7366264538720586e-07,1.0684248682860553e-07,4.795588165770195e-07,3.6606154711540716e-07,2.51727468785103e-07,4.795588165770195e-07,0.001,1.7366264538720586e-07,1.0684248682860553e-07,2.51727468785103e-07,2.51727468785103e-07,9.88760616784629e-08,1.1914684353801368e-07,0.001,5.751374504484346e-07,1.7366264538720586e-07,1.0684248682860553e-07,1.341679358562406e-07,1.725053056643599e-07,2.51727468785103e-07,2.51727468785103e-07,4.795588165770195e-07,3.6606154711540716e-07,1.725053056643599e-07,9.405610272044893e-08,9.405610272044893e-08,1.0684248682860553e-07,6.285174621105096e-07,3.6606154711540716e-07,2.297812881761362e-07,6.285174621105096e-07,6.285174621105096e-07,1.7366264538720586e-07,3.6606154711540716e-07,2.51727468785103e-07,0.001,2.51727468785103e-07,0.001,1.7366264538720586e-07,1.341679358562406e-07,1.1914684353801368e-07,0.001,1.725053056643599e-07,5.751374504484346e-07,4.795588165770195e-07,1.0982373795468545e-06,3.6606154711540716e-07,1.1914684353801368e-07,2.32573759065993e-07,1.7366264538720586e-07,1.0684248682860553e-07,5.751374504484346e-07,3.6606154711540716e-07,1.7366264538720586e-07,6.285174621105096e-07,3.6606154711540716e-07,4.795588165770195e-07,1.575536953786449e-07,1.0684248682860553e-07,2.297812881761362e-07,1.7366264538720586e-07,1.7366264538720586e-07
Botswana,1.24352338912691e-07,1.7328789233937284e-07,1.1091343527664071e-07,1.2216128570635672e-07,1.5084338069035017e-07,1.24352338912691e-07,1.2216128570635672e-07,2.0140947894729932e-07,1.24352338912691e-07,1.341679358562406e-07,0.001,1.1091343527664071e-07,1.2089941504083485e-07,2.0140947894729932e-07,3.935704980564676e-07,9.765539140438323e-08,3.21067151192958e-07,7.827732532073989e-08,3.21067151192958e-07,3.21067151192958e-07,1.1091343527664071e-07,8.197932253782194e-08,1.1091343527664071e-07,7.746777110269657e-08,2.0140947894729932e-07,1.341679358562406e-07,9.011741326866149e-08,1.2089941504083485e-07,3.21067151192958e-07,9.011741326866149e-08,1.7328789233937284e-07,7.746777110269657e-08,3.21067151192958e-07,1.0515320536490969e-07,3.935704980564676e-07,1.0515320536490969e-07,1.2216128570635672e-07,3.21067151192958e-07,2.0140947894729932e-07,1.5084338069035017e-07,1.2216128570635672e-07,2.0140947894729932e-07,1.341679358562406e-07,7.827732532073989e-08,9.011741326866149e-08,7.746777110269657e-08,2.0140947894729932e-07,9.011741326866149e-08,7.746777110269657e-08,1.2089941504083485e-07,1.24352338912691e-07,9.765539140438323e-08,1.24352338912691e-07,1.5084338069035017e-07,1.5084338069035017e-07,1.341679358562406e-07,8.197932253782194e-08,1.5084338069035017e-07,1.1160143960556997e-07,3.935704980564676e-07,9.765539140438323e-08,1.0515320536490969e-07,1.5084338069035017e-07,2.0140947894729932e-07,1.0515320536490969e-07,1.341679358562406e-07,3.935704980564676e-07,9.765539140438323e-08,2.0140947894729932e-07,2.0140947894729932e-07,7.746777110269657e-08,8.197932253782194e-08,1.341679358562406e-07,1.7328789233937284e-07,3.935704980564676e-07,9.765539140438323e-08,0.001,1.24352338912691e-07,2.0140947894729932e-07,2.0140947894729932e-07,1.0515320536490969e-07,1.5084338069035017e-07,1.24352338912691e-07,1.1091343527664071e-07,1.1091343527664071e-07,9.765539140438323e-08,1.2089941504083485e-07,1.5084338069035017e-07,3.21067151192958e-07,1.2089941504083485e-07,1.2089941504083485e-07,3.935704980564676e-07,1.5084338069035017e-07,2.0140947894729932e-07,1.341679358562406e-07,2.0140947894729932e-07,1.341679358562406e-07,3.935704980564676e-07,0.001,8.197932253782194e-08,1.341679358562406e-07,1.24352338912691e-07,1.7328789233937284e-07,1.0515320536490969e-07,1.2216128570635672e-07,1.5084338069035017e-07,8.197932253782194e-08,1.1160143960556997e-07,3.935704980564676e-07,9.765539140438323e-08,1.7328789233937284e-07,1.5084338069035017e-07,3.935704980564676e-07,1.2089941504083485e-07,1.5084338069035017e-07,1.0515320536490969e-07,7.827732532073989e-08,9.765539140438323e-08,3.21067151192958e-07,3.935704980564676e-07,3.935704980564676e-07
Brazil,6.237575674365235e-08,1.0133358566130746e-07,0.001,9.766713740430463e-08,7.802369310419413e-08,6.237575674365235e-08,9.766713740430463e-08,1.348811438880539e-07,6.237575674365235e-08,9.405610272044893e-08,1.1091343527664071e-07,0.001,8.22768421736869e-08,1.348811438880539e-07,9.031450440305225e-08,5.2122190199751614e-08,1.0610231436341873e-07,1.2121480988764287e-07,1.0610231436341873e-07,1.0610231436341873e-07,0.001,5.584263658506971e-08,0.001,2.2269312491935518e-07,1.348811438880539e-07,9.405610272044893e-08,2.5505807052155757e-07,8.22768421736869e-08,1.0610231436341873e-07,2.5505807052155757e-07,1.0133358566130746e-07,2.2269312491935518e-07,1.0610231436341873e-07,8.792027031974543e-08,9.031450440305225e-08,8.792027031974543e-08,9.766713740430463e-08,1.0610231436341873e-07,1.348811438880539e-07,7.802369310419413e-08,9.766713740430463e-08,1.348811438880539e-07,9.405610272044893e-08,1.2121480988764287e-07,2.5505807052155757e-07,2.2269312491935518e-07,1.348811438880539e-07,2.5505807052155757e-07,2.2269312491935518e-07,8.22768421736869e-08,6.237575674365235e-08,5.2122190199751614e-08,6.237575674365235e-08,7.802369310419413e-08,7.802369310419413e-08,9.405610272044893e-08,5.584263658506971e-08,7.802369310419413e-08,6.698899990092903e-08,9.031450440305225e-08,5.2122190199751614e-08,8.792027031974543e-08,7.802369310419413e-08,1.348811438880539e-07,8.792027031974543e-08,9.405610272044893e-08,9.031450440305225e-08,5.2122190199751614e-08,1.348811438880539e-07,1.348811438880539e-07,2.2269312491935518e-07,5.584263658506971e-08,9.405610272044893e-08,1.0133358566130746e-07,9.031450440305225e-08,5.2122190199751614e-08,1.1091343527664071e-07,6.237575674365235e-08,1.348811438880539e-07,1.348811438880539e-07,8.792027031974543e-08,7.802369310419413e-08,6.237575674365235e-08,0.001,0.001,5.2122190199751614e-08,8.22768421736869e-08,7.802369310419413e-08,1.0610231436341873e-07,8.22768421736869e-08,8.22768421736869e-08,9.031450440305225e-08,7.802369310419413e-08,1.348811438880539e-07,9.405610272044893e-08,1.348811438880539e-07,9.405610272044893e-08,9.031450440305225e-08,1.1091343527664071e-07,5.584263658506971e-08,9.405610272044893e-08,6.237575674365235e-08,1.0133358566130746e-07,8.792027031974543e-08,9.766713740430463e-08,7.802369310419413e-08,5.584263658506971e-08,6.698899990092903e-08,9.031450440305225e-08,5.2122190199751614e-08,1.0133358566130746e-07,7.802369310419413e-08,9.031450440305225e-08,8.22768421736869e-08,7.802369310419413e-08,8.792027031974543e-08,1.2121480988764287e-07,5.2122190199751614e-08,1.0610231436341873e-07,9.031450440305225e-08,9.031450440305225e-08
Bulgaria,2.2051020292202112e-07,3.290825121830446e-07,8.22768421736869e-08,5.140855901848794e-07,4.701211145389067e-07,2.2051020292202112e-07,5.140855901848794e-07,1.8179124677413918e-07,2.2051020292202112e-07,6.285174621105096e-07,1.2089941504083485e-07,8.22768421736869e-08,0.001,1.8179124677413918e-07,1.627910070469999e-07,1.2642508209288254e-07,1.873295375524827e-07,1.504604868076652e-07,1.873295375524827e-07,1.873295375524827e-07,8.22768421736869e-08,1.4701437364925515e-07,8.22768421736869e-08,9.10978317956175e-08,1.8179124677413918e-07,6.285174621105096e-07,1.0463583175943062e-07,0.001,1.873295375524827e-07,1.0463583175943062e-07,3.290825121830446e-07,9.10978317956175e-08,1.873295375524827e-07,6.103810197508601e-07,1.627910070469999e-07,6.103810197508601e-07,5.140855901848794e-07,1.873295375524827e-07,1.8179124677413918e-07,4.701211145389067e-07,5.140855901848794e-07,1.8179124677413918e-07,6.285174621105096e-07,1.504604868076652e-07,1.0463583175943062e-07,9.10978317956175e-08,1.8179124677413918e-07,1.0463583175943062e-07,9.10978317956175e-08,0.001,2.2051020292202112e-07,1.2642508209288254e-07,2.2051020292202112e-07,4.701211145389067e-07,4.701211145389067e-07,6.285174621105096e-07,1.4701437364925515e-07,4.701211145389067e-07,3.59350715539045e-07,1.627910070469999e-07,1.2642508209288254e-07,6.103810197508601e-07,4.701211145389067e-07,1.8179124677413918e-07,6.103810197508601e-07,6.285174621105096e-07,1.627910070469999e-07,1.2642508209288254e-07,1.8179124677413918e-07,1.8179124677413918e-07,9.10978317956175e-08,1.4701437364925515e-07,6.285174621105096e-07,3.290825121830446e-07,1.627910070469999e-07,1.2642508209288254e-07,1.2089941504083485e-07,2.2051020292202112e-07,1.8179124677413918e-07,1.8179124677413918e-07,6.103810197508601e-07,4.701211145389067e-07,2.2051020292202112e-07,8.22768421736869e-08,8.22768421736869e-08,1.2642508209288254e-07,0.001,4.701211145389067e-07,1.873295375524827e-07,0.001,0.001,1.627910070469999e-07,4.701211145389067e-07,1.8179124677413918e-07,6.285174621105096e-07,1.8179124677413918e-07,6.285174621105096e-07,1.627910070469999e-07,1.2089941504083485e-07,1.4701437364925515e-07,6.285174621105096e-07,2.2051020292202112e-07,3.290825121830446e-07,6.103810197508601e-07,5.140855901848794e-07,4.701211145389067e-07,1.4701437364925515e-07,3.59350715539045e-07,1.627910070469999e-07,1.2642508209288254e-07,3.290825121830446e-07,4.701211145389067e-07,1.627910070469999e-07,0.001,4.701211145389067e-07,6.103810197508601e-07,1.504604868076652e-07,1.2642508209288254e-07,1.873295375524827e-07,1.627910070469999e-07,1.627910070469999e-07
Burkina Faso,1.1600765800882102e-07,3.8754912631917674e-07,1.348811438880539e-07,2.3742913706248567e-07,1.8376715996765235e-07,1.1600765800882102e-07,2.3742913706248567e-07,0.001,1.1600765800882102e-07,2.51727468785103e-07,2.0140947894729932e-07,1.348811438880539e-07,1.8179124677413918e-07,0.001,2.0180974863968915e-07,8.154608231945776e-08,3.760946330623467e-07,1.2798444780003275e-07,3.760946330623467e-07,3.760946330623467e-07,1.348811438880539e-07,8.211380599939465e-08,1.348811438880539e-07,1.0928639557283959e-07,0.001,2.51727468785103e-07,1.410128290009708e-07,1.8179124677413918e-07,3.760946330623467e-07,1.410128290009708e-07,3.8754912631917674e-07,1.0928639557283959e-07,3.760946330623467e-07,1.7181548799544146e-07,2.0180974863968915e-07,1.7181548799544146e-07,2.3742913706248567e-07,3.760946330623467e-07,0.001,1.8376715996765235e-07,2.3742913706248567e-07,0.001,2.51727468785103e-07,1.2798444780003275e-07,1.410128290009708e-07,1.0928639557283959e-07,0.001,1.410128290009708e-07,1.0928639557283959e-07,1.8179124677413918e-07,1.1600765800882102e-07,8.154608231945776e-08,1.1600765800882102e-07,1.8376715996765235e-07,1.8376715996765235e-07,2.51727468785103e-07,8.211380599939465e-08,1.8376715996765235e-07,1.2691180074121644e-07,2.0180974863968915e-07,8.154608231945776e-08,1.7181548799544146e-07,1.8376715996765235e-07,0.001,1.7181548799544146e-07,2.51727468785103e-07,2.0180974863968915e-07,8.154608231945776e-08,0.001,0.001,1.0928639557283959e-07,8.211380599939465e-08,2.51727468785103e-07,3.8754912631917674e-07,2.0180974863968915e-07,8.154608231945776e-08,2.0140947894729932e-07,1.1600765800882102e-07,0.001,0.001,1.7181548799544146e-07,1.8376715996765235e-07,1.1600765800882102e-07,1.348811438880539e-07,1.348811438880539e-07,8.154608231945776e-08,1.8179124677413918e-07,1.8376715996765235e-07,3.760946330623467e-07,1.8179124677413918e-07,1.8179124677413918e-07,2.0180974863968915e-07,1.8376715996765235e-07,0.001,2.51727468785103e-07,0.001,2.51727468785103e-07,2.0180974863968915e-07,2.0140947894729932e-07,8.211380599939465e-08,2.51727468785103e-07,1.1600765800882102e-07,3.8754912631917674e-07,1.7181548799544146e-07,2.3742913706248567e-07,1.8376715996765235e-07,8.211380599939465e-08,1.2691180074121644e-07,2.0180974863968915e-07,8.154608231945776e-08,3.8754912631917674e-07,1.8376715996765235e-07,2.0180974863968915e-07,1.8179124677413918e-07,1.8376715996765235e-07,1.7181548799544146e-07,1.2798444780003275e-07,8.154608231945776e-08,3.760946330623467e-07,2.0180974863968915e-07,2.0180974863968915e-07
Burundi,1.7956269912915196e-07,2.2804969857602515e-07,9.031450440305225e-08,1.5080748143698097e-07,2.3546687397497292e-07,1.7956269912915196e-07,1.5080748143698097e-07,2.0180974863968915e-07,1.7956269912915196e-07,1.7366264538720586e-07,3.935704980564676e-07,9.031450440305225e-08,1.627910070469999e-07,2.0180974863968915e-07,0.001,1.2067695008938915e-07,4.345580764587996e-07,8.366079385912031e-08,4.345580764587996e-07,4.345580764587996e-07,9.031450440305225e-08,1.0201699290905453e-07,9.031450440305225e-08,7.109947754831379e-08,2.0180974863968915e-07,1.7366264538720586e-07,8.322606633547895e-08,1.627910070469999e-07,4.345580764587996e-07,8.322606633547895e-08,2.2804969857602515e-07,7.109947754831379e-08,4.345580764587996e-07,1.3132768327340644e-07,0.001,1.3132768327340644e-07,1.5080748143698097e-07,4.345580764587996e-07,2.0180974863968915e-07,2.3546687397497292e-07,1.5080748143698097e-07,2.0180974863968915e-07,1.7366264538720586e-07,8.366079385912031e-08,8.322606633547895e-08,7.109947754831379e-08,2.0180974863968915e-07,8.322606633547895e-08,7.109947754831379e-08,1.627910070469999e-07,1.7956269912915196e-07,1.2067695008938915e-07,1.7956269912915196e-07,2.3546687397497292e-07,2.3546687397497292e-07,1.7366264538720586e-07,1.0201699290905453e-07,2.3546687397497292e-07,1.5542953442347106e-07,0.001,1.2067695008938915e-07,1.3132768327340644e-07,2.3546687397497292e-07,2.0180974863968915e-07,1.3132768327340644e-07,1.7366264538720586e-07,0.001,1.2067695008938915e-07,2.0180974863968915e-07,2.0180974863968915e-07,7.109947754831379e-08,1.0201699290905453e-07,1.7366264538720586e-07,2.2804969857602515e-07,0.001,1.2067695008938915e-07,3.935704980564676e-07,1.7956269912915196e-07,2.0180974863968915e-07,2.0180974863968915e-07,1.3132768327340644e-07,2.3546687397497292e-07,1.7956269912915196e-07,9.031450440305225e-08,9.031450440305225e-08,1.2067695008938915e-07,1.627910070469999e-07,2.3546687397497292e-07,4.345580764587996e-07,1.627910070469999e-07,1.627910070469999e-07,0.001,2.3546687397497292e-07,2.0180974863968915e-07,1.7366264538720586e-07,2.0180974863968915e-07,1.7366264538720586e-07,0.001,3.935704980564676e-07,1.0201699290905453e-07,1.7366264538720586e-07,1.7956269912915196e-07,2.2804969857602515e-07,1.3132768327340644e-07,1.5080748143698097e-07,2.3546687397497292e-07,1.0201699290905453e-07,1.5542953442347106e-07,0.001,1.2067695008938915e-07,2.2804969857602515e-07,2.3546687397497292e-07,0.001,1.627910070469999e-07,2.3546687397497292e-07,1.3132768327340644e-07,8.366079385912031e-08,1.2067695008938915e-07,4.345580764587996e-07,0.001,0.001
Cambodia,2.702899275652735e-07,1.0077268511995287e-07,5.2122190199751614e-08,1.0149370436826583e-07,1.432587722639697e-07,2.702899275652735e-07,1.0149370436826583e-07,8.154608231945776e-08,2.702899275652735e-07,1.0684248682860553e-07,9.765539140438323e-08,5.2122190199751614e-08,1.2642508209288254e-07,8.154608231945776e-08,1.2067695008938915e-07,0.001,9.928882661782423e-08,8.067569886430383e-08,9.928882661782423e-08,9.928882661782423e-08,5.2122190199751614e-08,3.523171077981093e-07,5.2122190199751614e-08,6.116739402956076e-08,8.154608231945776e-08,1.0684248682860553e-07,5.981930683114495e-08,1.2642508209288254e-07,9.928882661782423e-08,5.981930683114495e-08,1.0077268511995287e-07,6.116739402956076e-08,9.928882661782423e-08,1.1275987511099315e-07,1.2067695008938915e-07,1.1275987511099315e-07,1.0149370436826583e-07,9.928882661782423e-08,8.154608231945776e-08,1.432587722639697e-07,1.0149370436826583e-07,8.154608231945776e-08,1.0684248682860553e-07,8.067569886430383e-08,5.981930683114495e-08,6.116739402956076e-08,8.154608231945776e-08,5.981930683114495e-08,6.116739402956076e-08,1.2642508209288254e-07,2.702899275652735e-07,0.001,2.702899275652735e-07,1.432587722639697e-07,1.432587722639697e-07,1.0684248682860553e-07,3.523171077981093e-07,1.432587722639697e-07,1.947896033924642e-07,1.2067695008938915e-07,0.001,1.1275987511099315e-07,1.432587722639697e-07,8.154608231945776e-08,1.1275987511099315e-07,1.0684248682860553e-07,1.2067695008938915e-07,0.001,8.154608231945776e-08,8.154608231945776e-08,6.116739402956076e-08,3.523171077981093e-07,1.0684248682860553e-07,1.0077268511995287e-07,1.2067695008938915e-07,0.001,9.765539140438323e-08,2.702899275652735e-07,8.154608231945776e-08,8.154608231945776e-08,1.1275987511099315e-07,1.432587722639697e-07,2.702899275652735e-07,5.2122190199751614e-08,5.2122190199751614e-08,0.001,1.2642508209288254e-07,1.432587722639697e-07,9.928882661782423e-08,1.2642508209288254e-07,1.2642508209288254e-07,1.2067695008938915e-07,1.432587722639697e-07,8.154608231945776e-08,1.0684248682860553e-07,8.154608231945776e-08,1.0684248682860553e-07,1.2067695008938915e-07,9.765539140438323e-08,3.523171077981093e-07,1.0684248682860553e-07,2.702899275652735e-07,1.0077268511995287e-07,1.1275987511099315e-07,1.0149370436826583e-07,1.432587722639697e-07,3.523171077981093e-07,1.947896033924642e-07,1.2067695008938915e-07,0.001,1.0077268511995287e-07,1.432587722639697e-07,1.2067695008938915e-07,1.2642508209288254e-07,1.432587722639697e-07,1.1275987511099315e-07,8.067569886430383e-08,0.001,9.928882661782423e-08,1.2067695008938915e-07,1.2067695008938915e-07
Cameroon,1.48432756356423e-07,3.7648492857960244e-07,1.0610231436341873e-07,1.9717658018075075e-07,2.405911713828482e-07,1.48432756356423e-07,1.9717658018075075e-07,3.760946330623467e-07,1.48432756356423e-07,2.297812881761362e-07,3.21067151192958e-07,1.0610231436341873e-07,1.873295375524827e-07,3.760946330623467e-07,4.345580764587996e-07,9.928882661782423e-08,0.001,1.0029978929384855e-07,0.001,0.001,1.0610231436341873e-07,9.202899560788013e-08,1.0610231436341873e-07,8.473712500192092e-08,3.760946330623467e-07,2.297812881761362e-07,1.0263313033647648e-07,1.873295375524827e-07,0.001,1.0263313033647648e-07,3.7648492857960244e-07,8.473712500192092e-08,0.001,1.555964221853448e-07,4.345580764587996e-07,1.555964221853448e-07,1.9717658018075075e-07,0.001,3.760946330623467e-07,2.405911713828482e-07,1.9717658018075075e-07,3.760946330623467e-07,2.297812881761362e-07,1.0029978929384855e-07,1.0263313033647648e-07,8.473712500192092e-08,3.760946330623467e-07,1.0263313033647648e-07,8.473712500192092e-08,1.873295375524827e-07,1.48432756356423e-07,9.928882661782423e-08,1.48432756356423e-07,2.405911713828482e-07,2.405911713828482e-07,2.297812881761362e-07,9.202899560788013e-08,2.405911713828482e-07,1.4774750666715903e-07,4.345580764587996e-07,9.928882661782423e-08,1.555964221853448e-07,2.405911713828482e-07,3.760946330623467e-07,1.555964221853448e-07,2.297812881761362e-07,4.345580764587996e-07,9.928882661782423e-08,3.760946330623467e-07,3.760946330623467e-07,8.473712500192092e-08,9.202899560788013e-08,2.297812881761362e-07,3.7648492857960244e-07,4.345580764587996e-07,9.928882661782423e-08,3.21067151192958e-07,1.48432756356423e-07,3.760946330623467e-07,3.760946330623467e-07,1.555964221853448e-07,2.405911713828482e-07,1.48432756356423e-07,1.0610231436341873e-07,1.0610231436341873e-07,9.928882661782423e-08,1.873295375524827e-07,2.405911713828482e-07,0.001,1.873295375524827e-07,1.873295375524827e-07,4.345580764587996e-07,2.405911713828482e-07,3.760946330623467e-07,2.297812881761362e-07,3.760946330623467e-07,2.297812881761362e-07,4.345580764587996e-07,3.21067151192958e-07,9.202899560788013e-08,2.297812881761362e-07,1.48432756356423e-07,3.7648492857960244e-07,1.555964221853448e-07,1.9717658018075075e-07,2.405911713828482e-07,9.202899560788013e-08,1.4774750666715903e-07,4.345580764587996e-07,9.928882661782423e-08,3.7648492857960244e-07,2.405911713828482e-07,4.345580764587996e-07,1.873295375524827e-07,2.405911713828482e-07,1.555964221853448e-07,1.0029978929384855e-07,9.928882661782423e-08,0.001,4.345580764587996e-07,4.345580764587996e-07
Canada,9.431998719084027e-08,1.3213391912541147e-07,1.2121480988764287e-07,1.839135149678658e-07,1.1441105650682687e-07,9.431998719084027e-08,1.839135149678658e-07,1.2798444780003275e-07,9.431998719084027e-08,1.575536953786449e-07,7.827732532073989e-08,1.2121480988764287e-07,1.504604868076652e-07,1.2798444780003275e-07,8.366079385912031e-08,8.067569886430383e-08,1.0029978929384855e-07,0.001,1.0029978929384855e-07,1.0029978929384855e-07,1.2121480988764287e-07,1.0339751836355411e-07,1.2121480988764287e-07,2.1263642607702606e-07,1.2798444780003275e-07,1.575536953786449e-07,2.3078763475557336e-07,1.504604868076652e-07,1.0029978929384855e-07,2.3078763475557336e-07,1.3213391912541147e-07,2.1263642607702606e-07,1.0029978929384855e-07,1.9923062998111207e-07,8.366079385912031e-08,1.9923062998111207e-07,1.839135149678658e-07,1.0029978929384855e-07,1.2798444780003275e-07,1.1441105650682687e-07,1.839135149678658e-07,1.2798444780003275e-07,1.575536953786449e-07,0.001,2.3078763475557336e-07,2.1263642607702606e-07,1.2798444780003275e-07,2.3078763475557336e-07,2.1263642607702606e-07,1.504604868076652e-07,9.431998719084027e-08,8.067569886430383e-08,9.431998719084027e-08,1.1441105650682687e-07,1.1441105650682687e-07,1.575536953786449e-07,1.0339751836355411e-07,1.1441105650682687e-07,1.1794414344126908e-07,8.366079385912031e-08,8.067569886430383e-08,1.9923062998111207e-07,1.1441105650682687e-07,1.2798444780003275e-07,1.9923062998111207e-07,1.575536953786449e-07,8.366079385912031e-08,8.067569886430383e-08,1.2798444780003275e-07,1.2798444780003275e-07,2.1263642607702606e-07,1.0339751836355411e-07,1.575536953786449e-07,1.3213391912541147e-07,8.366079385912031e-08,8.067569886430383e-08,7.827732532073989e-08,9.431998719084027e-08,1.2798444780003275e-07,1.2798444780003275e-07,1.9923062998111207e-07,1.1441105650682687e-07,9.431998719084027e-08,1.2121480988764287e-07,1.2121480988764287e-07,8.067569886430383e-08,1.504604868076652e-07,1.1441105650682687e-07,1.0029978929384855e-07,1.504604868076652e-07,1.504604868076652e-07,8.366079385912031e-08,1.1441105650682687e-07,1.2798444780003275e-07,1.575536953786449e-07,1.2798444780003275e-07,1.575536953786449e-07,8.366079385912031e-08,7.827732532073989e-08,1.0339751836355411e-07,1.575536953786449e-07,9.431998719084027e-08,1.3213391912541147e-07,1.9923062998111207e-07,1.839135149678658e-07,1.1441105650682687e-07,1.0339751836355411e-07,1.1794414344126908e-07,8.366079385912031e-08,8.067569886430383e-08,1.3213391912541147e-07,1.1441105650682687e-07,8.366079385912031e-08,1.504604868076652e-07,1.1441105650682687e-07,1.9923062998111207e-07,0.001,8.067569886430383e-08,1.0029978929384855e-07,8.366079385912031e-08,8.366079385912031e-08
Central African Republic,1.48432756356423e-07,3.7648492857960244e-07,1.0610231436341873e-07,1.9717658018075075e-07,2.405911713828482e-07,1.48432756356423e-07,1.9717658018075075e-07,3.760946330623467e-07,1.48432756356423e-07,2.297812881761362e-07,3.21067151192958e-07,1.0610231436341873e-07,1.873295375524827e-07,3.760946330623467e-07,4.345580764587996e-07,9.928882661782423e-08,0.001,1.0029978929384855e-07,0.001,0.001,1.0610231436341873e-07,9.202899560788013e-08,1.0610231436341873e-07,8.473712500192092e-08,3.760946330623467e-07,2.297812881761362e-07,1.0263313033647648e-07,1.873295375524827e-07,0.001,1.0263313033647648e-07,3.7648492857960244e-07,8.473712500192092e-08,0.001,1.555964221853448e-07,4.345580764587996e-07,1.555964221853448e-07,1.9717658018075075e-07,0.001,3.760946330623467e-07,2.405911713828482e-07,1.9717658018075075e-07,3.760946330623467e-07,2.297812881761362e-07,1.0029978929384855e-07,1.0263313033647648e-07,8.473712500192092e-08,3.760946330623467e-07,1.0263313033647648e-07,8.473712500192092e-08,1.873295375524827e-07,1.48432756356423e-07,9.928882661782423e-08,1.48432756356423e-07,2.405911713828482e-07,2.405911713828482e-07,2.297812881761362e-07,9.202899560788013e-08,2.405911713828482e-07,1.4774750666715903e-07,4.345580764587996e-07,9.928882661782423e-08,1.555964221853448e-07,2.405911713828482e-07,3.760946330623467e-07,1.555964221853448e-07,2.297812881761362e-07,4.345580764587996e-07,9.928882661782423e-08,3.760946330623467e-07,3.760946330623467e-07,8.473712500192092e-08,9.202899560788013e-08,2.297812881761362e-07,3.7648492857960244e-07,4.345580764587996e-07,9.928882661782423e-08,3.21067151192958e-07,1.48432756356423e-07,3.760946330623467e-07,3.760946330623467e-07,1.555964221853448e-07,2.405911713828482e-07,1.48432756356423e-07,1.0610231436341873e-07,1.0610231436341873e-07,9.928882661782423e-08,1.873295375524827e-07,2.405911713828482e-07,0.001,1.873295375524827e-07,1.873295375524827e-07,4.345580764587996e-07,2.405911713828482e-07,3.760946330623467e-07,2.297812881761362e-07,3.760946330623467e-07,2.297812881761362e-07,4.345580764587996e-07,3.21067151192958e-07,9.202899560788013e-08,2.297812881761362e-07,1.48432756356423e-07,3.7648492857960244e-07,1.555964221853448e-07,1.9717658018075075e-07,2.405911713828482e-07,9.202899560788013e-08,1.4774750666715903e-07,4.345580764587996e-07,9.928882661782423e-08,3.7648492857960244e-07,2.405911713828482e-07,4.345580764587996e-07,1.873295375524827e-07,2.405911713828482e-07,1.555964221853448e-07,1.0029978929384855e-07,9.928882661782423e-08,0.001,4.345580764587996e-07,4.345580764587996e-07
Chad,1.48432756356423e-07,3.7648492857960244e-07,1.0610231436341873e-07,1.9717658018075075e-07,2.405911713828482e-07,1.48432756356423e-07,1.9717658018075075e-07,3.760946330623467e-07,1.48432756356423e-07,2.297812881761362e-07,3.21067151192958e-07,1.0610231436341873e-07,1.873295375524827e-07,3.760946330623467e-07,4.345580764587996e-07,9.928882661782423e-08,0.001,1.0029978929384855e-07,0.001,0.001,1.0610231436341873e-07,9.202899560788013e-08,1.0610231436341873e-07,8.473712500192092e-08,3.760946330623467e-07,2.297812881761362e-07,1.0263313033647648e-07,1.873295375524827e-07,0.001,1.0263313033647648e-07,3.7648492857960244e-07,8.473712500192092e-08,0.001,1.555964221853448e-07,4.345580764587996e-07,1.555964221853448e-07,1.9717658018075075e-07,0.001,3.760946330623467e-07,2.405911713828482e-07,1.9717658018075075e-07,3.760946330623467e-07,2.297812881761362e-07,1.0029978929384855e-07,1.0263313033647648e-07,8.473712500192092e-08,3.760946330623467e-07,1.0263313033647648e-07,8.473712500192092e-08,1.873295375524827e-07,1.48432756356423e-07,9.928882661782423e-08,1.48432756356423e-07,2.405911713828482e-07,2.405911713828482e-07,2.297812881761362e-07,9.202899560788013e-08,2.405911713828482e-07,1.4774750666715903e-07,4.345580764587996e-07,9.928882661782423e-08,1.555964221853448e-07,2.405911713828482e-07,3.760946330623467e-07,1.555964221853448e-07,2.297812881761362e-07,4.345580764587996e-07,9.928882661782423e-08,3.760946330623467e-07,3.760946330623467e-07,8.473712500192092e-08,9.202899560788013e-08,2.297812881761362e-07,3.7648492857960244e-07,4.345580764587996e-07,9.928882661782423e-08,3.21067151192958e-07,1.48432756356423e-07,3.760946330623467e-07,3.760946330623467e-07,1.555964221853448e-07,2.405911713828482e-07,1.48432756356423e-07,1.0610231436341873e-07,1.0610231436341873e-07,9.928882661782423e-08,1.873295375524827e-07,2.405911713828482e-07,0.001,1.873295375524827e-07,1.873295375524827e-07,4.345580764587996e-07,2.405911713828482e-07,3.760946330623467e-07,2.297812881761362e-07,3.760946330623467e-07,2.297812881761362e-07,4.345580764587996e-07,3.21067151192958e-07,9.202899560788013e-08,2.297812881761362e-07,1.48432756356423e-07,3.7648492857960244e-07,1.555964221853448e-07,1.9717658018075075e-07,2.405911713828482e-07,9.202899560788013e-08,1.4774750666715903e-07,4.345580764587996e-07,9.928882661782423e-08,3.7648492857960244e-07,2.405911713828482e-07,4.345580764587996e-07,1.873295375524827e-07,2.405911713828482e-07,1.555964221853448e-07,1.0029978929384855e-07,9.928882661782423e-08,0.001,4.345580764587996e-07,4.345580764587996e-07
Chile,6.237575674365235e-08,1.0133358566130746e-07,0.001,9.766713740430463e-08,7.802369310419413e-08,6.237575674365235e-08,9.766713740430463e-08,1.348811438880539e-07,6.237575674365235e-08,9.405610272044893e-08,1.1091343527664071e-07,0.001,8.22768421736869e-08,1.348811438880539e-07,9.031450440305225e-08,5.2122190199751614e-08,1.0610231436341873e-07,1.2121480988764287e-07,1.0610231436341873e-07,1.0610231436341873e-07,0.001,5.584263658506971e-08,0.001,2.2269312491935518e-07,1.348811438880539e-07,9.405610272044893e-08,2.5505807052155757e-07,8.22768421736869e-08,1.0610231436341873e-07,2.5505807052155757e-07,1.0133358566130746e-07,2.2269312491935518e-07,1.0610231436341873e-07,8.792027031974543e-08,9.031450440305225e-08,8.792027031974543e-08,9.766713740430463e-08,1.0610231436341873e-07,1.348811438880539e-07,7.802369310419413e-08,9.766713740430463e-08,1.348811438880539e-07,9.405610272044893e-08,1.2121480988764287e-07,2.5505807052155757e-07,2.2269312491935518e-07,1.348811438880539e-07,2.5505807052155757e-07,2.2269312491935518e-07,8.22768421736869e-08,6.237575674365235e-08,5.2122190199751614e-08,6.237575674365235e-08,7.802369310419413e-08,7.802369310419413e-08,9.405610272044893e-08,5.584263658506971e-08,7.802369310419413e-08,6.698899990092903e-08,9.031450440305225e-08,5.2122190199751614e-08,8.792027031974543e-08,7.802369310419413e-08,1.348811438880539e-07,8.792027031974543e-08,9.405610272044893e-08,9.031450440305225e-08,5.2122190199751614e-08,1.348811438880539e-07,1.348811438880539e-07,2.2269312491935518e-07,5.584263658506971e-08,9.405610272044893e-08,1.0133358566130746e-07,9.031450440305225e-08,5.2122190199751614e-08,1.1091343527664071e-07,6.237575674365235e-08,1.348811438880539e-07,1.348811438880539e-07,8.792027031974543e-08,7.802369310419413e-08,6.237575674365235e-08,0.001,0.001,5.2122190199751614e-08,8.22768421736869e-08,7.802369310419413e-08,1.0610231436341873e-07,8.22768421736869e-08,8.22768421736869e-08,9.031450440305225e-08,7.802369310419413e-08,1.348811438880539e-07,9.405610272044893e-08,1.348811438880539e-07,9.405610272044893e-08,9.031450440305225e-08,1.1091343527664071e-07,5.584263658506971e-08,9.405610272044893e-08,6.237575674365235e-08,1.0133358566130746e-07,8.792027031974543e-08,9.766713740430463e-08,7.802369310419413e-08,5.584263658506971e-08,6.698899990092903e-08,9.031450440305225e-08,5.2122190199751614e-08,1.0133358566130746e-07,7.802369310419413e-08,9.031450440305225e-08,8.22768421736869e-08,7.802369310419413e-08,8.792027031974543e-08,1.2121480988764287e-07,5.2122190199751614e-08,1.0610231436341873e-07,9.031450440305225e-08,9.031450440305225e-08
China,2.35150920094436e-07,1.0418506110234917e-07,5.584263658506971e-08,1.1712439626003127e-07,1.4565331453993143e-07,2.35150920094436e-07,1.1712439626003127e-07,8.211380599939465e-08,2.35150920094436e-07,1.1914684353801368e-07,8.197932253782194e-08,5.584263658506971e-08,1.4701437364925515e-07,8.211380599939465e-08,1.0201699290905453e-07,3.523171077981093e-07,9.202899560788013e-08,1.0339751836355411e-07,9.202899560788013e-08,9.202899560788013e-08,5.584263658506971e-08,0.001,5.584263658506971e-08,7.373547284302947e-08,8.211380599939465e-08,1.1914684353801368e-07,7.147188360449683e-08,1.4701437364925515e-07,9.202899560788013e-08,7.147188360449683e-08,1.0418506110234917e-07,7.373547284302947e-08,9.202899560788013e-08,1.3992529693526664e-07,1.0201699290905453e-07,1.3992529693526664e-07,1.1712439626003127e-07,9.202899560788013e-08,8.211380599939465e-08,1.4565331453993143e-07,1.1712439626003127e-07,8.211380599939465e-08,1.1914684353801368e-07,1.0339751836355411e-07,7.147188360449683e-08,7.373547284302947e-08,8.211380599939465e-08,7.147188360449683e-08,7.373547284302947e-08,1.4701437364925515e-07,2.35150920094436e-07,3.523171077981093e-07,2.35150920094436e-07,1.4565331453993143e-07,1.4565331453993143e-07,1.1914684353801368e-07,0.001,1.4565331453993143e-07,2.321058092513378e-07,1.0201699290905453e-07,3.523171077981093e-07,1.3992529693526664e-07,1.4565331453993143e-07,8.211380599939465e-08,1.3992529693526664e-07,1.1914684353801368e-07,1.0201699290905453e-07,3.523171077981093e-07,8.211380599939465e-08,8.211380599939465e-08,7.373547284302947e-08,0.001,1.1914684353801368e-07,1.0418506110234917e-07,1.0201699290905453e-07,3.523171077981093e-07,8.197932253782194e-08,2.35150920094436e-07,8.211380599939465e-08,8.211380599939465e-08,1.3992529693526664e-07,1.4565331453993143e-07,2.35150920094436e-07,5.584263658506971e-08,5.584263658506971e-08,3.523171077981093e-07,1.4701437364925515e-07,1.4565331453993143e-07,9.202899560788013e-08,1.4701437364925515e-07,1.4701437364925515e-07,1.0201699290905453e-07,1.4565331453993143e-07,8.211380599939465e-08,1.1914684353801368e-07,8.211380599939465e-08,1.1914684353801368e-07,1.0201699290905453e-07,8.197932253782194e-08,0.001,1.1914684353801368e-07,2.35150920094436e-07,1.0418506110234917e-07,1.3992529693526664e-07,1.1712439626003127e-07,1.4565331453993143e-07,0.001,2.321058092513378e-07,1.0201699290905453e-07,3.523171077981093e-07,1.0418506110234917e-07,1.4565331453993143e-07,1.0201699290905453e-07,1.4701437364925515e-07,1.4565331453993143e-07,1.3992529693526664e-07,1.0339751836355411e-07,3.523171077981093e-07,9.202899560788013e-08,1.0201699290905453e-07,1.0201699290905453e-07
Colombia,6.237575674365235e-08,1.0133358566130746e-07,0.001,9.766713740430463e-08,7.802369310419413e-08,6.237575674365235e-08,9.766713740430463e-08,1.348811438880539e-07,6.237575674365235e-08,9.405610272044893e-08,1.1091343527664071e-07,0.001,8.22768421736869e-08,1.348811438880539e-07,9.031450440305225e-08,5.2122190199751614e-08,1.0610231436341873e-07,1.2121480988764287e-07,1.0610231436341873e-07,1.0610231436341873e-07,0.001,5.584263658506971e-08,0.001,2.2269312491935518e-07,1.348811438880539e-07,9.405610272044893e-08,2.5505807052155757e-07,8.22768421736869e-08,1.0610231436341873e-07,2.5505807052155757e-07,1.0133358566130746e-07,2.2269312491935518e-07,1.0610231436341873e-07,8.792027031974543e-08,9.031450440305225e-08,8.792027031974543e-08,9.766713740430463e-08,1.0610231436341873e-07,1.348811438880539e-07,7.802369310419413e-08,9.766713740430463e-08,1.348811438880539e-07,9.405610272044893e-08,1.2121480988764287e-07,2.5505807052155757e-07,2.2269312491935518e-07,1.348811438880539e-07,2.5505807052155757e-07,2.2269312491935518e-07,8.22768421736869e-08,6.237575674365235e-08,5.2122190199751614e-08,6.237575674365235e-08,7.802369310419413e-08,7.802369310419413e-08,9.405610272044893e-08,5.584263658506971e-08,7.802369310419413e-08,6.698899990092903e-08,9.031450440305225e-08,5.2122190199751614e-08,8.792027031974543e-08,7.802369310419413e-08,1.348811438880539e-07,8.792027031974543e-08,9.405610272044893e-08,9.031450440305225e-08,5.2122190199751614e-08,1.348811438880539e-07,1.348811438880539e-07,2.2269312491935518e-07,5.584263658506971e-08,9.405610272044893e-08,1.0133358566130746e-07,9.031450440305225e-08,5.2122190199751614e-08,1.1091343527664071e-07,6.237575674365235e-08,1.348811438880539e-07,1.348811438880539e-07,8.792027031974543e-08,7.802369310419413e-08,6.237575674365235e-08,0.001,0.001,5.2122190199751614e-08,8.22768421736869e-08,7.802369310419413e-08,1.0610231436341873e-07,8.22768421736869e-08,8.22768421736869e-08,9.031450440305225e-08,7.802369310419413e-08,1.348811438880539e-07,9.405610272044893e-08,1.348811438880539e-07,9.405610272044893e-08,9.031450440305225e-08,1.1091343527664071e-07,5.584263658506971e-08,9.405610272044893e-08,6.237575674365235e-08,1.0133358566130746e-07,8.792027031974543e-08,9.766713740430463e-08,7.802369310419413e-08,5.584263658506971e-08,6.698899990092903e-08,9.031450440305225e-08,5.2122190199751614e-08,1.0133358566130746e-07,7.802369310419413e-08,9.031450440305225e-08,8.22768421736869e-08,7.802369310419413e-08,8.792027031974543e-08,1.2121480988764287e-07,5.2122190199751614e-08,1.0610231436341873e-07,9.031450440305225e-08,9.031450440305225e-08
Costa Rica,6.543700521154625e-08,9.484815196482228e-08,2.2269312491935518e-07,1.0769621003128483e-07,7.791496668399515e-08,6.543700521154625e-08,1.0769621003128483e-07,1.0928639557283959e-07,6.543700521154625e-08,9.88760616784629e-08,7.746777110269657e-08,2.2269312491935518e-07,9.10978317956175e-08,1.0928639557283959e-07,7.109947754831379e-08,6.116739402956076e-08,8.473712500192092e-08,2.1263642607702606e-07,8.473712500192092e-08,8.473712500192092e-08,2.2269312491935518e-07,7.373547284302947e-08,2.2269312491935518e-07,0.001,1.0928639557283959e-07,9.88760616784629e-08,4.85739124816701e-07,9.10978317956175e-08,8.473712500192092e-08,4.85739124816701e-07,9.484815196482228e-08,0.001,8.473712500192092e-08,1.0559762176485935e-07,7.109947754831379e-08,1.0559762176485935e-07,1.0769621003128483e-07,8.473712500192092e-08,1.0928639557283959e-07,7.791496668399515e-08,1.0769621003128483e-07,1.0928639557283959e-07,9.88760616784629e-08,2.1263642607702606e-07,4.85739124816701e-07,0.001,1.0928639557283959e-07,4.85739124816701e-07,0.001,9.10978317956175e-08,6.543700521154625e-08,6.116739402956076e-08,6.543700521154625e-08,7.791496668399515e-08,7.791496668399515e-08,9.88760616784629e-08,7.373547284302947e-08,7.791496668399515e-08,7.598038281907994e-08,7.109947754831379e-08,6.116739402956076e-08,1.0559762176485935e-07,7.791496668399515e-08,1.0928639557283959e-07,1.0559762176485935e-07,9.88760616784629e-08,7.109947754831379e-08,6.116739402956076e-08,1.0928639557283959e-07,1.0928639557283959e-07,0.001,7.373547284302947e-08,9.88760616784629e-08,9.484815196482228e-08,7.109947754831379e-08,6.116739402956076e-08,7.746777110269657e-08,6.543700521154625e-08,1.0928639557283959e-07,1.0928639557283959e-07,1.0559762176485935e-07,7.791496668399515e-08,6.543700521154625e-08,2.2269312491935518e-07,2.2269312491935518e-07,6.116739402956076e-08,9.10978317956175e-08,7.791496668399515e-08,8.473712500192092e-08,9.10978317956175e-08,9.10978317956175e-08,7.109947754831379e-08,7.791496668399515e-08,1.0928639557283959e-07,9.88760616784629e-08,1.0928639557283959e-07,9.88760616784629e-08,7.109947754831379e-08,7.746777110269657e-08,7.373547284302947e-08,9.88760616784629e-08,6.543700521154625e-08,9.484815196482228e-08,1.0559762176485935e-07,1.0769621003128483e-07,7.791496668399515e-08,7.373547284302947e-08,7.598038281907994e-08,7.109947754831379e-08,6.116739402956076e-08,9.484815196482228e-08,7.791496668399515e-08,7.109947754831379e-08,9.10978317956175e-08,7.791496668399515e-08,1.0559762176485935e-07,2.1263642607702606e-07,6.116739402956076e-08,8.473712500192092e-08,7.109947754831379e-08,7.109947754831379e-08
Cote d'Ivoire,1.1600765800882102e-07,3.8754912631917674e-07,1.348811438880539e-07,2.3742913706248567e-07,1.8376715996765235e-07,1.1600765800882102e-07,2.3742913706248567e-07,0.001,1.1600765800882102e-07,2.51727468785103e-07,2.0140947894729932e-07,1.348811438880539e-07,1.8179124677413918e-07,0.001,2.0180974863968915e-07,8.154608231945776e-08,3.760946330623467e-07,1.2798444780003275e-07,3.760946330623467e-07,3.760946330623467e-07,1.348811438880539e-07,8.211380599939465e-08,1.348811438880539e-07,1.0928639557283959e-07,0.001,2.51727468785103e-07,1.410128290009708e-07,1.8179124677413918e-07,3.760946330623467e-07,1.410128290009708e-07,3.8754912631917674e-07,1.0928639557283959e-07,3.760946330623467e-07,1.7181548799544146e-07,2.0180974863968915e-07,1.7181548799544146e-07,2.3742913706248567e-07,3.760946330623467e-07,0.001,1.8376715996765235e-07,2.3742913706248567e-07,0.001,2.51727468785103e-07,1.2798444780003275e-07,1.410128290009708e-07,1.0928639557283959e-07,0.001,1.410128290009708e-07,1.0928639557283959e-07,1.8179124677413918e-07,1.1600765800882102e-07,8.154608231945776e-08,1.1600765800882102e-07,1.8376715996765235e-07,1.8376715996765235e-07,2.51727468785103e-07,8.211380599939465e-08,1.8376715996765235e-07,1.2691180074121644e-07,2.0180974863968915e-07,8.154608231945776e-08,1.7181548799544146e-07,1.8376715996765235e-07,0.001,1.7181548799544146e-07,2.51727468785103e-07,2.0180974863968915e-07,8.154608231945776e-08,0.001,0.001,1.0928639557283959e-07,8.211380599939465e-08,2.51727468785103e-07,3.8754912631917674e-07,2.0180974863968915e-07,8.154608231945776e-08,2.0140947894729932e-07,1.1600765800882102e-07,0.001,0.001,1.7181548799544146e-07,1.8376715996765235e-07,1.1600765800882102e-07,1.348811438880539e-07,1.348811438880539e-07,8.154608231945776e-08,1.8179124677413918e-07,1.8376715996765235e-07,3.760946330623467e-07,1.8179124677413918e-07,1.8179124677413918e-07,2.0180974863968915e-07,1.8376715996765235e-07,0.001,2.51727468785103e-07,0.001,2.51727468785103e-07,2.0180974863968915e-07,2.0140947894729932e-07,8.211380599939465e-08,2.51727468785103e-07,1.1600765800882102e-07,3.8754912631917674e-07,1.7181548799544146e-07,2.3742913706248567e-07,1.8376715996765235e-07,8.211380599939465e-08,1.2691180074121644e-07,2.0180974863968915e-07,8.154608231945776e-08,3.8754912631917674e-07,1.8376715996765235e-07,2.0180974863968915e-07,1.8179124677413918e-07,1.8376715996765235e-07,1.7181548799544146e-07,1.2798444780003275e-07,8.154608231945776e-08,3.760946330623467e-07,2.0180974863968915e-07,2.0180974863968915e-07
Croatia,1.725053056643599e-07,5.751374504484346e-07,9.405610272044893e-08,1.0982373795468545e-06,3.6606154711540716e-07,1.725053056643599e-07,1.0982373795468545e-06,2.51727468785103e-07,1.725053056643599e-07,0.001,1.341679358562406e-07,9.405610272044893e-08,6.285174621105096e-07,2.51727468785103e-07,1.7366264538720586e-07,1.0684248682860553e-07,2.297812881761362e-07,1.575536953786449e-07,2.297812881761362e-07,2.297812881761362e-07,9.405610272044893e-08,1.1914684353801368e-07,9.405610272044893e-08,9.88760616784629e-08,2.51727468785103e-07,0.001,1.1859492274736157e-07,6.285174621105096e-07,2.297812881761362e-07,1.1859492274736157e-07,5.751374504484346e-07,9.88760616784629e-08,2.297812881761362e-07,4.795588165770195e-07,1.7366264538720586e-07,4.795588165770195e-07,1.0982373795468545e-06,2.297812881761362e-07,2.51727468785103e-07,3.6606154711540716e-07,1.0982373795468545e-06,2.51727468785103e-07,0.001,1.575536953786449e-07,1.1859492274736157e-07,9.88760616784629e-08,2.51727468785103e-07,1.1859492274736157e-07,9.88760616784629e-08,6.285174621105096e-07,1.725053056643599e-07,1.0684248682860553e-07,1.725053056643599e-07,3.6606154711540716e-07,3.6606154711540716e-07,0.001,1.1914684353801368e-07,3.6606154711540716e-07,2.32573759065993e-07,1.7366264538720586e-07,1.0684248682860553e-07,4.795588165770195e-07,3.6606154711540716e-07,2.51727468785103e-07,4.795588165770195e-07,0.001,1.7366264538720586e-07,1.0684248682860553e-07,2.51727468785103e-07,2.51727468785103e-07,9.88760616784629e-08,1.1914684353801368e-07,0.001,5.751374504484346e-07,1.7366264538720586e-07,1.0684248682860553e-07,1.341679358562406e-07,1.725053056643599e-07,2.51727468785103e-07,2.51727468785103e-07,4.795588165770195e-07,3.6606154711540716e-07,1.725053056643599e-07,9.405610272044893e-08,9.405610272044893e-08,1.0684248682860553e-07,6.285174621105096e-07,3.6606154711540716e-07,2.297812881761362e-07,6.285174621105096e-07,6.285174621105096e-07,1.7366264538720586e-07,3.6606154711540716e-07,2.51727468785103e-07,0.001,2.51727468785103e-07,0.001,1.7366264538720586e-07,1.341679358562406e-07,1.1914684353801368e-07,0.001,1.725053056643599e-07,5.751374504484346e-07,4.795588165770195e-07,1.0982373795468545e-06,3.6606154711540716e-07,1.1914684353801368e-07,2.32573759065993e-07,1.7366264538720586e-07,1.0684248682860553e-07,5.751374504484346e-07,3.6606154711540716e-07,1.7366264538720586e-07,6.285174621105096e-07,3.6606154711540716e-07,4.795588165770195e-07,1.575536953786449e-07,1.0684248682860553e-07,2.297812881761362e-07,1.7366264538720586e-07,1.7366264538720586e-07
Cuba,7.098330416848066e-08,1.1620814529260744e-07,2.5505807052155757e-07,1.2995017291781167e-07,8.968323261376695e-08,7.098330416848066e-08,1.2995017291781167e-07,1.410128290009708e-07,7.098330416848066e-08,1.1859492274736157e-07,9.011741326866149e-08,2.5505807052155757e-07,1.0463583175943062e-07,1.410128290009708e-07,8.322606633547895e-08,5.981930683114495e-08,1.0263313033647648e-07,2.3078763475557336e-07,1.0263313033647648e-07,1.0263313033647648e-07,2.5505807052155757e-07,7.147188360449683e-08,2.5505807052155757e-07,4.85739124816701e-07,1.410128290009708e-07,1.1859492274736157e-07,0.001,1.0463583175943062e-07,1.0263313033647648e-07,0.001,1.1620814529260744e-07,4.85739124816701e-07,1.0263313033647648e-07,1.2114862715152069e-07,8.322606633547895e-08,1.2114862715152069e-07,1.2995017291781167e-07,1.0263313033647648e-07,1.410128290009708e-07,8.968323261376695e-08,1.2995017291781167e-07,1.410128290009708e-07,1.1859492274736157e-07,2.3078763475557336e-07,0.001,4.85739124816701e-07,1.410128290009708e-07,0.001,4.85739124816701e-07,1.0463583175943062e-07,7.098330416848066e-08,5.981930683114495e-08,7.098330416848066e-08,8.968323261376695e-08,8.968323261376695e-08,1.1859492274736157e-07,7.147188360449683e-08,8.968323261376695e-08,8.252686026669518e-08,8.322606633547895e-08,5.981930683114495e-08,1.2114862715152069e-07,8.968323261376695e-08,1.410128290009708e-07,1.2114862715152069e-07,1.1859492274736157e-07,8.322606633547895e-08,5.981930683114495e-08,1.410128290009708e-07,1.410128290009708e-07,4.85739124816701e-07,7.147188360449683e-08,1.1859492274736157e-07,1.1620814529260744e-07,8.322606633547895e-08,5.981930683114495e-08,9.011741326866149e-08,7.098330416848066e-08,1.410128290009708e-07,1.410128290009708e-07,1.2114862715152069e-07,8.968323261376695e-08,7.098330416848066e-08,2.5505807052155757e-07,2.5505807052155757e-07,5.981930683114495e-08,1.0463583175943062e-07,8.968323261376695e-08,1.0263313033647648e-07,1.0463583175943062e-07,1.0463583175943062e-07,8.322606633547895e-08,8.968323261376695e-08,1.410128290009708e-07,1.1859492274736157e-07,1.410128290009708e-07,1.1859492274736157e-07,8.322606633547895e-08,9.011741326866149e-08,7.147188360449683e-08,1.1859492274736157e-07,7.098330416848066e-08,1.1620814529260744e-07,1.2114862715152069e-07,1.2995017291781167e-07,8.968323261376695e-08,7.147188360449683e-08,8.252686026669518e-08,8.322606633547895e-08,5.981930683114495e-08,1.1620814529260744e-07,8.968323261376695e-08,8.322606633547895e-08,1.0463583175943062e-07,8.968323261376695e-08,1.2114862715152069e-07,2.3078763475557336e-07,5.981930683114495e-08,1.0263313033647648e-07,8.322606633547895e-08,8.322606633547895e-08
Czech Republic,2.2051020292202112e-07,3.290825121830446e-07,8.22768421736869e-08,5.140855901848794e-07,4.701211145389067e-07,2.2051020292202112e-07,5.140855901848794e-07,1.8179124677413918e-07,2.2051020292202112e-07,6.285174621105096e-07,1.2089941504083485e-07,8.22768421736869e-08,0.001,1.8179124677413918e-07,1.627910070469999e-07,1.2642508209288254e-07,1.873295375524827e-07,1.504604868076652e-07,1.873295375524827e-07,1.873295375524827e-07,8.22768421736869e-08,1.4701437364925515e-07,8.22768421736869e-08,9.10978317956175e-08,1.8179124677413918e-07,6.285174621105096e-07,1.0463583175943062e-07,0.001,1.873295375524827e-07,1.0463583175943062e-07,3.290825121830446e-07,9.10978317956175e-08,1.873295375524827e-07,6.103810197508601e-07,1.627910070469999e-07,6.103810197508601e-07,5.140855901848794e-07,1.873295375524827e-07,1.8179124677413918e-07,4.701211145389067e-07,5.140855901848794e-07,1.8179124677413918e-07,6.285174621105096e-07,1.504604868076652e-07,1.0463583175943062e-07,9.10978317956175e-08,1.8179124677413918e-07,1.0463583175943062e-07,9.10978317956175e-08,0.001,2.2051020292202112e-07,1.2642508209288254e-07,2.2051020292202112e-07,4.701211145389067e-07,4.701211145389067e-07,6.285174621105096e-07,1.4701437364925515e-07,4.701211145389067e-07,3.59350715539045e-07,1.627910070469999e-07,1.2642508209288254e-07,6.103810197508601e-07,4.701211145389067e-07,1.8179124677413918e-07,6.103810197508601e-07,6.285174621105096e-07,1.627910070469999e-07,1.2642508209288254e-07,1.8179124677413918e-07,1.8179124677413918e-07,9.10978317956175e-08,1.4701437364925515e-07,6.285174621105096e-07,3.290825121830446e-07,1.627910070469999e-07,1.2642508209288254e-07,1.2089941504083485e-07,2.2051020292202112e-07,1.8179124677413918e-07,1.8179124677413918e-07,6.103810197508601e-07,4.701211145389067e-07,2.2051020292202112e-07,8.22768421736869e-08,8.22768421736869e-08,1.2642508209288254e-07,0.001,4.701211145389067e-07,1.873295375524827e-07,0.001,0.001,1.627910070469999e-07,4.701211145389067e-07,1.8179124677413918e-07,6.285174621105096e-07,1.8179124677413918e-07,6.285174621105096e-07,1.627910070469999e-07,1.2089941504083485e-07,1.4701437364925515e-07,6.285174621105096e-07,2.2051020292202112e-07,3.290825121830446e-07,6.103810197508601e-07,5.140855901848794e-07,4.701211145389067e-07,1.4701437364925515e-07,3.59350715539045e-07,1.627910070469999e-07,1.2642508209288254e-07,3.290825121830446e-07,4.701211145389067e-07,1.627910070469999e-07,0.001,4.701211145389067e-07,6.103810197508601e-07,1.504604868076652e-07,1.2642508209288254e-07,1.873295375524827e-07,1.627910070469999e-07,1.627910070469999e-07
Democratic Republic of the Congo,1.48432756356423e-07,3.7648492857960244e-07,1.0610231436341873e-07,1.9717658018075075e-07,2.405911713828482e-07,1.48432756356423e-07,1.9717658018075075e-07,3.760946330623467e-07,1.48432756356423e-07,2.297812881761362e-07,3.21067151192958e-07,1.0610231436341873e-07,1.873295375524827e-07,3.760946330623467e-07,4.345580764587996e-07,9.928882661782423e-08,0.001,1.0029978929384855e-07,0.001,0.001,1.0610231436341873e-07,9.202899560788013e-08,1.0610231436341873e-07,8.473712500192092e-08,3.760946330623467e-07,2.297812881761362e-07,1.0263313033647648e-07,1.873295375524827e-07,0.001,1.0263313033647648e-07,3.7648492857960244e-07,8.473712500192092e-08,0.001,1.555964221853448e-07,4.345580764587996e-07,1.555964221853448e-07,1.9717658018075075e-07,0.001,3.760946330623467e-07,2.405911713828482e-07,1.9717658018075075e-07,3.760946330623467e-07,2.297812881761362e-07,1.0029978929384855e-07,1.0263313033647648e-07,8.473712500192092e-08,3.760946330623467e-07,1.0263313033647648e-07,8.473712500192092e-08,1.873295375524827e-07,1.48432756356423e-07,9.928882661782423e-08,1.48432756356423e-07,2.405911713828482e-07,2.405911713828482e-07,2.297812881761362e-07,9.202899560788013e-08,2.405911713828482e-07,1.4774750666715903e-07,4.345580764587996e-07,9.928882661782423e-08,1.555964221853448e-07,2.405911713828482e-07,3.760946330623467e-07,1.555964221853448e-07,2.297812881761362e-07,4.345580764587996e-07,9.928882661782423e-08,3.760946330623467e-07,3.760946330623467e-07,8.473712500192092e-08,9.202899560788013e-08,2.297812881761362e-07,3.7648492857960244e-07,4.345580764587996e-07,9.928882661782423e-08,3.21067151192958e-07,1.48432756356423e-07,3.760946330623467e-07,3.760946330623467e-07,1.555964221853448e-07,2.405911713828482e-07,1.48432756356423e-07,1.0610231436341873e-07,1.0610231436341873e-07,9.928882661782423e-08,1.873295375524827e-07,2.405911713828482e-07,0.001,1.873295375524827e-07,1.873295375524827e-07,4.345580764587996e-07,2.405911713828482e-07,3.760946330623467e-07,2.297812881761362e-07,3.760946330623467e-07,2.297812881761362e-07,4.345580764587996e-07,3.21067151192958e-07,9.202899560788013e-08,2.297812881761362e-07,1.48432756356423e-07,3.7648492857960244e-07,1.555964221853448e-07,1.9717658018075075e-07,2.405911713828482e-07,9.202899560788013e-08,1.4774750666715903e-07,4.345580764587996e-07,9.928882661782423e-08,3.7648492857960244e-07,2.405911713828482e-07,4.345580764587996e-07,1.873295375524827e-07,2.405911713828482e-07,1.555964221853448e-07,1.0029978929384855e-07,9.928882661782423e-08,0.001,4.345580764587996e-07,4.345580764587996e-07
Dominican Republic,7.098330416848066e-08,1.1620814529260744e-07,2.5505807052155757e-07,1.2995017291781167e-07,8.968323261376695e-08,7.098330416848066e-08,1.2995017291781167e-07,1.410128290009708e-07,7.098330416848066e-08,1.1859492274736157e-07,9.011741326866149e-08,2.5505807052155757e-07,1.0463583175943062e-07,1.410128290009708e-07,8.322606633547895e-08,5.981930683114495e-08,1.0263313033647648e-07,2.3078763475557336e-07,1.0263313033647648e-07,1.0263313033647648e-07,2.5505807052155757e-07,7.147188360449683e-08,2.5505807052155757e-07,4.85739124816701e-07,1.410128290009708e-07,1.1859492274736157e-07,0.001,1.0463583175943062e-07,1.0263313033647648e-07,0.001,1.1620814529260744e-07,4.85739124816701e-07,1.0263313033647648e-07,1.2114862715152069e-07,8.322606633547895e-08,1.2114862715152069e-07,1.2995017291781167e-07,1.0263313033647648e-07,1.410128290009708e-07,8.968323261376695e-08,1.2995017291781167e-07,1.410128290009708e-07,1.1859492274736157e-07,2.3078763475557336e-07,0.001,4.85739124816701e-07,1.410128290009708e-07,0.001,4.85739124816701e-07,1.0463583175943062e-07,7.098330416848066e-08,5.981930683114495e-08,7.098330416848066e-08,8.968323261376695e-08,8.968323261376695e-08,1.1859492274736157e-07,7.147188360449683e-08,8.968323261376695e-08,8.252686026669518e-08,8.322606633547895e-08,5.981930683114495e-08,1.2114862715152069e-07,8.968323261376695e-08,1.410128290009708e-07,1.2114862715152069e-07,1.1859492274736157e-07,8.322606633547895e-08,5.981930683114495e-08,1.410128290009708e-07,1.410128290009708e-07,4.85739124816701e-07,7.147188360449683e-08,1.1859492274736157e-07,1.1620814529260744e-07,8.322606633547895e-08,5.981930683114495e-08,9.011741326866149e-08,7.098330416848066e-08,1.410128290009708e-07,1.410128290009708e-07,1.2114862715152069e-07,8.968323261376695e-08,7.098330416848066e-08,2.5505807052155757e-07,2.5505807052155757e-07,5.981930683114495e-08,1.0463583175943062e-07,8.968323261376695e-08,1.0263313033647648e-07,1.0463583175943062e-07,1.0463583175943062e-07,8.322606633547895e-08,8.968323261376695e-08,1.410128290009708e-07,1.1859492274736157e-07,1.410128290009708e-07,1.1859492274736157e-07,8.322606633547895e-08,9.011741326866149e-08,7.147188360449683e-08,1.1859492274736157e-07,7.098330416848066e-08,1.1620814529260744e-07,1.2114862715152069e-07,1.2995017291781167e-07,8.968323261376695e-08,7.147188360449683e-08,8.252686026669518e-08,8.322606633547895e-08,5.981930683114495e-08,1.1620814529260744e-07,8.968323261376695e-08,8.322606633547895e-08,1.0463583175943062e-07,8.968323261376695e-08,1.2114862715152069e-07,2.3078763475557336e-07,5.981930683114495e-08,1.0263313033647648e-07,8.322606633547895e-08,8.322606633547895e-08
Egypt,1.6067380923256965e-07,0.001,1.0133358566130746e-07,4.139427467668838e-07,3.3878230516619953e-07,1.6067380923256965e-07,4.139427467668838e-07,3.8754912631917674e-07,1.6067380923256965e-07,5.751374504484346e-07,1.7328789233937284e-07,1.0133358566130746e-07,3.290825121830446e-07,3.8754912631917674e-07,2.2804969857602515e-07,1.0077268511995287e-07,3.7648492857960244e-07,1.3213391912541147e-07,3.7648492857960244e-07,3.7648492857960244e-07,1.0133358566130746e-07,1.0418506110234917e-07,1.0133358566130746e-07,9.484815196482228e-08,3.8754912631917674e-07,5.751374504484346e-07,1.1620814529260744e-07,3.290825121830446e-07,3.7648492857960244e-07,1.1620814529260744e-07,0.001,9.484815196482228e-08,3.7648492857960244e-07,2.6163805727496193e-07,2.2804969857602515e-07,2.6163805727496193e-07,4.139427467668838e-07,3.7648492857960244e-07,3.8754912631917674e-07,3.3878230516619953e-07,4.139427467668838e-07,3.8754912631917674e-07,5.751374504484346e-07,1.3213391912541147e-07,1.1620814529260744e-07,9.484815196482228e-08,3.8754912631917674e-07,1.1620814529260744e-07,9.484815196482228e-08,3.290825121830446e-07,1.6067380923256965e-07,1.0077268511995287e-07,1.6067380923256965e-07,3.3878230516619953e-07,3.3878230516619953e-07,5.751374504484346e-07,1.0418506110234917e-07,3.3878230516619953e-07,1.886650838445934e-07,2.2804969857602515e-07,1.0077268511995287e-07,2.6163805727496193e-07,3.3878230516619953e-07,3.8754912631917674e-07,2.6163805727496193e-07,5.751374504484346e-07,2.2804969857602515e-07,1.0077268511995287e-07,3.8754912631917674e-07,3.8754912631917674e-07,9.484815196482228e-08,1.0418506110234917e-07,5.751374504484346e-07,0.001,2.2804969857602515e-07,1.0077268511995287e-07,1.7328789233937284e-07,1.6067380923256965e-07,3.8754912631917674e-07,3.8754912631917674e-07,2.6163805727496193e-07,3.3878230516619953e-07,1.6067380923256965e-07,1.0133358566130746e-07,1.0133358566130746e-07,1.0077268511995287e-07,3.290825121830446e-07,3.3878230516619953e-07,3.7648492857960244e-07,3.290825121830446e-07,3.290825121830446e-07,2.2804969857602515e-07,3.3878230516619953e-07,3.8754912631917674e-07,5.751374504484346e-07,3.8754912631917674e-07,5.751374504484346e-07,2.2804969857602515e-07,1.7328789233937284e-07,1.0418506110234917e-07,5.751374504484346e-07,1.6067380923256965e-07,0.001,2.6163805727496193e-07,4.139427467668838e-07,3.3878230516619953e-07,1.0418506110234917e-07,1.886650838445934e-07,2.2804969857602515e-07,1.0077268511995287e-07,0.001,3.3878230516619953e-07,2.2804969857602515e-07,3.290825121830446e-07,3.3878230516619953e-07,2.6163805727496193e-07,1.3213391912541147e-07,1.0077268511995287e-07,3.7648492857960244e-07,2.2804969857602515e-07,2.2804969857602515e-07
El Salvador,6.543700521154625e-08,9.484815196482228e-08,2.2269312491935518e-07,1.0769621003128483e-07,7.791496668399515e-08,6.543700521154625e-08,1.0769621003128483e-07,1.0928639557283959e-07,6.543700521154625e-08,9.88760616784629e-08,7.746777110269657e-08,2.2269312491935518e-07,9.10978317956175e-08,1.0928639557283959e-07,7.109947754831379e-08,6.116739402956076e-08,8.473712500192092e-08,2.1263642607702606e-07,8.473712500192092e-08,8.473712500192092e-08,2.2269312491935518e-07,7.373547284302947e-08,2.2269312491935518e-07,0.001,1.0928639557283959e-07,9.88760616784629e-08,4.85739124816701e-07,9.10978317956175e-08,8.473712500192092e-08,4.85739124816701e-07,9.484815196482228e-08,0.001,8.473712500192092e-08,1.0559762176485935e-07,7.109947754831379e-08,1.0559762176485935e-07,1.0769621003128483e-07,8.473712500192092e-08,1.0928639557283959e-07,7.791496668399515e-08,1.0769621003128483e-07,1.0928639557283959e-07,9.88760616784629e-08,2.1263642607702606e-07,4.85739124816701e-07,0.001,1.0928639557283959e-07,4.85739124816701e-07,0.001,9.10978317956175e-08,6.543700521154625e-08,6.116739402956076e-08,6.543700521154625e-08,7.791496668399515e-08,7.791496668399515e-08,9.88760616784629e-08,7.373547284302947e-08,7.791496668399515e-08,7.598038281907994e-08,7.109947754831379e-08,6.116739402956076e-08,1.0559762176485935e-07,7.791496668399515e-08,1.0928639557283959e-07,1.0559762176485935e-07,9.88760616784629e-08,7.109947754831379e-08,6.116739402956076e-08,1.0928639557283959e-07,1.0928639557283959e-07,0.001,7.373547284302947e-08,9.88760616784629e-08,9.484815196482228e-08,7.109947754831379e-08,6.116739402956076e-08,7.746777110269657e-08,6.543700521154625e-08,1.0928639557283959e-07,1.0928639557283959e-07,1.0559762176485935e-07,7.791496668399515e-08,6.543700521154625e-08,2.2269312491935518e-07,2.2269312491935518e-07,6.116739402956076e-08,9.10978317956175e-08,7.791496668399515e-08,8.473712500192092e-08,9.10978317956175e-08,9.10978317956175e-08,7.109947754831379e-08,7.791496668399515e-08,1.0928639557283959e-07,9.88760616784629e-08,1.0928639557283959e-07,9.88760616784629e-08,7.109947754831379e-08,7.746777110269657e-08,7.373547284302947e-08,9.88760616784629e-08,6.543700521154625e-08,9.484815196482228e-08,1.0559762176485935e-07,1.0769621003128483e-07,7.791496668399515e-08,7.373547284302947e-08,7.598038281907994e-08,7.109947754831379e-08,6.116739402956076e-08,9.484815196482228e-08,7.791496668399515e-08,7.109947754831379e-08,9.10978317956175e-08,7.791496668399515e-08,1.0559762176485935e-07,2.1263642607702606e-07,6.116739402956076e-08,8.473712500192092e-08,7.109947754831379e-08,7.109947754831379e-08
Equatorial Guinea,1.48432756356423e-07,3.7648492857960244e-07,1.0610231436341873e-07,1.9717658018075075e-07,2.405911713828482e-07,1.48432756356423e-07,1.9717658018075075e-07,3.760946330623467e-07,1.48432756356423e-07,2.297812881761362e-07,3.21067151192958e-07,1.0610231436341873e-07,1.873295375524827e-07,3.760946330623467e-07,4.345580764587996e-07,9.928882661782423e-08,0.001,1.0029978929384855e-07,0.001,0.001,1.0610231436341873e-07,9.202899560788013e-08,1.0610231436341873e-07,8.473712500192092e-08,3.760946330623467e-07,2.297812881761362e-07,1.0263313033647648e-07,1.873295375524827e-07,0.001,1.0263313033647648e-07,3.7648492857960244e-07,8.473712500192092e-08,0.001,1.555964221853448e-07,4.345580764587996e-07,1.555964221853448e-07,1.9717658018075075e-07,0.001,3.760946330623467e-07,2.405911713828482e-07,1.9717658018075075e-07,3.760946330623467e-07,2.297812881761362e-07,1.0029978929384855e-07,1.0263313033647648e-07,8.473712500192092e-08,3.760946330623467e-07,1.0263313033647648e-07,8.473712500192092e-08,1.873295375524827e-07,1.48432756356423e-07,9.928882661782423e-08,1.48432756356423e-07,2.405911713828482e-07,2.405911713828482e-07,2.297812881761362e-07,9.202899560788013e-08,2.405911713828482e-07,1.4774750666715903e-07,4.345580764587996e-07,9.928882661782423e-08,1.555964221853448e-07,2.405911713828482e-07,3.760946330623467e-07,1.555964221853448e-07,2.297812881761362e-07,4.345580764587996e-07,9.928882661782423e-08,3.760946330623467e-07,3.760946330623467e-07,8.473712500192092e-08,9.202899560788013e-08,2.297812881761362e-07,3.7648492857960244e-07,4.345580764587996e-07,9.928882661782423e-08,3.21067151192958e-07,1.48432756356423e-07,3.760946330623467e-07,3.760946330623467e-07,1.555964221853448e-07,2.405911713828482e-07,1.48432756356423e-07,1.0610231436341873e-07,1.0610231436341873e-07,9.928882661782423e-08,1.873295375524827e-07,2.405911713828482e-07,0.001,1.873295375524827e-07,1.873295375524827e-07,4.345580764587996e-07,2.405911713828482e-07,3.760946330623467e-07,2.297812881761362e-07,3.760946330623467e-07,2.297812881761362e-07,4.345580764587996e-07,3.21067151192958e-07,9.202899560788013e-08,2.297812881761362e-07,1.48432756356423e-07,3.7648492857960244e-07,1.555964221853448e-07,1.9717658018075075e-07,2.405911713828482e-07,9.202899560788013e-08,1.4774750666715903e-07,4.345580764587996e-07,9.928882661782423e-08,3.7648492857960244e-07,2.405911713828482e-07,4.345580764587996e-07,1.873295375524827e-07,2.405911713828482e-07,1.555964221853448e-07,1.0029978929384855e-07,9.928882661782423e-08,0.001,4.345580764587996e-07,4.345580764587996e-07
Estonia,1.6998360697088591e-07,2.6163805727496193e-07,8.792027031974543e-08,6.215458886063083e-07,2.6580212053962534e-07,1.6998360697088591e-07,6.215458886063083e-07,1.7181548799544146e-07,1.6998360697088591e-07,4.795588165770195e-07,1.0515320536490969e-07,8.792027031974543e-08,6.103810197508601e-07,1.7181548799544146e-07,1.3132768327340644e-07,1.1275987511099315e-07,1.555964221853448e-07,1.9923062998111207e-07,1.555964221853448e-07,1.555964221853448e-07,8.792027031974543e-08,1.3992529693526664e-07,8.792027031974543e-08,1.0559762176485935e-07,1.7181548799544146e-07,4.795588165770195e-07,1.2114862715152069e-07,6.103810197508601e-07,1.555964221853448e-07,1.2114862715152069e-07,2.6163805727496193e-07,1.0559762176485935e-07,1.555964221853448e-07,0.001,1.3132768327340644e-07,0.001,6.215458886063083e-07,1.555964221853448e-07,1.7181548799544146e-07,2.6580212053962534e-07,6.215458886063083e-07,1.7181548799544146e-07,4.795588165770195e-07,1.9923062998111207e-07,1.2114862715152069e-07,1.0559762176485935e-07,1.7181548799544146e-07,1.2114862715152069e-07,1.0559762176485935e-07,6.103810197508601e-07,1.6998360697088591e-07,1.1275987511099315e-07,1.6998360697088591e-07,2.6580212053962534e-07,2.6580212053962534e-07,4.795588165770195e-07,1.3992529693526664e-07,2.6580212053962534e-07,2.5879291202511233e-07,1.3132768327340644e-07,1.1275987511099315e-07,0.001,2.6580212053962534e-07,1.7181548799544146e-07,0.001,4.795588165770195e-07,1.3132768327340644e-07,1.1275987511099315e-07,1.7181548799544146e-07,1.7181548799544146e-07,1.0559762176485935e-07,1.3992529693526664e-07,4.795588165770195e-07,2.6163805727496193e-07,1.3132768327340644e-07,1.1275987511099315e-07,1.0515320536490969e-07,1.6998360697088591e-07,1.7181548799544146e-07,1.7181548799544146e-07,0.001,2.6580212053962534e-07,1.6998360697088591e-07,8.792027031974543e-08,8.792027031974543e-08,1.1275987511099315e-07,6.103810197508601e-07,2.6580212053962534e-07,1.555964221853448e-07,6.103810197508601e-07,6.103810197508601e-07,1.3132768327340644e-07,2.6580212053962534e-07,1.7181548799544146e-07,4.795588165770195e-07,1.7181548799544146e-07,4.795588165770195e-07,1.3132768327340644e-07,1.0515320536490969e-07,1.3992529693526664e-07,4.795588165770195e-07,1.6998360697088591e-07,2.6163805727496193e-07,0.001,6.215458886063083e-07,2.6580212053962534e-07,1.3992529693526664e-07,2.5879291202511233e-07,1.3132768327340644e-07,1.1275987511099315e-07,2.6163805727496193e-07,2.6580212053962534e-07,1.3132768327340644e-07,6.103810197508601e-07,2.6580212053962534e-07,0.001,1.9923062998111207e-07,1.1275987511099315e-07,1.555964221853448e-07,1.3132768327340644e-07,1.3132768327340644e-07
Ethiopia,1.7956269912915196e-07,2.2804969857602515e-07,9.031450440305225e-08,1.5080748143698097e-07,2.3546687397497292e-07,1.7956269912915196e-07,1.5080748143698097e-07,2.0180974863968915e-07,1.7956269912915196e-07,1.7366264538720586e-07,3.935704980564676e-07,9.031450440305225e-08,1.627910070469999e-07,2.0180974863968915e-07,0.001,1.2067695008938915e-07,4.345580764587996e-07,8.366079385912031e-08,4.345580764587996e-07,4.345580764587996e-07,9.031450440305225e-08,1.0201699290905453e-07,9.031450440305225e-08,7.109947754831379e-08,2.0180974863968915e-07,1.7366264538720586e-07,8.322606633547895e-08,1.627910070469999e-07,4.345580764587996e-07,8.322606633547895e-08,2.2804969857602515e-07,7.109947754831379e-08,4.345580764587996e-07,1.3132768327340644e-07,0.001,1.3132768327340644e-07,1.5080748143698097e-07,4.345580764587996e-07,2.0180974863968915e-07,2.3546687397497292e-07,1.5080748143698097e-07,2.0180974863968915e-07,1.7366264538720586e-07,8.366079385912031e-08,8.322606633547895e-08,7.109947754831379e-08,2.0180974863968915e-07,8.322606633547895e-08,7.109947754831379e-08,1.627910070469999e-07,1.7956269912915196e-07,1.2067695008938915e-07,1.7956269912915196e-07,2.3546687397497292e-07,2.3546687397497292e-07,1.7366264538720586e-07,1.0201699290905453e-07,2.3546687397497292e-07,1.5542953442347106e-07,0.001,1.2067695008938915e-07,1.3132768327340644e-07,2.3546687397497292e-07,2.0180974863968915e-07,1.3132768327340644e-07,1.7366264538720586e-07,0.001,1.2067695008938915e-07,2.0180974863968915e-07,2.0180974863968915e-07,7.109947754831379e-08,1.0201699290905453e-07,1.7366264538720586e-07,2.2804969857602515e-07,0.001,1.2067695008938915e-07,3.935704980564676e-07,1.7956269912915196e-07,2.0180974863968915e-07,2.0180974863968915e-07,1.3132768327340644e-07,2.3546687397497292e-07,1.7956269912915196e-07,9.031450440305225e-08,9.031450440305225e-08,1.2067695008938915e-07,1.627910070469999e-07,2.3546687397497292e-07,4.345580764587996e-07,1.627910070469999e-07,1.627910070469999e-07,0.001,2.3546687397497292e-07,2.0180974863968915e-07,1.7366264538720586e-07,2.0180974863968915e-07,1.7366264538720586e-07,0.001,3.935704980564676e-07,1.0201699290905453e-07,1.7366264538720586e-07,1.7956269912915196e-07,2.2804969857602515e-07,1.3132768327340644e-07,1.5080748143698097e-07,2.3546687397497292e-07,1.0201699290905453e-07,1.5542953442347106e-07,0.001,1.2067695008938915e-07,2.2804969857602515e-07,2.3546687397497292e-07,0.001,1.627910070469999e-07,2.3546687397497292e-07,1.3132768327340644e-07,8.366079385912031e-08,1.2067695008938915e-07,4.345580764587996e-07,0.001,0.001
Finland,1.6998360697088591e-07,2.6163805727496193e-07,8.792027031974543e-08,6.215458886063083e-07,2.6580212053962534e-07,1.6998360697088591e-07,6.215458886063083e-07,1.7181548799544146e-07,1.6998360697088591e-07,4.795588165770195e-07,1.0515320536490969e-07,8.792027031974543e-08,6.103810197508601e-07,1.7181548799544146e-07,1.3132768327340644e-07,1.1275987511099315e-07,1.555964221853448e-07,1.9923062998111207e-07,1.555964221853448e-07,1.555964221853448e-07,8.792027031974543e-08,1.3992529693526664e-07,8.792027031974543e-08,1.0559762176485935e-07,1.7181548799544146e-07,4.795588165770195e-07,1.2114862715152069e-07,6.103810197508601e-07,1.555964221853448e-07,1.2114862715152069e-07,2.6163805727496193e-07,1.0559762176485935e-07,1.555964221853448e-07,0.001,1.3132768327340644e-07,0.001,6.215458886063083e-07,1.555964221853448e-07,1.7181548799544146e-07,2.6580212053962534e-07,6.215458886063083e-07,1.7181548799544146e-07,4.795588165770195e-07,1.9923062998111207e-07,1.2114862715152069e-07,1.0559762176485935e-07,1.7181548799544146e-07,1.2114862715152069e-07,1.0559762176485935e-07,6.103810197508601e-07,1.6998360697088591e-07,1.1275987511099315e-07,1.6998360697088591e-07,2.6580212053962534e-07,2.6580212053962534e-07,4.795588165770195e-07,1.3992529693526664e-07,2.6580212053962534e-07,2.5879291202511233e-07,1.3132768327340644e-07,1.1275987511099315e-07,0.001,2.6580212053962534e-07,1.7181548799544146e-07,0.001,4.795588165770195e-07,1.3132768327340644e-07,1.1275987511099315e-07,1.7181548799544146e-07,1.7181548799544146e-07,1.0559762176485935e-07,1.3992529693526664e-07,4.795588165770195e-07,2.6163805727496193e-07,1.3132768327340644e-07,1.1275987511099315e-07,1.0515320536490969e-07,1.6998360697088591e-07,1.7181548799544146e-07,1.7181548799544146e-07,0.001,2.6580212053962534e-07,1.6998360697088591e-07,8.792027031974543e-08,8.792027031974543e-08,1.1275987511099315e-07,6.103810197508601e-07,2.6580212053962534e-07,1.555964221853448e-07,6.103810197508601e-07,6.103810197508601e-07,1.3132768327340644e-07,2.6580212053962534e-07,1.7181548799544146e-07,4.795588165770195e-07,1.7181548799544146e-07,4.795588165770195e-07,1.3132768327340644e-07,1.0515320536490969e-07,1.3992529693526664e-07,4.795588165770195e-07,1.6998360697088591e-07,2.6163805727496193e-07,0.001,6.215458886063083e-07,2.6580212053962534e-07,1.3992529693526664e-07,2.5879291202511233e-07,1.3132768327340644e-07,1.1275987511099315e-07,2.6163805727496193e-07,2.6580212053962534e-07,1.3132768327340644e-07,6.103810197508601e-07,2.6580212053962534e-07,0.001,1.9923062998111207e-07,1.1275987511099315e-07,1.555964221853448e-07,1.3132768327340644e-07,1.3132768327340644e-07
France,1.553875133958547e-07,4.139427467668838e-07,9.766713740430463e-08,0.001,2.815919484362537e-07,1.553875133958547e-07,0.001,2.3742913706248567e-07,1.553875133958547e-07,1.0982373795468545e-06,1.2216128570635672e-07,9.766713740430463e-08,5.140855901848794e-07,2.3742913706248567e-07,1.5080748143698097e-07,1.0149370436826583e-07,1.9717658018075075e-07,1.839135149678658e-07,1.9717658018075075e-07,1.9717658018075075e-07,9.766713740430463e-08,1.1712439626003127e-07,9.766713740430463e-08,1.0769621003128483e-07,2.3742913706248567e-07,1.0982373795468545e-06,1.2995017291781167e-07,5.140855901848794e-07,1.9717658018075075e-07,1.2995017291781167e-07,4.139427467668838e-07,1.0769621003128483e-07,1.9717658018075075e-07,6.215458886063083e-07,1.5080748143698097e-07,6.215458886063083e-07,0.001,1.9717658018075075e-07,2.3742913706248567e-07,2.815919484362537e-07,0.001,2.3742913706248567e-07,1.0982373795468545e-06,1.839135149678658e-07,1.2995017291781167e-07,1.0769621003128483e-07,2.3742913706248567e-07,1.2995017291781167e-07,1.0769621003128483e-07,5.140855901848794e-07,1.553875133958547e-07,1.0149370436826583e-07,1.553875133958547e-07,2.815919484362537e-07,2.815919484362537e-07,1.0982373795468545e-06,1.1712439626003127e-07,2.815919484362537e-07,2.1183594329292855e-07,1.5080748143698097e-07,1.0149370436826583e-07,6.215458886063083e-07,2.815919484362537e-07,2.3742913706248567e-07,6.215458886063083e-07,1.0982373795468545e-06,1.5080748143698097e-07,1.0149370436826583e-07,2.3742913706248567e-07,2.3742913706248567e-07,1.0769621003128483e-07,1.1712439626003127e-07,1.0982373795468545e-06,4.139427467668838e-07,1.5080748143698097e-07,1.0149370436826583e-07,1.2216128570635672e-07,1.553875133958547e-07,2.3742913706248567e-07,2.3742913706248567e-07,6.215458886063083e-07,2.815919484362537e-07,1.553875133958547e-07,9.766713740430463e-08,9.766713740430463e-08,1.0149370436826583e-07,5.140855901848794e-07,2.815919484362537e-07,1.9717658018075075e-07,5.140855901848794e-07,5.140855901848794e-07,1.5080748143698097e-07,2.815919484362537e-07,2.3742913706248567e-07,1.0982373795468545e-06,2.3742913706248567e-07,1.0982373795468545e-06,1.5080748143698097e-07,1.2216128570635672e-07,1.1712439626003127e-07,1.0982373795468545e-06,1.553875133958547e-07,4.139427467668838e-07,6.215458886063083e-07,0.001,2.815919484362537e-07,1.1712439626003127e-07,2.1183594329292855e-07,1.5080748143698097e-07,1.0149370436826583e-07,4.139427467668838e-07,2.815919484362537e-07,1.5080748143698097e-07,5.140855901848794e-07,2.815919484362537e-07,6.215458886063083e-07,1.839135149678658e-07,1.0149370436826583e-07,1.9717658018075075e-07,1.5080748143698097e-07,1.5080748143698097e-07
Gabon,1.48432756356423e-07,3.7648492857960244e-07,1.0610231436341873e-07,1.9717658018075075e-07,2.405911713828482e-07,1.48432756356423e-07,1.9717658018075075e-07,3.760946330623467e-07,1.48432756356423e-07,2.297812881761362e-07,3.21067151192958e-07,1.0610231436341873e-07,1.873295375524827e-07,3.760946330623467e-07,4.345580764587996e-07,9.928882661782423e-08,0.001,1.0029978929384855e-07,0.001,0.001,1.0610231436341873e-07,9.202899560788013e-08,1.0610231436341873e-07,8.473712500192092e-08,3.760946330623467e-07,2.297812881761362e-07,1.0263313033647648e-07,1.873295375524827e-07,0.001,1.0263313033647648e-07,3.7648492857960244e-07,8.473712500192092e-08,0.001,1.555964221853448e-07,4.345580764587996e-07,1.555964221853448e-07,1.9717658018075075e-07,0.001,3.760946330623467e-07,2.405911713828482e-07,1.9717658018075075e-07,3.760946330623467e-07,2.297812881761362e-07,1.0029978929384855e-07,1.0263313033647648e-07,8.473712500192092e-08,3.760946330623467e-07,1.0263313033647648e-07,8.473712500192092e-08,1.873295375524827e-07,1.48432756356423e-07,9.928882661782423e-08,1.48432756356423e-07,2.405911713828482e-07,2.405911713828482e-07,2.297812881761362e-07,9.202899560788013e-08,2.405911713828482e-07,1.4774750666715903e-07,4.345580764587996e-07,9.928882661782423e-08,1.555964221853448e-07,2.405911713828482e-07,3.760946330623467e-07,1.555964221853448e-07,2.297812881761362e-07,4.345580764587996e-07,9.928882661782423e-08,3.760946330623467e-07,3.760946330623467e-07,8.473712500192092e-08,9.202899560788013e-08,2.297812881761362e-07,3.7648492857960244e-07,4.345580764587996e-07,9.928882661782423e-08,3.21067151192958e-07,1.48432756356423e-07,3.760946330623467e-07,3.760946330623467e-07,1.555964221853448e-07,2.405911713828482e-07,1.48432756356423e-07,1.0610231436341873e-07,1.0610231436341873e-07,9.928882661782423e-08,1.873295375524827e-07,2.405911713828482e-07,0.001,1.873295375524827e-07,1.873295375524827e-07,4.345580764587996e-07,2.405911713828482e-07,3.760946330623467e-07,2.297812881761362e-07,3.760946330623467e-07,2.297812881761362e-07,4.345580764587996e-07,3.21067151192958e-07,9.202899560788013e-08,2.297812881761362e-07,1.48432756356423e-07,3.7648492857960244e-07,1.555964221853448e-07,1.9717658018075075e-07,2.405911713828482e-07,9.202899560788013e-08,1.4774750666715903e-07,4.345580764587996e-07,9.928882661782423e-08,3.7648492857960244e-07,2.405911713828482e-07,4.345580764587996e-07,1.873295375524827e-07,2.405911713828482e-07,1.555964221853448e-07,1.0029978929384855e-07,9.928882661782423e-08,0.001,4.345580764587996e-07,4.345580764587996e-07
Gambia,1.1600765800882102e-07,3.8754912631917674e-07,1.348811438880539e-07,2.3742913706248567e-07,1.8376715996765235e-07,1.1600765800882102e-07,2.3742913706248567e-07,0.001,1.1600765800882102e-07,2.51727468785103e-07,2.0140947894729932e-07,1.348811438880539e-07,1.8179124677413918e-07,0.001,2.0180974863968915e-07,8.154608231945776e-08,3.760946330623467e-07,1.2798444780003275e-07,3.760946330623467e-07,3.760946330623467e-07,1.348811438880539e-07,8.211380599939465e-08,1.348811438880539e-07,1.0928639557283959e-07,0.001,2.51727468785103e-07,1.410128290009708e-07,1.8179124677413918e-07,3.760946330623467e-07,1.410128290009708e-07,3.8754912631917674e-07,1.0928639557283959e-07,3.760946330623467e-07,1.7181548799544146e-07,2.0180974863968915e-07,1.7181548799544146e-07,2.3742913706248567e-07,3.760946330623467e-07,0.001,1.8376715996765235e-07,2.3742913706248567e-07,0.001,2.51727468785103e-07,1.2798444780003275e-07,1.410128290009708e-07,1.0928639557283959e-07,0.001,1.410128290009708e-07,1.0928639557283959e-07,1.8179124677413918e-07,1.1600765800882102e-07,8.154608231945776e-08,1.1600765800882102e-07,1.8376715996765235e-07,1.8376715996765235e-07,2.51727468785103e-07,8.211380599939465e-08,1.8376715996765235e-07,1.2691180074121644e-07,2.0180974863968915e-07,8.154608231945776e-08,1.7181548799544146e-07,1.8376715996765235e-07,0.001,1.7181548799544146e-07,2.51727468785103e-07,2.0180974863968915e-07,8.154608231945776e-08,0.001,0.001,1.0928639557283959e-07,8.211380599939465e-08,2.51727468785103e-07,3.8754912631917674e-07,2.0180974863968915e-07,8.154608231945776e-08,2.0140947894729932e-07,1.1600765800882102e-07,0.001,0.001,1.7181548799544146e-07,1.8376715996765235e-07,1.1600765800882102e-07,1.348811438880539e-07,1.348811438880539e-07,8.154608231945776e-08,1.8179124677413918e-07,1.8376715996765235e-07,3.760946330623467e-07,1.8179124677413918e-07,1.8179124677413918e-07,2.0180974863968915e-07,1.8376715996765235e-07,0.001,2.51727468785103e-07,0.001,2.51727468785103e-07,2.0180974863968915e-07,2.0140947894729932e-07,8.211380599939465e-08,2.51727468785103e-07,1.1600765800882102e-07,3.8754912631917674e-07,1.7181548799544146e-07,2.3742913706248567e-07,1.8376715996765235e-07,8.211380599939465e-08,1.2691180074121644e-07,2.0180974863968915e-07,8.154608231945776e-08,3.8754912631917674e-07,1.8376715996765235e-07,2.0180974863968915e-07,1.8179124677413918e-07,1.8376715996765235e-07,1.7181548799544146e-07,1.2798444780003275e-07,8.154608231945776e-08,3.760946330623467e-07,2.0180974863968915e-07,2.0180974863968915e-07
Georgia,3.04595194367719e-07,3.3878230516619953e-07,7.802369310419413e-08,2.815919484362537e-07,0.001,3.04595194367719e-07,2.815919484362537e-07,1.8376715996765235e-07,3.04595194367719e-07,3.6606154711540716e-07,1.5084338069035017e-07,7.802369310419413e-08,4.701211145389067e-07,1.8376715996765235e-07,2.3546687397497292e-07,1.432587722639697e-07,2.405911713828482e-07,1.1441105650682687e-07,2.405911713828482e-07,2.405911713828482e-07,7.802369310419413e-08,1.4565331453993143e-07,7.802369310419413e-08,7.791496668399515e-08,1.8376715996765235e-07,3.6606154711540716e-07,8.968323261376695e-08,4.701211145389067e-07,2.405911713828482e-07,8.968323261376695e-08,3.3878230516619953e-07,7.791496668399515e-08,2.405911713828482e-07,2.6580212053962534e-07,2.3546687397497292e-07,2.6580212053962534e-07,2.815919484362537e-07,2.405911713828482e-07,1.8376715996765235e-07,0.001,2.815919484362537e-07,1.8376715996765235e-07,3.6606154711540716e-07,1.1441105650682687e-07,8.968323261376695e-08,7.791496668399515e-08,1.8376715996765235e-07,8.968323261376695e-08,7.791496668399515e-08,4.701211145389067e-07,3.04595194367719e-07,1.432587722639697e-07,3.04595194367719e-07,0.001,0.001,3.6606154711540716e-07,1.4565331453993143e-07,0.001,3.812712187159341e-07,2.3546687397497292e-07,1.432587722639697e-07,2.6580212053962534e-07,0.001,1.8376715996765235e-07,2.6580212053962534e-07,3.6606154711540716e-07,2.3546687397497292e-07,1.432587722639697e-07,1.8376715996765235e-07,1.8376715996765235e-07,7.791496668399515e-08,1.4565331453993143e-07,3.6606154711540716e-07,3.3878230516619953e-07,2.3546687397497292e-07,1.432587722639697e-07,1.5084338069035017e-07,3.04595194367719e-07,1.8376715996765235e-07,1.8376715996765235e-07,2.6580212053962534e-07,0.001,3.04595194367719e-07,7.802369310419413e-08,7.802369310419413e-08,1.432587722639697e-07,4.701211145389067e-07,0.001,2.405911713828482e-07,4.701211145389067e-07,4.701211145389067e-07,2.3546687397497292e-07,0.001,1.8376715996765235e-07,3.6606154711540716e-07,1.8376715996765235e-07,3.6606154711540716e-07,2.3546687397497292e-07,1.5084338069035017e-07,1.4565331453993143e-07,3.6606154711540716e-07,3.04595194367719e-07,3.3878230516619953e-07,2.6580212053962534e-07,2.815919484362537e-07,0.001,1.4565331453993143e-07,3.812712187159341e-07,2.3546687397497292e-07,1.432587722639697e-07,3.3878230516619953e-07,0.001,2.3546687397497292e-07,4.701211145389067e-07,0.001,2.6580212053962534e-07,1.1441105650682687e-07,1.432587722639697e-07,2.405911713828482e-07,2.3546687397497292e-07,2.3546687397497292e-07
Germany,1.553875133958547e-07,4.139427467668838e-07,9.766713740430463e-08,0.001,2.815919484362537e-07,1.553875133958547e-07,0.001,2.3742913706248567e-07,1.553875133958547e-07,1.0982373795468545e-06,1.2216128570635672e-07,9.766713740430463e-08,5.140855901848794e-07,2.3742913706248567e-07,1.5080748143698097e-07,1.0149370436826583e-07,1.9717658018075075e-07,1.839135149678658e-07,1.9717658018075075e-07,1.9717658018075075e-07,9.766713740430463e-08,1.1712439626003127e-07,9.766713740430463e-08,1.0769621003128483e-07,2.3742913706248567e-07,1.0982373795468545e-06,1.2995017291781167e-07,5.140855901848794e-07,1.9717658018075075e-07,1.2995017291781167e-07,4.139427467668838e-07,1.0769621003128483e-07,1.9717658018075075e-07,6.215458886063083e-07,1.5080748143698097e-07,6.215458886063083e-07,0.001,1.9717658018075075e-07,2.3742913706248567e-07,2.815919484362537e-07,0.001,2.3742913706248567e-07,1.0982373795468545e-06,1.839135149678658e-07,1.2995017291781167e-07,1.0769621003128483e-07,2.3742913706248567e-07,1.2995017291781167e-07,1.0769621003128483e-07,5.140855901848794e-07,1.553875133958547e-07,1.0149370436826583e-07,1.553875133958547e-07,2.815919484362537e-07,2.815919484362537e-07,1.0982373795468545e-06,1.1712439626003127e-07,2.815919484362537e-07,2.1183594329292855e-07,1.5080748143698097e-07,1.0149370436826583e-07,6.215458886063083e-07,2.815919484362537e-07,2.3742913706248567e-07,6.215458886063083e-07,1.0982373795468545e-06,1.5080748143698097e-07,1.0149370436826583e-07,2.3742913706248567e-07,2.3742913706248567e-07,1.0769621003128483e-07,1.1712439626003127e-07,1.0982373795468545e-06,4.139427467668838e-07,1.5080748143698097e-07,1.0149370436826583e-07,1.2216128570635672e-07,1.553875133958547e-07,2.3742913706248567e-07,2.3742913706248567e-07,6.215458886063083e-07,2.815919484362537e-07,1.553875133958547e-07,9.766713740430463e-08,9.766713740430463e-08,1.0149370436826583e-07,5.140855901848794e-07,2.815919484362537e-07,1.9717658018075075e-07,5.140855901848794e-07,5.140855901848794e-07,1.5080748143698097e-07,2.815919484362537e-07,2.3742913706248567e-07,1.0982373795468545e-06,2.3742913706248567e-07,1.0982373795468545e-06,1.5080748143698097e-07,1.2216128570635672e-07,1.1712439626003127e-07,1.0982373795468545e-06,1.553875133958547e-07,4.139427467668838e-07,6.215458886063083e-07,0.001,2.815919484362537e-07,1.1712439626003127e-07,2.1183594329292855e-07,1.5080748143698097e-07,1.0149370436826583e-07,4.139427467668838e-07,2.815919484362537e-07,1.5080748143698097e-07,5.140855901848794e-07,2.815919484362537e-07,6.215458886063083e-07,1.839135149678658e-07,1.0149370436826583e-07,1.9717658018075075e-07,1.5080748143698097e-07,1.5080748143698097e-07
Ghana,1.1600765800882102e-07,3.8754912631917674e-07,1.348811438880539e-07,2.3742913706248567e-07,1.8376715996765235e-07,1.1600765800882102e-07,2.3742913706248567e-07,0.001,1.1600765800882102e-07,2.51727468785103e-07,2.0140947894729932e-07,1.348811438880539e-07,1.8179124677413918e-07,0.001,2.0180974863968915e-07,8.154608231945776e-08,3.760946330623467e-07,1.2798444780003275e-07,3.760946330623467e-07,3.760946330623467e-07,1.348811438880539e-07,8.211380599939465e-08,1.348811438880539e-07,1.0928639557283959e-07,0.001,2.51727468785103e-07,1.410128290009708e-07,1.8179124677413918e-07,3.760946330623467e-07,1.410128290009708e-07,3.8754912631917674e-07,1.0928639557283959e-07,3.760946330623467e-07,1.7181548799544146e-07,2.0180974863968915e-07,1.7181548799544146e-07,2.3742913706248567e-07,3.760946330623467e-07,0.001,1.8376715996765235e-07,2.3742913706248567e-07,0.001,2.51727468785103e-07,1.2798444780003275e-07,1.410128290009708e-07,1.0928639557283959e-07,0.001,1.410128290009708e-07,1.0928639557283959e-07,1.8179124677413918e-07,1.1600765800882102e-07,8.154608231945776e-08,1.1600765800882102e-07,1.8376715996765235e-07,1.8376715996765235e-07,2.51727468785103e-07,8.211380599939465e-08,1.8376715996765235e-07,1.2691180074121644e-07,2.0180974863968915e-07,8.154608231945776e-08,1.7181548799544146e-07,1.8376715996765235e-07,0.001,1.7181548799544146e-07,2.51727468785103e-07,2.0180974863968915e-07,8.154608231945776e-08,0.001,0.001,1.0928639557283959e-07,8.211380599939465e-08,2.51727468785103e-07,3.8754912631917674e-07,2.0180974863968915e-07,8.154608231945776e-08,2.0140947894729932e-07,1.1600765800882102e-07,0.001,0.001,1.7181548799544146e-07,1.8376715996765235e-07,1.1600765800882102e-07,1.348811438880539e-07,1.348811438880539e-07,8.154608231945776e-08,1.8179124677413918e-07,1.8376715996765235e-07,3.760946330623467e-07,1.8179124677413918e-07,1.8179124677413918e-07,2.0180974863968915e-07,1.8376715996765235e-07,0.001,2.51727468785103e-07,0.001,2.51727468785103e-07,2.0180974863968915e-07,2.0140947894729932e-07,8.211380599939465e-08,2.51727468785103e-07,1.1600765800882102e-07,3.8754912631917674e-07,1.7181548799544146e-07,2.3742913706248567e-07,1.8376715996765235e-07,8.211380599939465e-08,1.2691180074121644e-07,2.0180974863968915e-07,8.154608231945776e-08,3.8754912631917674e-07,1.8376715996765235e-07,2.0180974863968915e-07,1.8179124677413918e-07,1.8376715996765235e-07,1.7181548799544146e-07,1.2798444780003275e-07,8.154608231945776e-08,3.760946330623467e-07,2.0180974863968915e-07,2.0180974863968915e-07
Greece,1.725053056643599e-07,5.751374504484346e-07,9.405610272044893e-08,1.0982373795468545e-06,3.6606154711540716e-07,1.725053056643599e-07,1.0982373795468545e-06,2.51727468785103e-07,1.725053056643599e-07,0.001,1.341679358562406e-07,9.405610272044893e-08,6.285174621105096e-07,2.51727468785103e-07,1.7366264538720586e-07,1.0684248682860553e-07,2.297812881761362e-07,1.575536953786449e-07,2.297812881761362e-07,2.297812881761362e-07,9.405610272044893e-08,1.1914684353801368e-07,9.405610272044893e-08,9.88760616784629e-08,2.51727468785103e-07,0.001,1.1859492274736157e-07,6.285174621105096e-07,2.297812881761362e-07,1.1859492274736157e-07,5.751374504484346e-07,9.88760616784629e-08,2.297812881761362e-07,4.795588165770195e-07,1.7366264538720586e-07,4.795588165770195e-07,1.0982373795468545e-06,2.297812881761362e-07,2.51727468785103e-07,3.6606154711540716e-07,1.0982373795468545e-06,2.51727468785103e-07,0.001,1.575536953786449e-07,1.1859492274736157e-07,9.88760616784629e-08,2.51727468785103e-07,1.1859492274736157e-07,9.88760616784629e-08,6.285174621105096e-07,1.725053056643599e-07,1.0684248682860553e-07,1.725053056643599e-07,3.6606154711540716e-07,3.6606154711540716e-07,0.001,1.1914684353801368e-07,3.6606154711540716e-07,2.32573759065993e-07,1.7366264538720586e-07,1.0684248682860553e-07,4.795588165770195e-07,3.6606154711540716e-07,2.51727468785103e-07,4.795588165770195e-07,0.001,1.7366264538720586e-07,1.0684248682860553e-07,2.51727468785103e-07,2.51727468785103e-07,9.88760616784629e-08,1.1914684353801368e-07,0.001,5.751374504484346e-07,1.7366264538720586e-07,1.0684248682860553e-07,1.341679358562406e-07,1.725053056643599e-07,2.51727468785103e-07,2.51727468785103e-07,4.795588165770195e-07,3.6606154711540716e-07,1.725053056643599e-07,9.405610272044893e-08,9.405610272044893e-08,1.0684248682860553e-07,6.285174621105096e-07,3.6606154711540716e-07,2.297812881761362e-07,6.285174621105096e-07,6.285174621105096e-07,1.7366264538720586e-07,3.6606154711540716e-07,2.51727468785103e-07,0.001,2.51727468785103e-07,0.001,1.7366264538720586e-07,1.341679358562406e-07,1.1914684353801368e-07,0.001,1.725053056643599e-07,5.751374504484346e-07,4.795588165770195e-07,1.0982373795468545e-06,3.6606154711540716e-07,1.1914684353801368e-07,2.32573759065993e-07,1.7366264538720586e-07,1.0684248682860553e-07,5.751374504484346e-07,3.6606154711540716e-07,1.7366264538720586e-07,6.285174621105096e-07,3.6606154711540716e-07,4.795588165770195e-07,1.575536953786449e-07,1.0684248682860553e-07,2.297812881761362e-07,1.7366264538720586e-07,1.7366264538720586e-07
Greenland,9.431998719084027e-08,1.3213391912541147e-07,1.2121480988764287e-07,1.839135149678658e-07,1.1441105650682687e-07,9.431998719084027e-08,1.839135149678658e-07,1.2798444780003275e-07,9.431998719084027e-08,1.575536953786449e-07,7.827732532073989e-08,1.2121480988764287e-07,1.504604868076652e-07,1.2798444780003275e-07,8.366079385912031e-08,8.067569886430383e-08,1.0029978929384855e-07,0.001,1.0029978929384855e-07,1.0029978929384855e-07,1.2121480988764287e-07,1.0339751836355411e-07,1.2121480988764287e-07,2.1263642607702606e-07,1.2798444780003275e-07,1.575536953786449e-07,2.3078763475557336e-07,1.504604868076652e-07,1.0029978929384855e-07,2.3078763475557336e-07,1.3213391912541147e-07,2.1263642607702606e-07,1.0029978929384855e-07,1.9923062998111207e-07,8.366079385912031e-08,1.9923062998111207e-07,1.839135149678658e-07,1.0029978929384855e-07,1.2798444780003275e-07,1.1441105650682687e-07,1.839135149678658e-07,1.2798444780003275e-07,1.575536953786449e-07,0.001,2.3078763475557336e-07,2.1263642607702606e-07,1.2798444780003275e-07,2.3078763475557336e-07,2.1263642607702606e-07,1.504604868076652e-07,9.431998719084027e-08,8.067569886430383e-08,9.431998719084027e-08,1.1441105650682687e-07,1.1441105650682687e-07,1.575536953786449e-07,1.0339751836355411e-07,1.1441105650682687e-07,1.1794414344126908e-07,8.366079385912031e-08,8.067569886430383e-08,1.9923062998111207e-07,1.1441105650682687e-07,1.2798444780003275e-07,1.9923062998111207e-07,1.575536953786449e-07,8.366079385912031e-08,8.067569886430383e-08,1.2798444780003275e-07,1.2798444780003275e-07,2.1263642607702606e-07,1.0339751836355411e-07,1.575536953786449e-07,1.3213391912541147e-07,8.366079385912031e-08,8.067569886430383e-08,7.827732532073989e-08,9.431998719084027e-08,1.2798444780003275e-07,1.2798444780003275e-07,1.9923062998111207e-07,1.1441105650682687e-07,9.431998719084027e-08,1.2121480988764287e-07,1.2121480988764287e-07,8.067569886430383e-08,1.504604868076652e-07,1.1441105650682687e-07,1.0029978929384855e-07,1.504604868076652e-07,1.504604868076652e-07,8.366079385912031e-08,1.1441105650682687e-07,1.2798444780003275e-07,1.575536953786449e-07,1.2798444780003275e-07,1.575536953786449e-07,8.366079385912031e-08,7.827732532073989e-08,1.0339751836355411e-07,1.575536953786449e-07,9.431998719084027e-08,1.3213391912541147e-07,1.9923062998111207e-07,1.839135149678658e-07,1.1441105650682687e-07,1.0339751836355411e-07,1.1794414344126908e-07,8.366079385912031e-08,8.067569886430383e-08,1.3213391912541147e-07,1.1441105650682687e-07,8.366079385912031e-08,1.504604868076652e-07,1.1441105650682687e-07,1.9923062998111207e-07,0.001,8.067569886430383e-08,1.0029978929384855e-07,8.366079385912031e-08,8.366079385912031e-08
Grenada,7.098330416848066e-08,1.1620814529260744e-07,2.5505807052155757e-07,1.2995017291781167e-07,8.968323261376695e-08,7.098330416848066e-08,1.2995017291781167e-07,1.410128290009708e-07,7.098330416848066e-08,1.1859492274736157e-07,9.011741326866149e-08,2.5505807052155757e-07,1.0463583175943062e-07,1.410128290009708e-07,8.322606633547895e-08,5.981930683114495e-08,1.0263313033647648e-07,2.3078763475557336e-07,1.0263313033647648e-07,1.0263313033647648e-07,2.5505807052155757e-07,7.147188360449683e-08,2.5505807052155757e-07,4.85739124816701e-07,1.410128290009708e-07,1.1859492274736157e-07,0.001,1.0463583175943062e-07,1.0263313033647648e-07,0.001,1.1620814529260744e-07,4.85739124816701e-07,1.0263313033647648e-07,1.2114862715152069e-07,8.322606633547895e-08,1.2114862715152069e-07,1.2995017291781167e-07,1.0263313033647648e-07,1.410128290009708e-07,8.968323261376695e-08,1.2995017291781167e-07,1.410128290009708e-07,1.1859492274736157e-07,2.3078763475557336e-07,0.001,4.85739124816701e-07,1.410128290009708e-07,0.001,4.85739124816701e-07,1.0463583175943062e-07,7.098330416848066e-08,5.981930683114495e-08,7.098330416848066e-08,8.968323261376695e-08,8.968323261376695e-08,1.1859492274736157e-07,7.147188360449683e-08,8.968323261376695e-08,8.252686026669518e-08,8.322606633547895e-08,5.981930683114495e-08,1.2114862715152069e-07,8.968323261376695e-08,1.410128290009708e-07,1.2114862715152069e-07,1.1859492274736157e-07,8.322606633547895e-08,5.981930683114495e-08,1.410128290009708e-07,1.410128290009708e-07,4.85739124816701e-07,7.147188360449683e-08,1.1859492274736157e-07,1.1620814529260744e-07,8.322606633547895e-08,5.981930683114495e-08,9.011741326866149e-08,7.098330416848066e-08,1.410128290009708e-07,1.410128290009708e-07,1.2114862715152069e-07,8.968323261376695e-08,7.098330416848066e-08,2.5505807052155757e-07,2.5505807052155757e-07,5.981930683114495e-08,1.0463583175943062e-07,8.968323261376695e-08,1.0263313033647648e-07,1.0463583175943062e-07,1.0463583175943062e-07,8.322606633547895e-08,8.968323261376695e-08,1.410128290009708e-07,1.1859492274736157e-07,1.410128290009708e-07,1.1859492274736157e-07,8.322606633547895e-08,9.011741326866149e-08,7.147188360449683e-08,1.1859492274736157e-07,7.098330416848066e-08,1.1620814529260744e-07,1.2114862715152069e-07,1.2995017291781167e-07,8.968323261376695e-08,7.147188360449683e-08,8.252686026669518e-08,8.322606633547895e-08,5.981930683114495e-08,1.1620814529260744e-07,8.968323261376695e-08,8.322606633547895e-08,1.0463583175943062e-07,8.968323261376695e-08,1.2114862715152069e-07,2.3078763475557336e-07,5.981930683114495e-08,1.0263313033647648e-07,8.322606633547895e-08,8.322606633547895e-08
Guatemala,6.543700521154625e-08,9.484815196482228e-08,2.2269312491935518e-07,1.0769621003128483e-07,7.791496668399515e-08,6.543700521154625e-08,1.0769621003128483e-07,1.0928639557283959e-07,6.543700521154625e-08,9.88760616784629e-08,7.746777110269657e-08,2.2269312491935518e-07,9.10978317956175e-08,1.0928639557283959e-07,7.109947754831379e-08,6.116739402956076e-08,8.473712500192092e-08,2.1263642607702606e-07,8.473712500192092e-08,8.473712500192092e-08,2.2269312491935518e-07,7.373547284302947e-08,2.2269312491935518e-07,0.001,1.0928639557283959e-07,9.88760616784629e-08,4.85739124816701e-07,9.10978317956175e-08,8.473712500192092e-08,4.85739124816701e-07,9.484815196482228e-08,0.001,8.473712500192092e-08,1.0559762176485935e-07,7.109947754831379e-08,1.0559762176485935e-07,1.0769621003128483e-07,8.473712500192092e-08,1.0928639557283959e-07,7.791496668399515e-08,1.0769621003128483e-07,1.0928639557283959e-07,9.88760616784629e-08,2.1263642607702606e-07,4.85739124816701e-07,0.001,1.0928639557283959e-07,4.85739124816701e-07,0.001,9.10978317956175e-08,6.543700521154625e-08,6.116739402956076e-08,6.543700521154625e-08,7.791496668399515e-08,7.791496668399515e-08,9.88760616784629e-08,7.373547284302947e-08,7.791496668399515e-08,7.598038281907994e-08,7.109947754831379e-08,6.116739402956076e-08,1.0559762176485935e-07,7.791496668399515e-08,1.0928639557283959e-07,1.0559762176485935e-07,9.88760616784629e-08,7.109947754831379e-08,6.116739402956076e-08,1.0928639557283959e-07,1.0928639557283959e-07,0.001,7.373547284302947e-08,9.88760616784629e-08,9.484815196482228e-08,7.109947754831379e-08,6.116739402956076e-08,7.746777110269657e-08,6.543700521154625e-08,1.0928639557283959e-07,1.0928639557283959e-07,1.0559762176485935e-07,7.791496668399515e-08,6.543700521154625e-08,2.2269312491935518e-07,2.2269312491935518e-07,6.116739402956076e-08,9.10978317956175e-08,7.791496668399515e-08,8.473712500192092e-08,9.10978317956175e-08,9.10978317956175e-08,7.109947754831379e-08,7.791496668399515e-08,1.0928639557283959e-07,9.88760616784629e-08,1.0928639557283959e-07,9.88760616784629e-08,7.109947754831379e-08,7.746777110269657e-08,7.373547284302947e-08,9.88760616784629e-08,6.543700521154625e-08,9.484815196482228e-08,1.0559762176485935e-07,1.0769621003128483e-07,7.791496668399515e-08,7.373547284302947e-08,7.598038281907994e-08,7.109947754831379e-08,6.116739402956076e-08,9.484815196482228e-08,7.791496668399515e-08,7.109947754831379e-08,9.10978317956175e-08,7.791496668399515e-08,1.0559762176485935e-07,2.1263642607702606e-07,6.116739402956076e-08,8.473712500192092e-08,7.109947754831379e-08,7.109947754831379e-08
Guinea,1.1600765800882102e-07,3.8754912631917674e-07,1.348811438880539e-07,2.3742913706248567e-07,1.8376715996765235e-07,1.1600765800882102e-07,2.3742913706248567e-07,0.001,1.1600765800882102e-07,2.51727468785103e-07,2.0140947894729932e-07,1.348811438880539e-07,1.8179124677413918e-07,0.001,2.0180974863968915e-07,8.154608231945776e-08,3.760946330623467e-07,1.2798444780003275e-07,3.760946330623467e-07,3.760946330623467e-07,1.348811438880539e-07,8.211380599939465e-08,1.348811438880539e-07,1.0928639557283959e-07,0.001,2.51727468785103e-07,1.410128290009708e-07,1.8179124677413918e-07,3.760946330623467e-07,1.410128290009708e-07,3.8754912631917674e-07,1.0928639557283959e-07,3.760946330623467e-07,1.7181548799544146e-07,2.0180974863968915e-07,1.7181548799544146e-07,2.3742913706248567e-07,3.760946330623467e-07,0.001,1.8376715996765235e-07,2.3742913706248567e-07,0.001,2.51727468785103e-07,1.2798444780003275e-07,1.410128290009708e-07,1.0928639557283959e-07,0.001,1.410128290009708e-07,1.0928639557283959e-07,1.8179124677413918e-07,1.1600765800882102e-07,8.154608231945776e-08,1.1600765800882102e-07,1.8376715996765235e-07,1.8376715996765235e-07,2.51727468785103e-07,8.211380599939465e-08,1.8376715996765235e-07,1.2691180074121644e-07,2.0180974863968915e-07,8.154608231945776e-08,1.7181548799544146e-07,1.8376715996765235e-07,0.001,1.7181548799544146e-07,2.51727468785103e-07,2.0180974863968915e-07,8.154608231945776e-08,0.001,0.001,1.0928639557283959e-07,8.211380599939465e-08,2.51727468785103e-07,3.8754912631917674e-07,2.0180974863968915e-07,8.154608231945776e-08,2.0140947894729932e-07,1.1600765800882102e-07,0.001,0.001,1.7181548799544146e-07,1.8376715996765235e-07,1.1600765800882102e-07,1.348811438880539e-07,1.348811438880539e-07,8.154608231945776e-08,1.8179124677413918e-07,1.8376715996765235e-07,3.760946330623467e-07,1.8179124677413918e-07,1.8179124677413918e-07,2.0180974863968915e-07,1.8376715996765235e-07,0.001,2.51727468785103e-07,0.001,2.51727468785103e-07,2.0180974863968915e-07,2.0140947894729932e-07,8.211380599939465e-08,2.51727468785103e-07,1.1600765800882102e-07,3.8754912631917674e-07,1.7181548799544146e-07,2.3742913706248567e-07,1.8376715996765235e-07,8.211380599939465e-08,1.2691180074121644e-07,2.0180974863968915e-07,8.154608231945776e-08,3.8754912631917674e-07,1.8376715996765235e-07,2.0180974863968915e-07,1.8179124677413918e-07,1.8376715996765235e-07,1.7181548799544146e-07,1.2798444780003275e-07,8.154608231945776e-08,3.760946330623467e-07,2.0180974863968915e-07,2.0180974863968915e-07
Haiti,7.098330416848066e-08,1.1620814529260744e-07,2.5505807052155757e-07,1.2995017291781167e-07,8.968323261376695e-08,7.098330416848066e-08,1.2995017291781167e-07,1.410128290009708e-07,7.098330416848066e-08,1.1859492274736157e-07,9.011741326866149e-08,2.5505807052155757e-07,1.0463583175943062e-07,1.410128290009708e-07,8.322606633547895e-08,5.981930683114495e-08,1.0263313033647648e-07,2.3078763475557336e-07,1.0263313033647648e-07,1.0263313033647648e-07,2.5505807052155757e-07,7.147188360449683e-08,2.5505807052155757e-07,4.85739124816701e-07,1.410128290009708e-07,1.1859492274736157e-07,0.001,1.0463583175943062e-07,1.0263313033647648e-07,0.001,1.1620814529260744e-07,4.85739124816701e-07,1.0263313033647648e-07,1.2114862715152069e-07,8.322606633547895e-08,1.2114862715152069e-07,1.2995017291781167e-07,1.0263313033647648e-07,1.410128290009708e-07,8.968323261376695e-08,1.2995017291781167e-07,1.410128290009708e-07,1.1859492274736157e-07,2.3078763475557336e-07,0.001,4.85739124816701e-07,1.410128290009708e-07,0.001,4.85739124816701e-07,1.0463583175943062e-07,7.098330416848066e-08,5.981930683114495e-08,7.098330416848066e-08,8.968323261376695e-08,8.968323261376695e-08,1.1859492274736157e-07,7.147188360449683e-08,8.968323261376695e-08,8.252686026669518e-08,8.322606633547895e-08,5.981930683114495e-08,1.2114862715152069e-07,8.968323261376695e-08,1.410128290009708e-07,1.2114862715152069e-07,1.1859492274736157e-07,8.322606633547895e-08,5.981930683114495e-08,1.410128290009708e-07,1.410128290009708e-07,4.85739124816701e-07,7.147188360449683e-08,1.1859492274736157e-07,1.1620814529260744e-07,8.322606633547895e-08,5.981930683114495e-08,9.011741326866149e-08,7.098330416848066e-08,1.410128290009708e-07,1.410128290009708e-07,1.2114862715152069e-07,8.968323261376695e-08,7.098330416848066e-08,2.5505807052155757e-07,2.5505807052155757e-07,5.981930683114495e-08,1.0463583175943062e-07,8.968323261376695e-08,1.0263313033647648e-07,1.0463583175943062e-07,1.0463583175943062e-07,8.322606633547895e-08,8.968323261376695e-08,1.410128290009708e-07,1.1859492274736157e-07,1.410128290009708e-07,1.1859492274736157e-07,8.322606633547895e-08,9.011741326866149e-08,7.147188360449683e-08,1.1859492274736157e-07,7.098330416848066e-08,1.1620814529260744e-07,1.2114862715152069e-07,1.2995017291781167e-07,8.968323261376695e-08,7.147188360449683e-08,8.252686026669518e-08,8.322606633547895e-08,5.981930683114495e-08,1.1620814529260744e-07,8.968323261376695e-08,8.322606633547895e-08,1.0463583175943062e-07,8.968323261376695e-08,1.2114862715152069e-07,2.3078763475557336e-07,5.981930683114495e-08,1.0263313033647648e-07,8.322606633547895e-08,8.322606633547895e-08
Honduras,6.543700521154625e-08,9.484815196482228e-08,2.2269312491935518e-07,1.0769621003128483e-07,7.791496668399515e-08,6.543700521154625e-08,1.0769621003128483e-07,1.0928639557283959e-07,6.543700521154625e-08,9.88760616784629e-08,7.746777110269657e-08,2.2269312491935518e-07,9.10978317956175e-08,1.0928639557283959e-07,7.109947754831379e-08,6.116739402956076e-08,8.473712500192092e-08,2.1263642607702606e-07,8.473712500192092e-08,8.473712500192092e-08,2.2269312491935518e-07,7.373547284302947e-08,2.2269312491935518e-07,0.001,1.0928639557283959e-07,9.88760616784629e-08,4.85739124816701e-07,9.10978317956175e-08,8.473712500192092e-08,4.85739124816701e-07,9.484815196482228e-08,0.001,8.473712500192092e-08,1.0559762176485935e-07,7.109947754831379e-08,1.0559762176485935e-07,1.0769621003128483e-07,8.473712500192092e-08,1.0928639557283959e-07,7.791496668399515e-08,1.0769621003128483e-07,1.0928639557283959e-07,9.88760616784629e-08,2.1263642607702606e-07,4.85739124816701e-07,0.001,1.0928639557283959e-07,4.85739124816701e-07,0.001,9.10978317956175e-08,6.543700521154625e-08,6.116739402956076e-08,6.543700521154625e-08,7.791496668399515e-08,7.791496668399515e-08,9.88760616784629e-08,7.373547284302947e-08,7.791496668399515e-08,7.598038281907994e-08,7.109947754831379e-08,6.116739402956076e-08,1.0559762176485935e-07,7.791496668399515e-08,1.0928639557283959e-07,1.0559762176485935e-07,9.88760616784629e-08,7.109947754831379e-08,6.116739402956076e-08,1.0928639557283959e-07,1.0928639557283959e-07,0.001,7.373547284302947e-08,9.88760616784629e-08,9.484815196482228e-08,7.109947754831379e-08,6.116739402956076e-08,7.746777110269657e-08,6.543700521154625e-08,1.0928639557283959e-07,1.0928639557283959e-07,1.0559762176485935e-07,7.791496668399515e-08,6.543700521154625e-08,2.2269312491935518e-07,2.2269312491935518e-07,6.116739402956076e-08,9.10978317956175e-08,7.791496668399515e-08,8.473712500192092e-08,9.10978317956175e-08,9.10978317956175e-08,7.109947754831379e-08,7.791496668399515e-08,1.0928639557283959e-07,9.88760616784629e-08,1.0928639557283959e-07,9.88760616784629e-08,7.109947754831379e-08,7.746777110269657e-08,7.373547284302947e-08,9.88760616784629e-08,6.543700521154625e-08,9.484815196482228e-08,1.0559762176485935e-07,1.0769621003128483e-07,7.791496668399515e-08,7.373547284302947e-08,7.598038281907994e-08,7.109947754831379e-08,6.116739402956076e-08,9.484815196482228e-08,7.791496668399515e-08,7.109947754831379e-08,9.10978317956175e-08,7.791496668399515e-08,1.0559762176485935e-07,2.1263642607702606e-07,6.116739402956076e-08,8.473712500192092e-08,7.109947754831379e-08,7.109947754831379e-08
Hungary,2.2051020292202112e-07,3.290825121830446e-07,8.22768421736869e-08,5.140855901848794e-07,4.701211145389067e-07,2.2051020292202112e-07,5.140855901848794e-07,1.8179124677413918e-07,2.2051020292202112e-07,6.285174621105096e-07,1.2089941504083485e-07,8.22768421736869e-08,0.001,1.8179124677413918e-07,1.627910070469999e-07,1.2642508209288254e-07,1.873295375524827e-07,1.504604868076652e-07,1.873295375524827e-07,1.873295375524827e-07,8.22768421736869e-08,1.4701437364925515e-07,8.22768421736869e-08,9.10978317956175e-08,1.8179124677413918e-07,6.285174621105096e-07,1.0463583175943062e-07,0.001,1.873295375524827e-07,1.0463583175943062e-07,3.290825121830446e-07,9.10978317956175e-08,1.873295375524827e-07,6.103810197508601e-07,1.627910070469999e-07,6.103810197508601e-07,5.140855901848794e-07,1.873295375524827e-07,1.8179124677413918e-07,4.701211145389067e-07,5.140855901848794e-07,1.8179124677413918e-07,6.285174621105096e-07,1.504604868076652e-07,1.0463583175943062e-07,9.10978317956175e-08,1.8179124677413918e-07,1.0463583175943062e-07,9.10978317956175e-08,0.001,2.2051020292202112e-07,1.2642508209288254e-07,2.2051020292202112e-07,4.701211145389067e-07,4.701211145389067e-07,6.285174621105096e-07,1.4701437364925515e-07,4.701211145389067e-07,3.59350715539045e-07,1.627910070469999e-07,1.2642508209288254e-07,6.103810197508601e-07,4.701211145389067e-07,1.8179124677413918e-07,6.103810197508601e-07,6.285174621105096e-07,1.627910070469999e-07,1.2642508209288254e-07,1.8179124677413918e-07,1.8179124677413918e-07,9.10978317956175e-08,1.4701437364925515e-07,6.285174621105096e-07,3.290825121830446e-07,1.627910070469999e-07,1.2642508209288254e-07,1.2089941504083485e-07,2.2051020292202112e-07,1.8179124677413918e-07,1.8179124677413918e-07,6.103810197508601e-07,4.701211145389067e-07,2.2051020292202112e-07,8.22768421736869e-08,8.22768421736869e-08,1.2642508209288254e-07,0.001,4.701211145389067e-07,1.873295375524827e-07,0.001,0.001,1.627910070469999e-07,4.701211145389067e-07,1.8179124677413918e-07,6.285174621105096e-07,1.8179124677413918e-07,6.285174621105096e-07,1.627910070469999e-07,1.2089941504083485e-07,1.4701437364925515e-07,6.285174621105096e-07,2.2051020292202112e-07,3.290825121830446e-07,6.103810197508601e-07,5.140855901848794e-07,4.701211145389067e-07,1.4701437364925515e-07,3.59350715539045e-07,1.627910070469999e-07,1.2642508209288254e-07,3.290825121830446e-07,4.701211145389067e-07,1.627910070469999e-07,0.001,4.701211145389067e-07,6.103810197508601e-07,1.504604868076652e-07,1.2642508209288254e-07,1.873295375524827e-07,1.627910070469999e-07,1.627910070469999e-07
India,0.001,1.6067380923256965e-07,6.237575674365235e-08,1.553875133958547e-07,3.04595194367719e-07,0.001,1.553875133958547e-07,1.1600765800882102e-07,0.001,1.725053056643599e-07,1.24352338912691e-07,6.237575674365235e-08,2.2051020292202112e-07,1.1600765800882102e-07,1.7956269912915196e-07,2.702899275652735e-07,1.48432756356423e-07,9.431998719084027e-08,1.48432756356423e-07,1.48432756356423e-07,6.237575674365235e-08,2.35150920094436e-07,6.237575674365235e-08,6.543700521154625e-08,1.1600765800882102e-07,1.725053056643599e-07,7.098330416848066e-08,2.2051020292202112e-07,1.48432756356423e-07,7.098330416848066e-08,1.6067380923256965e-07,6.543700521154625e-08,1.48432756356423e-07,1.6998360697088591e-07,1.7956269912915196e-07,1.6998360697088591e-07,1.553875133958547e-07,1.48432756356423e-07,1.1600765800882102e-07,3.04595194367719e-07,1.553875133958547e-07,1.1600765800882102e-07,1.725053056643599e-07,9.431998719084027e-08,7.098330416848066e-08,6.543700521154625e-08,1.1600765800882102e-07,7.098330416848066e-08,6.543700521154625e-08,2.2051020292202112e-07,0.001,2.702899275652735e-07,0.001,3.04595194367719e-07,3.04595194367719e-07,1.725053056643599e-07,2.35150920094436e-07,3.04595194367719e-07,4.708061659943275e-07,1.7956269912915196e-07,2.702899275652735e-07,1.6998360697088591e-07,3.04595194367719e-07,1.1600765800882102e-07,1.6998360697088591e-07,1.725053056643599e-07,1.7956269912915196e-07,2.702899275652735e-07,1.1600765800882102e-07,1.1600765800882102e-07,6.543700521154625e-08,2.35150920094436e-07,1.725053056643599e-07,1.6067380923256965e-07,1.7956269912915196e-07,2.702899275652735e-07,1.24352338912691e-07,0.001,1.1600765800882102e-07,1.1600765800882102e-07,1.6998360697088591e-07,3.04595194367719e-07,0.001,6.237575674365235e-08,6.237575674365235e-08,2.702899275652735e-07,2.2051020292202112e-07,3.04595194367719e-07,1.48432756356423e-07,2.2051020292202112e-07,2.2051020292202112e-07,1.7956269912915196e-07,3.04595194367719e-07,1.1600765800882102e-07,1.725053056643599e-07,1.1600765800882102e-07,1.725053056643599e-07,1.7956269912915196e-07,1.24352338912691e-07,2.35150920094436e-07,1.725053056643599e-07,0.001,1.6067380923256965e-07,1.6998360697088591e-07,1.553875133958547e-07,3.04595194367719e-07,2.35150920094436e-07,4.708061659943275e-07,1.7956269912915196e-07,2.702899275652735e-07,1.6067380923256965e-07,3.04595194367719e-07,1.7956269912915196e-07,2.2051020292202112e-07,3.04595194367719e-07,1.6998360697088591e-07,9.431998719084027e-08,2.702899275652735e-07,1.48432756356423e-07,1.7956269912915196e-07,1.7956269912915196e-07
Indonesia,2.702899275652735e-07,1.0077268511995287e-07,5.2122190199751614e-08,1.0149370436826583e-07,1.432587722639697e-07,2.702899275652735e-07,1.0149370436826583e-07,8.154608231945776e-08,2.702899275652735e-07,1.0684248682860553e-07,9.765539140438323e-08,5.2122190199751614e-08,1.2642508209288254e-07,8.154608231945776e-08,1.2067695008938915e-07,0.001,9.928882661782423e-08,8.067569886430383e-08,9.928882661782423e-08,9.928882661782423e-08,5.2122190199751614e-08,3.523171077981093e-07,5.2122190199751614e-08,6.116739402956076e-08,8.154608231945776e-08,1.0684248682860553e-07,5.981930683114495e-08,1.2642508209288254e-07,9.928882661782423e-08,5.981930683114495e-08,1.0077268511995287e-07,6.116739402956076e-08,9.928882661782423e-08,1.1275987511099315e-07,1.2067695008938915e-07,1.1275987511099315e-07,1.0149370436826583e-07,9.928882661782423e-08,8.154608231945776e-08,1.432587722639697e-07,1.0149370436826583e-07,8.154608231945776e-08,1.0684248682860553e-07,8.067569886430383e-08,5.981930683114495e-08,6.116739402956076e-08,8.154608231945776e-08,5.981930683114495e-08,6.116739402956076e-08,1.2642508209288254e-07,2.702899275652735e-07,0.001,2.702899275652735e-07,1.432587722639697e-07,1.432587722639697e-07,1.0684248682860553e-07,3.523171077981093e-07,1.432587722639697e-07,1.947896033924642e-07,1.2067695008938915e-07,0.001,1.1275987511099315e-07,1.432587722639697e-07,8.154608231945776e-08,1.1275987511099315e-07,1.0684248682860553e-07,1.2067695008938915e-07,0.001,8.154608231945776e-08,8.154608231945776e-08,6.116739402956076e-08,3.523171077981093e-07,1.0684248682860553e-07,1.0077268511995287e-07,1.2067695008938915e-07,0.001,9.765539140438323e-08,2.702899275652735e-07,8.154608231945776e-08,8.154608231945776e-08,1.1275987511099315e-07,1.432587722639697e-07,2.702899275652735e-07,5.2122190199751614e-08,5.2122190199751614e-08,0.001,1.2642508209288254e-07,1.432587722639697e-07,9.928882661782423e-08,1.2642508209288254e-07,1.2642508209288254e-07,1.2067695008938915e-07,1.432587722639697e-07,8.154608231945776e-08,1.0684248682860553e-07,8.154608231945776e-08,1.0684248682860553e-07,1.2067695008938915e-07,9.765539140438323e-08,3.523171077981093e-07,1.0684248682860553e-07,2.702899275652735e-07,1.0077268511995287e-07,1.1275987511099315e-07,1.0149370436826583e-07,1.432587722639697e-07,3.523171077981093e-07,1.947896033924642e-07,1.2067695008938915e-07,0.001,1.0077268511995287e-07,1.432587722639697e-07,1.2067695008938915e-07,1.2642508209288254e-07,1.432587722639697e-07,1.1275987511099315e-07,8.067569886430383e-08,0.001,9.928882661782423e-08,1.2067695008938915e-07,1.2067695008938915e-07
Iran,0.001,1.6067380923256965e-07,6.237575674365235e-08,1.553875133958547e-07,3.04595194367719e-07,0.001,1.553875133958547e-07,1.1600765800882102e-07,0.001,1.725053056643599e-07,1.24352338912691e-07,6.237575674365235e-08,2.2051020292202112e-07,1.1600765800882102e-07,1.7956269912915196e-07,2.702899275652735e-07,1.48432756356423e-07,9.431998719084027e-08,1.48432756356423e-07,1.48432756356423e-07,6.237575674365235e-08,2.35150920094436e-07,6.237575674365235e-08,6.543700521154625e-08,1.1600765800882102e-07,1.725053056643599e-07,7.098330416848066e-08,2.2051020292202112e-07,1.48432756356423e-07,7.098330416848066e-08,1.6067380923256965e-07,6.543700521154625e-08,1.48432756356423e-07,1.6998360697088591e-07,1.7956269912915196e-07,1.6998360697088591e-07,1.553875133958547e-07,1.48432756356423e-07,1.1600765800882102e-07,3.04595194367719e-07,1.553875133958547e-07,1.1600765800882102e-07,1.725053056643599e-07,9.431998719084027e-08,7.098330416848066e-08,6.543700521154625e-08,1.1600765800882102e-07,7.098330416848066e-08,6.543700521154625e-08,2.2051020292202112e-07,0.001,2.702899275652735e-07,0.001,3.04595194367719e-07,3.04595194367719e-07,1.725053056643599e-07,2.35150920094436e-07,3.04595194367719e-07,4.708061659943275e-07,1.7956269912915196e-07,2.702899275652735e-07,1.6998360697088591e-07,3.04595194367719e-07,1.1600765800882102e-07,1.6998360697088591e-07,1.725053056643599e-07,1.7956269912915196e-07,2.702899275652735e-07,1.1600765800882102e-07,1.1600765800882102e-07,6.543700521154625e-08,2.35150920094436e-07,1.725053056643599e-07,1.6067380923256965e-07,1.7956269912915196e-07,2.702899275652735e-07,1.24352338912691e-07,0.001,1.1600765800882102e-07,1.1600765800882102e-07,1.6998360697088591e-07,3.04595194367719e-07,0.001,6.237575674365235e-08,6.237575674365235e-08,2.702899275652735e-07,2.2051020292202112e-07,3.04595194367719e-07,1.48432756356423e-07,2.2051020292202112e-07,2.2051020292202112e-07,1.7956269912915196e-07,3.04595194367719e-07,1.1600765800882102e-07,1.725053056643599e-07,1.1600765800882102e-07,1.725053056643599e-07,1.7956269912915196e-07,1.24352338912691e-07,2.35150920094436e-07,1.725053056643599e-07,0.001,1.6067380923256965e-07,1.6998360697088591e-07,1.553875133958547e-07,3.04595194367719e-07,2.35150920094436e-07,4.708061659943275e-07,1.7956269912915196e-07,2.702899275652735e-07,1.6067380923256965e-07,3.04595194367719e-07,1.7956269912915196e-07,2.2051020292202112e-07,3.04595194367719e-07,1.6998360697088591e-07,9.431998719084027e-08,2.702899275652735e-07,1.48432756356423e-07,1.7956269912915196e-07,1.7956269912915196e-07
Iraq,3.04595194367719e-07,3.3878230516619953e-07,7.802369310419413e-08,2.815919484362537e-07,0.001,3.04595194367719e-07,2.815919484362537e-07,1.8376715996765235e-07,3.04595194367719e-07,3.6606154711540716e-07,1.5084338069035017e-07,7.802369310419413e-08,4.701211145389067e-07,1.8376715996765235e-07,2.3546687397497292e-07,1.432587722639697e-07,2.405911713828482e-07,1.1441105650682687e-07,2.405911713828482e-07,2.405911713828482e-07,7.802369310419413e-08,1.4565331453993143e-07,7.802369310419413e-08,7.791496668399515e-08,1.8376715996765235e-07,3.6606154711540716e-07,8.968323261376695e-08,4.701211145389067e-07,2.405911713828482e-07,8.968323261376695e-08,3.3878230516619953e-07,7.791496668399515e-08,2.405911713828482e-07,2.6580212053962534e-07,2.3546687397497292e-07,2.6580212053962534e-07,2.815919484362537e-07,2.405911713828482e-07,1.8376715996765235e-07,0.001,2.815919484362537e-07,1.8376715996765235e-07,3.6606154711540716e-07,1.1441105650682687e-07,8.968323261376695e-08,7.791496668399515e-08,1.8376715996765235e-07,8.968323261376695e-08,7.791496668399515e-08,4.701211145389067e-07,3.04595194367719e-07,1.432587722639697e-07,3.04595194367719e-07,0.001,0.001,3.6606154711540716e-07,1.4565331453993143e-07,0.001,3.812712187159341e-07,2.3546687397497292e-07,1.432587722639697e-07,2.6580212053962534e-07,0.001,1.8376715996765235e-07,2.6580212053962534e-07,3.6606154711540716e-07,2.3546687397497292e-07,1.432587722639697e-07,1.8376715996765235e-07,1.8376715996765235e-07,7.791496668399515e-08,1.4565331453993143e-07,3.6606154711540716e-07,3.3878230516619953e-07,2.3546687397497292e-07,1.432587722639697e-07,1.5084338069035017e-07,3.04595194367719e-07,1.8376715996765235e-07,1.8376715996765235e-07,2.6580212053962534e-07,0.001,3.04595194367719e-07,7.802369310419413e-08,7.802369310419413e-08,1.432587722639697e-07,4.701211145389067e-07,0.001,2.405911713828482e-07,4.701211145389067e-07,4.701211145389067e-07,2.3546687397497292e-07,0.001,1.8376715996765235e-07,3.6606154711540716e-07,1.8376715996765235e-07,3.6606154711540716e-07,2.3546687397497292e-07,1.5084338069035017e-07,1.4565331453993143e-07,3.6606154711540716e-07,3.04595194367719e-07,3.3878230516619953e-07,2.6580212053962534e-07,2.815919484362537e-07,0.001,1.4565331453993143e-07,3.812712187159341e-07,2.3546687397497292e-07,1.432587722639697e-07,3.3878230516619953e-07,0.001,2.3546687397497292e-07,4.701211145389067e-07,0.001,2.6580212053962534e-07,1.1441105650682687e-07,1.432587722639697e-07,2.405911713828482e-07,2.3546687397497292e-07,2.3546687397497292e-07
Israel,3.04595194367719e-07,3.3878230516619953e-07,7.802369310419413e-08,2.815919484362537e-07,0.001,3.04595194367719e-07,2.815919484362537e-07,1.8376715996765235e-07,3.04595194367719e-07,3.6606154711540716e-07,1.5084338069035017e-07,7.802369310419413e-08,4.701211145389067e-07,1.8376715996765235e-07,2.3546687397497292e-07,1.432587722639697e-07,2.405911713828482e-07,1.1441105650682687e-07,2.405911713828482e-07,2.405911713828482e-07,7.802369310419413e-08,1.4565331453993143e-07,7.802369310419413e-08,7.791496668399515e-08,1.8376715996765235e-07,3.6606154711540716e-07,8.968323261376695e-08,4.701211145389067e-07,2.405911713828482e-07,8.968323261376695e-08,3.3878230516619953e-07,7.791496668399515e-08,2.405911713828482e-07,2.6580212053962534e-07,2.3546687397497292e-07,2.6580212053962534e-07,2.815919484362537e-07,2.405911713828482e-07,1.8376715996765235e-07,0.001,2.815919484362537e-07,1.8376715996765235e-07,3.6606154711540716e-07,1.1441105650682687e-07,8.968323261376695e-08,7.791496668399515e-08,1.8376715996765235e-07,8.968323261376695e-08,7.791496668399515e-08,4.701211145389067e-07,3.04595194367719e-07,1.432587722639697e-07,3.04595194367719e-07,0.001,0.001,3.6606154711540716e-07,1.4565331453993143e-07,0.001,3.812712187159341e-07,2.3546687397497292e-07,1.432587722639697e-07,2.6580212053962534e-07,0.001,1.8376715996765235e-07,2.6580212053962534e-07,3.6606154711540716e-07,2.3546687397497292e-07,1.432587722639697e-07,1.8376715996765235e-07,1.8376715996765235e-07,7.791496668399515e-08,1.4565331453993143e-07,3.6606154711540716e-07,3.3878230516619953e-07,2.3546687397497292e-07,1.432587722639697e-07,1.5084338069035017e-07,3.04595194367719e-07,1.8376715996765235e-07,1.8376715996765235e-07,2.6580212053962534e-07,0.001,3.04595194367719e-07,7.802369310419413e-08,7.802369310419413e-08,1.432587722639697e-07,4.701211145389067e-07,0.001,2.405911713828482e-07,4.701211145389067e-07,4.701211145389067e-07,2.3546687397497292e-07,0.001,1.8376715996765235e-07,3.6606154711540716e-07,1.8376715996765235e-07,3.6606154711540716e-07,2.3546687397497292e-07,1.5084338069035017e-07,1.4565331453993143e-07,3.6606154711540716e-07,3.04595194367719e-07,3.3878230516619953e-07,2.6580212053962534e-07,2.815919484362537e-07,0.001,1.4565331453993143e-07,3.812712187159341e-07,2.3546687397497292e-07,1.432587722639697e-07,3.3878230516619953e-07,0.001,2.3546687397497292e-07,4.701211145389067e-07,0.001,2.6580212053962534e-07,1.1441105650682687e-07,1.432587722639697e-07,2.405911713828482e-07,2.3546687397497292e-07,2.3546687397497292e-07
Italy,1.725053056643599e-07,5.751374504484346e-07,9.405610272044893e-08,1.0982373795468545e-06,3.6606154711540716e-07,1.725053056643599e-07,1.0982373795468545e-06,2.51727468785103e-07,1.725053056643599e-07,0.001,1.341679358562406e-07,9.405610272044893e-08,6.285174621105096e-07,2.51727468785103e-07,1.7366264538720586e-07,1.0684248682860553e-07,2.297812881761362e-07,1.575536953786449e-07,2.297812881761362e-07,2.297812881761362e-07,9.405610272044893e-08,1.1914684353801368e-07,9.405610272044893e-08,9.88760616784629e-08,2.51727468785103e-07,0.001,1.1859492274736157e-07,6.285174621105096e-07,2.297812881761362e-07,1.1859492274736157e-07,5.751374504484346e-07,9.88760616784629e-08,2.297812881761362e-07,4.795588165770195e-07,1.7366264538720586e-07,4.795588165770195e-07,1.0982373795468545e-06,2.297812881761362e-07,2.51727468785103e-07,3.6606154711540716e-07,1.0982373795468545e-06,2.51727468785103e-07,0.001,1.575536953786449e-07,1.1859492274736157e-07,9.88760616784629e-08,2.51727468785103e-07,1.1859492274736157e-07,9.88760616784629e-08,6.285174621105096e-07,1.725053056643599e-07,1.0684248682860553e-07,1.725053056643599e-07,3.6606154711540716e-07,3.6606154711540716e-07,0.001,1.1914684353801368e-07,3.6606154711540716e-07,2.32573759065993e-07,1.7366264538720586e-07,1.0684248682860553e-07,4.795588165770195e-07,3.6606154711540716e-07,2.51727468785103e-07,4.795588165770195e-07,0.001,1.7366264538720586e-07,1.0684248682860553e-07,2.51727468785103e-07,2.51727468785103e-07,9.88760616784629e-08,1.1914684353801368e-07,0.001,5.751374504484346e-07,1.7366264538720586e-07,1.0684248682860553e-07,1.341679358562406e-07,1.725053056643599e-07,2.51727468785103e-07,2.51727468785103e-07,4.795588165770195e-07,3.6606154711540716e-07,1.725053056643599e-07,9.405610272044893e-08,9.405610272044893e-08,1.0684248682860553e-07,6.285174621105096e-07,3.6606154711540716e-07,2.297812881761362e-07,6.285174621105096e-07,6.285174621105096e-07,1.7366264538720586e-07,3.6606154711540716e-07,2.51727468785103e-07,0.001,2.51727468785103e-07,0.001,1.7366264538720586e-07,1.341679358562406e-07,1.1914684353801368e-07,0.001,1.725053056643599e-07,5.751374504484346e-07,4.795588165770195e-07,1.0982373795468545e-06,3.6606154711540716e-07,1.1914684353801368e-07,2.32573759065993e-07,1.7366264538720586e-07,1.0684248682860553e-07,5.751374504484346e-07,3.6606154711540716e-07,1.7366264538720586e-07,6.285174621105096e-07,3.6606154711540716e-07,4.795588165770195e-07,1.575536953786449e-07,1.0684248682860553e-07,2.297812881761362e-07,1.7366264538720586e-07,1.7366264538720586e-07
Japan,2.35150920094436e-07,1.0418506110234917e-07,5.584263658506971e-08,1.1712439626003127e-07,1.4565331453993143e-07,2.35150920094436e-07,1.1712439626003127e-07,8.211380599939465e-08,2.35150920094436e-07,1.1914684353801368e-07,8.197932253782194e-08,5.584263658506971e-08,1.4701437364925515e-07,8.211380599939465e-08,1.0201699290905453e-07,3.523171077981093e-07,9.202899560788013e-08,1.0339751836355411e-07,9.202899560788013e-08,9.202899560788013e-08,5.584263658506971e-08,0.001,5.584263658506971e-08,7.373547284302947e-08,8.211380599939465e-08,1.1914684353801368e-07,7.147188360449683e-08,1.4701437364925515e-07,9.202899560788013e-08,7.147188360449683e-08,1.0418506110234917e-07,7.373547284302947e-08,9.202899560788013e-08,1.3992529693526664e-07,1.0201699290905453e-07,1.3992529693526664e-07,1.1712439626003127e-07,9.202899560788013e-08,8.211380599939465e-08,1.4565331453993143e-07,1.1712439626003127e-07,8.211380599939465e-08,1.1914684353801368e-07,1.0339751836355411e-07,7.147188360449683e-08,7.373547284302947e-08,8.211380599939465e-08,7.147188360449683e-08,7.373547284302947e-08,1.4701437364925515e-07,2.35150920094436e-07,3.523171077981093e-07,2.35150920094436e-07,1.4565331453993143e-07,1.4565331453993143e-07,1.1914684353801368e-07,0.001,1.4565331453993143e-07,2.321058092513378e-07,1.0201699290905453e-07,3.523171077981093e-07,1.3992529693526664e-07,1.4565331453993143e-07,8.211380599939465e-08,1.3992529693526664e-07,1.1914684353801368e-07,1.0201699290905453e-07,3.523171077981093e-07,8.211380599939465e-08,8.211380599939465e-08,7.373547284302947e-08,0.001,1.1914684353801368e-07,1.0418506110234917e-07,1.0201699290905453e-07,3.523171077981093e-07,8.197932253782194e-08,2.35150920094436e-07,8.211380599939465e-08,8.211380599939465e-08,1.3992529693526664e-07,1.4565331453993143e-07,2.35150920094436e-07,5.584263658506971e-08,5.584263658506971e-08,3.523171077981093e-07,1.4701437364925515e-07,1.4565331453993143e-07,9.202899560788013e-08,1.4701437364925515e-07,1.4701437364925515e-07,1.0201699290905453e-07,1.4565331453993143e-07,8.211380599939465e-08,1.1914684353801368e-07,8.211380599939465e-08,1.1914684353801368e-07,1.0201699290905453e-07,8.197932253782194e-08,0.001,1.1914684353801368e-07,2.35150920094436e-07,1.0418506110234917e-07,1.3992529693526664e-07,1.1712439626003127e-07,1.4565331453993143e-07,0.001,2.321058092513378e-07,1.0201699290905453e-07,3.523171077981093e-07,1.0418506110234917e-07,1.4565331453993143e-07,1.0201699290905453e-07,1.4701437364925515e-07,1.4565331453993143e-07,1.3992529693526664e-07,1.0339751836355411e-07,3.523171077981093e-07,9.202899560788013e-08,1.0201699290905453e-07,1.0201699290905453e-07
Jordan,3.04595194367719e-07,3.3878230516619953e-07,7.802369310419413e-08,2.815919484362537e-07,0.001,3.04595194367719e-07,2.815919484362537e-07,1.8376715996765235e-07,3.04595194367719e-07,3.6606154711540716e-07,1.5084338069035017e-07,7.802369310419413e-08,4.701211145389067e-07,1.8376715996765235e-07,2.3546687397497292e-07,1.432587722639697e-07,2.405911713828482e-07,1.1441105650682687e-07,2.405911713828482e-07,2.405911713828482e-07,7.802369310419413e-08,1.4565331453993143e-07,7.802369310419413e-08,7.791496668399515e-08,1.8376715996765235e-07,3.6606154711540716e-07,8.968323261376695e-08,4.701211145389067e-07,2.405911713828482e-07,8.968323261376695e-08,3.3878230516619953e-07,7.791496668399515e-08,2.405911713828482e-07,2.6580212053962534e-07,2.3546687397497292e-07,2.6580212053962534e-07,2.815919484362537e-07,2.405911713828482e-07,1.8376715996765235e-07,0.001,2.815919484362537e-07,1.8376715996765235e-07,3.6606154711540716e-07,1.1441105650682687e-07,8.968323261376695e-08,7.791496668399515e-08,1.8376715996765235e-07,8.968323261376695e-08,7.791496668399515e-08,4.701211145389067e-07,3.04595194367719e-07,1.432587722639697e-07,3.04595194367719e-07,0.001,0.001,3.6606154711540716e-07,1.4565331453993143e-07,0.001,3.812712187159341e-07,2.3546687397497292e-07,1.432587722639697e-07,2.6580212053962534e-07,0.001,1.8376715996765235e-07,2.6580212053962534e-07,3.6606154711540716e-07,2.3546687397497292e-07,1.432587722639697e-07,1.8376715996765235e-07,1.8376715996765235e-07,7.791496668399515e-08,1.4565331453993143e-07,3.6606154711540716e-07,3.3878230516619953e-07,2.3546687397497292e-07,1.432587722639697e-07,1.5084338069035017e-07,3.04595194367719e-07,1.8376715996765235e-07,1.8376715996765235e-07,2.6580212053962534e-07,0.001,3.04595194367719e-07,7.802369310419413e-08,7.802369310419413e-08,1.432587722639697e-07,4.701211145389067e-07,0.001,2.405911713828482e-07,4.701211145389067e-07,4.701211145389067e-07,2.3546687397497292e-07,0.001,1.8376715996765235e-07,3.6606154711540716e-07,1.8376715996765235e-07,3.6606154711540716e-07,2.3546687397497292e-07,1.5084338069035017e-07,1.4565331453993143e-07,3.6606154711540716e-07,3.04595194367719e-07,3.3878230516619953e-07,2.6580212053962534e-07,2.815919484362537e-07,0.001,1.4565331453993143e-07,3.812712187159341e-07,2.3546687397497292e-07,1.432587722639697e-07,3.3878230516619953e-07,0.001,2.3546687397497292e-07,4.701211145389067e-07,0.001,2.6580212053962534e-07,1.1441105650682687e-07,1.432587722639697e-07,2.405911713828482e-07,2.3546687397497292e-07,2.3546687397497292e-07
Kazakhstan,4.708061659943275e-07,1.886650838445934e-07,6.698899990092903e-08,2.1183594329292855e-07,3.812712187159341e-07,4.708061659943275e-07,2.1183594329292855e-07,1.2691180074121644e-07,4.708061659943275e-07,2.32573759065993e-07,1.1160143960556997e-07,6.698899990092903e-08,3.59350715539045e-07,1.2691180074121644e-07,1.5542953442347106e-07,1.947896033924642e-07,1.4774750666715903e-07,1.1794414344126908e-07,1.4774750666715903e-07,1.4774750666715903e-07,6.698899990092903e-08,2.321058092513378e-07,6.698899990092903e-08,7.598038281907994e-08,1.2691180074121644e-07,2.32573759065993e-07,8.252686026669518e-08,3.59350715539045e-07,1.4774750666715903e-07,8.252686026669518e-08,1.886650838445934e-07,7.598038281907994e-08,1.4774750666715903e-07,2.5879291202511233e-07,1.5542953442347106e-07,2.5879291202511233e-07,2.1183594329292855e-07,1.4774750666715903e-07,1.2691180074121644e-07,3.812712187159341e-07,2.1183594329292855e-07,1.2691180074121644e-07,2.32573759065993e-07,1.1794414344126908e-07,8.252686026669518e-08,7.598038281907994e-08,1.2691180074121644e-07,8.252686026669518e-08,7.598038281907994e-08,3.59350715539045e-07,4.708061659943275e-07,1.947896033924642e-07,4.708061659943275e-07,3.812712187159341e-07,3.812712187159341e-07,2.32573759065993e-07,2.321058092513378e-07,3.812712187159341e-07,0.001,1.5542953442347106e-07,1.947896033924642e-07,2.5879291202511233e-07,3.812712187159341e-07,1.2691180074121644e-07,2.5879291202511233e-07,2.32573759065993e-07,1.5542953442347106e-07,1.947896033924642e-07,1.2691180074121644e-07,1.2691180074121644e-07,7.598038281907994e-08,2.321058092513378e-07,2.32573759065993e-07,1.886650838445934e-07,1.5542953442347106e-07,1.947896033924642e-07,1.1160143960556997e-07,4.708061659943275e-07,1.2691180074121644e-07,1.2691180074121644e-07,2.5879291202511233e-07,3.812712187159341e-07,4.708061659943275e-07,6.698899990092903e-08,6.698899990092903e-08,1.947896033924642e-07,3.59350715539045e-07,3.812712187159341e-07,1.4774750666715903e-07,3.59350715539045e-07,3.59350715539045e-07,1.5542953442347106e-07,3.812712187159341e-07,1.2691180074121644e-07,2.32573759065993e-07,1.2691180074121644e-07,2.32573759065993e-07,1.5542953442347106e-07,1.1160143960556997e-07,2.321058092513378e-07,2.32573759065993e-07,4.708061659943275e-07,1.886650838445934e-07,2.5879291202511233e-07,2.1183594329292855e-07,3.812712187159341e-07,2.321058092513378e-07,0.001,1.5542953442347106e-07,1.947896033924642e-07,1.886650838445934e-07,3.812712187159341e-07,1.5542953442347106e-07,3.59350715539045e-07,3.812712187159341e-07,2.5879291202511233e-07,1.1794414344126908e-07,1.947896033924642e-07,1.4774750666715903e-07,1.5542953442347106e-07,1.5542953442347106e-07
Kenya,1.7956269912915196e-07,2.2804969857602515e-07,9.031450440305225e-08,1.5080748143698097e-07,2.3546687397497292e-07,1.7956269912915196e-07,1.5080748143698097e-07,2.0180974863968915e-07,1.7956269912915196e-07,1.7366264538720586e-07,3.935704980564676e-07,9.031450440305225e-08,1.627910070469999e-07,2.0180974863968915e-07,0.001,1.2067695008938915e-07,4.345580764587996e-07,8.366079385912031e-08,4.345580764587996e-07,4.345580764587996e-07,9.031450440305225e-08,1.0201699290905453e-07,9.031450440305225e-08,7.109947754831379e-08,2.0180974863968915e-07,1.7366264538720586e-07,8.322606633547895e-08,1.627910070469999e-07,4.345580764587996e-07,8.322606633547895e-08,2.2804969857602515e-07,7.109947754831379e-08,4.345580764587996e-07,1.3132768327340644e-07,0.001,1.3132768327340644e-07,1.5080748143698097e-07,4.345580764587996e-07,2.0180974863968915e-07,2.3546687397497292e-07,1.5080748143698097e-07,2.0180974863968915e-07,1.7366264538720586e-07,8.366079385912031e-08,8.322606633547895e-08,7.109947754831379e-08,2.0180974863968915e-07,8.322606633547895e-08,7.109947754831379e-08,1.627910070469999e-07,1.7956269912915196e-07,1.2067695008938915e-07,1.7956269912915196e-07,2.3546687397497292e-07,2.3546687397497292e-07,1.7366264538720586e-07,1.0201699290905453e-07,2.3546687397497292e-07,1.5542953442347106e-07,0.001,1.2067695008938915e-07,1.3132768327340644e-07,2.3546687397497292e-07,2.0180974863968915e-07,1.3132768327340644e-07,1.7366264538720586e-07,0.001,1.2067695008938915e-07,2.0180974863968915e-07,2.0180974863968915e-07,7.109947754831379e-08,1.0201699290905453e-07,1.7366264538720586e-07,2.2804969857602515e-07,0.001,1.2067695008938915e-07,3.935704980564676e-07,1.7956269912915196e-07,2.0180974863968915e-07,2.0180974863968915e-07,1.3132768327340644e-07,2.3546687397497292e-07,1.7956269912915196e-07,9.031450440305225e-08,9.031450440305225e-08,1.2067695008938915e-07,1.627910070469999e-07,2.3546687397497292e-07,4.345580764587996e-07,1.627910070469999e-07,1.627910070469999e-07,0.001,2.3546687397497292e-07,2.0180974863968915e-07,1.7366264538720586e-07,2.0180974863968915e-07,1.7366264538720586e-07,0.001,3.935704980564676e-07,1.0201699290905453e-07,1.7366264538720586e-07,1.7956269912915196e-07,2.2804969857602515e-07,1.3132768327340644e-07,1.5080748143698097e-07,2.3546687397497292e-07,1.0201699290905453e-07,1.5542953442347106e-07,0.001,1.2067695008938915e-07,2.2804969857602515e-07,2.3546687397497292e-07,0.001,1.627910070469999e-07,2.3546687397497292e-07,1.3132768327340644e-07,8.366079385912031e-08,1.2067695008938915e-07,4.345580764587996e-07,0.001,0.001
Laos,2.702899275652735e-07,1.0077268511995287e-07,5.2122190199751614e-08,1.0149370436826583e-07,1.432587722639697e-07,2.702899275652735e-07,1.0149370436826583e-07,8.154608231945776e-08,2.702899275652735e-07,1.0684248682860553e-07,9.765539140438323e-08,5.2122190199751614e-08,1.2642508209288254e-07,8.154608231945776e-08,1.2067695008938915e-07,0.001,9.928882661782423e-08,8.067569886430383e-08,9.928882661782423e-08,9.928882661782423e-08,5.2122190199751614e-08,3.523171077981093e-07,5.2122190199751614e-08,6.116739402956076e-08,8.154608231945776e-08,1.0684248682860553e-07,5.981930683114495e-08,1.2642508209288254e-07,9.928882661782423e-08,5.981930683114495e-08,1.0077268511995287e-07,6.116739402956076e-08,9.928882661782423e-08,1.1275987511099315e-07,1.2067695008938915e-07,1.1275987511099315e-07,1.0149370436826583e-07,9.928882661782423e-08,8.154608231945776e-08,1.432587722639697e-07,1.0149370436826583e-07,8.154608231945776e-08,1.0684248682860553e-07,8.067569886430383e-08,5.981930683114495e-08,6.116739402956076e-08,8.154608231945776e-08,5.981930683114495e-08,6.116739402956076e-08,1.2642508209288254e-07,2.702899275652735e-07,0.001,2.702899275652735e-07,1.432587722639697e-07,1.432587722639697e-07,1.0684248682860553e-07,3.523171077981093e-07,1.432587722639697e-07,1.947896033924642e-07,1.2067695008938915e-07,0.001,1.1275987511099315e-07,1.432587722639697e-07,8.154608231945776e-08,1.1275987511099315e-07,1.0684248682860553e-07,1.2067695008938915e-07,0.001,8.154608231945776e-08,8.154608231945776e-08,6.116739402956076e-08,3.523171077981093e-07,1.0684248682860553e-07,1.0077268511995287e-07,1.2067695008938915e-07,0.001,9.765539140438323e-08,2.702899275652735e-07,8.154608231945776e-08,8.154608231945776e-08,1.1275987511099315e-07,1.432587722639697e-07,2.702899275652735e-07,5.2122190199751614e-08,5.2122190199751614e-08,0.001,1.2642508209288254e-07,1.432587722639697e-07,9.928882661782423e-08,1.2642508209288254e-07,1.2642508209288254e-07,1.2067695008938915e-07,1.432587722639697e-07,8.154608231945776e-08,1.0684248682860553e-07,8.154608231945776e-08,1.0684248682860553e-07,1.2067695008938915e-07,9.765539140438323e-08,3.523171077981093e-07,1.0684248682860553e-07,2.702899275652735e-07,1.0077268511995287e-07,1.1275987511099315e-07,1.0149370436826583e-07,1.432587722639697e-07,3.523171077981093e-07,1.947896033924642e-07,1.2067695008938915e-07,0.001,1.0077268511995287e-07,1.432587722639697e-07,1.2067695008938915e-07,1.2642508209288254e-07,1.432587722639697e-07,1.1275987511099315e-07,8.067569886430383e-08,0.001,9.928882661782423e-08,1.2067695008938915e-07,1.2067695008938915e-07
Latvia,1.6998360697088591e-07,2.6163805727496193e-07,8.792027031974543e-08,6.215458886063083e-07,2.6580212053962534e-07,1.6998360697088591e-07,6.215458886063083e-07,1.7181548799544146e-07,1.6998360697088591e-07,4.795588165770195e-07,1.0515320536490969e-07,8.792027031974543e-08,6.103810197508601e-07,1.7181548799544146e-07,1.3132768327340644e-07,1.1275987511099315e-07,1.555964221853448e-07,1.9923062998111207e-07,1.555964221853448e-07,1.555964221853448e-07,8.792027031974543e-08,1.3992529693526664e-07,8.792027031974543e-08,1.0559762176485935e-07,1.7181548799544146e-07,4.795588165770195e-07,1.2114862715152069e-07,6.103810197508601e-07,1.555964221853448e-07,1.2114862715152069e-07,2.6163805727496193e-07,1.0559762176485935e-07,1.555964221853448e-07,0.001,1.3132768327340644e-07,0.001,6.215458886063083e-07,1.555964221853448e-07,1.7181548799544146e-07,2.6580212053962534e-07,6.215458886063083e-07,1.7181548799544146e-07,4.795588165770195e-07,1.9923062998111207e-07,1.2114862715152069e-07,1.0559762176485935e-07,1.7181548799544146e-07,1.2114862715152069e-07,1.0559762176485935e-07,6.103810197508601e-07,1.6998360697088591e-07,1.1275987511099315e-07,1.6998360697088591e-07,2.6580212053962534e-07,2.6580212053962534e-07,4.795588165770195e-07,1.3992529693526664e-07,2.6580212053962534e-07,2.5879291202511233e-07,1.3132768327340644e-07,1.1275987511099315e-07,0.001,2.6580212053962534e-07,1.7181548799544146e-07,0.001,4.795588165770195e-07,1.3132768327340644e-07,1.1275987511099315e-07,1.7181548799544146e-07,1.7181548799544146e-07,1.0559762176485935e-07,1.3992529693526664e-07,4.795588165770195e-07,2.6163805727496193e-07,1.3132768327340644e-07,1.1275987511099315e-07,1.0515320536490969e-07,1.6998360697088591e-07,1.7181548799544146e-07,1.7181548799544146e-07,0.001,2.6580212053962534e-07,1.6998360697088591e-07,8.792027031974543e-08,8.792027031974543e-08,1.1275987511099315e-07,6.103810197508601e-07,2.6580212053962534e-07,1.555964221853448e-07,6.103810197508601e-07,6.103810197508601e-07,1.3132768327340644e-07,2.6580212053962534e-07,1.7181548799544146e-07,4.795588165770195e-07,1.7181548799544146e-07,4.795588165770195e-07,1.3132768327340644e-07,1.0515320536490969e-07,1.3992529693526664e-07,4.795588165770195e-07,1.6998360697088591e-07,2.6163805727496193e-07,0.001,6.215458886063083e-07,2.6580212053962534e-07,1.3992529693526664e-07,2.5879291202511233e-07,1.3132768327340644e-07,1.1275987511099315e-07,2.6163805727496193e-07,2.6580212053962534e-07,1.3132768327340644e-07,6.103810197508601e-07,2.6580212053962534e-07,0.001,1.9923062998111207e-07,1.1275987511099315e-07,1.555964221853448e-07,1.3132768327340644e-07,1.3132768327340644e-07
Lebanon,3.04595194367719e-07,3.3878230516619953e-07,7.802369310419413e-08,2.815919484362537e-07,0.001,3.04595194367719e-07,2.815919484362537e-07,1.8376715996765235e-07,3.04595194367719e-07,3.6606154711540716e-07,1.5084338069035017e-07,7.802369310419413e-08,4.701211145389067e-07,1.8376715996765235e-07,2.3546687397497292e-07,1.432587722639697e-07,2.405911713828482e-07,1.1441105650682687e-07,2.405911713828482e-07,2.405911713828482e-07,7.802369310419413e-08,1.4565331453993143e-07,7.802369310419413e-08,7.791496668399515e-08,1.8376715996765235e-07,3.6606154711540716e-07,8.968323261376695e-08,4.701211145389067e-07,2.405911713828482e-07,8.968323261376695e-08,3.3878230516619953e-07,7.791496668399515e-08,2.405911713828482e-07,2.6580212053962534e-07,2.3546687397497292e-07,2.6580212053962534e-07,2.815919484362537e-07,2.405911713828482e-07,1.8376715996765235e-07,0.001,2.815919484362537e-07,1.8376715996765235e-07,3.6606154711540716e-07,1.1441105650682687e-07,8.968323261376695e-08,7.791496668399515e-08,1.8376715996765235e-07,8.968323261376695e-08,7.791496668399515e-08,4.701211145389067e-07,3.04595194367719e-07,1.432587722639697e-07,3.04595194367719e-07,0.001,0.001,3.6606154711540716e-07,1.4565331453993143e-07,0.001,3.812712187159341e-07,2.3546687397497292e-07,1.432587722639697e-07,2.6580212053962534e-07,0.001,1.8376715996765235e-07,2.6580212053962534e-07,3.6606154711540716e-07,2.3546687397497292e-07,1.432587722639697e-07,1.8376715996765235e-07,1.8376715996765235e-07,7.791496668399515e-08,1.4565331453993143e-07,3.6606154711540716e-07,3.3878230516619953e-07,2.3546687397497292e-07,1.432587722639697e-07,1.5084338069035017e-07,3.04595194367719e-07,1.8376715996765235e-07,1.8376715996765235e-07,2.6580212053962534e-07,0.001,3.04595194367719e-07,7.802369310419413e-08,7.802369310419413e-08,1.432587722639697e-07,4.701211145389067e-07,0.001,2.405911713828482e-07,4.701211145389067e-07,4.701211145389067e-07,2.3546687397497292e-07,0.001,1.8376715996765235e-07,3.6606154711540716e-07,1.8376715996765235e-07,3.6606154711540716e-07,2.3546687397497292e-07,1.5084338069035017e-07,1.4565331453993143e-07,3.6606154711540716e-07,3.04595194367719e-07,3.3878230516619953e-07,2.6580212053962534e-07,2.815919484362537e-07,0.001,1.4565331453993143e-07,3.812712187159341e-07,2.3546687397497292e-07,1.432587722639697e-07,3.3878230516619953e-07,0.001,2.3546687397497292e-07,4.701211145389067e-07,0.001,2.6580212053962534e-07,1.1441105650682687e-07,1.432587722639697e-07,2.405911713828482e-07,2.3546687397497292e-07,2.3546687397497292e-07
Liberia,1.1600765800882102e-07,3.8754912631917674e-07,1.348811438880539e-07,2.3742913706248567e-07,1.8376715996765235e-07,1.1600765800882102e-07,2.3742913706248567e-07,0.001,1.1600765800882102e-07,2.51727468785103e-07,2.0140947894729932e-07,1.348811438880539e-07,1.8179124677413918e-07,0.001,2.0180974863968915e-07,8.154608231945776e-08,3.760946330623467e-07,1.2798444780003275e-07,3.760946330623467e-07,3.760946330623467e-07,1.348811438880539e-07,8.211380599939465e-08,1.348811438880539e-07,1.0928639557283959e-07,0.001,2.51727468785103e-07,1.410128290009708e-07,1.8179124677413918e-07,3.760946330623467e-07,1.410128290009708e-07,3.8754912631917674e-07,1.0928639557283959e-07,3.760946330623467e-07,1.7181548799544146e-07,2.0180974863968915e-07,1.7181548799544146e-07,2.3742913706248567e-07,3.760946330623467e-07,0.001,1.8376715996765235e-07,2.3742913706248567e-07,0.001,2.51727468785103e-07,1.2798444780003275e-07,1.410128290009708e-07,1.0928639557283959e-07,0.001,1.410128290009708e-07,1.0928639557283959e-07,1.8179124677413918e-07,1.1600765800882102e-07,8.154608231945776e-08,1.1600765800882102e-07,1.8376715996765235e-07,1.8376715996765235e-07,2.51727468785103e-07,8.211380599939465e-08,1.8376715996765235e-07,1.2691180074121644e-07,2.0180974863968915e-07,8.154608231945776e-08,1.7181548799544146e-07,1.8376715996765235e-07,0.001,1.7181548799544146e-07,2.51727468785103e-07,2.0180974863968915e-07,8.154608231945776e-08,0.001,0.001,1.0928639557283959e-07,8.211380599939465e-08,2.51727468785103e-07,3.8754912631917674e-07,2.0180974863968915e-07,8.154608231945776e-08,2.0140947894729932e-07,1.1600765800882102e-07,0.001,0.001,1.7181548799544146e-07,1.8376715996765235e-07,1.1600765800882102e-07,1.348811438880539e-07,1.348811438880539e-07,8.154608231945776e-08,1.8179124677413918e-07,1.8376715996765235e-07,3.760946330623467e-07,1.8179124677413918e-07,1.8179124677413918e-07,2.0180974863968915e-07,1.8376715996765235e-07,0.001,2.51727468785103e-07,0.001,2.51727468785103e-07,2.0180974863968915e-07,2.0140947894729932e-07,8.211380599939465e-08,2.51727468785103e-07,1.1600765800882102e-07,3.8754912631917674e-07,1.7181548799544146e-07,2.3742913706248567e-07,1.8376715996765235e-07,8.211380599939465e-08,1.2691180074121644e-07,2.0180974863968915e-07,8.154608231945776e-08,3.8754912631917674e-07,1.8376715996765235e-07,2.0180974863968915e-07,1.8179124677413918e-07,1.8376715996765235e-07,1.7181548799544146e-07,1.2798444780003275e-07,8.154608231945776e-08,3.760946330623467e-07,2.0180974863968915e-07,2.0180974863968915e-07
Lithuania,1.6998360697088591e-07,2.6163805727496193e-07,8.792027031974543e-08,6.215458886063083e-07,2.6580212053962534e-07,1.6998360697088591e-07,6.215458886063083e-07,1.7181548799544146e-07,1.6998360697088591e-07,4.795588165770195e-07,1.0515320536490969e-07,8.792027031974543e-08,6.103810197508601e-07,1.7181548799544146e-07,1.3132768327340644e-07,1.1275987511099315e-07,1.555964221853448e-07,1.9923062998111207e-07,1.555964221853448e-07,1.555964221853448e-07,8.792027031974543e-08,1.3992529693526664e-07,8.792027031974543e-08,1.0559762176485935e-07,1.7181548799544146e-07,4.795588165770195e-07,1.2114862715152069e-07,6.103810197508601e-07,1.555964221853448e-07,1.2114862715152069e-07,2.6163805727496193e-07,1.0559762176485935e-07,1.555964221853448e-07,0.001,1.3132768327340644e-07,0.001,6.215458886063083e-07,1.555964221853448e-07,1.7181548799544146e-07,2.6580212053962534e-07,6.215458886063083e-07,1.7181548799544146e-07,4.795588165770195e-07,1.9923062998111207e-07,1.2114862715152069e-07,1.0559762176485935e-07,1.7181548799544146e-07,1.2114862715152069e-07,1.0559762176485935e-07,6.103810197508601e-07,1.6998360697088591e-07,1.1275987511099315e-07,1.6998360697088591e-07,2.6580212053962534e-07,2.6580212053962534e-07,4.795588165770195e-07,1.3992529693526664e-07,2.6580212053962534e-07,2.5879291202511233e-07,1.3132768327340644e-07,1.1275987511099315e-07,0.001,2.6580212053962534e-07,1.7181548799544146e-07,0.001,4.795588165770195e-07,1.3132768327340644e-07,1.1275987511099315e-07,1.7181548799544146e-07,1.7181548799544146e-07,1.0559762176485935e-07,1.3992529693526664e-07,4.795588165770195e-07,2.6163805727496193e-07,1.3132768327340644e-07,1.1275987511099315e-07,1.0515320536490969e-07,1.6998360697088591e-07,1.7181548799544146e-07,1.7181548799544146e-07,0.001,2.6580212053962534e-07,1.6998360697088591e-07,8.792027031974543e-08,8.792027031974543e-08,1.1275987511099315e-07,6.103810197508601e-07,2.6580212053962534e-07,1.555964221853448e-07,6.103810197508601e-07,6.103810197508601e-07,1.3132768327340644e-07,2.6580212053962534e-07,1.7181548799544146e-07,4.795588165770195e-07,1.7181548799544146e-07,4.795588165770195e-07,1.3132768327340644e-07,1.0515320536490969e-07,1.3992529693526664e-07,4.795588165770195e-07,1.6998360697088591e-07,2.6163805727496193e-07,0.001,6.215458886063083e-07,2.6580212053962534e-07,1.3992529693526664e-07,2.5879291202511233e-07,1.3132768327340644e-07,1.1275987511099315e-07,2.6163805727496193e-07,2.6580212053962534e-07,1.3132768327340644e-07,6.103810197508601e-07,2.6580212053962534e-07,0.001,1.9923062998111207e-07,1.1275987511099315e-07,1.555964221853448e-07,1.3132768327340644e-07,1.3132768327340644e-07
Macedonia,1.725053056643599e-07,5.751374504484346e-07,9.405610272044893e-08,1.0982373795468545e-06,3.6606154711540716e-07,1.725053056643599e-07,1.0982373795468545e-06,2.51727468785103e-07,1.725053056643599e-07,0.001,1.341679358562406e-07,9.405610272044893e-08,6.285174621105096e-07,2.51727468785103e-07,1.7366264538720586e-07,1.0684248682860553e-07,2.297812881761362e-07,1.575536953786449e-07,2.297812881761362e-07,2.297812881761362e-07,9.405610272044893e-08,1.1914684353801368e-07,9.405610272044893e-08,9.88760616784629e-08,2.51727468785103e-07,0.001,1.1859492274736157e-07,6.285174621105096e-07,2.297812881761362e-07,1.1859492274736157e-07,5.751374504484346e-07,9.88760616784629e-08,2.297812881761362e-07,4.795588165770195e-07,1.7366264538720586e-07,4.795588165770195e-07,1.0982373795468545e-06,2.297812881761362e-07,2.51727468785103e-07,3.6606154711540716e-07,1.0982373795468545e-06,2.51727468785103e-07,0.001,1.575536953786449e-07,1.1859492274736157e-07,9.88760616784629e-08,2.51727468785103e-07,1.1859492274736157e-07,9.88760616784629e-08,6.285174621105096e-07,1.725053056643599e-07,1.0684248682860553e-07,1.725053056643599e-07,3.6606154711540716e-07,3.6606154711540716e-07,0.001,1.1914684353801368e-07,3.6606154711540716e-07,2.32573759065993e-07,1.7366264538720586e-07,1.0684248682860553e-07,4.795588165770195e-07,3.6606154711540716e-07,2.51727468785103e-07,4.795588165770195e-07,0.001,1.7366264538720586e-07,1.0684248682860553e-07,2.51727468785103e-07,2.51727468785103e-07,9.88760616784629e-08,1.1914684353801368e-07,0.001,5.751374504484346e-07,1.7366264538720586e-07,1.0684248682860553e-07,1.341679358562406e-07,1.725053056643599e-07,2.51727468785103e-07,2.51727468785103e-07,4.795588165770195e-07,3.6606154711540716e-07,1.725053056643599e-07,9.405610272044893e-08,9.405610272044893e-08,1.0684248682860553e-07,6.285174621105096e-07,3.6606154711540716e-07,2.297812881761362e-07,6.285174621105096e-07,6.285174621105096e-07,1.7366264538720586e-07,3.6606154711540716e-07,2.51727468785103e-07,0.001,2.51727468785103e-07,0.001,1.7366264538720586e-07,1.341679358562406e-07,1.1914684353801368e-07,0.001,1.725053056643599e-07,5.751374504484346e-07,4.795588165770195e-07,1.0982373795468545e-06,3.6606154711540716e-07,1.1914684353801368e-07,2.32573759065993e-07,1.7366264538720586e-07,1.0684248682860553e-07,5.751374504484346e-07,3.6606154711540716e-07,1.7366264538720586e-07,6.285174621105096e-07,3.6606154711540716e-07,4.795588165770195e-07,1.575536953786449e-07,1.0684248682860553e-07,2.297812881761362e-07,1.7366264538720586e-07,1.7366264538720586e-07
Madagascar,1.7956269912915196e-07,2.2804969857602515e-07,9.031450440305225e-08,1.5080748143698097e-07,2.3546687397497292e-07,1.7956269912915196e-07,1.5080748143698097e-07,2.0180974863968915e-07,1.7956269912915196e-07,1.7366264538720586e-07,3.935704980564676e-07,9.031450440305225e-08,1.627910070469999e-07,2.0180974863968915e-07,0.001,1.2067695008938915e-07,4.345580764587996e-07,8.366079385912031e-08,4.345580764587996e-07,4.345580764587996e-07,9.031450440305225e-08,1.0201699290905453e-07,9.031450440305225e-08,7.109947754831379e-08,2.0180974863968915e-07,1.7366264538720586e-07,8.322606633547895e-08,1.627910070469999e-07,4.345580764587996e-07,8.322606633547895e-08,2.2804969857602515e-07,7.109947754831379e-08,4.345580764587996e-07,1.3132768327340644e-07,0.001,1.3132768327340644e-07,1.5080748143698097e-07,4.345580764587996e-07,2.0180974863968915e-07,2.3546687397497292e-07,1.5080748143698097e-07,2.0180974863968915e-07,1.7366264538720586e-07,8.366079385912031e-08,8.322606633547895e-08,7.109947754831379e-08,2.0180974863968915e-07,8.322606633547895e-08,7.109947754831379e-08,1.627910070469999e-07,1.7956269912915196e-07,1.2067695008938915e-07,1.7956269912915196e-07,2.3546687397497292e-07,2.3546687397497292e-07,1.7366264538720586e-07,1.0201699290905453e-07,2.3546687397497292e-07,1.5542953442347106e-07,0.001,1.2067695008938915e-07,1.3132768327340644e-07,2.3546687397497292e-07,2.0180974863968915e-07,1.3132768327340644e-07,1.7366264538720586e-07,0.001,1.2067695008938915e-07,2.0180974863968915e-07,2.0180974863968915e-07,7.109947754831379e-08,1.0201699290905453e-07,1.7366264538720586e-07,2.2804969857602515e-07,0.001,1.2067695008938915e-07,3.935704980564676e-07,1.7956269912915196e-07,2.0180974863968915e-07,2.0180974863968915e-07,1.3132768327340644e-07,2.3546687397497292e-07,1.7956269912915196e-07,9.031450440305225e-08,9.031450440305225e-08,1.2067695008938915e-07,1.627910070469999e-07,2.3546687397497292e-07,4.345580764587996e-07,1.627910070469999e-07,1.627910070469999e-07,0.001,2.3546687397497292e-07,2.0180974863968915e-07,1.7366264538720586e-07,2.0180974863968915e-07,1.7366264538720586e-07,0.001,3.935704980564676e-07,1.0201699290905453e-07,1.7366264538720586e-07,1.7956269912915196e-07,2.2804969857602515e-07,1.3132768327340644e-07,1.5080748143698097e-07,2.3546687397497292e-07,1.0201699290905453e-07,1.5542953442347106e-07,0.001,1.2067695008938915e-07,2.2804969857602515e-07,2.3546687397497292e-07,0.001,1.627910070469999e-07,2.3546687397497292e-07,1.3132768327340644e-07,8.366079385912031e-08,1.2067695008938915e-07,4.345580764587996e-07,0.001,0.001
Malaysia,2.702899275652735e-07,1.0077268511995287e-07,5.2122190199751614e-08,1.0149370436826583e-07,1.432587722639697e-07,2.702899275652735e-07,1.0149370436826583e-07,8.154608231945776e-08,2.702899275652735e-07,1.0684248682860553e-07,9.765539140438323e-08,5.2122190199751614e-08,1.2642508209288254e-07,8.154608231945776e-08,1.2067695008938915e-07,0.001,9.928882661782423e-08,8.067569886430383e-08,9.928882661782423e-08,9.928882661782423e-08,5.2122190199751614e-08,3.523171077981093e-07,5.2122190199751614e-08,6.116739402956076e-08,8.154608231945776e-08,1.0684248682860553e-07,5.981930683114495e-08,1.2642508209288254e-07,9.928882661782423e-08,5.981930683114495e-08,1.0077268511995287e-07,6.116739402956076e-08,9.928882661782423e-08,1.1275987511099315e-07,1.2067695008938915e-07,1.1275987511099315e-07,1.0149370436826583e-07,9.928882661782423e-08,8.154608231945776e-08,1.432587722639697e-07,1.0149370436826583e-07,8.154608231945776e-08,1.0684248682860553e-07,8.067569886430383e-08,5.981930683114495e-08,6.116739402956076e-08,8.154608231945776e-08,5.981930683114495e-08,6.116739402956076e-08,1.2642508209288254e-07,2.702899275652735e-07,0.001,2.702899275652735e-07,1.432587722639697e-07,1.432587722639697e-07,1.0684248682860553e-07,3.523171077981093e-07,1.432587722639697e-07,1.947896033924642e-07,1.2067695008938915e-07,0.001,1.1275987511099315e-07,1.432587722639697e-07,8.154608231945776e-08,1.1275987511099315e-07,1.0684248682860553e-07,1.2067695008938915e-07,0.001,8.154608231945776e-08,8.154608231945776e-08,6.116739402956076e-08,3.523171077981093e-07,1.0684248682860553e-07,1.0077268511995287e-07,1.2067695008938915e-07,0.001,9.765539140438323e-08,2.702899275652735e-07,8.154608231945776e-08,8.154608231945776e-08,1.1275987511099315e-07,1.432587722639697e-07,2.702899275652735e-07,5.2122190199751614e-08,5.2122190199751614e-08,0.001,1.2642508209288254e-07,1.432587722639697e-07,9.928882661782423e-08,1.2642508209288254e-07,1.2642508209288254e-07,1.2067695008938915e-07,1.432587722639697e-07,8.154608231945776e-08,1.0684248682860553e-07,8.154608231945776e-08,1.0684248682860553e-07,1.2067695008938915e-07,9.765539140438323e-08,3.523171077981093e-07,1.0684248682860553e-07,2.702899275652735e-07,1.0077268511995287e-07,1.1275987511099315e-07,1.0149370436826583e-07,1.432587722639697e-07,3.523171077981093e-07,1.947896033924642e-07,1.2067695008938915e-07,0.001,1.0077268511995287e-07,1.432587722639697e-07,1.2067695008938915e-07,1.2642508209288254e-07,1.432587722639697e-07,1.1275987511099315e-07,8.067569886430383e-08,0.001,9.928882661782423e-08,1.2067695008938915e-07,1.2067695008938915e-07
Mali,1.1600765800882102e-07,3.8754912631917674e-07,1.348811438880539e-07,2.3742913706248567e-07,1.8376715996765235e-07,1.1600765800882102e-07,2.3742913706248567e-07,0.001,1.1600765800882102e-07,2.51727468785103e-07,2.0140947894729932e-07,1.348811438880539e-07,1.8179124677413918e-07,0.001,2.0180974863968915e-07,8.154608231945776e-08,3.760946330623467e-07,1.2798444780003275e-07,3.760946330623467e-07,3.760946330623467e-07,1.348811438880539e-07,8.211380599939465e-08,1.348811438880539e-07,1.0928639557283959e-07,0.001,2.51727468785103e-07,1.410128290009708e-07,1.8179124677413918e-07,3.760946330623467e-07,1.410128290009708e-07,3.8754912631917674e-07,1.0928639557283959e-07,3.760946330623467e-07,1.7181548799544146e-07,2.0180974863968915e-07,1.7181548799544146e-07,2.3742913706248567e-07,3.760946330623467e-07,0.001,1.8376715996765235e-07,2.3742913706248567e-07,0.001,2.51727468785103e-07,1.2798444780003275e-07,1.410128290009708e-07,1.0928639557283959e-07,0.001,1.410128290009708e-07,1.0928639557283959e-07,1.8179124677413918e-07,1.1600765800882102e-07,8.154608231945776e-08,1.1600765800882102e-07,1.8376715996765235e-07,1.8376715996765235e-07,2.51727468785103e-07,8.211380599939465e-08,1.8376715996765235e-07,1.2691180074121644e-07,2.0180974863968915e-07,8.154608231945776e-08,1.7181548799544146e-07,1.8376715996765235e-07,0.001,1.7181548799544146e-07,2.51727468785103e-07,2.0180974863968915e-07,8.154608231945776e-08,0.001,0.001,1.0928639557283959e-07,8.211380599939465e-08,2.51727468785103e-07,3.8754912631917674e-07,2.0180974863968915e-07,8.154608231945776e-08,2.0140947894729932e-07,1.1600765800882102e-07,0.001,0.001,1.7181548799544146e-07,1.8376715996765235e-07,1.1600765800882102e-07,1.348811438880539e-07,1.348811438880539e-07,8.154608231945776e-08,1.8179124677413918e-07,1.8376715996765235e-07,3.760946330623467e-07,1.8179124677413918e-07,1.8179124677413918e-07,2.0180974863968915e-07,1.8376715996765235e-07,0.001,2.51727468785103e-07,0.001,2.51727468785103e-07,2.0180974863968915e-07,2.0140947894729932e-07,8.211380599939465e-08,2.51727468785103e-07,1.1600765800882102e-07,3.8754912631917674e-07,1.7181548799544146e-07,2.3742913706248567e-07,1.8376715996765235e-07,8.211380599939465e-08,1.2691180074121644e-07,2.0180974863968915e-07,8.154608231945776e-08,3.8754912631917674e-07,1.8376715996765235e-07,2.0180974863968915e-07,1.8179124677413918e-07,1.8376715996765235e-07,1.7181548799544146e-07,1.2798444780003275e-07,8.154608231945776e-08,3.760946330623467e-07,2.0180974863968915e-07,2.0180974863968915e-07
Mauritania,1.1600765800882102e-07,3.8754912631917674e-07,1.348811438880539e-07,2.3742913706248567e-07,1.8376715996765235e-07,1.1600765800882102e-07,2.3742913706248567e-07,0.001,1.1600765800882102e-07,2.51727468785103e-07,2.0140947894729932e-07,1.348811438880539e-07,1.8179124677413918e-07,0.001,2.0180974863968915e-07,8.154608231945776e-08,3.760946330623467e-07,1.2798444780003275e-07,3.760946330623467e-07,3.760946330623467e-07,1.348811438880539e-07,8.211380599939465e-08,1.348811438880539e-07,1.0928639557283959e-07,0.001,2.51727468785103e-07,1.410128290009708e-07,1.8179124677413918e-07,3.760946330623467e-07,1.410128290009708e-07,3.8754912631917674e-07,1.0928639557283959e-07,3.760946330623467e-07,1.7181548799544146e-07,2.0180974863968915e-07,1.7181548799544146e-07,2.3742913706248567e-07,3.760946330623467e-07,0.001,1.8376715996765235e-07,2.3742913706248567e-07,0.001,2.51727468785103e-07,1.2798444780003275e-07,1.410128290009708e-07,1.0928639557283959e-07,0.001,1.410128290009708e-07,1.0928639557283959e-07,1.8179124677413918e-07,1.1600765800882102e-07,8.154608231945776e-08,1.1600765800882102e-07,1.8376715996765235e-07,1.8376715996765235e-07,2.51727468785103e-07,8.211380599939465e-08,1.8376715996765235e-07,1.2691180074121644e-07,2.0180974863968915e-07,8.154608231945776e-08,1.7181548799544146e-07,1.8376715996765235e-07,0.001,1.7181548799544146e-07,2.51727468785103e-07,2.0180974863968915e-07,8.154608231945776e-08,0.001,0.001,1.0928639557283959e-07,8.211380599939465e-08,2.51727468785103e-07,3.8754912631917674e-07,2.0180974863968915e-07,8.154608231945776e-08,2.0140947894729932e-07,1.1600765800882102e-07,0.001,0.001,1.7181548799544146e-07,1.8376715996765235e-07,1.1600765800882102e-07,1.348811438880539e-07,1.348811438880539e-07,8.154608231945776e-08,1.8179124677413918e-07,1.8376715996765235e-07,3.760946330623467e-07,1.8179124677413918e-07,1.8179124677413918e-07,2.0180974863968915e-07,1.8376715996765235e-07,0.001,2.51727468785103e-07,0.001,2.51727468785103e-07,2.0180974863968915e-07,2.0140947894729932e-07,8.211380599939465e-08,2.51727468785103e-07,1.1600765800882102e-07,3.8754912631917674e-07,1.7181548799544146e-07,2.3742913706248567e-07,1.8376715996765235e-07,8.211380599939465e-08,1.2691180074121644e-07,2.0180974863968915e-07,8.154608231945776e-08,3.8754912631917674e-07,1.8376715996765235e-07,2.0180974863968915e-07,1.8179124677413918e-07,1.8376715996765235e-07,1.7181548799544146e-07,1.2798444780003275e-07,8.154608231945776e-08,3.760946330623467e-07,2.0180974863968915e-07,2.0180974863968915e-07
Mexico,6.543700521154625e-08,9.484815196482228e-08,2.2269312491935518e-07,1.0769621003128483e-07,7.791496668399515e-08,6.543700521154625e-08,1.0769621003128483e-07,1.0928639557283959e-07,6.543700521154625e-08,9.88760616784629e-08,7.746777110269657e-08,2.2269312491935518e-07,9.10978317956175e-08,1.0928639557283959e-07,7.109947754831379e-08,6.116739402956076e-08,8.473712500192092e-08,2.1263642607702606e-07,8.473712500192092e-08,8.473712500192092e-08,2.2269312491935518e-07,7.373547284302947e-08,2.2269312491935518e-07,0.001,1.0928639557283959e-07,9.88760616784629e-08,4.85739124816701e-07,9.10978317956175e-08,8.473712500192092e-08,4.85739124816701e-07,9.484815196482228e-08,0.001,8.473712500192092e-08,1.0559762176485935e-07,7.109947754831379e-08,1.0559762176485935e-07,1.0769621003128483e-07,8.473712500192092e-08,1.0928639557283959e-07,7.791496668399515e-08,1.0769621003128483e-07,1.0928639557283959e-07,9.88760616784629e-08,2.1263642607702606e-07,4.85739124816701e-07,0.001,1.0928639557283959e-07,4.85739124816701e-07,0.001,9.10978317956175e-08,6.543700521154625e-08,6.116739402956076e-08,6.543700521154625e-08,7.791496668399515e-08,7.791496668399515e-08,9.88760616784629e-08,7.373547284302947e-08,7.791496668399515e-08,7.598038281907994e-08,7.109947754831379e-08,6.116739402956076e-08,1.0559762176485935e-07,7.791496668399515e-08,1.0928639557283959e-07,1.0559762176485935e-07,9.88760616784629e-08,7.109947754831379e-08,6.116739402956076e-08,1.0928639557283959e-07,1.0928639557283959e-07,0.001,7.373547284302947e-08,9.88760616784629e-08,9.484815196482228e-08,7.109947754831379e-08,6.116739402956076e-08,7.746777110269657e-08,6.543700521154625e-08,1.0928639557283959e-07,1.0928639557283959e-07,1.0559762176485935e-07,7.791496668399515e-08,6.543700521154625e-08,2.2269312491935518e-07,2.2269312491935518e-07,6.116739402956076e-08,9.10978317956175e-08,7.791496668399515e-08,8.473712500192092e-08,9.10978317956175e-08,9.10978317956175e-08,7.109947754831379e-08,7.791496668399515e-08,1.0928639557283959e-07,9.88760616784629e-08,1.0928639557283959e-07,9.88760616784629e-08,7.109947754831379e-08,7.746777110269657e-08,7.373547284302947e-08,9.88760616784629e-08,6.543700521154625e-08,9.484815196482228e-08,1.0559762176485935e-07,1.0769621003128483e-07,7.791496668399515e-08,7.373547284302947e-08,7.598038281907994e-08,7.109947754831379e-08,6.116739402956076e-08,9.484815196482228e-08,7.791496668399515e-08,7.109947754831379e-08,9.10978317956175e-08,7.791496668399515e-08,1.0559762176485935e-07,2.1263642607702606e-07,6.116739402956076e-08,8.473712500192092e-08,7.109947754831379e-08,7.109947754831379e-08
Mongolia,2.35150920094436e-07,1.0418506110234917e-07,5.584263658506971e-08,1.1712439626003127e-07,1.4565331453993143e-07,2.35150920094436e-07,1.1712439626003127e-07,8.211380599939465e-08,2.35150920094436e-07,1.1914684353801368e-07,8.197932253782194e-08,5.584263658506971e-08,1.4701437364925515e-07,8.211380599939465e-08,1.0201699290905453e-07,3.523171077981093e-07,9.202899560788013e-08,1.0339751836355411e-07,9.202899560788013e-08,9.202899560788013e-08,5.584263658506971e-08,0.001,5.584263658506971e-08,7.373547284302947e-08,8.211380599939465e-08,1.1914684353801368e-07,7.147188360449683e-08,1.4701437364925515e-07,9.202899560788013e-08,7.147188360449683e-08,1.0418506110234917e-07,7.373547284302947e-08,9.202899560788013e-08,1.3992529693526664e-07,1.0201699290905453e-07,1.3992529693526664e-07,1.1712439626003127e-07,9.202899560788013e-08,8.211380599939465e-08,1.4565331453993143e-07,1.1712439626003127e-07,8.211380599939465e-08,1.1914684353801368e-07,1.0339751836355411e-07,7.147188360449683e-08,7.373547284302947e-08,8.211380599939465e-08,7.147188360449683e-08,7.373547284302947e-08,1.4701437364925515e-07,2.35150920094436e-07,3.523171077981093e-07,2.35150920094436e-07,1.4565331453993143e-07,1.4565331453993143e-07,1.1914684353801368e-07,0.001,1.4565331453993143e-07,2.321058092513378e-07,1.0201699290905453e-07,3.523171077981093e-07,1.3992529693526664e-07,1.4565331453993143e-07,8.211380599939465e-08,1.3992529693526664e-07,1.1914684353801368e-07,1.0201699290905453e-07,3.523171077981093e-07,8.211380599939465e-08,8.211380599939465e-08,7.373547284302947e-08,0.001,1.1914684353801368e-07,1.0418506110234917e-07,1.0201699290905453e-07,3.523171077981093e-07,8.197932253782194e-08,2.35150920094436e-07,8.211380599939465e-08,8.211380599939465e-08,1.3992529693526664e-07,1.4565331453993143e-07,2.35150920094436e-07,5.584263658506971e-08,5.584263658506971e-08,3.523171077981093e-07,1.4701437364925515e-07,1.4565331453993143e-07,9.202899560788013e-08,1.4701437364925515e-07,1.4701437364925515e-07,1.0201699290905453e-07,1.4565331453993143e-07,8.211380599939465e-08,1.1914684353801368e-07,8.211380599939465e-08,1.1914684353801368e-07,1.0201699290905453e-07,8.197932253782194e-08,0.001,1.1914684353801368e-07,2.35150920094436e-07,1.0418506110234917e-07,1.3992529693526664e-07,1.1712439626003127e-07,1.4565331453993143e-07,0.001,2.321058092513378e-07,1.0201699290905453e-07,3.523171077981093e-07,1.0418506110234917e-07,1.4565331453993143e-07,1.0201699290905453e-07,1.4701437364925515e-07,1.4565331453993143e-07,1.3992529693526664e-07,1.0339751836355411e-07,3.523171077981093e-07,9.202899560788013e-08,1.0201699290905453e-07,1.0201699290905453e-07
Montenegro,1.725053056643599e-07,5.751374504484346e-07,9.405610272044893e-08,1.0982373795468545e-06,3.6606154711540716e-07,1.725053056643599e-07,1.0982373795468545e-06,2.51727468785103e-07,1.725053056643599e-07,0.001,1.341679358562406e-07,9.405610272044893e-08,6.285174621105096e-07,2.51727468785103e-07,1.7366264538720586e-07,1.0684248682860553e-07,2.297812881761362e-07,1.575536953786449e-07,2.297812881761362e-07,2.297812881761362e-07,9.405610272044893e-08,1.1914684353801368e-07,9.405610272044893e-08,9.88760616784629e-08,2.51727468785103e-07,0.001,1.1859492274736157e-07,6.285174621105096e-07,2.297812881761362e-07,1.1859492274736157e-07,5.751374504484346e-07,9.88760616784629e-08,2.297812881761362e-07,4.795588165770195e-07,1.7366264538720586e-07,4.795588165770195e-07,1.0982373795468545e-06,2.297812881761362e-07,2.51727468785103e-07,3.6606154711540716e-07,1.0982373795468545e-06,2.51727468785103e-07,0.001,1.575536953786449e-07,1.1859492274736157e-07,9.88760616784629e-08,2.51727468785103e-07,1.1859492274736157e-07,9.88760616784629e-08,6.285174621105096e-07,1.725053056643599e-07,1.0684248682860553e-07,1.725053056643599e-07,3.6606154711540716e-07,3.6606154711540716e-07,0.001,1.1914684353801368e-07,3.6606154711540716e-07,2.32573759065993e-07,1.7366264538720586e-07,1.0684248682860553e-07,4.795588165770195e-07,3.6606154711540716e-07,2.51727468785103e-07,4.795588165770195e-07,0.001,1.7366264538720586e-07,1.0684248682860553e-07,2.51727468785103e-07,2.51727468785103e-07,9.88760616784629e-08,1.1914684353801368e-07,0.001,5.751374504484346e-07,1.7366264538720586e-07,1.0684248682860553e-07,1.341679358562406e-07,1.725053056643599e-07,2.51727468785103e-07,2.51727468785103e-07,4.795588165770195e-07,3.6606154711540716e-07,1.725053056643599e-07,9.405610272044893e-08,9.405610272044893e-08,1.0684248682860553e-07,6.285174621105096e-07,3.6606154711540716e-07,2.297812881761362e-07,6.285174621105096e-07,6.285174621105096e-07,1.7366264538720586e-07,3.6606154711540716e-07,2.51727468785103e-07,0.001,2.51727468785103e-07,0.001,1.7366264538720586e-07,1.341679358562406e-07,1.1914684353801368e-07,0.001,1.725053056643599e-07,5.751374504484346e-07,4.795588165770195e-07,1.0982373795468545e-06,3.6606154711540716e-07,1.1914684353801368e-07,2.32573759065993e-07,1.7366264538720586e-07,1.0684248682860553e-07,5.751374504484346e-07,3.6606154711540716e-07,1.7366264538720586e-07,6.285174621105096e-07,3.6606154711540716e-07,4.795588165770195e-07,1.575536953786449e-07,1.0684248682860553e-07,2.297812881761362e-07,1.7366264538720586e-07,1.7366264538720586e-07
Morocco,1.6067380923256965e-07,0.001,1.0133358566130746e-07,4.139427467668838e-07,3.3878230516619953e-07,1.6067380923256965e-07,4.139427467668838e-07,3.8754912631917674e-07,1.6067380923256965e-07,5.751374504484346e-07,1.7328789233937284e-07,1.0133358566130746e-07,3.290825121830446e-07,3.8754912631917674e-07,2.2804969857602515e-07,1.0077268511995287e-07,3.7648492857960244e-07,1.3213391912541147e-07,3.7648492857960244e-07,3.7648492857960244e-07,1.0133358566130746e-07,1.0418506110234917e-07,1.0133358566130746e-07,9.484815196482228e-08,3.8754912631917674e-07,5.751374504484346e-07,1.1620814529260744e-07,3.290825121830446e-07,3.7648492857960244e-07,1.1620814529260744e-07,0.001,9.484815196482228e-08,3.7648492857960244e-07,2.6163805727496193e-07,2.2804969857602515e-07,2.6163805727496193e-07,4.139427467668838e-07,3.7648492857960244e-07,3.8754912631917674e-07,3.3878230516619953e-07,4.139427467668838e-07,3.8754912631917674e-07,5.751374504484346e-07,1.3213391912541147e-07,1.1620814529260744e-07,9.484815196482228e-08,3.8754912631917674e-07,1.1620814529260744e-07,9.484815196482228e-08,3.290825121830446e-07,1.6067380923256965e-07,1.0077268511995287e-07,1.6067380923256965e-07,3.3878230516619953e-07,3.3878230516619953e-07,5.751374504484346e-07,1.0418506110234917e-07,3.3878230516619953e-07,1.886650838445934e-07,2.2804969857602515e-07,1.0077268511995287e-07,2.6163805727496193e-07,3.3878230516619953e-07,3.8754912631917674e-07,2.6163805727496193e-07,5.751374504484346e-07,2.2804969857602515e-07,1.0077268511995287e-07,3.8754912631917674e-07,3.8754912631917674e-07,9.484815196482228e-08,1.0418506110234917e-07,5.751374504484346e-07,0.001,2.2804969857602515e-07,1.0077268511995287e-07,1.7328789233937284e-07,1.6067380923256965e-07,3.8754912631917674e-07,3.8754912631917674e-07,2.6163805727496193e-07,3.3878230516619953e-07,1.6067380923256965e-07,1.0133358566130746e-07,1.0133358566130746e-07,1.0077268511995287e-07,3.290825121830446e-07,3.3878230516619953e-07,3.7648492857960244e-07,3.290825121830446e-07,3.290825121830446e-07,2.2804969857602515e-07,3.3878230516619953e-07,3.8754912631917674e-07,5.751374504484346e-07,3.8754912631917674e-07,5.751374504484346e-07,2.2804969857602515e-07,1.7328789233937284e-07,1.0418506110234917e-07,5.751374504484346e-07,1.6067380923256965e-07,0.001,2.6163805727496193e-07,4.139427467668838e-07,3.3878230516619953e-07,1.0418506110234917e-07,1.886650838445934e-07,2.2804969857602515e-07,1.0077268511995287e-07,0.001,3.3878230516619953e-07,2.2804969857602515e-07,3.290825121830446e-07,3.3878230516619953e-07,2.6163805727496193e-07,1.3213391912541147e-07,1.0077268511995287e-07,3.7648492857960244e-07,2.2804969857602515e-07,2.2804969857602515e-07
Mozambique,1.7956269912915196e-07,2.2804969857602515e-07,9.031450440305225e-08,1.5080748143698097e-07,2.3546687397497292e-07,1.7956269912915196e-07,1.5080748143698097e-07,2.0180974863968915e-07,1.7956269912915196e-07,1.7366264538720586e-07,3.935704980564676e-07,9.031450440305225e-08,1.627910070469999e-07,2.0180974863968915e-07,0.001,1.2067695008938915e-07,4.345580764587996e-07,8.366079385912031e-08,4.345580764587996e-07,4.345580764587996e-07,9.031450440305225e-08,1.0201699290905453e-07,9.031450440305225e-08,7.109947754831379e-08,2.0180974863968915e-07,1.7366264538720586e-07,8.322606633547895e-08,1.627910070469999e-07,4.345580764587996e-07,8.322606633547895e-08,2.2804969857602515e-07,7.109947754831379e-08,4.345580764587996e-07,1.3132768327340644e-07,0.001,1.3132768327340644e-07,1.5080748143698097e-07,4.345580764587996e-07,2.0180974863968915e-07,2.3546687397497292e-07,1.5080748143698097e-07,2.0180974863968915e-07,1.7366264538720586e-07,8.366079385912031e-08,8.322606633547895e-08,7.109947754831379e-08,2.0180974863968915e-07,8.322606633547895e-08,7.109947754831379e-08,1.627910070469999e-07,1.7956269912915196e-07,1.2067695008938915e-07,1.7956269912915196e-07,2.3546687397497292e-07,2.3546687397497292e-07,1.7366264538720586e-07,1.0201699290905453e-07,2.3546687397497292e-07,1.5542953442347106e-07,0.001,1.2067695008938915e-07,1.3132768327340644e-07,2.3546687397497292e-07,2.0180974863968915e-07,1.3132768327340644e-07,1.7366264538720586e-07,0.001,1.2067695008938915e-07,2.0180974863968915e-07,2.0180974863968915e-07,7.109947754831379e-08,1.0201699290905453e-07,1.7366264538720586e-07,2.2804969857602515e-07,0.001,1.2067695008938915e-07,3.935704980564676e-07,1.7956269912915196e-07,2.0180974863968915e-07,2.0180974863968915e-07,1.3132768327340644e-07,2.3546687397497292e-07,1.7956269912915196e-07,9.031450440305225e-08,9.031450440305225e-08,1.2067695008938915e-07,1.627910070469999e-07,2.3546687397497292e-07,4.345580764587996e-07,1.627910070469999e-07,1.627910070469999e-07,0.001,2.3546687397497292e-07,2.0180974863968915e-07,1.7366264538720586e-07,2.0180974863968915e-07,1.7366264538720586e-07,0.001,3.935704980564676e-07,1.0201699290905453e-07,1.7366264538720586e-07,1.7956269912915196e-07,2.2804969857602515e-07,1.3132768327340644e-07,1.5080748143698097e-07,2.3546687397497292e-07,1.0201699290905453e-07,1.5542953442347106e-07,0.001,1.2067695008938915e-07,2.2804969857602515e-07,2.3546687397497292e-07,0.001,1.627910070469999e-07,2.3546687397497292e-07,1.3132768327340644e-07,8.366079385912031e-08,1.2067695008938915e-07,4.345580764587996e-07,0.001,0.001
Myanmar,2.702899275652735e-07,1.0077268511995287e-07,5.2122190199751614e-08,1.0149370436826583e-07,1.432587722639697e-07,2.702899275652735e-07,1.0149370436826583e-07,8.154608231945776e-08,2.702899275652735e-07,1.0684248682860553e-07,9.765539140438323e-08,5.2122190199751614e-08,1.2642508209288254e-07,8.154608231945776e-08,1.2067695008938915e-07,0.001,9.928882661782423e-08,8.067569886430383e-08,9.928882661782423e-08,9.928882661782423e-08,5.2122190199751614e-08,3.523171077981093e-07,5.2122190199751614e-08,6.116739402956076e-08,8.154608231945776e-08,1.0684248682860553e-07,5.981930683114495e-08,1.2642508209288254e-07,9.928882661782423e-08,5.981930683114495e-08,1.0077268511995287e-07,6.116739402956076e-08,9.928882661782423e-08,1.1275987511099315e-07,1.2067695008938915e-07,1.1275987511099315e-07,1.0149370436826583e-07,9.928882661782423e-08,8.154608231945776e-08,1.432587722639697e-07,1.0149370436826583e-07,8.154608231945776e-08,1.0684248682860553e-07,8.067569886430383e-08,5.981930683114495e-08,6.116739402956076e-08,8.154608231945776e-08,5.981930683114495e-08,6.116739402956076e-08,1.2642508209288254e-07,2.702899275652735e-07,0.001,2.702899275652735e-07,1.432587722639697e-07,1.432587722639697e-07,1.0684248682860553e-07,3.523171077981093e-07,1.432587722639697e-07,1.947896033924642e-07,1.2067695008938915e-07,0.001,1.1275987511099315e-07,1.432587722639697e-07,8.154608231945776e-08,1.1275987511099315e-07,1.0684248682860553e-07,1.2067695008938915e-07,0.001,8.154608231945776e-08,8.154608231945776e-08,6.116739402956076e-08,3.523171077981093e-07,1.0684248682860553e-07,1.0077268511995287e-07,1.2067695008938915e-07,0.001,9.765539140438323e-08,2.702899275652735e-07,8.154608231945776e-08,8.154608231945776e-08,1.1275987511099315e-07,1.432587722639697e-07,2.702899275652735e-07,5.2122190199751614e-08,5.2122190199751614e-08,0.001,1.2642508209288254e-07,1.432587722639697e-07,9.928882661782423e-08,1.2642508209288254e-07,1.2642508209288254e-07,1.2067695008938915e-07,1.432587722639697e-07,8.154608231945776e-08,1.0684248682860553e-07,8.154608231945776e-08,1.0684248682860553e-07,1.2067695008938915e-07,9.765539140438323e-08,3.523171077981093e-07,1.0684248682860553e-07,2.702899275652735e-07,1.0077268511995287e-07,1.1275987511099315e-07,1.0149370436826583e-07,1.432587722639697e-07,3.523171077981093e-07,1.947896033924642e-07,1.2067695008938915e-07,0.001,1.0077268511995287e-07,1.432587722639697e-07,1.2067695008938915e-07,1.2642508209288254e-07,1.432587722639697e-07,1.1275987511099315e-07,8.067569886430383e-08,0.001,9.928882661782423e-08,1.2067695008938915e-07,1.2067695008938915e-07
Namibia,1.24352338912691e-07,1.7328789233937284e-07,1.1091343527664071e-07,1.2216128570635672e-07,1.5084338069035017e-07,1.24352338912691e-07,1.2216128570635672e-07,2.0140947894729932e-07,1.24352338912691e-07,1.341679358562406e-07,0.001,1.1091343527664071e-07,1.2089941504083485e-07,2.0140947894729932e-07,3.935704980564676e-07,9.765539140438323e-08,3.21067151192958e-07,7.827732532073989e-08,3.21067151192958e-07,3.21067151192958e-07,1.1091343527664071e-07,8.197932253782194e-08,1.1091343527664071e-07,7.746777110269657e-08,2.0140947894729932e-07,1.341679358562406e-07,9.011741326866149e-08,1.2089941504083485e-07,3.21067151192958e-07,9.011741326866149e-08,1.7328789233937284e-07,7.746777110269657e-08,3.21067151192958e-07,1.0515320536490969e-07,3.935704980564676e-07,1.0515320536490969e-07,1.2216128570635672e-07,3.21067151192958e-07,2.0140947894729932e-07,1.5084338069035017e-07,1.2216128570635672e-07,2.0140947894729932e-07,1.341679358562406e-07,7.827732532073989e-08,9.011741326866149e-08,7.746777110269657e-08,2.0140947894729932e-07,9.011741326866149e-08,7.746777110269657e-08,1.2089941504083485e-07,1.24352338912691e-07,9.765539140438323e-08,1.24352338912691e-07,1.5084338069035017e-07,1.5084338069035017e-07,1.341679358562406e-07,8.197932253782194e-08,1.5084338069035017e-07,1.1160143960556997e-07,3.935704980564676e-07,9.765539140438323e-08,1.0515320536490969e-07,1.5084338069035017e-07,2.0140947894729932e-07,1.0515320536490969e-07,1.341679358562406e-07,3.935704980564676e-07,9.765539140438323e-08,2.0140947894729932e-07,2.0140947894729932e-07,7.746777110269657e-08,8.197932253782194e-08,1.341679358562406e-07,1.7328789233937284e-07,3.935704980564676e-07,9.765539140438323e-08,0.001,1.24352338912691e-07,2.0140947894729932e-07,2.0140947894729932e-07,1.0515320536490969e-07,1.5084338069035017e-07,1.24352338912691e-07,1.1091343527664071e-07,1.1091343527664071e-07,9.765539140438323e-08,1.2089941504083485e-07,1.5084338069035017e-07,3.21067151192958e-07,1.2089941504083485e-07,1.2089941504083485e-07,3.935704980564676e-07,1.5084338069035017e-07,2.0140947894729932e-07,1.341679358562406e-07,2.0140947894729932e-07,1.341679358562406e-07,3.935704980564676e-07,0.001,8.197932253782194e-08,1.341679358562406e-07,1.24352338912691e-07,1.7328789233937284e-07,1.0515320536490969e-07,1.2216128570635672e-07,1.5084338069035017e-07,8.197932253782194e-08,1.1160143960556997e-07,3.935704980564676e-07,9.765539140438323e-08,1.7328789233937284e-07,1.5084338069035017e-07,3.935704980564676e-07,1.2089941504083485e-07,1.5084338069035017e-07,1.0515320536490969e-07,7.827732532073989e-08,9.765539140438323e-08,3.21067151192958e-07,3.935704980564676e-07,3.935704980564676e-07
Nepal,0.001,1.6067380923256965e-07,6.237575674365235e-08,1.553875133958547e-07,3.04595194367719e-07,0.001,1.553875133958547e-07,1.1600765800882102e-07,0.001,1.725053056643599e-07,1.24352338912691e-07,6.237575674365235e-08,2.2051020292202112e-07,1.1600765800882102e-07,1.7956269912915196e-07,2.702899275652735e-07,1.48432756356423e-07,9.431998719084027e-08,1.48432756356423e-07,1.48432756356423e-07,6.237575674365235e-08,2.35150920094436e-07,6.237575674365235e-08,6.543700521154625e-08,1.1600765800882102e-07,1.725053056643599e-07,7.098330416848066e-08,2.2051020292202112e-07,1.48432756356423e-07,7.098330416848066e-08,1.6067380923256965e-07,6.543700521154625e-08,1.48432756356423e-07,1.6998360697088591e-07,1.7956269912915196e-07,1.6998360697088591e-07,1.553875133958547e-07,1.48432756356423e-07,1.1600765800882102e-07,3.04595194367719e-07,1.553875133958547e-07,1.1600765800882102e-07,1.725053056643599e-07,9.431998719084027e-08,7.098330416848066e-08,6.543700521154625e-08,1.1600765800882102e-07,7.098330416848066e-08,6.543700521154625e-08,2.2051020292202112e-07,0.001,2.702899275652735e-07,0.001,3.04595194367719e-07,3.04595194367719e-07,1.725053056643599e-07,2.35150920094436e-07,3.04595194367719e-07,4.708061659943275e-07,1.7956269912915196e-07,2.702899275652735e-07,1.6998360697088591e-07,3.04595194367719e-07,1.1600765800882102e-07,1.6998360697088591e-07,1.725053056643599e-07,1.7956269912915196e-07,2.702899275652735e-07,1.1600765800882102e-07,1.1600765800882102e-07,6.543700521154625e-08,2.35150920094436e-07,1.725053056643599e-07,1.6067380923256965e-07,1.7956269912915196e-07,2.702899275652735e-07,1.24352338912691e-07,0.001,1.1600765800882102e-07,1.1600765800882102e-07,1.6998360697088591e-07,3.04595194367719e-07,0.001,6.237575674365235e-08,6.237575674365235e-08,2.702899275652735e-07,2.2051020292202112e-07,3.04595194367719e-07,1.48432756356423e-07,2.2051020292202112e-07,2.2051020292202112e-07,1.7956269912915196e-07,3.04595194367719e-07,1.1600765800882102e-07,1.725053056643599e-07,1.1600765800882102e-07,1.725053056643599e-07,1.7956269912915196e-07,1.24352338912691e-07,2.35150920094436e-07,1.725053056643599e-07,0.001,1.6067380923256965e-07,1.6998360697088591e-07,1.553875133958547e-07,3.04595194367719e-07,2.35150920094436e-07,4.708061659943275e-07,1.7956269912915196e-07,2.702899275652735e-07,1.6067380923256965e-07,3.04595194367719e-07,1.7956269912915196e-07,2.2051020292202112e-07,3.04595194367719e-07,1.6998360697088591e-07,9.431998719084027e-08,2.702899275652735e-07,1.48432756356423e-07,1.7956269912915196e-07,1.7956269912915196e-07
Niger,1.1600765800882102e-07,3.8754912631917674e-07,1.348811438880539e-07,2.3742913706248567e-07,1.8376715996765235e-07,1.1600765800882102e-07,2.3742913706248567e-07,0.001,1.1600765800882102e-07,2.51727468785103e-07,2.0140947894729932e-07,1.348811438880539e-07,1.8179124677413918e-07,0.001,2.0180974863968915e-07,8.154608231945776e-08,3.760946330623467e-07,1.2798444780003275e-07,3.760946330623467e-07,3.760946330623467e-07,1.348811438880539e-07,8.211380599939465e-08,1.348811438880539e-07,1.0928639557283959e-07,0.001,2.51727468785103e-07,1.410128290009708e-07,1.8179124677413918e-07,3.760946330623467e-07,1.410128290009708e-07,3.8754912631917674e-07,1.0928639557283959e-07,3.760946330623467e-07,1.7181548799544146e-07,2.0180974863968915e-07,1.7181548799544146e-07,2.3742913706248567e-07,3.760946330623467e-07,0.001,1.8376715996765235e-07,2.3742913706248567e-07,0.001,2.51727468785103e-07,1.2798444780003275e-07,1.410128290009708e-07,1.0928639557283959e-07,0.001,1.410128290009708e-07,1.0928639557283959e-07,1.8179124677413918e-07,1.1600765800882102e-07,8.154608231945776e-08,1.1600765800882102e-07,1.8376715996765235e-07,1.8376715996765235e-07,2.51727468785103e-07,8.211380599939465e-08,1.8376715996765235e-07,1.2691180074121644e-07,2.0180974863968915e-07,8.154608231945776e-08,1.7181548799544146e-07,1.8376715996765235e-07,0.001,1.7181548799544146e-07,2.51727468785103e-07,2.0180974863968915e-07,8.154608231945776e-08,0.001,0.001,1.0928639557283959e-07,8.211380599939465e-08,2.51727468785103e-07,3.8754912631917674e-07,2.0180974863968915e-07,8.154608231945776e-08,2.0140947894729932e-07,1.1600765800882102e-07,0.001,0.001,1.7181548799544146e-07,1.8376715996765235e-07,1.1600765800882102e-07,1.348811438880539e-07,1.348811438880539e-07,8.154608231945776e-08,1.8179124677413918e-07,1.8376715996765235e-07,3.760946330623467e-07,1.8179124677413918e-07,1.8179124677413918e-07,2.0180974863968915e-07,1.8376715996765235e-07,0.001,2.51727468785103e-07,0.001,2.51727468785103e-07,2.0180974863968915e-07,2.0140947894729932e-07,8.211380599939465e-08,2.51727468785103e-07,1.1600765800882102e-07,3.8754912631917674e-07,1.7181548799544146e-07,2.3742913706248567e-07,1.8376715996765235e-07,8.211380599939465e-08,1.2691180074121644e-07,2.0180974863968915e-07,8.154608231945776e-08,3.8754912631917674e-07,1.8376715996765235e-07,2.0180974863968915e-07,1.8179124677413918e-07,1.8376715996765235e-07,1.7181548799544146e-07,1.2798444780003275e-07,8.154608231945776e-08,3.760946330623467e-07,2.0180974863968915e-07,2.0180974863968915e-07
Nigeria,1.1600765800882102e-07,3.8754912631917674e-07,1.348811438880539e-07,2.3742913706248567e-07,1.8376715996765235e-07,1.1600765800882102e-07,2.3742913706248567e-07,0.001,1.1600765800882102e-07,2.51727468785103e-07,2.0140947894729932e-07,1.348811438880539e-07,1.8179124677413918e-07,0.001,2.0180974863968915e-07,8.154608231945776e-08,3.760946330623467e-07,1.2798444780003275e-07,3.760946330623467e-07,3.760946330623467e-07,1.348811438880539e-07,8.211380599939465e-08,1.348811438880539e-07,1.0928639557283959e-07,0.001,2.51727468785103e-07,1.410128290009708e-07,1.8179124677413918e-07,3.760946330623467e-07,1.410128290009708e-07,3.8754912631917674e-07,1.0928639557283959e-07,3.760946330623467e-07,1.7181548799544146e-07,2.0180974863968915e-07,1.7181548799544146e-07,2.3742913706248567e-07,3.760946330623467e-07,0.001,1.8376715996765235e-07,2.3742913706248567e-07,0.001,2.51727468785103e-07,1.2798444780003275e-07,1.410128290009708e-07,1.0928639557283959e-07,0.001,1.410128290009708e-07,1.0928639557283959e-07,1.8179124677413918e-07,1.1600765800882102e-07,8.154608231945776e-08,1.1600765800882102e-07,1.8376715996765235e-07,1.8376715996765235e-07,2.51727468785103e-07,8.211380599939465e-08,1.8376715996765235e-07,1.2691180074121644e-07,2.0180974863968915e-07,8.154608231945776e-08,1.7181548799544146e-07,1.8376715996765235e-07,0.001,1.7181548799544146e-07,2.51727468785103e-07,2.0180974863968915e-07,8.154608231945776e-08,0.001,0.001,1.0928639557283959e-07,8.211380599939465e-08,2.51727468785103e-07,3.8754912631917674e-07,2.0180974863968915e-07,8.154608231945776e-08,2.0140947894729932e-07,1.1600765800882102e-07,0.001,0.001,1.7181548799544146e-07,1.8376715996765235e-07,1.1600765800882102e-07,1.348811438880539e-07,1.348811438880539e-07,8.154608231945776e-08,1.8179124677413918e-07,1.8376715996765235e-07,3.760946330623467e-07,1.8179124677413918e-07,1.8179124677413918e-07,2.0180974863968915e-07,1.8376715996765235e-07,0.001,2.51727468785103e-07,0.001,2.51727468785103e-07,2.0180974863968915e-07,2.0140947894729932e-07,8.211380599939465e-08,2.51727468785103e-07,1.1600765800882102e-07,3.8754912631917674e-07,1.7181548799544146e-07,2.3742913706248567e-07,1.8376715996765235e-07,8.211380599939465e-08,1.2691180074121644e-07,2.0180974863968915e-07,8.154608231945776e-08,3.8754912631917674e-07,1.8376715996765235e-07,2.0180974863968915e-07,1.8179124677413918e-07,1.8376715996765235e-07,1.7181548799544146e-07,1.2798444780003275e-07,8.154608231945776e-08,3.760946330623467e-07,2.0180974863968915e-07,2.0180974863968915e-07
Norway,1.6998360697088591e-07,2.6163805727496193e-07,8.792027031974543e-08,6.215458886063083e-07,2.6580212053962534e-07,1.6998360697088591e-07,6.215458886063083e-07,1.7181548799544146e-07,1.6998360697088591e-07,4.795588165770195e-07,1.0515320536490969e-07,8.792027031974543e-08,6.103810197508601e-07,1.7181548799544146e-07,1.3132768327340644e-07,1.1275987511099315e-07,1.555964221853448e-07,1.9923062998111207e-07,1.555964221853448e-07,1.555964221853448e-07,8.792027031974543e-08,1.3992529693526664e-07,8.792027031974543e-08,1.0559762176485935e-07,1.7181548799544146e-07,4.795588165770195e-07,1.2114862715152069e-07,6.103810197508601e-07,1.555964221853448e-07,1.2114862715152069e-07,2.6163805727496193e-07,1.0559762176485935e-07,1.555964221853448e-07,0.001,1.3132768327340644e-07,0.001,6.215458886063083e-07,1.555964221853448e-07,1.7181548799544146e-07,2.6580212053962534e-07,6.215458886063083e-07,1.7181548799544146e-07,4.795588165770195e-07,1.9923062998111207e-07,1.2114862715152069e-07,1.0559762176485935e-07,1.7181548799544146e-07,1.2114862715152069e-07,1.0559762176485935e-07,6.103810197508601e-07,1.6998360697088591e-07,1.1275987511099315e-07,1.6998360697088591e-07,2.6580212053962534e-07,2.6580212053962534e-07,4.795588165770195e-07,1.3992529693526664e-07,2.6580212053962534e-07,2.5879291202511233e-07,1.3132768327340644e-07,1.1275987511099315e-07,0.001,2.6580212053962534e-07,1.7181548799544146e-07,0.001,4.795588165770195e-07,1.3132768327340644e-07,1.1275987511099315e-07,1.7181548799544146e-07,1.7181548799544146e-07,1.0559762176485935e-07,1.3992529693526664e-07,4.795588165770195e-07,2.6163805727496193e-07,1.3132768327340644e-07,1.1275987511099315e-07,1.0515320536490969e-07,1.6998360697088591e-07,1.7181548799544146e-07,1.7181548799544146e-07,0.001,2.6580212053962534e-07,1.6998360697088591e-07,8.792027031974543e-08,8.792027031974543e-08,1.1275987511099315e-07,6.103810197508601e-07,2.6580212053962534e-07,1.555964221853448e-07,6.103810197508601e-07,6.103810197508601e-07,1.3132768327340644e-07,2.6580212053962534e-07,1.7181548799544146e-07,4.795588165770195e-07,1.7181548799544146e-07,4.795588165770195e-07,1.3132768327340644e-07,1.0515320536490969e-07,1.3992529693526664e-07,4.795588165770195e-07,1.6998360697088591e-07,2.6163805727496193e-07,0.001,6.215458886063083e-07,2.6580212053962534e-07,1.3992529693526664e-07,2.5879291202511233e-07,1.3132768327340644e-07,1.1275987511099315e-07,2.6163805727496193e-07,2.6580212053962534e-07,1.3132768327340644e-07,6.103810197508601e-07,2.6580212053962534e-07,0.001,1.9923062998111207e-07,1.1275987511099315e-07,1.555964221853448e-07,1.3132768327340644e-07,1.3132768327340644e-07
Oman,3.04595194367719e-07,3.3878230516619953e-07,7.802369310419413e-08,2.815919484362537e-07,0.001,3.04595194367719e-07,2.815919484362537e-07,1.8376715996765235e-07,3.04595194367719e-07,3.6606154711540716e-07,1.5084338069035017e-07,7.802369310419413e-08,4.701211145389067e-07,1.8376715996765235e-07,2.3546687397497292e-07,1.432587722639697e-07,2.405911713828482e-07,1.1441105650682687e-07,2.405911713828482e-07,2.405911713828482e-07,7.802369310419413e-08,1.4565331453993143e-07,7.802369310419413e-08,7.791496668399515e-08,1.8376715996765235e-07,3.6606154711540716e-07,8.968323261376695e-08,4.701211145389067e-07,2.405911713828482e-07,8.968323261376695e-08,3.3878230516619953e-07,7.791496668399515e-08,2.405911713828482e-07,2.6580212053962534e-07,2.3546687397497292e-07,2.6580212053962534e-07,2.815919484362537e-07,2.405911713828482e-07,1.8376715996765235e-07,0.001,2.815919484362537e-07,1.8376715996765235e-07,3.6606154711540716e-07,1.1441105650682687e-07,8.968323261376695e-08,7.791496668399515e-08,1.8376715996765235e-07,8.968323261376695e-08,7.791496668399515e-08,4.701211145389067e-07,3.04595194367719e-07,1.432587722639697e-07,3.04595194367719e-07,0.001,0.001,3.6606154711540716e-07,1.4565331453993143e-07,0.001,3.812712187159341e-07,2.3546687397497292e-07,1.432587722639697e-07,2.6580212053962534e-07,0.001,1.8376715996765235e-07,2.6580212053962534e-07,3.6606154711540716e-07,2.3546687397497292e-07,1.432587722639697e-07,1.8376715996765235e-07,1.8376715996765235e-07,7.791496668399515e-08,1.4565331453993143e-07,3.6606154711540716e-07,3.3878230516619953e-07,2.3546687397497292e-07,1.432587722639697e-07,1.5084338069035017e-07,3.04595194367719e-07,1.8376715996765235e-07,1.8376715996765235e-07,2.6580212053962534e-07,0.001,3.04595194367719e-07,7.802369310419413e-08,7.802369310419413e-08,1.432587722639697e-07,4.701211145389067e-07,0.001,2.405911713828482e-07,4.701211145389067e-07,4.701211145389067e-07,2.3546687397497292e-07,0.001,1.8376715996765235e-07,3.6606154711540716e-07,1.8376715996765235e-07,3.6606154711540716e-07,2.3546687397497292e-07,1.5084338069035017e-07,1.4565331453993143e-07,3.6606154711540716e-07,3.04595194367719e-07,3.3878230516619953e-07,2.6580212053962534e-07,2.815919484362537e-07,0.001,1.4565331453993143e-07,3.812712187159341e-07,2.3546687397497292e-07,1.432587722639697e-07,3.3878230516619953e-07,0.001,2.3546687397497292e-07,4.701211145389067e-07,0.001,2.6580212053962534e-07,1.1441105650682687e-07,1.432587722639697e-07,2.405911713828482e-07,2.3546687397497292e-07,2.3546687397497292e-07
Pakistan,0.001,1.6067380923256965e-07,6.237575674365235e-08,1.553875133958547e-07,3.04595194367719e-07,0.001,1.553875133958547e-07,1.1600765800882102e-07,0.001,1.725053056643599e-07,1.24352338912691e-07,6.237575674365235e-08,2.2051020292202112e-07,1.1600765800882102e-07,1.7956269912915196e-07,2.702899275652735e-07,1.48432756356423e-07,9.431998719084027e-08,1.48432756356423e-07,1.48432756356423e-07,6.237575674365235e-08,2.35150920094436e-07,6.237575674365235e-08,6.543700521154625e-08,1.1600765800882102e-07,1.725053056643599e-07,7.098330416848066e-08,2.2051020292202112e-07,1.48432756356423e-07,7.098330416848066e-08,1.6067380923256965e-07,6.543700521154625e-08,1.48432756356423e-07,1.6998360697088591e-07,1.7956269912915196e-07,1.6998360697088591e-07,1.553875133958547e-07,1.48432756356423e-07,1.1600765800882102e-07,3.04595194367719e-07,1.553875133958547e-07,1.1600765800882102e-07,1.725053056643599e-07,9.431998719084027e-08,7.098330416848066e-08,6.543700521154625e-08,1.1600765800882102e-07,7.098330416848066e-08,6.543700521154625e-08,2.2051020292202112e-07,0.001,2.702899275652735e-07,0.001,3.04595194367719e-07,3.04595194367719e-07,1.725053056643599e-07,2.35150920094436e-07,3.04595194367719e-07,4.708061659943275e-07,1.7956269912915196e-07,2.702899275652735e-07,1.6998360697088591e-07,3.04595194367719e-07,1.1600765800882102e-07,1.6998360697088591e-07,1.725053056643599e-07,1.7956269912915196e-07,2.702899275652735e-07,1.1600765800882102e-07,1.1600765800882102e-07,6.543700521154625e-08,2.35150920094436e-07,1.725053056643599e-07,1.6067380923256965e-07,1.7956269912915196e-07,2.702899275652735e-07,1.24352338912691e-07,0.001,1.1600765800882102e-07,1.1600765800882102e-07,1.6998360697088591e-07,3.04595194367719e-07,0.001,6.237575674365235e-08,6.237575674365235e-08,2.702899275652735e-07,2.2051020292202112e-07,3.04595194367719e-07,1.48432756356423e-07,2.2051020292202112e-07,2.2051020292202112e-07,1.7956269912915196e-07,3.04595194367719e-07,1.1600765800882102e-07,1.725053056643599e-07,1.1600765800882102e-07,1.725053056643599e-07,1.7956269912915196e-07,1.24352338912691e-07,2.35150920094436e-07,1.725053056643599e-07,0.001,1.6067380923256965e-07,1.6998360697088591e-07,1.553875133958547e-07,3.04595194367719e-07,2.35150920094436e-07,4.708061659943275e-07,1.7956269912915196e-07,2.702899275652735e-07,1.6067380923256965e-07,3.04595194367719e-07,1.7956269912915196e-07,2.2051020292202112e-07,3.04595194367719e-07,1.6998360697088591e-07,9.431998719084027e-08,2.702899275652735e-07,1.48432756356423e-07,1.7956269912915196e-07,1.7956269912915196e-07
Paraguay,6.237575674365235e-08,1.0133358566130746e-07,0.001,9.766713740430463e-08,7.802369310419413e-08,6.237575674365235e-08,9.766713740430463e-08,1.348811438880539e-07,6.237575674365235e-08,9.405610272044893e-08,1.1091343527664071e-07,0.001,8.22768421736869e-08,1.348811438880539e-07,9.031450440305225e-08,5.2122190199751614e-08,1.0610231436341873e-07,1.2121480988764287e-07,1.0610231436341873e-07,1.0610231436341873e-07,0.001,5.584263658506971e-08,0.001,2.2269312491935518e-07,1.348811438880539e-07,9.405610272044893e-08,2.5505807052155757e-07,8.22768421736869e-08,1.0610231436341873e-07,2.5505807052155757e-07,1.0133358566130746e-07,2.2269312491935518e-07,1.0610231436341873e-07,8.792027031974543e-08,9.031450440305225e-08,8.792027031974543e-08,9.766713740430463e-08,1.0610231436341873e-07,1.348811438880539e-07,7.802369310419413e-08,9.766713740430463e-08,1.348811438880539e-07,9.405610272044893e-08,1.2121480988764287e-07,2.5505807052155757e-07,2.2269312491935518e-07,1.348811438880539e-07,2.5505807052155757e-07,2.2269312491935518e-07,8.22768421736869e-08,6.237575674365235e-08,5.2122190199751614e-08,6.237575674365235e-08,7.802369310419413e-08,7.802369310419413e-08,9.405610272044893e-08,5.584263658506971e-08,7.802369310419413e-08,6.698899990092903e-08,9.031450440305225e-08,5.2122190199751614e-08,8.792027031974543e-08,7.802369310419413e-08,1.348811438880539e-07,8.792027031974543e-08,9.405610272044893e-08,9.031450440305225e-08,5.2122190199751614e-08,1.348811438880539e-07,1.348811438880539e-07,2.2269312491935518e-07,5.584263658506971e-08,9.405610272044893e-08,1.0133358566130746e-07,9.031450440305225e-08,5.2122190199751614e-08,1.1091343527664071e-07,6.237575674365235e-08,1.348811438880539e-07,1.348811438880539e-07,8.792027031974543e-08,7.802369310419413e-08,6.237575674365235e-08,0.001,0.001,5.2122190199751614e-08,8.22768421736869e-08,7.802369310419413e-08,1.0610231436341873e-07,8.22768421736869e-08,8.22768421736869e-08,9.031450440305225e-08,7.802369310419413e-08,1.348811438880539e-07,9.405610272044893e-08,1.348811438880539e-07,9.405610272044893e-08,9.031450440305225e-08,1.1091343527664071e-07,5.584263658506971e-08,9.405610272044893e-08,6.237575674365235e-08,1.0133358566130746e-07,8.792027031974543e-08,9.766713740430463e-08,7.802369310419413e-08,5.584263658506971e-08,6.698899990092903e-08,9.031450440305225e-08,5.2122190199751614e-08,1.0133358566130746e-07,7.802369310419413e-08,9.031450440305225e-08,8.22768421736869e-08,7.802369310419413e-08,8.792027031974543e-08,1.2121480988764287e-07,5.2122190199751614e-08,1.0610231436341873e-07,9.031450440305225e-08,9.031450440305225e-08
Peru,6.237575674365235e-08,1.0133358566130746e-07,0.001,9.766713740430463e-08,7.802369310419413e-08,6.237575674365235e-08,9.766713740430463e-08,1.348811438880539e-07,6.237575674365235e-08,9.405610272044893e-08,1.1091343527664071e-07,0.001,8.22768421736869e-08,1.348811438880539e-07,9.031450440305225e-08,5.2122190199751614e-08,1.0610231436341873e-07,1.2121480988764287e-07,1.0610231436341873e-07,1.0610231436341873e-07,0.001,5.584263658506971e-08,0.001,2.2269312491935518e-07,1.348811438880539e-07,9.405610272044893e-08,2.5505807052155757e-07,8.22768421736869e-08,1.0610231436341873e-07,2.5505807052155757e-07,1.0133358566130746e-07,2.2269312491935518e-07,1.0610231436341873e-07,8.792027031974543e-08,9.031450440305225e-08,8.792027031974543e-08,9.766713740430463e-08,1.0610231436341873e-07,1.348811438880539e-07,7.802369310419413e-08,9.766713740430463e-08,1.348811438880539e-07,9.405610272044893e-08,1.2121480988764287e-07,2.5505807052155757e-07,2.2269312491935518e-07,1.348811438880539e-07,2.5505807052155757e-07,2.2269312491935518e-07,8.22768421736869e-08,6.237575674365235e-08,5.2122190199751614e-08,6.237575674365235e-08,7.802369310419413e-08,7.802369310419413e-08,9.405610272044893e-08,5.584263658506971e-08,7.802369310419413e-08,6.698899990092903e-08,9.031450440305225e-08,5.2122190199751614e-08,8.792027031974543e-08,7.802369310419413e-08,1.348811438880539e-07,8.792027031974543e-08,9.405610272044893e-08,9.031450440305225e-08,5.2122190199751614e-08,1.348811438880539e-07,1.348811438880539e-07,2.2269312491935518e-07,5.584263658506971e-08,9.405610272044893e-08,1.0133358566130746e-07,9.031450440305225e-08,5.2122190199751614e-08,1.1091343527664071e-07,6.237575674365235e-08,1.348811438880539e-07,1.348811438880539e-07,8.792027031974543e-08,7.802369310419413e-08,6.237575674365235e-08,0.001,0.001,5.2122190199751614e-08,8.22768421736869e-08,7.802369310419413e-08,1.0610231436341873e-07,8.22768421736869e-08,8.22768421736869e-08,9.031450440305225e-08,7.802369310419413e-08,1.348811438880539e-07,9.405610272044893e-08,1.348811438880539e-07,9.405610272044893e-08,9.031450440305225e-08,1.1091343527664071e-07,5.584263658506971e-08,9.405610272044893e-08,6.237575674365235e-08,1.0133358566130746e-07,8.792027031974543e-08,9.766713740430463e-08,7.802369310419413e-08,5.584263658506971e-08,6.698899990092903e-08,9.031450440305225e-08,5.2122190199751614e-08,1.0133358566130746e-07,7.802369310419413e-08,9.031450440305225e-08,8.22768421736869e-08,7.802369310419413e-08,8.792027031974543e-08,1.2121480988764287e-07,5.2122190199751614e-08,1.0610231436341873e-07,9.031450440305225e-08,9.031450440305225e-08
Philippines,2.702899275652735e-07,1.0077268511995287e-07,5.2122190199751614e-08,1.0149370436826583e-07,1.432587722639697e-07,2.702899275652735e-07,1.0149370436826583e-07,8.154608231945776e-08,2.702899275652735e-07,1.0684248682860553e-07,9.765539140438323e-08,5.2122190199751614e-08,1.2642508209288254e-07,8.154608231945776e-08,1.2067695008938915e-07,0.001,9.928882661782423e-08,8.067569886430383e-08,9.928882661782423e-08,9.928882661782423e-08,5.2122190199751614e-08,3.523171077981093e-07,5.2122190199751614e-08,6.116739402956076e-08,8.154608231945776e-08,1.0684248682860553e-07,5.981930683114495e-08,1.2642508209288254e-07,9.928882661782423e-08,5.981930683114495e-08,1.0077268511995287e-07,6.116739402956076e-08,9.928882661782423e-08,1.1275987511099315e-07,1.2067695008938915e-07,1.1275987511099315e-07,1.0149370436826583e-07,9.928882661782423e-08,8.154608231945776e-08,1.432587722639697e-07,1.0149370436826583e-07,8.154608231945776e-08,1.0684248682860553e-07,8.067569886430383e-08,5.981930683114495e-08,6.116739402956076e-08,8.154608231945776e-08,5.981930683114495e-08,6.116739402956076e-08,1.2642508209288254e-07,2.702899275652735e-07,0.001,2.702899275652735e-07,1.432587722639697e-07,1.432587722639697e-07,1.0684248682860553e-07,3.523171077981093e-07,1.432587722639697e-07,1.947896033924642e-07,1.2067695008938915e-07,0.001,1.1275987511099315e-07,1.432587722639697e-07,8.154608231945776e-08,1.1275987511099315e-07,1.0684248682860553e-07,1.2067695008938915e-07,0.001,8.154608231945776e-08,8.154608231945776e-08,6.116739402956076e-08,3.523171077981093e-07,1.0684248682860553e-07,1.0077268511995287e-07,1.2067695008938915e-07,0.001,9.765539140438323e-08,2.702899275652735e-07,8.154608231945776e-08,8.154608231945776e-08,1.1275987511099315e-07,1.432587722639697e-07,2.702899275652735e-07,5.2122190199751614e-08,5.2122190199751614e-08,0.001,1.2642508209288254e-07,1.432587722639697e-07,9.928882661782423e-08,1.2642508209288254e-07,1.2642508209288254e-07,1.2067695008938915e-07,1.432587722639697e-07,8.154608231945776e-08,1.0684248682860553e-07,8.154608231945776e-08,1.0684248682860553e-07,1.2067695008938915e-07,9.765539140438323e-08,3.523171077981093e-07,1.0684248682860553e-07,2.702899275652735e-07,1.0077268511995287e-07,1.1275987511099315e-07,1.0149370436826583e-07,1.432587722639697e-07,3.523171077981093e-07,1.947896033924642e-07,1.2067695008938915e-07,0.001,1.0077268511995287e-07,1.432587722639697e-07,1.2067695008938915e-07,1.2642508209288254e-07,1.432587722639697e-07,1.1275987511099315e-07,8.067569886430383e-08,0.001,9.928882661782423e-08,1.2067695008938915e-07,1.2067695008938915e-07
Poland,2.2051020292202112e-07,3.290825121830446e-07,8.22768421736869e-08,5.140855901848794e-07,4.701211145389067e-07,2.2051020292202112e-07,5.140855901848794e-07,1.8179124677413918e-07,2.2051020292202112e-07,6.285174621105096e-07,1.2089941504083485e-07,8.22768421736869e-08,0.001,1.8179124677413918e-07,1.627910070469999e-07,1.2642508209288254e-07,1.873295375524827e-07,1.504604868076652e-07,1.873295375524827e-07,1.873295375524827e-07,8.22768421736869e-08,1.4701437364925515e-07,8.22768421736869e-08,9.10978317956175e-08,1.8179124677413918e-07,6.285174621105096e-07,1.0463583175943062e-07,0.001,1.873295375524827e-07,1.0463583175943062e-07,3.290825121830446e-07,9.10978317956175e-08,1.873295375524827e-07,6.103810197508601e-07,1.627910070469999e-07,6.103810197508601e-07,5.140855901848794e-07,1.873295375524827e-07,1.8179124677413918e-07,4.701211145389067e-07,5.140855901848794e-07,1.8179124677413918e-07,6.285174621105096e-07,1.504604868076652e-07,1.0463583175943062e-07,9.10978317956175e-08,1.8179124677413918e-07,1.0463583175943062e-07,9.10978317956175e-08,0.001,2.2051020292202112e-07,1.2642508209288254e-07,2.2051020292202112e-07,4.701211145389067e-07,4.701211145389067e-07,6.285174621105096e-07,1.4701437364925515e-07,4.701211145389067e-07,3.59350715539045e-07,1.627910070469999e-07,1.2642508209288254e-07,6.103810197508601e-07,4.701211145389067e-07,1.8179124677413918e-07,6.103810197508601e-07,6.285174621105096e-07,1.627910070469999e-07,1.2642508209288254e-07,1.8179124677413918e-07,1.8179124677413918e-07,9.10978317956175e-08,1.4701437364925515e-07,6.285174621105096e-07,3.290825121830446e-07,1.627910070469999e-07,1.2642508209288254e-07,1.2089941504083485e-07,2.2051020292202112e-07,1.8179124677413918e-07,1.8179124677413918e-07,6.103810197508601e-07,4.701211145389067e-07,2.2051020292202112e-07,8.22768421736869e-08,8.22768421736869e-08,1.2642508209288254e-07,0.001,4.701211145389067e-07,1.873295375524827e-07,0.001,0.001,1.627910070469999e-07,4.701211145389067e-07,1.8179124677413918e-07,6.285174621105096e-07,1.8179124677413918e-07,6.285174621105096e-07,1.627910070469999e-07,1.2089941504083485e-07,1.4701437364925515e-07,6.285174621105096e-07,2.2051020292202112e-07,3.290825121830446e-07,6.103810197508601e-07,5.140855901848794e-07,4.701211145389067e-07,1.4701437364925515e-07,3.59350715539045e-07,1.627910070469999e-07,1.2642508209288254e-07,3.290825121830446e-07,4.701211145389067e-07,1.627910070469999e-07,0.001,4.701211145389067e-07,6.103810197508601e-07,1.504604868076652e-07,1.2642508209288254e-07,1.873295375524827e-07,1.627910070469999e-07,1.627910070469999e-07
Qatar,3.04595194367719e-07,3.3878230516619953e-07,7.802369310419413e-08,2.815919484362537e-07,0.001,3.04595194367719e-07,2.815919484362537e-07,1.8376715996765235e-07,3.04595194367719e-07,3.6606154711540716e-07,1.5084338069035017e-07,7.802369310419413e-08,4.701211145389067e-07,1.8376715996765235e-07,2.3546687397497292e-07,1.432587722639697e-07,2.405911713828482e-07,1.1441105650682687e-07,2.405911713828482e-07,2.405911713828482e-07,7.802369310419413e-08,1.4565331453993143e-07,7.802369310419413e-08,7.791496668399515e-08,1.8376715996765235e-07,3.6606154711540716e-07,8.968323261376695e-08,4.701211145389067e-07,2.405911713828482e-07,8.968323261376695e-08,3.3878230516619953e-07,7.791496668399515e-08,2.405911713828482e-07,2.6580212053962534e-07,2.3546687397497292e-07,2.6580212053962534e-07,2.815919484362537e-07,2.405911713828482e-07,1.8376715996765235e-07,0.001,2.815919484362537e-07,1.8376715996765235e-07,3.6606154711540716e-07,1.1441105650682687e-07,8.968323261376695e-08,7.791496668399515e-08,1.8376715996765235e-07,8.968323261376695e-08,7.791496668399515e-08,4.701211145389067e-07,3.04595194367719e-07,1.432587722639697e-07,3.04595194367719e-07,0.001,0.001,3.6606154711540716e-07,1.4565331453993143e-07,0.001,3.812712187159341e-07,2.3546687397497292e-07,1.432587722639697e-07,2.6580212053962534e-07,0.001,1.8376715996765235e-07,2.6580212053962534e-07,3.6606154711540716e-07,2.3546687397497292e-07,1.432587722639697e-07,1.8376715996765235e-07,1.8376715996765235e-07,7.791496668399515e-08,1.4565331453993143e-07,3.6606154711540716e-07,3.3878230516619953e-07,2.3546687397497292e-07,1.432587722639697e-07,1.5084338069035017e-07,3.04595194367719e-07,1.8376715996765235e-07,1.8376715996765235e-07,2.6580212053962534e-07,0.001,3.04595194367719e-07,7.802369310419413e-08,7.802369310419413e-08,1.432587722639697e-07,4.701211145389067e-07,0.001,2.405911713828482e-07,4.701211145389067e-07,4.701211145389067e-07,2.3546687397497292e-07,0.001,1.8376715996765235e-07,3.6606154711540716e-07,1.8376715996765235e-07,3.6606154711540716e-07,2.3546687397497292e-07,1.5084338069035017e-07,1.4565331453993143e-07,3.6606154711540716e-07,3.04595194367719e-07,3.3878230516619953e-07,2.6580212053962534e-07,2.815919484362537e-07,0.001,1.4565331453993143e-07,3.812712187159341e-07,2.3546687397497292e-07,1.432587722639697e-07,3.3878230516619953e-07,0.001,2.3546687397497292e-07,4.701211145389067e-07,0.001,2.6580212053962534e-07,1.1441105650682687e-07,1.432587722639697e-07,2.405911713828482e-07,2.3546687397497292e-07,2.3546687397497292e-07
Republic of the Congo,1.48432756356423e-07,3.7648492857960244e-07,1.0610231436341873e-07,1.9717658018075075e-07,2.405911713828482e-07,1.48432756356423e-07,1.9717658018075075e-07,3.760946330623467e-07,1.48432756356423e-07,2.297812881761362e-07,3.21067151192958e-07,1.0610231436341873e-07,1.873295375524827e-07,3.760946330623467e-07,4.345580764587996e-07,9.928882661782423e-08,0.001,1.0029978929384855e-07,0.001,0.001,1.0610231436341873e-07,9.202899560788013e-08,1.0610231436341873e-07,8.473712500192092e-08,3.760946330623467e-07,2.297812881761362e-07,1.0263313033647648e-07,1.873295375524827e-07,0.001,1.0263313033647648e-07,3.7648492857960244e-07,8.473712500192092e-08,0.001,1.555964221853448e-07,4.345580764587996e-07,1.555964221853448e-07,1.9717658018075075e-07,0.001,3.760946330623467e-07,2.405911713828482e-07,1.9717658018075075e-07,3.760946330623467e-07,2.297812881761362e-07,1.0029978929384855e-07,1.0263313033647648e-07,8.473712500192092e-08,3.760946330623467e-07,1.0263313033647648e-07,8.473712500192092e-08,1.873295375524827e-07,1.48432756356423e-07,9.928882661782423e-08,1.48432756356423e-07,2.405911713828482e-07,2.405911713828482e-07,2.297812881761362e-07,9.202899560788013e-08,2.405911713828482e-07,1.4774750666715903e-07,4.345580764587996e-07,9.928882661782423e-08,1.555964221853448e-07,2.405911713828482e-07,3.760946330623467e-07,1.555964221853448e-07,2.297812881761362e-07,4.345580764587996e-07,9.928882661782423e-08,3.760946330623467e-07,3.760946330623467e-07,8.473712500192092e-08,9.202899560788013e-08,2.297812881761362e-07,3.7648492857960244e-07,4.345580764587996e-07,9.928882661782423e-08,3.21067151192958e-07,1.48432756356423e-07,3.760946330623467e-07,3.760946330623467e-07,1.555964221853448e-07,2.405911713828482e-07,1.48432756356423e-07,1.0610231436341873e-07,1.0610231436341873e-07,9.928882661782423e-08,1.873295375524827e-07,2.405911713828482e-07,0.001,1.873295375524827e-07,1.873295375524827e-07,4.345580764587996e-07,2.405911713828482e-07,3.760946330623467e-07,2.297812881761362e-07,3.760946330623467e-07,2.297812881761362e-07,4.345580764587996e-07,3.21067151192958e-07,9.202899560788013e-08,2.297812881761362e-07,1.48432756356423e-07,3.7648492857960244e-07,1.555964221853448e-07,1.9717658018075075e-07,2.405911713828482e-07,9.202899560788013e-08,1.4774750666715903e-07,4.345580764587996e-07,9.928882661782423e-08,3.7648492857960244e-07,2.405911713828482e-07,4.345580764587996e-07,1.873295375524827e-07,2.405911713828482e-07,1.555964221853448e-07,1.0029978929384855e-07,9.928882661782423e-08,0.001,4.345580764587996e-07,4.345580764587996e-07
Romania,2.2051020292202112e-07,3.290825121830446e-07,8.22768421736869e-08,5.140855901848794e-07,4.701211145389067e-07,2.2051020292202112e-07,5.140855901848794e-07,1.8179124677413918e-07,2.2051020292202112e-07,6.285174621105096e-07,1.2089941504083485e-07,8.22768421736869e-08,0.001,1.8179124677413918e-07,1.627910070469999e-07,1.2642508209288254e-07,1.873295375524827e-07,1.504604868076652e-07,1.873295375524827e-07,1.873295375524827e-07,8.22768421736869e-08,1.4701437364925515e-07,8.22768421736869e-08,9.10978317956175e-08,1.8179124677413918e-07,6.285174621105096e-07,1.0463583175943062e-07,0.001,1.873295375524827e-07,1.0463583175943062e-07,3.290825121830446e-07,9.10978317956175e-08,1.873295375524827e-07,6.103810197508601e-07,1.627910070469999e-07,6.103810197508601e-07,5.140855901848794e-07,1.873295375524827e-07,1.8179124677413918e-07,4.701211145389067e-07,5.140855901848794e-07,1.8179124677413918e-07,6.285174621105096e-07,1.504604868076652e-07,1.0463583175943062e-07,9.10978317956175e-08,1.8179124677413918e-07,1.0463583175943062e-07,9.10978317956175e-08,0.001,2.2051020292202112e-07,1.2642508209288254e-07,2.2051020292202112e-07,4.701211145389067e-07,4.701211145389067e-07,6.285174621105096e-07,1.4701437364925515e-07,4.701211145389067e-07,3.59350715539045e-07,1.627910070469999e-07,1.2642508209288254e-07,6.103810197508601e-07,4.701211145389067e-07,1.8179124677413918e-07,6.103810197508601e-07,6.285174621105096e-07,1.627910070469999e-07,1.2642508209288254e-07,1.8179124677413918e-07,1.8179124677413918e-07,9.10978317956175e-08,1.4701437364925515e-07,6.285174621105096e-07,3.290825121830446e-07,1.627910070469999e-07,1.2642508209288254e-07,1.2089941504083485e-07,2.2051020292202112e-07,1.8179124677413918e-07,1.8179124677413918e-07,6.103810197508601e-07,4.701211145389067e-07,2.2051020292202112e-07,8.22768421736869e-08,8.22768421736869e-08,1.2642508209288254e-07,0.001,4.701211145389067e-07,1.873295375524827e-07,0.001,0.001,1.627910070469999e-07,4.701211145389067e-07,1.8179124677413918e-07,6.285174621105096e-07,1.8179124677413918e-07,6.285174621105096e-07,1.627910070469999e-07,1.2089941504083485e-07,1.4701437364925515e-07,6.285174621105096e-07,2.2051020292202112e-07,3.290825121830446e-07,6.103810197508601e-07,5.140855901848794e-07,4.701211145389067e-07,1.4701437364925515e-07,3.59350715539045e-07,1.627910070469999e-07,1.2642508209288254e-07,3.290825121830446e-07,4.701211145389067e-07,1.627910070469999e-07,0.001,4.701211145389067e-07,6.103810197508601e-07,1.504604868076652e-07,1.2642508209288254e-07,1.873295375524827e-07,1.627910070469999e-07,1.627910070469999e-07
Russia,2.2051020292202112e-07,3.290825121830446e-07,8.22768421736869e-08,5.140855901848794e-07,4.701211145389067e-07,2.2051020292202112e-07,5.140855901848794e-07,1.8179124677413918e-07,2.2051020292202112e-07,6.285174621105096e-07,1.2089941504083485e-07,8.22768421736869e-08,0.001,1.8179124677413918e-07,1.627910070469999e-07,1.2642508209288254e-07,1.873295375524827e-07,1.504604868076652e-07,1.873295375524827e-07,1.873295375524827e-07,8.22768421736869e-08,1.4701437364925515e-07,8.22768421736869e-08,9.10978317956175e-08,1.8179124677413918e-07,6.285174621105096e-07,1.0463583175943062e-07,0.001,1.873295375524827e-07,1.0463583175943062e-07,3.290825121830446e-07,9.10978317956175e-08,1.873295375524827e-07,6.103810197508601e-07,1.627910070469999e-07,6.103810197508601e-07,5.140855901848794e-07,1.873295375524827e-07,1.8179124677413918e-07,4.701211145389067e-07,5.140855901848794e-07,1.8179124677413918e-07,6.285174621105096e-07,1.504604868076652e-07,1.0463583175943062e-07,9.10978317956175e-08,1.8179124677413918e-07,1.0463583175943062e-07,9.10978317956175e-08,0.001,2.2051020292202112e-07,1.2642508209288254e-07,2.2051020292202112e-07,4.701211145389067e-07,4.701211145389067e-07,6.285174621105096e-07,1.4701437364925515e-07,4.701211145389067e-07,3.59350715539045e-07,1.627910070469999e-07,1.2642508209288254e-07,6.103810197508601e-07,4.701211145389067e-07,1.8179124677413918e-07,6.103810197508601e-07,6.285174621105096e-07,1.627910070469999e-07,1.2642508209288254e-07,1.8179124677413918e-07,1.8179124677413918e-07,9.10978317956175e-08,1.4701437364925515e-07,6.285174621105096e-07,3.290825121830446e-07,1.627910070469999e-07,1.2642508209288254e-07,1.2089941504083485e-07,2.2051020292202112e-07,1.8179124677413918e-07,1.8179124677413918e-07,6.103810197508601e-07,4.701211145389067e-07,2.2051020292202112e-07,8.22768421736869e-08,8.22768421736869e-08,1.2642508209288254e-07,0.001,4.701211145389067e-07,1.873295375524827e-07,0.001,0.001,1.627910070469999e-07,4.701211145389067e-07,1.8179124677413918e-07,6.285174621105096e-07,1.8179124677413918e-07,6.285174621105096e-07,1.627910070469999e-07,1.2089941504083485e-07,1.4701437364925515e-07,6.285174621105096e-07,2.2051020292202112e-07,3.290825121830446e-07,6.103810197508601e-07,5.140855901848794e-07,4.701211145389067e-07,1.4701437364925515e-07,3.59350715539045e-07,1.627910070469999e-07,1.2642508209288254e-07,3.290825121830446e-07,4.701211145389067e-07,1.627910070469999e-07,0.001,4.701211145389067e-07,6.103810197508601e-07,1.504604868076652e-07,1.2642508209288254e-07,1.873295375524827e-07,1.627910070469999e-07,1.627910070469999e-07
Rwanda,1.7956269912915196e-07,2.2804969857602515e-07,9.031450440305225e-08,1.5080748143698097e-07,2.3546687397497292e-07,1.7956269912915196e-07,1.5080748143698097e-07,2.0180974863968915e-07,1.7956269912915196e-07,1.7366264538720586e-07,3.935704980564676e-07,9.031450440305225e-08,1.627910070469999e-07,2.0180974863968915e-07,0.001,1.2067695008938915e-07,4.345580764587996e-07,8.366079385912031e-08,4.345580764587996e-07,4.345580764587996e-07,9.031450440305225e-08,1.0201699290905453e-07,9.031450440305225e-08,7.109947754831379e-08,2.0180974863968915e-07,1.7366264538720586e-07,8.322606633547895e-08,1.627910070469999e-07,4.345580764587996e-07,8.322606633547895e-08,2.2804969857602515e-07,7.109947754831379e-08,4.345580764587996e-07,1.3132768327340644e-07,0.001,1.3132768327340644e-07,1.5080748143698097e-07,4.345580764587996e-07,2.0180974863968915e-07,2.3546687397497292e-07,1.5080748143698097e-07,2.0180974863968915e-07,1.7366264538720586e-07,8.366079385912031e-08,8.322606633547895e-08,7.109947754831379e-08,2.0180974863968915e-07,8.322606633547895e-08,7.109947754831379e-08,1.627910070469999e-07,1.7956269912915196e-07,1.2067695008938915e-07,1.7956269912915196e-07,2.3546687397497292e-07,2.3546687397497292e-07,1.7366264538720586e-07,1.0201699290905453e-07,2.3546687397497292e-07,1.5542953442347106e-07,0.001,1.2067695008938915e-07,1.3132768327340644e-07,2.3546687397497292e-07,2.0180974863968915e-07,1.3132768327340644e-07,1.7366264538720586e-07,0.001,1.2067695008938915e-07,2.0180974863968915e-07,2.0180974863968915e-07,7.109947754831379e-08,1.0201699290905453e-07,1.7366264538720586e-07,2.2804969857602515e-07,0.001,1.2067695008938915e-07,3.935704980564676e-07,1.7956269912915196e-07,2.0180974863968915e-07,2.0180974863968915e-07,1.3132768327340644e-07,2.3546687397497292e-07,1.7956269912915196e-07,9.031450440305225e-08,9.031450440305225e-08,1.2067695008938915e-07,1.627910070469999e-07,2.3546687397497292e-07,4.345580764587996e-07,1.627910070469999e-07,1.627910070469999e-07,0.001,2.3546687397497292e-07,2.0180974863968915e-07,1.7366264538720586e-07,2.0180974863968915e-07,1.7366264538720586e-07,0.001,3.935704980564676e-07,1.0201699290905453e-07,1.7366264538720586e-07,1.7956269912915196e-07,2.2804969857602515e-07,1.3132768327340644e-07,1.5080748143698097e-07,2.3546687397497292e-07,1.0201699290905453e-07,1.5542953442347106e-07,0.001,1.2067695008938915e-07,2.2804969857602515e-07,2.3546687397497292e-07,0.001,1.627910070469999e-07,2.3546687397497292e-07,1.3132768327340644e-07,8.366079385912031e-08,1.2067695008938915e-07,4.345580764587996e-07,0.001,0.001
Saudi Arabia,3.04595194367719e-07,3.3878230516619953e-07,7.802369310419413e-08,2.815919484362537e-07,0.001,3.04595194367719e-07,2.815919484362537e-07,1.8376715996765235e-07,3.04595194367719e-07,3.6606154711540716e-07,1.5084338069035017e-07,7.802369310419413e-08,4.701211145389067e-07,1.8376715996765235e-07,2.3546687397497292e-07,1.432587722639697e-07,2.405911713828482e-07,1.1441105650682687e-07,2.405911713828482e-07,2.405911713828482e-07,7.802369310419413e-08,1.4565331453993143e-07,7.802369310419413e-08,7.791496668399515e-08,1.8376715996765235e-07,3.6606154711540716e-07,8.968323261376695e-08,4.701211145389067e-07,2.405911713828482e-07,8.968323261376695e-08,3.3878230516619953e-07,7.791496668399515e-08,2.405911713828482e-07,2.6580212053962534e-07,2.3546687397497292e-07,2.6580212053962534e-07,2.815919484362537e-07,2.405911713828482e-07,1.8376715996765235e-07,0.001,2.815919484362537e-07,1.8376715996765235e-07,3.6606154711540716e-07,1.1441105650682687e-07,8.968323261376695e-08,7.791496668399515e-08,1.8376715996765235e-07,8.968323261376695e-08,7.791496668399515e-08,4.701211145389067e-07,3.04595194367719e-07,1.432587722639697e-07,3.04595194367719e-07,0.001,0.001,3.6606154711540716e-07,1.4565331453993143e-07,0.001,3.812712187159341e-07,2.3546687397497292e-07,1.432587722639697e-07,2.6580212053962534e-07,0.001,1.8376715996765235e-07,2.6580212053962534e-07,3.6606154711540716e-07,2.3546687397497292e-07,1.432587722639697e-07,1.8376715996765235e-07,1.8376715996765235e-07,7.791496668399515e-08,1.4565331453993143e-07,3.6606154711540716e-07,3.3878230516619953e-07,2.3546687397497292e-07,1.432587722639697e-07,1.5084338069035017e-07,3.04595194367719e-07,1.8376715996765235e-07,1.8376715996765235e-07,2.6580212053962534e-07,0.001,3.04595194367719e-07,7.802369310419413e-08,7.802369310419413e-08,1.432587722639697e-07,4.701211145389067e-07,0.001,2.405911713828482e-07,4.701211145389067e-07,4.701211145389067e-07,2.3546687397497292e-07,0.001,1.8376715996765235e-07,3.6606154711540716e-07,1.8376715996765235e-07,3.6606154711540716e-07,2.3546687397497292e-07,1.5084338069035017e-07,1.4565331453993143e-07,3.6606154711540716e-07,3.04595194367719e-07,3.3878230516619953e-07,2.6580212053962534e-07,2.815919484362537e-07,0.001,1.4565331453993143e-07,3.812712187159341e-07,2.3546687397497292e-07,1.432587722639697e-07,3.3878230516619953e-07,0.001,2.3546687397497292e-07,4.701211145389067e-07,0.001,2.6580212053962534e-07,1.1441105650682687e-07,1.432587722639697e-07,2.405911713828482e-07,2.3546687397497292e-07,2.3546687397497292e-07
Senegal,1.1600765800882102e-07,3.8754912631917674e-07,1.348811438880539e-07,2.3742913706248567e-07,1.8376715996765235e-07,1.1600765800882102e-07,2.3742913706248567e-07,0.001,1.1600765800882102e-07,2.51727468785103e-07,2.0140947894729932e-07,1.348811438880539e-07,1.8179124677413918e-07,0.001,2.0180974863968915e-07,8.154608231945776e-08,3.760946330623467e-07,1.2798444780003275e-07,3.760946330623467e-07,3.760946330623467e-07,1.348811438880539e-07,8.211380599939465e-08,1.348811438880539e-07,1.0928639557283959e-07,0.001,2.51727468785103e-07,1.410128290009708e-07,1.8179124677413918e-07,3.760946330623467e-07,1.410128290009708e-07,3.8754912631917674e-07,1.0928639557283959e-07,3.760946330623467e-07,1.7181548799544146e-07,2.0180974863968915e-07,1.7181548799544146e-07,2.3742913706248567e-07,3.760946330623467e-07,0.001,1.8376715996765235e-07,2.3742913706248567e-07,0.001,2.51727468785103e-07,1.2798444780003275e-07,1.410128290009708e-07,1.0928639557283959e-07,0.001,1.410128290009708e-07,1.0928639557283959e-07,1.8179124677413918e-07,1.1600765800882102e-07,8.154608231945776e-08,1.1600765800882102e-07,1.8376715996765235e-07,1.8376715996765235e-07,2.51727468785103e-07,8.211380599939465e-08,1.8376715996765235e-07,1.2691180074121644e-07,2.0180974863968915e-07,8.154608231945776e-08,1.7181548799544146e-07,1.8376715996765235e-07,0.001,1.7181548799544146e-07,2.51727468785103e-07,2.0180974863968915e-07,8.154608231945776e-08,0.001,0.001,1.0928639557283959e-07,8.211380599939465e-08,2.51727468785103e-07,3.8754912631917674e-07,2.0180974863968915e-07,8.154608231945776e-08,2.0140947894729932e-07,1.1600765800882102e-07,0.001,0.001,1.7181548799544146e-07,1.8376715996765235e-07,1.1600765800882102e-07,1.348811438880539e-07,1.348811438880539e-07,8.154608231945776e-08,1.8179124677413918e-07,1.8376715996765235e-07,3.760946330623467e-07,1.8179124677413918e-07,1.8179124677413918e-07,2.0180974863968915e-07,1.8376715996765235e-07,0.001,2.51727468785103e-07,0.001,2.51727468785103e-07,2.0180974863968915e-07,2.0140947894729932e-07,8.211380599939465e-08,2.51727468785103e-07,1.1600765800882102e-07,3.8754912631917674e-07,1.7181548799544146e-07,2.3742913706248567e-07,1.8376715996765235e-07,8.211380599939465e-08,1.2691180074121644e-07,2.0180974863968915e-07,8.154608231945776e-08,3.8754912631917674e-07,1.8376715996765235e-07,2.0180974863968915e-07,1.8179124677413918e-07,1.8376715996765235e-07,1.7181548799544146e-07,1.2798444780003275e-07,8.154608231945776e-08,3.760946330623467e-07,2.0180974863968915e-07,2.0180974863968915e-07
Serbia,1.725053056643599e-07,5.751374504484346e-07,9.405610272044893e-08,1.0982373795468545e-06,3.6606154711540716e-07,1.725053056643599e-07,1.0982373795468545e-06,2.51727468785103e-07,1.725053056643599e-07,0.001,1.341679358562406e-07,9.405610272044893e-08,6.285174621105096e-07,2.51727468785103e-07,1.7366264538720586e-07,1.0684248682860553e-07,2.297812881761362e-07,1.575536953786449e-07,2.297812881761362e-07,2.297812881761362e-07,9.405610272044893e-08,1.1914684353801368e-07,9.405610272044893e-08,9.88760616784629e-08,2.51727468785103e-07,0.001,1.1859492274736157e-07,6.285174621105096e-07,2.297812881761362e-07,1.1859492274736157e-07,5.751374504484346e-07,9.88760616784629e-08,2.297812881761362e-07,4.795588165770195e-07,1.7366264538720586e-07,4.795588165770195e-07,1.0982373795468545e-06,2.297812881761362e-07,2.51727468785103e-07,3.6606154711540716e-07,1.0982373795468545e-06,2.51727468785103e-07,0.001,1.575536953786449e-07,1.1859492274736157e-07,9.88760616784629e-08,2.51727468785103e-07,1.1859492274736157e-07,9.88760616784629e-08,6.285174621105096e-07,1.725053056643599e-07,1.0684248682860553e-07,1.725053056643599e-07,3.6606154711540716e-07,3.6606154711540716e-07,0.001,1.1914684353801368e-07,3.6606154711540716e-07,2.32573759065993e-07,1.7366264538720586e-07,1.0684248682860553e-07,4.795588165770195e-07,3.6606154711540716e-07,2.51727468785103e-07,4.795588165770195e-07,0.001,1.7366264538720586e-07,1.0684248682860553e-07,2.51727468785103e-07,2.51727468785103e-07,9.88760616784629e-08,1.1914684353801368e-07,0.001,5.751374504484346e-07,1.7366264538720586e-07,1.0684248682860553e-07,1.341679358562406e-07,1.725053056643599e-07,2.51727468785103e-07,2.51727468785103e-07,4.795588165770195e-07,3.6606154711540716e-07,1.725053056643599e-07,9.405610272044893e-08,9.405610272044893e-08,1.0684248682860553e-07,6.285174621105096e-07,3.6606154711540716e-07,2.297812881761362e-07,6.285174621105096e-07,6.285174621105096e-07,1.7366264538720586e-07,3.6606154711540716e-07,2.51727468785103e-07,0.001,2.51727468785103e-07,0.001,1.7366264538720586e-07,1.341679358562406e-07,1.1914684353801368e-07,0.001,1.725053056643599e-07,5.751374504484346e-07,4.795588165770195e-07,1.0982373795468545e-06,3.6606154711540716e-07,1.1914684353801368e-07,2.32573759065993e-07,1.7366264538720586e-07,1.0684248682860553e-07,5.751374504484346e-07,3.6606154711540716e-07,1.7366264538720586e-07,6.285174621105096e-07,3.6606154711540716e-07,4.795588165770195e-07,1.575536953786449e-07,1.0684248682860553e-07,2.297812881761362e-07,1.7366264538720586e-07,1.7366264538720586e-07
Sierra Leone,1.1600765800882102e-07,3.8754912631917674e-07,1.348811438880539e-07,2.3742913706248567e-07,1.8376715996765235e-07,1.1600765800882102e-07,2.3742913706248567e-07,0.001,1.1600765800882102e-07,2.51727468785103e-07,2.0140947894729932e-07,1.348811438880539e-07,1.8179124677413918e-07,0.001,2.0180974863968915e-07,8.154608231945776e-08,3.760946330623467e-07,1.2798444780003275e-07,3.760946330623467e-07,3.760946330623467e-07,1.348811438880539e-07,8.211380599939465e-08,1.348811438880539e-07,1.0928639557283959e-07,0.001,2.51727468785103e-07,1.410128290009708e-07,1.8179124677413918e-07,3.760946330623467e-07,1.410128290009708e-07,3.8754912631917674e-07,1.0928639557283959e-07,3.760946330623467e-07,1.7181548799544146e-07,2.0180974863968915e-07,1.7181548799544146e-07,2.3742913706248567e-07,3.760946330623467e-07,0.001,1.8376715996765235e-07,2.3742913706248567e-07,0.001,2.51727468785103e-07,1.2798444780003275e-07,1.410128290009708e-07,1.0928639557283959e-07,0.001,1.410128290009708e-07,1.0928639557283959e-07,1.8179124677413918e-07,1.1600765800882102e-07,8.154608231945776e-08,1.1600765800882102e-07,1.8376715996765235e-07,1.8376715996765235e-07,2.51727468785103e-07,8.211380599939465e-08,1.8376715996765235e-07,1.2691180074121644e-07,2.0180974863968915e-07,8.154608231945776e-08,1.7181548799544146e-07,1.8376715996765235e-07,0.001,1.7181548799544146e-07,2.51727468785103e-07,2.0180974863968915e-07,8.154608231945776e-08,0.001,0.001,1.0928639557283959e-07,8.211380599939465e-08,2.51727468785103e-07,3.8754912631917674e-07,2.0180974863968915e-07,8.154608231945776e-08,2.0140947894729932e-07,1.1600765800882102e-07,0.001,0.001,1.7181548799544146e-07,1.8376715996765235e-07,1.1600765800882102e-07,1.348811438880539e-07,1.348811438880539e-07,8.154608231945776e-08,1.8179124677413918e-07,1.8376715996765235e-07,3.760946330623467e-07,1.8179124677413918e-07,1.8179124677413918e-07,2.0180974863968915e-07,1.8376715996765235e-07,0.001,2.51727468785103e-07,0.001,2.51727468785103e-07,2.0180974863968915e-07,2.0140947894729932e-07,8.211380599939465e-08,2.51727468785103e-07,1.1600765800882102e-07,3.8754912631917674e-07,1.7181548799544146e-07,2.3742913706248567e-07,1.8376715996765235e-07,8.211380599939465e-08,1.2691180074121644e-07,2.0180974863968915e-07,8.154608231945776e-08,3.8754912631917674e-07,1.8376715996765235e-07,2.0180974863968915e-07,1.8179124677413918e-07,1.8376715996765235e-07,1.7181548799544146e-07,1.2798444780003275e-07,8.154608231945776e-08,3.760946330623467e-07,2.0180974863968915e-07,2.0180974863968915e-07
Slovenia,1.725053056643599e-07,5.751374504484346e-07,9.405610272044893e-08,1.0982373795468545e-06,3.6606154711540716e-07,1.725053056643599e-07,1.0982373795468545e-06,2.51727468785103e-07,1.725053056643599e-07,0.001,1.341679358562406e-07,9.405610272044893e-08,6.285174621105096e-07,2.51727468785103e-07,1.7366264538720586e-07,1.0684248682860553e-07,2.297812881761362e-07,1.575536953786449e-07,2.297812881761362e-07,2.297812881761362e-07,9.405610272044893e-08,1.1914684353801368e-07,9.405610272044893e-08,9.88760616784629e-08,2.51727468785103e-07,0.001,1.1859492274736157e-07,6.285174621105096e-07,2.297812881761362e-07,1.1859492274736157e-07,5.751374504484346e-07,9.88760616784629e-08,2.297812881761362e-07,4.795588165770195e-07,1.7366264538720586e-07,4.795588165770195e-07,1.0982373795468545e-06,2.297812881761362e-07,2.51727468785103e-07,3.6606154711540716e-07,1.0982373795468545e-06,2.51727468785103e-07,0.001,1.575536953786449e-07,1.1859492274736157e-07,9.88760616784629e-08,2.51727468785103e-07,1.1859492274736157e-07,9.88760616784629e-08,6.285174621105096e-07,1.725053056643599e-07,1.0684248682860553e-07,1.725053056643599e-07,3.6606154711540716e-07,3.6606154711540716e-07,0.001,1.1914684353801368e-07,3.6606154711540716e-07,2.32573759065993e-07,1.7366264538720586e-07,1.0684248682860553e-07,4.795588165770195e-07,3.6606154711540716e-07,2.51727468785103e-07,4.795588165770195e-07,0.001,1.7366264538720586e-07,1.0684248682860553e-07,2.51727468785103e-07,2.51727468785103e-07,9.88760616784629e-08,1.1914684353801368e-07,0.001,5.751374504484346e-07,1.7366264538720586e-07,1.0684248682860553e-07,1.341679358562406e-07,1.725053056643599e-07,2.51727468785103e-07,2.51727468785103e-07,4.795588165770195e-07,3.6606154711540716e-07,1.725053056643599e-07,9.405610272044893e-08,9.405610272044893e-08,1.0684248682860553e-07,6.285174621105096e-07,3.6606154711540716e-07,2.297812881761362e-07,6.285174621105096e-07,6.285174621105096e-07,1.7366264538720586e-07,3.6606154711540716e-07,2.51727468785103e-07,0.001,2.51727468785103e-07,0.001,1.7366264538720586e-07,1.341679358562406e-07,1.1914684353801368e-07,0.001,1.725053056643599e-07,5.751374504484346e-07,4.795588165770195e-07,1.0982373795468545e-06,3.6606154711540716e-07,1.1914684353801368e-07,2.32573759065993e-07,1.7366264538720586e-07,1.0684248682860553e-07,5.751374504484346e-07,3.6606154711540716e-07,1.7366264538720586e-07,6.285174621105096e-07,3.6606154711540716e-07,4.795588165770195e-07,1.575536953786449e-07,1.0684248682860553e-07,2.297812881761362e-07,1.7366264538720586e-07,1.7366264538720586e-07
Somalia,1.7956269912915196e-07,2.2804969857602515e-07,9.031450440305225e-08,1.5080748143698097e-07,2.3546687397497292e-07,1.7956269912915196e-07,1.5080748143698097e-07,2.0180974863968915e-07,1.7956269912915196e-07,1.7366264538720586e-07,3.935704980564676e-07,9.031450440305225e-08,1.627910070469999e-07,2.0180974863968915e-07,0.001,1.2067695008938915e-07,4.345580764587996e-07,8.366079385912031e-08,4.345580764587996e-07,4.345580764587996e-07,9.031450440305225e-08,1.0201699290905453e-07,9.031450440305225e-08,7.109947754831379e-08,2.0180974863968915e-07,1.7366264538720586e-07,8.322606633547895e-08,1.627910070469999e-07,4.345580764587996e-07,8.322606633547895e-08,2.2804969857602515e-07,7.109947754831379e-08,4.345580764587996e-07,1.3132768327340644e-07,0.001,1.3132768327340644e-07,1.5080748143698097e-07,4.345580764587996e-07,2.0180974863968915e-07,2.3546687397497292e-07,1.5080748143698097e-07,2.0180974863968915e-07,1.7366264538720586e-07,8.366079385912031e-08,8.322606633547895e-08,7.109947754831379e-08,2.0180974863968915e-07,8.322606633547895e-08,7.109947754831379e-08,1.627910070469999e-07,1.7956269912915196e-07,1.2067695008938915e-07,1.7956269912915196e-07,2.3546687397497292e-07,2.3546687397497292e-07,1.7366264538720586e-07,1.0201699290905453e-07,2.3546687397497292e-07,1.5542953442347106e-07,0.001,1.2067695008938915e-07,1.3132768327340644e-07,2.3546687397497292e-07,2.0180974863968915e-07,1.3132768327340644e-07,1.7366264538720586e-07,0.001,1.2067695008938915e-07,2.0180974863968915e-07,2.0180974863968915e-07,7.109947754831379e-08,1.0201699290905453e-07,1.7366264538720586e-07,2.2804969857602515e-07,0.001,1.2067695008938915e-07,3.935704980564676e-07,1.7956269912915196e-07,2.0180974863968915e-07,2.0180974863968915e-07,1.3132768327340644e-07,2.3546687397497292e-07,1.7956269912915196e-07,9.031450440305225e-08,9.031450440305225e-08,1.2067695008938915e-07,1.627910070469999e-07,2.3546687397497292e-07,4.345580764587996e-07,1.627910070469999e-07,1.627910070469999e-07,0.001,2.3546687397497292e-07,2.0180974863968915e-07,1.7366264538720586e-07,2.0180974863968915e-07,1.7366264538720586e-07,0.001,3.935704980564676e-07,1.0201699290905453e-07,1.7366264538720586e-07,1.7956269912915196e-07,2.2804969857602515e-07,1.3132768327340644e-07,1.5080748143698097e-07,2.3546687397497292e-07,1.0201699290905453e-07,1.5542953442347106e-07,0.001,1.2067695008938915e-07,2.2804969857602515e-07,2.3546687397497292e-07,0.001,1.627910070469999e-07,2.3546687397497292e-07,1.3132768327340644e-07,8.366079385912031e-08,1.2067695008938915e-07,4.345580764587996e-07,0.001,0.001
South Africa,1.24352338912691e-07,1.7328789233937284e-07,1.1091343527664071e-07,1.2216128570635672e-07,1.5084338069035017e-07,1.24352338912691e-07,1.2216128570635672e-07,2.0140947894729932e-07,1.24352338912691e-07,1.341679358562406e-07,0.001,1.1091343527664071e-07,1.2089941504083485e-07,2.0140947894729932e-07,3.935704980564676e-07,9.765539140438323e-08,3.21067151192958e-07,7.827732532073989e-08,3.21067151192958e-07,3.21067151192958e-07,1.1091343527664071e-07,8.197932253782194e-08,1.1091343527664071e-07,7.746777110269657e-08,2.0140947894729932e-07,1.341679358562406e-07,9.011741326866149e-08,1.2089941504083485e-07,3.21067151192958e-07,9.011741326866149e-08,1.7328789233937284e-07,7.746777110269657e-08,3.21067151192958e-07,1.0515320536490969e-07,3.935704980564676e-07,1.0515320536490969e-07,1.2216128570635672e-07,3.21067151192958e-07,2.0140947894729932e-07,1.5084338069035017e-07,1.2216128570635672e-07,2.0140947894729932e-07,1.341679358562406e-07,7.827732532073989e-08,9.011741326866149e-08,7.746777110269657e-08,2.0140947894729932e-07,9.011741326866149e-08,7.746777110269657e-08,1.2089941504083485e-07,1.24352338912691e-07,9.765539140438323e-08,1.24352338912691e-07,1.5084338069035017e-07,1.5084338069035017e-07,1.341679358562406e-07,8.197932253782194e-08,1.5084338069035017e-07,1.1160143960556997e-07,3.935704980564676e-07,9.765539140438323e-08,1.0515320536490969e-07,1.5084338069035017e-07,2.0140947894729932e-07,1.0515320536490969e-07,1.341679358562406e-07,3.935704980564676e-07,9.765539140438323e-08,2.0140947894729932e-07,2.0140947894729932e-07,7.746777110269657e-08,8.197932253782194e-08,1.341679358562406e-07,1.7328789233937284e-07,3.935704980564676e-07,9.765539140438323e-08,0.001,1.24352338912691e-07,2.0140947894729932e-07,2.0140947894729932e-07,1.0515320536490969e-07,1.5084338069035017e-07,1.24352338912691e-07,1.1091343527664071e-07,1.1091343527664071e-07,9.765539140438323e-08,1.2089941504083485e-07,1.5084338069035017e-07,3.21067151192958e-07,1.2089941504083485e-07,1.2089941504083485e-07,3.935704980564676e-07,1.5084338069035017e-07,2.0140947894729932e-07,1.341679358562406e-07,2.0140947894729932e-07,1.341679358562406e-07,3.935704980564676e-07,0.001,8.197932253782194e-08,1.341679358562406e-07,1.24352338912691e-07,1.7328789233937284e-07,1.0515320536490969e-07,1.2216128570635672e-07,1.5084338069035017e-07,8.197932253782194e-08,1.1160143960556997e-07,3.935704980564676e-07,9.765539140438323e-08,1.7328789233937284e-07,1.5084338069035017e-07,3.935704980564676e-07,1.2089941504083485e-07,1.5084338069035017e-07,1.0515320536490969e-07,7.827732532073989e-08,9.765539140438323e-08,3.21067151192958e-07,3.935704980564676e-07,3.935704980564676e-07
South Korea,2.35150920094436e-07,1.0418506110234917e-07,5.584263658506971e-08,1.1712439626003127e-07,1.4565331453993143e-07,2.35150920094436e-07,1.1712439626003127e-07,8.211380599939465e-08,2.35150920094436e-07,1.1914684353801368e-07,8.197932253782194e-08,5.584263658506971e-08,1.4701437364925515e-07,8.211380599939465e-08,1.0201699290905453e-07,3.523171077981093e-07,9.202899560788013e-08,1.0339751836355411e-07,9.202899560788013e-08,9.202899560788013e-08,5.584263658506971e-08,0.001,5.584263658506971e-08,7.373547284302947e-08,8.211380599939465e-08,1.1914684353801368e-07,7.147188360449683e-08,1.4701437364925515e-07,9.202899560788013e-08,7.147188360449683e-08,1.0418506110234917e-07,7.373547284302947e-08,9.202899560788013e-08,1.3992529693526664e-07,1.0201699290905453e-07,1.3992529693526664e-07,1.1712439626003127e-07,9.202899560788013e-08,8.211380599939465e-08,1.4565331453993143e-07,1.1712439626003127e-07,8.211380599939465e-08,1.1914684353801368e-07,1.0339751836355411e-07,7.147188360449683e-08,7.373547284302947e-08,8.211380599939465e-08,7.147188360449683e-08,7.373547284302947e-08,1.4701437364925515e-07,2.35150920094436e-07,3.523171077981093e-07,2.35150920094436e-07,1.4565331453993143e-07,1.4565331453993143e-07,1.1914684353801368e-07,0.001,1.4565331453993143e-07,2.321058092513378e-07,1.0201699290905453e-07,3.523171077981093e-07,1.3992529693526664e-07,1.4565331453993143e-07,8.211380599939465e-08,1.3992529693526664e-07,1.1914684353801368e-07,1.0201699290905453e-07,3.523171077981093e-07,8.211380599939465e-08,8.211380599939465e-08,7.373547284302947e-08,0.001,1.1914684353801368e-07,1.0418506110234917e-07,1.0201699290905453e-07,3.523171077981093e-07,8.197932253782194e-08,2.35150920094436e-07,8.211380599939465e-08,8.211380599939465e-08,1.3992529693526664e-07,1.4565331453993143e-07,2.35150920094436e-07,5.584263658506971e-08,5.584263658506971e-08,3.523171077981093e-07,1.4701437364925515e-07,1.4565331453993143e-07,9.202899560788013e-08,1.4701437364925515e-07,1.4701437364925515e-07,1.0201699290905453e-07,1.4565331453993143e-07,8.211380599939465e-08,1.1914684353801368e-07,8.211380599939465e-08,1.1914684353801368e-07,1.0201699290905453e-07,8.197932253782194e-08,0.001,1.1914684353801368e-07,2.35150920094436e-07,1.0418506110234917e-07,1.3992529693526664e-07,1.1712439626003127e-07,1.4565331453993143e-07,0.001,2.321058092513378e-07,1.0201699290905453e-07,3.523171077981093e-07,1.0418506110234917e-07,1.4565331453993143e-07,1.0201699290905453e-07,1.4701437364925515e-07,1.4565331453993143e-07,1.3992529693526664e-07,1.0339751836355411e-07,3.523171077981093e-07,9.202899560788013e-08,1.0201699290905453e-07,1.0201699290905453e-07
Spain,1.725053056643599e-07,5.751374504484346e-07,9.405610272044893e-08,1.0982373795468545e-06,3.6606154711540716e-07,1.725053056643599e-07,1.0982373795468545e-06,2.51727468785103e-07,1.725053056643599e-07,0.001,1.341679358562406e-07,9.405610272044893e-08,6.285174621105096e-07,2.51727468785103e-07,1.7366264538720586e-07,1.0684248682860553e-07,2.297812881761362e-07,1.575536953786449e-07,2.297812881761362e-07,2.297812881761362e-07,9.405610272044893e-08,1.1914684353801368e-07,9.405610272044893e-08,9.88760616784629e-08,2.51727468785103e-07,0.001,1.1859492274736157e-07,6.285174621105096e-07,2.297812881761362e-07,1.1859492274736157e-07,5.751374504484346e-07,9.88760616784629e-08,2.297812881761362e-07,4.795588165770195e-07,1.7366264538720586e-07,4.795588165770195e-07,1.0982373795468545e-06,2.297812881761362e-07,2.51727468785103e-07,3.6606154711540716e-07,1.0982373795468545e-06,2.51727468785103e-07,0.001,1.575536953786449e-07,1.1859492274736157e-07,9.88760616784629e-08,2.51727468785103e-07,1.1859492274736157e-07,9.88760616784629e-08,6.285174621105096e-07,1.725053056643599e-07,1.0684248682860553e-07,1.725053056643599e-07,3.6606154711540716e-07,3.6606154711540716e-07,0.001,1.1914684353801368e-07,3.6606154711540716e-07,2.32573759065993e-07,1.7366264538720586e-07,1.0684248682860553e-07,4.795588165770195e-07,3.6606154711540716e-07,2.51727468785103e-07,4.795588165770195e-07,0.001,1.7366264538720586e-07,1.0684248682860553e-07,2.51727468785103e-07,2.51727468785103e-07,9.88760616784629e-08,1.1914684353801368e-07,0.001,5.751374504484346e-07,1.7366264538720586e-07,1.0684248682860553e-07,1.341679358562406e-07,1.725053056643599e-07,2.51727468785103e-07,2.51727468785103e-07,4.795588165770195e-07,3.6606154711540716e-07,1.725053056643599e-07,9.405610272044893e-08,9.405610272044893e-08,1.0684248682860553e-07,6.285174621105096e-07,3.6606154711540716e-07,2.297812881761362e-07,6.285174621105096e-07,6.285174621105096e-07,1.7366264538720586e-07,3.6606154711540716e-07,2.51727468785103e-07,0.001,2.51727468785103e-07,0.001,1.7366264538720586e-07,1.341679358562406e-07,1.1914684353801368e-07,0.001,1.725053056643599e-07,5.751374504484346e-07,4.795588165770195e-07,1.0982373795468545e-06,3.6606154711540716e-07,1.1914684353801368e-07,2.32573759065993e-07,1.7366264538720586e-07,1.0684248682860553e-07,5.751374504484346e-07,3.6606154711540716e-07,1.7366264538720586e-07,6.285174621105096e-07,3.6606154711540716e-07,4.795588165770195e-07,1.575536953786449e-07,1.0684248682860553e-07,2.297812881761362e-07,1.7366264538720586e-07,1.7366264538720586e-07
Sri Lanka,0.001,1.6067380923256965e-07,6.237575674365235e-08,1.553875133958547e-07,3.04595194367719e-07,0.001,1.553875133958547e-07,1.1600765800882102e-07,0.001,1.725053056643599e-07,1.24352338912691e-07,6.237575674365235e-08,2.2051020292202112e-07,1.1600765800882102e-07,1.7956269912915196e-07,2.702899275652735e-07,1.48432756356423e-07,9.431998719084027e-08,1.48432756356423e-07,1.48432756356423e-07,6.237575674365235e-08,2.35150920094436e-07,6.237575674365235e-08,6.543700521154625e-08,1.1600765800882102e-07,1.725053056643599e-07,7.098330416848066e-08,2.2051020292202112e-07,1.48432756356423e-07,7.098330416848066e-08,1.6067380923256965e-07,6.543700521154625e-08,1.48432756356423e-07,1.6998360697088591e-07,1.7956269912915196e-07,1.6998360697088591e-07,1.553875133958547e-07,1.48432756356423e-07,1.1600765800882102e-07,3.04595194367719e-07,1.553875133958547e-07,1.1600765800882102e-07,1.725053056643599e-07,9.431998719084027e-08,7.098330416848066e-08,6.543700521154625e-08,1.1600765800882102e-07,7.098330416848066e-08,6.543700521154625e-08,2.2051020292202112e-07,0.001,2.702899275652735e-07,0.001,3.04595194367719e-07,3.04595194367719e-07,1.725053056643599e-07,2.35150920094436e-07,3.04595194367719e-07,4.708061659943275e-07,1.7956269912915196e-07,2.702899275652735e-07,1.6998360697088591e-07,3.04595194367719e-07,1.1600765800882102e-07,1.6998360697088591e-07,1.725053056643599e-07,1.7956269912915196e-07,2.702899275652735e-07,1.1600765800882102e-07,1.1600765800882102e-07,6.543700521154625e-08,2.35150920094436e-07,1.725053056643599e-07,1.6067380923256965e-07,1.7956269912915196e-07,2.702899275652735e-07,1.24352338912691e-07,0.001,1.1600765800882102e-07,1.1600765800882102e-07,1.6998360697088591e-07,3.04595194367719e-07,0.001,6.237575674365235e-08,6.237575674365235e-08,2.702899275652735e-07,2.2051020292202112e-07,3.04595194367719e-07,1.48432756356423e-07,2.2051020292202112e-07,2.2051020292202112e-07,1.7956269912915196e-07,3.04595194367719e-07,1.1600765800882102e-07,1.725053056643599e-07,1.1600765800882102e-07,1.725053056643599e-07,1.7956269912915196e-07,1.24352338912691e-07,2.35150920094436e-07,1.725053056643599e-07,0.001,1.6067380923256965e-07,1.6998360697088591e-07,1.553875133958547e-07,3.04595194367719e-07,2.35150920094436e-07,4.708061659943275e-07,1.7956269912915196e-07,2.702899275652735e-07,1.6067380923256965e-07,3.04595194367719e-07,1.7956269912915196e-07,2.2051020292202112e-07,3.04595194367719e-07,1.6998360697088591e-07,9.431998719084027e-08,2.702899275652735e-07,1.48432756356423e-07,1.7956269912915196e-07,1.7956269912915196e-07
Sudan,1.6067380923256965e-07,0.001,1.0133358566130746e-07,4.139427467668838e-07,3.3878230516619953e-07,1.6067380923256965e-07,4.139427467668838e-07,3.8754912631917674e-07,1.6067380923256965e-07,5.751374504484346e-07,1.7328789233937284e-07,1.0133358566130746e-07,3.290825121830446e-07,3.8754912631917674e-07,2.2804969857602515e-07,1.0077268511995287e-07,3.7648492857960244e-07,1.3213391912541147e-07,3.7648492857960244e-07,3.7648492857960244e-07,1.0133358566130746e-07,1.0418506110234917e-07,1.0133358566130746e-07,9.484815196482228e-08,3.8754912631917674e-07,5.751374504484346e-07,1.1620814529260744e-07,3.290825121830446e-07,3.7648492857960244e-07,1.1620814529260744e-07,0.001,9.484815196482228e-08,3.7648492857960244e-07,2.6163805727496193e-07,2.2804969857602515e-07,2.6163805727496193e-07,4.139427467668838e-07,3.7648492857960244e-07,3.8754912631917674e-07,3.3878230516619953e-07,4.139427467668838e-07,3.8754912631917674e-07,5.751374504484346e-07,1.3213391912541147e-07,1.1620814529260744e-07,9.484815196482228e-08,3.8754912631917674e-07,1.1620814529260744e-07,9.484815196482228e-08,3.290825121830446e-07,1.6067380923256965e-07,1.0077268511995287e-07,1.6067380923256965e-07,3.3878230516619953e-07,3.3878230516619953e-07,5.751374504484346e-07,1.0418506110234917e-07,3.3878230516619953e-07,1.886650838445934e-07,2.2804969857602515e-07,1.0077268511995287e-07,2.6163805727496193e-07,3.3878230516619953e-07,3.8754912631917674e-07,2.6163805727496193e-07,5.751374504484346e-07,2.2804969857602515e-07,1.0077268511995287e-07,3.8754912631917674e-07,3.8754912631917674e-07,9.484815196482228e-08,1.0418506110234917e-07,5.751374504484346e-07,0.001,2.2804969857602515e-07,1.0077268511995287e-07,1.7328789233937284e-07,1.6067380923256965e-07,3.8754912631917674e-07,3.8754912631917674e-07,2.6163805727496193e-07,3.3878230516619953e-07,1.6067380923256965e-07,1.0133358566130746e-07,1.0133358566130746e-07,1.0077268511995287e-07,3.290825121830446e-07,3.3878230516619953e-07,3.7648492857960244e-07,3.290825121830446e-07,3.290825121830446e-07,2.2804969857602515e-07,3.3878230516619953e-07,3.8754912631917674e-07,5.751374504484346e-07,3.8754912631917674e-07,5.751374504484346e-07,2.2804969857602515e-07,1.7328789233937284e-07,1.0418506110234917e-07,5.751374504484346e-07,1.6067380923256965e-07,0.001,2.6163805727496193e-07,4.139427467668838e-07,3.3878230516619953e-07,1.0418506110234917e-07,1.886650838445934e-07,2.2804969857602515e-07,1.0077268511995287e-07,0.001,3.3878230516619953e-07,2.2804969857602515e-07,3.290825121830446e-07,3.3878230516619953e-07,2.6163805727496193e-07,1.3213391912541147e-07,1.0077268511995287e-07,3.7648492857960244e-07,2.2804969857602515e-07,2.2804969857602515e-07
Svalbard,1.6998360697088591e-07,2.6163805727496193e-07,8.792027031974543e-08,6.215458886063083e-07,2.6580212053962534e-07,1.6998360697088591e-07,6.215458886063083e-07,1.7181548799544146e-07,1.6998360697088591e-07,4.795588165770195e-07,1.0515320536490969e-07,8.792027031974543e-08,6.103810197508601e-07,1.7181548799544146e-07,1.3132768327340644e-07,1.1275987511099315e-07,1.555964221853448e-07,1.9923062998111207e-07,1.555964221853448e-07,1.555964221853448e-07,8.792027031974543e-08,1.3992529693526664e-07,8.792027031974543e-08,1.0559762176485935e-07,1.7181548799544146e-07,4.795588165770195e-07,1.2114862715152069e-07,6.103810197508601e-07,1.555964221853448e-07,1.2114862715152069e-07,2.6163805727496193e-07,1.0559762176485935e-07,1.555964221853448e-07,0.001,1.3132768327340644e-07,0.001,6.215458886063083e-07,1.555964221853448e-07,1.7181548799544146e-07,2.6580212053962534e-07,6.215458886063083e-07,1.7181548799544146e-07,4.795588165770195e-07,1.9923062998111207e-07,1.2114862715152069e-07,1.0559762176485935e-07,1.7181548799544146e-07,1.2114862715152069e-07,1.0559762176485935e-07,6.103810197508601e-07,1.6998360697088591e-07,1.1275987511099315e-07,1.6998360697088591e-07,2.6580212053962534e-07,2.6580212053962534e-07,4.795588165770195e-07,1.3992529693526664e-07,2.6580212053962534e-07,2.5879291202511233e-07,1.3132768327340644e-07,1.1275987511099315e-07,0.001,2.6580212053962534e-07,1.7181548799544146e-07,0.001,4.795588165770195e-07,1.3132768327340644e-07,1.1275987511099315e-07,1.7181548799544146e-07,1.7181548799544146e-07,1.0559762176485935e-07,1.3992529693526664e-07,4.795588165770195e-07,2.6163805727496193e-07,1.3132768327340644e-07,1.1275987511099315e-07,1.0515320536490969e-07,1.6998360697088591e-07,1.7181548799544146e-07,1.7181548799544146e-07,0.001,2.6580212053962534e-07,1.6998360697088591e-07,8.792027031974543e-08,8.792027031974543e-08,1.1275987511099315e-07,6.103810197508601e-07,2.6580212053962534e-07,1.555964221853448e-07,6.103810197508601e-07,6.103810197508601e-07,1.3132768327340644e-07,2.6580212053962534e-07,1.7181548799544146e-07,4.795588165770195e-07,1.7181548799544146e-07,4.795588165770195e-07,1.3132768327340644e-07,1.0515320536490969e-07,1.3992529693526664e-07,4.795588165770195e-07,1.6998360697088591e-07,2.6163805727496193e-07,0.001,6.215458886063083e-07,2.6580212053962534e-07,1.3992529693526664e-07,2.5879291202511233e-07,1.3132768327340644e-07,1.1275987511099315e-07,2.6163805727496193e-07,2.6580212053962534e-07,1.3132768327340644e-07,6.103810197508601e-07,2.6580212053962534e-07,0.001,1.9923062998111207e-07,1.1275987511099315e-07,1.555964221853448e-07,1.3132768327340644e-07,1.3132768327340644e-07
Switzerland,1.553875133958547e-07,4.139427467668838e-07,9.766713740430463e-08,0.001,2.815919484362537e-07,1.553875133958547e-07,0.001,2.3742913706248567e-07,1.553875133958547e-07,1.0982373795468545e-06,1.2216128570635672e-07,9.766713740430463e-08,5.140855901848794e-07,2.3742913706248567e-07,1.5080748143698097e-07,1.0149370436826583e-07,1.9717658018075075e-07,1.839135149678658e-07,1.9717658018075075e-07,1.9717658018075075e-07,9.766713740430463e-08,1.1712439626003127e-07,9.766713740430463e-08,1.0769621003128483e-07,2.3742913706248567e-07,1.0982373795468545e-06,1.2995017291781167e-07,5.140855901848794e-07,1.9717658018075075e-07,1.2995017291781167e-07,4.139427467668838e-07,1.0769621003128483e-07,1.9717658018075075e-07,6.215458886063083e-07,1.5080748143698097e-07,6.215458886063083e-07,0.001,1.9717658018075075e-07,2.3742913706248567e-07,2.815919484362537e-07,0.001,2.3742913706248567e-07,1.0982373795468545e-06,1.839135149678658e-07,1.2995017291781167e-07,1.0769621003128483e-07,2.3742913706248567e-07,1.2995017291781167e-07,1.0769621003128483e-07,5.140855901848794e-07,1.553875133958547e-07,1.0149370436826583e-07,1.553875133958547e-07,2.815919484362537e-07,2.815919484362537e-07,1.0982373795468545e-06,1.1712439626003127e-07,2.815919484362537e-07,2.1183594329292855e-07,1.5080748143698097e-07,1.0149370436826583e-07,6.215458886063083e-07,2.815919484362537e-07,2.3742913706248567e-07,6.215458886063083e-07,1.0982373795468545e-06,1.5080748143698097e-07,1.0149370436826583e-07,2.3742913706248567e-07,2.3742913706248567e-07,1.0769621003128483e-07,1.1712439626003127e-07,1.0982373795468545e-06,4.139427467668838e-07,1.5080748143698097e-07,1.0149370436826583e-07,1.2216128570635672e-07,1.553875133958547e-07,2.3742913706248567e-07,2.3742913706248567e-07,6.215458886063083e-07,2.815919484362537e-07,1.553875133958547e-07,9.766713740430463e-08,9.766713740430463e-08,1.0149370436826583e-07,5.140855901848794e-07,2.815919484362537e-07,1.9717658018075075e-07,5.140855901848794e-07,5.140855901848794e-07,1.5080748143698097e-07,2.815919484362537e-07,2.3742913706248567e-07,1.0982373795468545e-06,2.3742913706248567e-07,1.0982373795468545e-06,1.5080748143698097e-07,1.2216128570635672e-07,1.1712439626003127e-07,1.0982373795468545e-06,1.553875133958547e-07,4.139427467668838e-07,6.215458886063083e-07,0.001,2.815919484362537e-07,1.1712439626003127e-07,2.1183594329292855e-07,1.5080748143698097e-07,1.0149370436826583e-07,4.139427467668838e-07,2.815919484362537e-07,1.5080748143698097e-07,5.140855901848794e-07,2.815919484362537e-07,6.215458886063083e-07,1.839135149678658e-07,1.0149370436826583e-07,1.9717658018075075e-07,1.5080748143698097e-07,1.5080748143698097e-07
Syria,3.04595194367719e-07,3.3878230516619953e-07,7.802369310419413e-08,2.815919484362537e-07,0.001,3.04595194367719e-07,2.815919484362537e-07,1.8376715996765235e-07,3.04595194367719e-07,3.6606154711540716e-07,1.5084338069035017e-07,7.802369310419413e-08,4.701211145389067e-07,1.8376715996765235e-07,2.3546687397497292e-07,1.432587722639697e-07,2.405911713828482e-07,1.1441105650682687e-07,2.405911713828482e-07,2.405911713828482e-07,7.802369310419413e-08,1.4565331453993143e-07,7.802369310419413e-08,7.791496668399515e-08,1.8376715996765235e-07,3.6606154711540716e-07,8.968323261376695e-08,4.701211145389067e-07,2.405911713828482e-07,8.968323261376695e-08,3.3878230516619953e-07,7.791496668399515e-08,2.405911713828482e-07,2.6580212053962534e-07,2.3546687397497292e-07,2.6580212053962534e-07,2.815919484362537e-07,2.405911713828482e-07,1.8376715996765235e-07,0.001,2.815919484362537e-07,1.8376715996765235e-07,3.6606154711540716e-07,1.1441105650682687e-07,8.968323261376695e-08,7.791496668399515e-08,1.8376715996765235e-07,8.968323261376695e-08,7.791496668399515e-08,4.701211145389067e-07,3.04595194367719e-07,1.432587722639697e-07,3.04595194367719e-07,0.001,0.001,3.6606154711540716e-07,1.4565331453993143e-07,0.001,3.812712187159341e-07,2.3546687397497292e-07,1.432587722639697e-07,2.6580212053962534e-07,0.001,1.8376715996765235e-07,2.6580212053962534e-07,3.6606154711540716e-07,2.3546687397497292e-07,1.432587722639697e-07,1.8376715996765235e-07,1.8376715996765235e-07,7.791496668399515e-08,1.4565331453993143e-07,3.6606154711540716e-07,3.3878230516619953e-07,2.3546687397497292e-07,1.432587722639697e-07,1.5084338069035017e-07,3.04595194367719e-07,1.8376715996765235e-07,1.8376715996765235e-07,2.6580212053962534e-07,0.001,3.04595194367719e-07,7.802369310419413e-08,7.802369310419413e-08,1.432587722639697e-07,4.701211145389067e-07,0.001,2.405911713828482e-07,4.701211145389067e-07,4.701211145389067e-07,2.3546687397497292e-07,0.001,1.8376715996765235e-07,3.6606154711540716e-07,1.8376715996765235e-07,3.6606154711540716e-07,2.3546687397497292e-07,1.5084338069035017e-07,1.4565331453993143e-07,3.6606154711540716e-07,3.04595194367719e-07,3.3878230516619953e-07,2.6580212053962534e-07,2.815919484362537e-07,0.001,1.4565331453993143e-07,3.812712187159341e-07,2.3546687397497292e-07,1.432587722639697e-07,3.3878230516619953e-07,0.001,2.3546687397497292e-07,4.701211145389067e-07,0.001,2.6580212053962534e-07,1.1441105650682687e-07,1.432587722639697e-07,2.405911713828482e-07,2.3546687397497292e-07,2.3546687397497292e-07
Taiwan,2.35150920094436e-07,1.0418506110234917e-07,5.584263658506971e-08,1.1712439626003127e-07,1.4565331453993143e-07,2.35150920094436e-07,1.1712439626003127e-07,8.211380599939465e-08,2.35150920094436e-07,1.1914684353801368e-07,8.197932253782194e-08,5.584263658506971e-08,1.4701437364925515e-07,8.211380599939465e-08,1.0201699290905453e-07,3.523171077981093e-07,9.202899560788013e-08,1.0339751836355411e-07,9.202899560788013e-08,9.202899560788013e-08,5.584263658506971e-08,0.001,5.584263658506971e-08,7.373547284302947e-08,8.211380599939465e-08,1.1914684353801368e-07,7.147188360449683e-08,1.4701437364925515e-07,9.202899560788013e-08,7.147188360449683e-08,1.0418506110234917e-07,7.373547284302947e-08,9.202899560788013e-08,1.3992529693526664e-07,1.0201699290905453e-07,1.3992529693526664e-07,1.1712439626003127e-07,9.202899560788013e-08,8.211380599939465e-08,1.4565331453993143e-07,1.1712439626003127e-07,8.211380599939465e-08,1.1914684353801368e-07,1.0339751836355411e-07,7.147188360449683e-08,7.373547284302947e-08,8.211380599939465e-08,7.147188360449683e-08,7.373547284302947e-08,1.4701437364925515e-07,2.35150920094436e-07,3.523171077981093e-07,2.35150920094436e-07,1.4565331453993143e-07,1.4565331453993143e-07,1.1914684353801368e-07,0.001,1.4565331453993143e-07,2.321058092513378e-07,1.0201699290905453e-07,3.523171077981093e-07,1.3992529693526664e-07,1.4565331453993143e-07,8.211380599939465e-08,1.3992529693526664e-07,1.1914684353801368e-07,1.0201699290905453e-07,3.523171077981093e-07,8.211380599939465e-08,8.211380599939465e-08,7.373547284302947e-08,0.001,1.1914684353801368e-07,1.0418506110234917e-07,1.0201699290905453e-07,3.523171077981093e-07,8.197932253782194e-08,2.35150920094436e-07,8.211380599939465e-08,8.211380599939465e-08,1.3992529693526664e-07,1.4565331453993143e-07,2.35150920094436e-07,5.584263658506971e-08,5.584263658506971e-08,3.523171077981093e-07,1.4701437364925515e-07,1.4565331453993143e-07,9.202899560788013e-08,1.4701437364925515e-07,1.4701437364925515e-07,1.0201699290905453e-07,1.4565331453993143e-07,8.211380599939465e-08,1.1914684353801368e-07,8.211380599939465e-08,1.1914684353801368e-07,1.0201699290905453e-07,8.197932253782194e-08,0.001,1.1914684353801368e-07,2.35150920094436e-07,1.0418506110234917e-07,1.3992529693526664e-07,1.1712439626003127e-07,1.4565331453993143e-07,0.001,2.321058092513378e-07,1.0201699290905453e-07,3.523171077981093e-07,1.0418506110234917e-07,1.4565331453993143e-07,1.0201699290905453e-07,1.4701437364925515e-07,1.4565331453993143e-07,1.3992529693526664e-07,1.0339751836355411e-07,3.523171077981093e-07,9.202899560788013e-08,1.0201699290905453e-07,1.0201699290905453e-07
Tajikistan,4.708061659943275e-07,1.886650838445934e-07,6.698899990092903e-08,2.1183594329292855e-07,3.812712187159341e-07,4.708061659943275e-07,2.1183594329292855e-07,1.2691180074121644e-07,4.708061659943275e-07,2.32573759065993e-07,1.1160143960556997e-07,6.698899990092903e-08,3.59350715539045e-07,1.2691180074121644e-07,1.5542953442347106e-07,1.947896033924642e-07,1.4774750666715903e-07,1.1794414344126908e-07,1.4774750666715903e-07,1.4774750666715903e-07,6.698899990092903e-08,2.321058092513378e-07,6.698899990092903e-08,7.598038281907994e-08,1.2691180074121644e-07,2.32573759065993e-07,8.252686026669518e-08,3.59350715539045e-07,1.4774750666715903e-07,8.252686026669518e-08,1.886650838445934e-07,7.598038281907994e-08,1.4774750666715903e-07,2.5879291202511233e-07,1.5542953442347106e-07,2.5879291202511233e-07,2.1183594329292855e-07,1.4774750666715903e-07,1.2691180074121644e-07,3.812712187159341e-07,2.1183594329292855e-07,1.2691180074121644e-07,2.32573759065993e-07,1.1794414344126908e-07,8.252686026669518e-08,7.598038281907994e-08,1.2691180074121644e-07,8.252686026669518e-08,7.598038281907994e-08,3.59350715539045e-07,4.708061659943275e-07,1.947896033924642e-07,4.708061659943275e-07,3.812712187159341e-07,3.812712187159341e-07,2.32573759065993e-07,2.321058092513378e-07,3.812712187159341e-07,0.001,1.5542953442347106e-07,1.947896033924642e-07,2.5879291202511233e-07,3.812712187159341e-07,1.2691180074121644e-07,2.5879291202511233e-07,2.32573759065993e-07,1.5542953442347106e-07,1.947896033924642e-07,1.2691180074121644e-07,1.2691180074121644e-07,7.598038281907994e-08,2.321058092513378e-07,2.32573759065993e-07,1.886650838445934e-07,1.5542953442347106e-07,1.947896033924642e-07,1.1160143960556997e-07,4.708061659943275e-07,1.2691180074121644e-07,1.2691180074121644e-07,2.5879291202511233e-07,3.812712187159341e-07,4.708061659943275e-07,6.698899990092903e-08,6.698899990092903e-08,1.947896033924642e-07,3.59350715539045e-07,3.812712187159341e-07,1.4774750666715903e-07,3.59350715539045e-07,3.59350715539045e-07,1.5542953442347106e-07,3.812712187159341e-07,1.2691180074121644e-07,2.32573759065993e-07,1.2691180074121644e-07,2.32573759065993e-07,1.5542953442347106e-07,1.1160143960556997e-07,2.321058092513378e-07,2.32573759065993e-07,4.708061659943275e-07,1.886650838445934e-07,2.5879291202511233e-07,2.1183594329292855e-07,3.812712187159341e-07,2.321058092513378e-07,0.001,1.5542953442347106e-07,1.947896033924642e-07,1.886650838445934e-07,3.812712187159341e-07,1.5542953442347106e-07,3.59350715539045e-07,3.812712187159341e-07,2.5879291202511233e-07,1.1794414344126908e-07,1.947896033924642e-07,1.4774750666715903e-07,1.5542953442347106e-07,1.5542953442347106e-07
Tanzania,1.7956269912915196e-07,2.2804969857602515e-07,9.031450440305225e-08,1.5080748143698097e-07,2.3546687397497292e-07,1.7956269912915196e-07,1.5080748143698097e-07,2.0180974863968915e-07,1.7956269912915196e-07,1.7366264538720586e-07,3.935704980564676e-07,9.031450440305225e-08,1.627910070469999e-07,2.0180974863968915e-07,0.001,1.2067695008938915e-07,4.345580764587996e-07,8.366079385912031e-08,4.345580764587996e-07,4.345580764587996e-07,9.031450440305225e-08,1.0201699290905453e-07,9.031450440305225e-08,7.109947754831379e-08,2.0180974863968915e-07,1.7366264538720586e-07,8.322606633547895e-08,1.627910070469999e-07,4.345580764587996e-07,8.322606633547895e-08,2.2804969857602515e-07,7.109947754831379e-08,4.345580764587996e-07,1.3132768327340644e-07,0.001,1.3132768327340644e-07,1.5080748143698097e-07,4.345580764587996e-07,2.0180974863968915e-07,2.3546687397497292e-07,1.5080748143698097e-07,2.0180974863968915e-07,1.7366264538720586e-07,8.366079385912031e-08,8.322606633547895e-08,7.109947754831379e-08,2.0180974863968915e-07,8.322606633547895e-08,7.109947754831379e-08,1.627910070469999e-07,1.7956269912915196e-07,1.2067695008938915e-07,1.7956269912915196e-07,2.3546687397497292e-07,2.3546687397497292e-07,1.7366264538720586e-07,1.0201699290905453e-07,2.3546687397497292e-07,1.5542953442347106e-07,0.001,1.2067695008938915e-07,1.3132768327340644e-07,2.3546687397497292e-07,2.0180974863968915e-07,1.3132768327340644e-07,1.7366264538720586e-07,0.001,1.2067695008938915e-07,2.0180974863968915e-07,2.0180974863968915e-07,7.109947754831379e-08,1.0201699290905453e-07,1.7366264538720586e-07,2.2804969857602515e-07,0.001,1.2067695008938915e-07,3.935704980564676e-07,1.7956269912915196e-07,2.0180974863968915e-07,2.0180974863968915e-07,1.3132768327340644e-07,2.3546687397497292e-07,1.7956269912915196e-07,9.031450440305225e-08,9.031450440305225e-08,1.2067695008938915e-07,1.627910070469999e-07,2.3546687397497292e-07,4.345580764587996e-07,1.627910070469999e-07,1.627910070469999e-07,0.001,2.3546687397497292e-07,2.0180974863968915e-07,1.7366264538720586e-07,2.0180974863968915e-07,1.7366264538720586e-07,0.001,3.935704980564676e-07,1.0201699290905453e-07,1.7366264538720586e-07,1.7956269912915196e-07,2.2804969857602515e-07,1.3132768327340644e-07,1.5080748143698097e-07,2.3546687397497292e-07,1.0201699290905453e-07,1.5542953442347106e-07,0.001,1.2067695008938915e-07,2.2804969857602515e-07,2.3546687397497292e-07,0.001,1.627910070469999e-07,2.3546687397497292e-07,1.3132768327340644e-07,8.366079385912031e-08,1.2067695008938915e-07,4.345580764587996e-07,0.001,0.001
Thailand,2.702899275652735e-07,1.0077268511995287e-07,5.2122190199751614e-08,1.0149370436826583e-07,1.432587722639697e-07,2.702899275652735e-07,1.0149370436826583e-07,8.154608231945776e-08,2.702899275652735e-07,1.0684248682860553e-07,9.765539140438323e-08,5.2122190199751614e-08,1.2642508209288254e-07,8.154608231945776e-08,1.2067695008938915e-07,0.001,9.928882661782423e-08,8.067569886430383e-08,9.928882661782423e-08,9.928882661782423e-08,5.2122190199751614e-08,3.523171077981093e-07,5.2122190199751614e-08,6.116739402956076e-08,8.154608231945776e-08,1.0684248682860553e-07,5.981930683114495e-08,1.2642508209288254e-07,9.928882661782423e-08,5.981930683114495e-08,1.0077268511995287e-07,6.116739402956076e-08,9.928882661782423e-08,1.1275987511099315e-07,1.2067695008938915e-07,1.1275987511099315e-07,1.0149370436826583e-07,9.928882661782423e-08,8.154608231945776e-08,1.432587722639697e-07,1.0149370436826583e-07,8.154608231945776e-08,1.0684248682860553e-07,8.067569886430383e-08,5.981930683114495e-08,6.116739402956076e-08,8.154608231945776e-08,5.981930683114495e-08,6.116739402956076e-08,1.2642508209288254e-07,2.702899275652735e-07,0.001,2.702899275652735e-07,1.432587722639697e-07,1.432587722639697e-07,1.0684248682860553e-07,3.523171077981093e-07,1.432587722639697e-07,1.947896033924642e-07,1.2067695008938915e-07,0.001,1.1275987511099315e-07,1.432587722639697e-07,8.154608231945776e-08,1.1275987511099315e-07,1.0684248682860553e-07,1.2067695008938915e-07,0.001,8.154608231945776e-08,8.154608231945776e-08,6.116739402956076e-08,3.523171077981093e-07,1.0684248682860553e-07,1.0077268511995287e-07,1.2067695008938915e-07,0.001,9.765539140438323e-08,2.702899275652735e-07,8.154608231945776e-08,8.154608231945776e-08,1.1275987511099315e-07,1.432587722639697e-07,2.702899275652735e-07,5.2122190199751614e-08,5.2122190199751614e-08,0.001,1.2642508209288254e-07,1.432587722639697e-07,9.928882661782423e-08,1.2642508209288254e-07,1.2642508209288254e-07,1.2067695008938915e-07,1.432587722639697e-07,8.154608231945776e-08,1.0684248682860553e-07,8.154608231945776e-08,1.0684248682860553e-07,1.2067695008938915e-07,9.765539140438323e-08,3.523171077981093e-07,1.0684248682860553e-07,2.702899275652735e-07,1.0077268511995287e-07,1.1275987511099315e-07,1.0149370436826583e-07,1.432587722639697e-07,3.523171077981093e-07,1.947896033924642e-07,1.2067695008938915e-07,0.001,1.0077268511995287e-07,1.432587722639697e-07,1.2067695008938915e-07,1.2642508209288254e-07,1.432587722639697e-07,1.1275987511099315e-07,8.067569886430383e-08,0.001,9.928882661782423e-08,1.2067695008938915e-07,1.2067695008938915e-07
Tunisia,1.6067380923256965e-07,0.001,1.0133358566130746e-07,4.139427467668838e-07,3.3878230516619953e-07,1.6067380923256965e-07,4.139427467668838e-07,3.8754912631917674e-07,1.6067380923256965e-07,5.751374504484346e-07,1.7328789233937284e-07,1.0133358566130746e-07,3.290825121830446e-07,3.8754912631917674e-07,2.2804969857602515e-07,1.0077268511995287e-07,3.7648492857960244e-07,1.3213391912541147e-07,3.7648492857960244e-07,3.7648492857960244e-07,1.0133358566130746e-07,1.0418506110234917e-07,1.0133358566130746e-07,9.484815196482228e-08,3.8754912631917674e-07,5.751374504484346e-07,1.1620814529260744e-07,3.290825121830446e-07,3.7648492857960244e-07,1.1620814529260744e-07,0.001,9.484815196482228e-08,3.7648492857960244e-07,2.6163805727496193e-07,2.2804969857602515e-07,2.6163805727496193e-07,4.139427467668838e-07,3.7648492857960244e-07,3.8754912631917674e-07,3.3878230516619953e-07,4.139427467668838e-07,3.8754912631917674e-07,5.751374504484346e-07,1.3213391912541147e-07,1.1620814529260744e-07,9.484815196482228e-08,3.8754912631917674e-07,1.1620814529260744e-07,9.484815196482228e-08,3.290825121830446e-07,1.6067380923256965e-07,1.0077268511995287e-07,1.6067380923256965e-07,3.3878230516619953e-07,3.3878230516619953e-07,5.751374504484346e-07,1.0418506110234917e-07,3.3878230516619953e-07,1.886650838445934e-07,2.2804969857602515e-07,1.0077268511995287e-07,2.6163805727496193e-07,3.3878230516619953e-07,3.8754912631917674e-07,2.6163805727496193e-07,5.751374504484346e-07,2.2804969857602515e-07,1.0077268511995287e-07,3.8754912631917674e-07,3.8754912631917674e-07,9.484815196482228e-08,1.0418506110234917e-07,5.751374504484346e-07,0.001,2.2804969857602515e-07,1.0077268511995287e-07,1.7328789233937284e-07,1.6067380923256965e-07,3.8754912631917674e-07,3.8754912631917674e-07,2.6163805727496193e-07,3.3878230516619953e-07,1.6067380923256965e-07,1.0133358566130746e-07,1.0133358566130746e-07,1.0077268511995287e-07,3.290825121830446e-07,3.3878230516619953e-07,3.7648492857960244e-07,3.290825121830446e-07,3.290825121830446e-07,2.2804969857602515e-07,3.3878230516619953e-07,3.8754912631917674e-07,5.751374504484346e-07,3.8754912631917674e-07,5.751374504484346e-07,2.2804969857602515e-07,1.7328789233937284e-07,1.0418506110234917e-07,5.751374504484346e-07,1.6067380923256965e-07,0.001,2.6163805727496193e-07,4.139427467668838e-07,3.3878230516619953e-07,1.0418506110234917e-07,1.886650838445934e-07,2.2804969857602515e-07,1.0077268511995287e-07,0.001,3.3878230516619953e-07,2.2804969857602515e-07,3.290825121830446e-07,3.3878230516619953e-07,2.6163805727496193e-07,1.3213391912541147e-07,1.0077268511995287e-07,3.7648492857960244e-07,2.2804969857602515e-07,2.2804969857602515e-07
Turkey,3.04595194367719e-07,3.3878230516619953e-07,7.802369310419413e-08,2.815919484362537e-07,0.001,3.04595194367719e-07,2.815919484362537e-07,1.8376715996765235e-07,3.04595194367719e-07,3.6606154711540716e-07,1.5084338069035017e-07,7.802369310419413e-08,4.701211145389067e-07,1.8376715996765235e-07,2.3546687397497292e-07,1.432587722639697e-07,2.405911713828482e-07,1.1441105650682687e-07,2.405911713828482e-07,2.405911713828482e-07,7.802369310419413e-08,1.4565331453993143e-07,7.802369310419413e-08,7.791496668399515e-08,1.8376715996765235e-07,3.6606154711540716e-07,8.968323261376695e-08,4.701211145389067e-07,2.405911713828482e-07,8.968323261376695e-08,3.3878230516619953e-07,7.791496668399515e-08,2.405911713828482e-07,2.6580212053962534e-07,2.3546687397497292e-07,2.6580212053962534e-07,2.815919484362537e-07,2.405911713828482e-07,1.8376715996765235e-07,0.001,2.815919484362537e-07,1.8376715996765235e-07,3.6606154711540716e-07,1.1441105650682687e-07,8.968323261376695e-08,7.791496668399515e-08,1.8376715996765235e-07,8.968323261376695e-08,7.791496668399515e-08,4.701211145389067e-07,3.04595194367719e-07,1.432587722639697e-07,3.04595194367719e-07,0.001,0.001,3.6606154711540716e-07,1.4565331453993143e-07,0.001,3.812712187159341e-07,2.3546687397497292e-07,1.432587722639697e-07,2.6580212053962534e-07,0.001,1.8376715996765235e-07,2.6580212053962534e-07,3.6606154711540716e-07,2.3546687397497292e-07,1.432587722639697e-07,1.8376715996765235e-07,1.8376715996765235e-07,7.791496668399515e-08,1.4565331453993143e-07,3.6606154711540716e-07,3.3878230516619953e-07,2.3546687397497292e-07,1.432587722639697e-07,1.5084338069035017e-07,3.04595194367719e-07,1.8376715996765235e-07,1.8376715996765235e-07,2.6580212053962534e-07,0.001,3.04595194367719e-07,7.802369310419413e-08,7.802369310419413e-08,1.432587722639697e-07,4.701211145389067e-07,0.001,2.405911713828482e-07,4.701211145389067e-07,4.701211145389067e-07,2.3546687397497292e-07,0.001,1.8376715996765235e-07,3.6606154711540716e-07,1.8376715996765235e-07,3.6606154711540716e-07,2.3546687397497292e-07,1.5084338069035017e-07,1.4565331453993143e-07,3.6606154711540716e-07,3.04595194367719e-07,3.3878230516619953e-07,2.6580212053962534e-07,2.815919484362537e-07,0.001,1.4565331453993143e-07,3.812712187159341e-07,2.3546687397497292e-07,1.432587722639697e-07,3.3878230516619953e-07,0.001,2.3546687397497292e-07,4.701211145389067e-07,0.001,2.6580212053962534e-07,1.1441105650682687e-07,1.432587722639697e-07,2.405911713828482e-07,2.3546687397497292e-07,2.3546687397497292e-07
Uganda,1.7956269912915196e-07,2.2804969857602515e-07,9.031450440305225e-08,1.5080748143698097e-07,2.3546687397497292e-07,1.7956269912915196e-07,1.5080748143698097e-07,2.0180974863968915e-07,1.7956269912915196e-07,1.7366264538720586e-07,3.935704980564676e-07,9.031450440305225e-08,1.627910070469999e-07,2.0180974863968915e-07,0.001,1.2067695008938915e-07,4.345580764587996e-07,8.366079385912031e-08,4.345580764587996e-07,4.345580764587996e-07,9.031450440305225e-08,1.0201699290905453e-07,9.031450440305225e-08,7.109947754831379e-08,2.0180974863968915e-07,1.7366264538720586e-07,8.322606633547895e-08,1.627910070469999e-07,4.345580764587996e-07,8.322606633547895e-08,2.2804969857602515e-07,7.109947754831379e-08,4.345580764587996e-07,1.3132768327340644e-07,0.001,1.3132768327340644e-07,1.5080748143698097e-07,4.345580764587996e-07,2.0180974863968915e-07,2.3546687397497292e-07,1.5080748143698097e-07,2.0180974863968915e-07,1.7366264538720586e-07,8.366079385912031e-08,8.322606633547895e-08,7.109947754831379e-08,2.0180974863968915e-07,8.322606633547895e-08,7.109947754831379e-08,1.627910070469999e-07,1.7956269912915196e-07,1.2067695008938915e-07,1.7956269912915196e-07,2.3546687397497292e-07,2.3546687397497292e-07,1.7366264538720586e-07,1.0201699290905453e-07,2.3546687397497292e-07,1.5542953442347106e-07,0.001,1.2067695008938915e-07,1.3132768327340644e-07,2.3546687397497292e-07,2.0180974863968915e-07,1.3132768327340644e-07,1.7366264538720586e-07,0.001,1.2067695008938915e-07,2.0180974863968915e-07,2.0180974863968915e-07,7.109947754831379e-08,1.0201699290905453e-07,1.7366264538720586e-07,2.2804969857602515e-07,0.001,1.2067695008938915e-07,3.935704980564676e-07,1.7956269912915196e-07,2.0180974863968915e-07,2.0180974863968915e-07,1.3132768327340644e-07,2.3546687397497292e-07,1.7956269912915196e-07,9.031450440305225e-08,9.031450440305225e-08,1.2067695008938915e-07,1.627910070469999e-07,2.3546687397497292e-07,4.345580764587996e-07,1.627910070469999e-07,1.627910070469999e-07,0.001,2.3546687397497292e-07,2.0180974863968915e-07,1.7366264538720586e-07,2.0180974863968915e-07,1.7366264538720586e-07,0.001,3.935704980564676e-07,1.0201699290905453e-07,1.7366264538720586e-07,1.7956269912915196e-07,2.2804969857602515e-07,1.3132768327340644e-07,1.5080748143698097e-07,2.3546687397497292e-07,1.0201699290905453e-07,1.5542953442347106e-07,0.001,1.2067695008938915e-07,2.2804969857602515e-07,2.3546687397497292e-07,0.001,1.627910070469999e-07,2.3546687397497292e-07,1.3132768327340644e-07,8.366079385912031e-08,1.2067695008938915e-07,4.345580764587996e-07,0.001,0.001
Ukraine,2.2051020292202112e-07,3.290825121830446e-07,8.22768421736869e-08,5.140855901848794e-07,4.701211145389067e-07,2.2051020292202112e-07,5.140855901848794e-07,1.8179124677413918e-07,2.2051020292202112e-07,6.285174621105096e-07,1.2089941504083485e-07,8.22768421736869e-08,0.001,1.8179124677413918e-07,1.627910070469999e-07,1.2642508209288254e-07,1.873295375524827e-07,1.504604868076652e-07,1.873295375524827e-07,1.873295375524827e-07,8.22768421736869e-08,1.4701437364925515e-07,8.22768421736869e-08,9.10978317956175e-08,1.8179124677413918e-07,6.285174621105096e-07,1.0463583175943062e-07,0.001,1.873295375524827e-07,1.0463583175943062e-07,3.290825121830446e-07,9.10978317956175e-08,1.873295375524827e-07,6.103810197508601e-07,1.627910070469999e-07,6.103810197508601e-07,5.140855901848794e-07,1.873295375524827e-07,1.8179124677413918e-07,4.701211145389067e-07,5.140855901848794e-07,1.8179124677413918e-07,6.285174621105096e-07,1.504604868076652e-07,1.0463583175943062e-07,9.10978317956175e-08,1.8179124677413918e-07,1.0463583175943062e-07,9.10978317956175e-08,0.001,2.2051020292202112e-07,1.2642508209288254e-07,2.2051020292202112e-07,4.701211145389067e-07,4.701211145389067e-07,6.285174621105096e-07,1.4701437364925515e-07,4.701211145389067e-07,3.59350715539045e-07,1.627910070469999e-07,1.2642508209288254e-07,6.103810197508601e-07,4.701211145389067e-07,1.8179124677413918e-07,6.103810197508601e-07,6.285174621105096e-07,1.627910070469999e-07,1.2642508209288254e-07,1.8179124677413918e-07,1.8179124677413918e-07,9.10978317956175e-08,1.4701437364925515e-07,6.285174621105096e-07,3.290825121830446e-07,1.627910070469999e-07,1.2642508209288254e-07,1.2089941504083485e-07,2.2051020292202112e-07,1.8179124677413918e-07,1.8179124677413918e-07,6.103810197508601e-07,4.701211145389067e-07,2.2051020292202112e-07,8.22768421736869e-08,8.22768421736869e-08,1.2642508209288254e-07,0.001,4.701211145389067e-07,1.873295375524827e-07,0.001,0.001,1.627910070469999e-07,4.701211145389067e-07,1.8179124677413918e-07,6.285174621105096e-07,1.8179124677413918e-07,6.285174621105096e-07,1.627910070469999e-07,1.2089941504083485e-07,1.4701437364925515e-07,6.285174621105096e-07,2.2051020292202112e-07,3.290825121830446e-07,6.103810197508601e-07,5.140855901848794e-07,4.701211145389067e-07,1.4701437364925515e-07,3.59350715539045e-07,1.627910070469999e-07,1.2642508209288254e-07,3.290825121830446e-07,4.701211145389067e-07,1.627910070469999e-07,0.001,4.701211145389067e-07,6.103810197508601e-07,1.504604868076652e-07,1.2642508209288254e-07,1.873295375524827e-07,1.627910070469999e-07,1.627910070469999e-07
United Arab Emirates,3.04595194367719e-07,3.3878230516619953e-07,7.802369310419413e-08,2.815919484362537e-07,0.001,3.04595194367719e-07,2.815919484362537e-07,1.8376715996765235e-07,3.04595194367719e-07,3.6606154711540716e-07,1.5084338069035017e-07,7.802369310419413e-08,4.701211145389067e-07,1.8376715996765235e-07,2.3546687397497292e-07,1.432587722639697e-07,2.405911713828482e-07,1.1441105650682687e-07,2.405911713828482e-07,2.405911713828482e-07,7.802369310419413e-08,1.4565331453993143e-07,7.802369310419413e-08,7.791496668399515e-08,1.8376715996765235e-07,3.6606154711540716e-07,8.968323261376695e-08,4.701211145389067e-07,2.405911713828482e-07,8.968323261376695e-08,3.3878230516619953e-07,7.791496668399515e-08,2.405911713828482e-07,2.6580212053962534e-07,2.3546687397497292e-07,2.6580212053962534e-07,2.815919484362537e-07,2.405911713828482e-07,1.8376715996765235e-07,0.001,2.815919484362537e-07,1.8376715996765235e-07,3.6606154711540716e-07,1.1441105650682687e-07,8.968323261376695e-08,7.791496668399515e-08,1.8376715996765235e-07,8.968323261376695e-08,7.791496668399515e-08,4.701211145389067e-07,3.04595194367719e-07,1.432587722639697e-07,3.04595194367719e-07,0.001,0.001,3.6606154711540716e-07,1.4565331453993143e-07,0.001,3.812712187159341e-07,2.3546687397497292e-07,1.432587722639697e-07,2.6580212053962534e-07,0.001,1.8376715996765235e-07,2.6580212053962534e-07,3.6606154711540716e-07,2.3546687397497292e-07,1.432587722639697e-07,1.8376715996765235e-07,1.8376715996765235e-07,7.791496668399515e-08,1.4565331453993143e-07,3.6606154711540716e-07,3.3878230516619953e-07,2.3546687397497292e-07,1.432587722639697e-07,1.5084338069035017e-07,3.04595194367719e-07,1.8376715996765235e-07,1.8376715996765235e-07,2.6580212053962534e-07,0.001,3.04595194367719e-07,7.802369310419413e-08,7.802369310419413e-08,1.432587722639697e-07,4.701211145389067e-07,0.001,2.405911713828482e-07,4.701211145389067e-07,4.701211145389067e-07,2.3546687397497292e-07,0.001,1.8376715996765235e-07,3.6606154711540716e-07,1.8376715996765235e-07,3.6606154711540716e-07,2.3546687397497292e-07,1.5084338069035017e-07,1.4565331453993143e-07,3.6606154711540716e-07,3.04595194367719e-07,3.3878230516619953e-07,2.6580212053962534e-07,2.815919484362537e-07,0.001,1.4565331453993143e-07,3.812712187159341e-07,2.3546687397497292e-07,1.432587722639697e-07,3.3878230516619953e-07,0.001,2.3546687397497292e-07,4.701211145389067e-07,0.001,2.6580212053962534e-07,1.1441105650682687e-07,1.432587722639697e-07,2.405911713828482e-07,2.3546687397497292e-07,2.3546687397497292e-07
United Kingdom,1.6998360697088591e-07,2.6163805727496193e-07,8.792027031974543e-08,6.215458886063083e-07,2.6580212053962534e-07,1.6998360697088591e-07,6.215458886063083e-07,1.7181548799544146e-07,1.6998360697088591e-07,4.795588165770195e-07,1.0515320536490969e-07,8.792027031974543e-08,6.103810197508601e-07,1.7181548799544146e-07,1.3132768327340644e-07,1.1275987511099315e-07,1.555964221853448e-07,1.9923062998111207e-07,1.555964221853448e-07,1.555964221853448e-07,8.792027031974543e-08,1.3992529693526664e-07,8.792027031974543e-08,1.0559762176485935e-07,1.7181548799544146e-07,4.795588165770195e-07,1.2114862715152069e-07,6.103810197508601e-07,1.555964221853448e-07,1.2114862715152069e-07,2.6163805727496193e-07,1.0559762176485935e-07,1.555964221853448e-07,0.001,1.3132768327340644e-07,0.001,6.215458886063083e-07,1.555964221853448e-07,1.7181548799544146e-07,2.6580212053962534e-07,6.215458886063083e-07,1.7181548799544146e-07,4.795588165770195e-07,1.9923062998111207e-07,1.2114862715152069e-07,1.0559762176485935e-07,1.7181548799544146e-07,1.2114862715152069e-07,1.0559762176485935e-07,6.103810197508601e-07,1.6998360697088591e-07,1.1275987511099315e-07,1.6998360697088591e-07,2.6580212053962534e-07,2.6580212053962534e-07,4.795588165770195e-07,1.3992529693526664e-07,2.6580212053962534e-07,2.5879291202511233e-07,1.3132768327340644e-07,1.1275987511099315e-07,0.001,2.6580212053962534e-07,1.7181548799544146e-07,0.001,4.795588165770195e-07,1.3132768327340644e-07,1.1275987511099315e-07,1.7181548799544146e-07,1.7181548799544146e-07,1.0559762176485935e-07,1.3992529693526664e-07,4.795588165770195e-07,2.6163805727496193e-07,1.3132768327340644e-07,1.1275987511099315e-07,1.0515320536490969e-07,1.6998360697088591e-07,1.7181548799544146e-07,1.7181548799544146e-07,0.001,2.6580212053962534e-07,1.6998360697088591e-07,8.792027031974543e-08,8.792027031974543e-08,1.1275987511099315e-07,6.103810197508601e-07,2.6580212053962534e-07,1.555964221853448e-07,6.103810197508601e-07,6.103810197508601e-07,1.3132768327340644e-07,2.6580212053962534e-07,1.7181548799544146e-07,4.795588165770195e-07,1.7181548799544146e-07,4.795588165770195e-07,1.3132768327340644e-07,1.0515320536490969e-07,1.3992529693526664e-07,4.795588165770195e-07,1.6998360697088591e-07,2.6163805727496193e-07,0.001,6.215458886063083e-07,2.6580212053962534e-07,1.3992529693526664e-07,2.5879291202511233e-07,1.3132768327340644e-07,1.1275987511099315e-07,2.6163805727496193e-07,2.6580212053962534e-07,1.3132768327340644e-07,6.103810197508601e-07,2.6580212053962534e-07,0.001,1.9923062998111207e-07,1.1275987511099315e-07,1.555964221853448e-07,1.3132768327340644e-07,1.3132768327340644e-07
USA,9.431998719084027e-08,1.3213391912541147e-07,1.2121480988764287e-07,1.839135149678658e-07,1.1441105650682687e-07,9.431998719084027e-08,1.839135149678658e-07,1.2798444780003275e-07,9.431998719084027e-08,1.575536953786449e-07,7.827732532073989e-08,1.2121480988764287e-07,1.504604868076652e-07,1.2798444780003275e-07,8.366079385912031e-08,8.067569886430383e-08,1.0029978929384855e-07,0.001,1.0029978929384855e-07,1.0029978929384855e-07,1.2121480988764287e-07,1.0339751836355411e-07,1.2121480988764287e-07,2.1263642607702606e-07,1.2798444780003275e-07,1.575536953786449e-07,2.3078763475557336e-07,1.504604868076652e-07,1.0029978929384855e-07,2.3078763475557336e-07,1.3213391912541147e-07,2.1263642607702606e-07,1.0029978929384855e-07,1.9923062998111207e-07,8.366079385912031e-08,1.9923062998111207e-07,1.839135149678658e-07,1.0029978929384855e-07,1.2798444780003275e-07,1.1441105650682687e-07,1.839135149678658e-07,1.2798444780003275e-07,1.575536953786449e-07,0.001,2.3078763475557336e-07,2.1263642607702606e-07,1.2798444780003275e-07,2.3078763475557336e-07,2.1263642607702606e-07,1.504604868076652e-07,9.431998719084027e-08,8.067569886430383e-08,9.431998719084027e-08,1.1441105650682687e-07,1.1441105650682687e-07,1.575536953786449e-07,1.0339751836355411e-07,1.1441105650682687e-07,1.1794414344126908e-07,8.366079385912031e-08,8.067569886430383e-08,1.9923062998111207e-07,1.1441105650682687e-07,1.2798444780003275e-07,1.9923062998111207e-07,1.575536953786449e-07,8.366079385912031e-08,8.067569886430383e-08,1.2798444780003275e-07,1.2798444780003275e-07,2.1263642607702606e-07,1.0339751836355411e-07,1.575536953786449e-07,1.3213391912541147e-07,8.366079385912031e-08,8.067569886430383e-08,7.827732532073989e-08,9.431998719084027e-08,1.2798444780003275e-07,1.2798444780003275e-07,1.9923062998111207e-07,1.1441105650682687e-07,9.431998719084027e-08,1.2121480988764287e-07,1.2121480988764287e-07,8.067569886430383e-08,1.504604868076652e-07,1.1441105650682687e-07,1.0029978929384855e-07,1.504604868076652e-07,1.504604868076652e-07,8.366079385912031e-08,1.1441105650682687e-07,1.2798444780003275e-07,1.575536953786449e-07,1.2798444780003275e-07,1.575536953786449e-07,8.366079385912031e-08,7.827732532073989e-08,1.0339751836355411e-07,1.575536953786449e-07,9.431998719084027e-08,1.3213391912541147e-07,1.9923062998111207e-07,1.839135149678658e-07,1.1441105650682687e-07,1.0339751836355411e-07,1.1794414344126908e-07,8.366079385912031e-08,8.067569886430383e-08,1.3213391912541147e-07,1.1441105650682687e-07,8.366079385912031e-08,1.504604868076652e-07,1.1441105650682687e-07,1.9923062998111207e-07,0.001,8.067569886430383e-08,1.0029978929384855e-07,8.366079385912031e-08,8.366079385912031e-08
Viet Nam,2.702899275652735e-07,1.0077268511995287e-07,5.2122190199751614e-08,1.0149370436826583e-07,1.432587722639697e-07,2.702899275652735e-07,1.0149370436826583e-07,8.154608231945776e-08,2.702899275652735e-07,1.0684248682860553e-07,9.765539140438323e-08,5.2122190199751614e-08,1.2642508209288254e-07,8.154608231945776e-08,1.2067695008938915e-07,0.001,9.928882661782423e-08,8.067569886430383e-08,9.928882661782423e-08,9.928882661782423e-08,5.2122190199751614e-08,3.523171077981093e-07,5.2122190199751614e-08,6.116739402956076e-08,8.154608231945776e-08,1.0684248682860553e-07,5.981930683114495e-08,1.2642508209288254e-07,9.928882661782423e-08,5.981930683114495e-08,1.0077268511995287e-07,6.116739402956076e-08,9.928882661782423e-08,1.1275987511099315e-07,1.2067695008938915e-07,1.1275987511099315e-07,1.0149370436826583e-07,9.928882661782423e-08,8.154608231945776e-08,1.432587722639697e-07,1.0149370436826583e-07,8.154608231945776e-08,1.0684248682860553e-07,8.067569886430383e-08,5.981930683114495e-08,6.116739402956076e-08,8.154608231945776e-08,5.981930683114495e-08,6.116739402956076e-08,1.2642508209288254e-07,2.702899275652735e-07,0.001,2.702899275652735e-07,1.432587722639697e-07,1.432587722639697e-07,1.0684248682860553e-07,3.523171077981093e-07,1.432587722639697e-07,1.947896033924642e-07,1.2067695008938915e-07,0.001,1.1275987511099315e-07,1.432587722639697e-07,8.154608231945776e-08,1.1275987511099315e-07,1.0684248682860553e-07,1.2067695008938915e-07,0.001,8.154608231945776e-08,8.154608231945776e-08,6.116739402956076e-08,3.523171077981093e-07,1.0684248682860553e-07,1.0077268511995287e-07,1.2067695008938915e-07,0.001,9.765539140438323e-08,2.702899275652735e-07,8.154608231945776e-08,8.154608231945776e-08,1.1275987511099315e-07,1.432587722639697e-07,2.702899275652735e-07,5.2122190199751614e-08,5.2122190199751614e-08,0.001,1.2642508209288254e-07,1.432587722639697e-07,9.928882661782423e-08,1.2642508209288254e-07,1.2642508209288254e-07,1.2067695008938915e-07,1.432587722639697e-07,8.154608231945776e-08,1.0684248682860553e-07,8.154608231945776e-08,1.0684248682860553e-07,1.2067695008938915e-07,9.765539140438323e-08,3.523171077981093e-07,1.0684248682860553e-07,2.702899275652735e-07,1.0077268511995287e-07,1.1275987511099315e-07,1.0149370436826583e-07,1.432587722639697e-07,3.523171077981093e-07,1.947896033924642e-07,1.2067695008938915e-07,0.001,1.0077268511995287e-07,1.432587722639697e-07,1.2067695008938915e-07,1.2642508209288254e-07,1.432587722639697e-07,1.1275987511099315e-07,8.067569886430383e-08,0.001,9.928882661782423e-08,1.2067695008938915e-07,1.2067695008938915e-07
Zaire,1.48432756356423e-07,3.7648492857960244e-07,1.0610231436341873e-07,1.9717658018075075e-07,2.405911713828482e-07,1.48432756356423e-07,1.9717658018075075e-07,3.760946330623467e-07,1.48432756356423e-07,2.297812881761362e-07,3.21067151192958e-07,1.0610231436341873e-07,1.873295375524827e-07,3.760946330623467e-07,4.345580764587996e-07,9.928882661782423e-08,0.001,1.0029978929384855e-07,0.001,0.001,1.0610231436341873e-07,9.202899560788013e-08,1.0610231436341873e-07,8.473712500192092e-08,3.760946330623467e-07,2.297812881761362e-07,1.0263313033647648e-07,1.873295375524827e-07,0.001,1.0263313033647648e-07,3.7648492857960244e-07,8.473712500192092e-08,0.001,1.555964221853448e-07,4.345580764587996e-07,1.555964221853448e-07,1.9717658018075075e-07,0.001,3.760946330623467e-07,2.405911713828482e-07,1.9717658018075075e-07,3.760946330623467e-07,2.297812881761362e-07,1.0029978929384855e-07,1.0263313033647648e-07,8.473712500192092e-08,3.760946330623467e-07,1.0263313033647648e-07,8.473712500192092e-08,1.873295375524827e-07,1.48432756356423e-07,9.928882661782423e-08,1.48432756356423e-07,2.405911713828482e-07,2.405911713828482e-07,2.297812881761362e-07,9.202899560788013e-08,2.405911713828482e-07,1.4774750666715903e-07,4.345580764587996e-07,9.928882661782423e-08,1.555964221853448e-07,2.405911713828482e-07,3.760946330623467e-07,1.555964221853448e-07,2.297812881761362e-07,4.345580764587996e-07,9.928882661782423e-08,3.760946330623467e-07,3.760946330623467e-07,8.473712500192092e-08,9.202899560788013e-08,2.297812881761362e-07,3.7648492857960244e-07,4.345580764587996e-07,9.928882661782423e-08,3.21067151192958e-07,1.48432756356423e-07,3.760946330623467e-07,3.760946330623467e-07,1.555964221853448e-07,2.405911713828482e-07,1.48432756356423e-07,1.0610231436341873e-07,1.0610231436341873e-07,9.928882661782423e-08,1.873295375524827e-07,2.405911713828482e-07,0.001,1.873295375524827e-07,1.873295375524827e-07,4.345580764587996e-07,2.405911713828482e-07,3.760946330623467e-07,2.297812881761362e-07,3.760946330623467e-07,2.297812881761362e-07,4.345580764587996e-07,3.21067151192958e-07,9.202899560788013e-08,2.297812881761362e-07,1.48432756356423e-07,3.7648492857960244e-07,1.555964221853448e-07,1.9717658018075075e-07,2.405911713828482e-07,9.202899560788013e-08,1.4774750666715903e-07,4.345580764587996e-07,9.928882661782423e-08,3.7648492857960244e-07,2.405911713828482e-07,4.345580764587996e-07,1.873295375524827e-07,2.405911713828482e-07,1.555964221853448e-07,1.0029978929384855e-07,9.928882661782423e-08,0.001,4.345580764587996e-07,4.345580764587996e-07
Zambia,1.7956269912915196e-07,2.2804969857602515e-07,9.031450440305225e-08,1.5080748143698097e-07,2.3546687397497292e-07,1.7956269912915196e-07,1.5080748143698097e-07,2.0180974863968915e-07,1.7956269912915196e-07,1.7366264538720586e-07,3.935704980564676e-07,9.031450440305225e-08,1.627910070469999e-07,2.0180974863968915e-07,0.001,1.2067695008938915e-07,4.345580764587996e-07,8.366079385912031e-08,4.345580764587996e-07,4.345580764587996e-07,9.031450440305225e-08,1.0201699290905453e-07,9.031450440305225e-08,7.109947754831379e-08,2.0180974863968915e-07,1.7366264538720586e-07,8.322606633547895e-08,1.627910070469999e-07,4.345580764587996e-07,8.322606633547895e-08,2.2804969857602515e-07,7.109947754831379e-08,4.345580764587996e-07,1.3132768327340644e-07,0.001,1.3132768327340644e-07,1.5080748143698097e-07,4.345580764587996e-07,2.0180974863968915e-07,2.3546687397497292e-07,1.5080748143698097e-07,2.0180974863968915e-07,1.7366264538720586e-07,8.366079385912031e-08,8.322606633547895e-08,7.109947754831379e-08,2.0180974863968915e-07,8.322606633547895e-08,7.109947754831379e-08,1.627910070469999e-07,1.7956269912915196e-07,1.2067695008938915e-07,1.7956269912915196e-07,2.3546687397497292e-07,2.3546687397497292e-07,1.7366264538720586e-07,1.0201699290905453e-07,2.3546687397497292e-07,1.5542953442347106e-07,0.001,1.2067695008938915e-07,1.3132768327340644e-07,2.3546687397497292e-07,2.0180974863968915e-07,1.3132768327340644e-07,1.7366264538720586e-07,0.001,1.2067695008938915e-07,2.0180974863968915e-07,2.0180974863968915e-07,7.109947754831379e-08,1.0201699290905453e-07,1.7366264538720586e-07,2.2804969857602515e-07,0.001,1.2067695008938915e-07,3.935704980564676e-07,1.7956269912915196e-07,2.0180974863968915e-07,2.0180974863968915e-07,1.3132768327340644e-07,2.3546687397497292e-07,1.7956269912915196e-07,9.031450440305225e-08,9.031450440305225e-08,1.2067695008938915e-07,1.627910070469999e-07,2.3546687397497292e-07,4.345580764587996e-07,1.627910070469999e-07,1.627910070469999e-07,0.001,2.3546687397497292e-07,2.0180974863968915e-07,1.7366264538720586e-07,2.0180974863968915e-07,1.7366264538720586e-07,0.001,3.935704980564676e-07,1.0201699290905453e-07,1.7366264538720586e-07,1.7956269912915196e-07,2.2804969857602515e-07,1.3132768327340644e-07,1.5080748143698097e-07,2.3546687397497292e-07,1.0201699290905453e-07,1.5542953442347106e-07,0.001,1.2067695008938915e-07,2.2804969857602515e-07,2.3546687397497292e-07,0.001,1.627910070469999e-07,2.3546687397497292e-07,1.3132768327340644e-07,8.366079385912031e-08,1.2067695008938915e-07,4.345580764587996e-07,0.001,0.001
Zimbabwe,1.7956269912915196e-07,2.2804969857602515e-07,9.031450440305225e-08,1.5080748143698097e-07,2.3546687397497292e-07,1.7956269912915196e-07,1.5080748143698097e-07,2.0180974863968915e-07,1.7956269912915196e-07,1.7366264538720586e-07,3.935704980564676e-07,9.031450440305225e-08,1.627910070469999e-07,2.0180974863968915e-07,0.001,1.2067695008938915e-07,4.345580764587996e-07,8.366079385912031e-08,4.345580764587996e-07,4.345580764587996e-07,9.031450440305225e-08,1.0201699290905453e-07,9.031450440305225e-08,7.109947754831379e-08,2.0180974863968915e-07,1.7366264538720586e-07,8.322606633547895e-08,1.627910070469999e-07,4.345580764587996e-07,8.322606633547895e-08,2.2804969857602515e-07,7.109947754831379e-08,4.345580764587996e-07,1.3132768327340644e-07,0.001,1.3132768327340644e-07,1.5080748143698097e-07,4.345580764587996e-07,2.0180974863968915e-07,2.3546687397497292e-07,1.5080748143698097e-07,2.0180974863968915e-07,1.7366264538720586e-07,8.366079385912031e-08,8.322606633547895e-08,7.109947754831379e-08,2.0180974863968915e-07,8.322606633547895e-08,7.109947754831379e-08,1.627910070469999e-07,1.7956269912915196e-07,1.2067695008938915e-07,1.7956269912915196e-07,2.3546687397497292e-07,2.3546687397497292e-07,1.7366264538720586e-07,1.0201699290905453e-07,2.3546687397497292e-07,1.5542953442347106e-07,0.001,1.2067695008938915e-07,1.3132768327340644e-07,2.3546687397497292e-07,2.0180974863968915e-07,1.3132768327340644e-07,1.7366264538720586e-07,0.001,1.2067695008938915e-07,2.0180974863968915e-07,2.0180974863968915e-07,7.109947754831379e-08,1.0201699290905453e-07,1.7366264538720586e-07,2.2804969857602515e-07,0.001,1.2067695008938915e-07,3.935704980564676e-07,1.7956269912915196e-07,2.0180974863968915e-07,2.0180974863968915e-07,1.3132768327340644e-07,2.3546687397497292e-07,1.7956269912915196e-07,9.031450440305225e-08,9.031450440305225e-08,1.2067695008938915e-07,1.627910070469999e-07,2.3546687397497292e-07,4.345580764587996e-07,1.627910070469999e-07,1.627910070469999e-07,0.001,2.3546687397497292e-07,2.0180974863968915e-07,1.7366264538720586e-07,2.0180974863968915e-07,1.7366264538720586e-07,0.001,3.935704980564676e-07,1.0201699290905453e-07,1.7366264538720586e-07,1.7956269912915196e-07,2.2804969857602515e-07,1.3132768327340644e-07,1.5080748143698097e-07,2.3546687397497292e-07,1.0201699290905453e-07,1.5542953442347106e-07,0.001,1.2067695008938915e-07,2.2804969857602515e-07,2.3546687397497292e-07,0.001,1.627910070469999e-07,2.3546687397497292e-07,1.3132768327340644e-07,8.366079385912031e-08,1.2067695008938915e-07,4.345580764587996e-07,0.001,0.001
