,Afghanistan,Algeria,Argentina,Austria,Azerbaijan,Bangladesh,Belgium,Benin,Bhutan,Bosnia and Herzegovina,Botswana,Brazil,Bulgaria,Burkina Faso,Burundi,Cambodia,Cameroon,Canada,Central African Republic,Chad,Chile,China,Colombia,Costa Rica,Cote d'Ivoire,Croatia,Cuba,Czech Republic,Democratic Republic of the Congo,Dominican Republic,Egypt,El Salvador,Equatorial Guinea,Estonia,Ethiopia,Finland,France,Gabon,Gambia,Georgia,Germany,Ghana,Greece,Greenland,Grenada,Guatemala,Guinea,Haiti,Honduras,Hungary,India,Indonesia,Iran,Iraq,Israel,Italy,Japan,Jordan,Kazakhstan,Kenya,Laos,Latvia,Lebanon,Liberia,Lithuania,Macedonia,Madagascar,Malaysia,Mali,Mauritania,Mexico,Mongolia,Montenegro,Morocco,Mozambique,Myanmar,Namibia,Nepal,Niger,Nigeria,Norway,Oman,Pakistan,Paraguay,Peru,Philippines,Poland,Qatar,Republic of the Congo,Romania,Russia,Rwanda,Saudi Arabia,Senegal,Serbia,Sierra Leone,Slovenia,Somalia,South Africa,South Korea,Spain,Sri Lanka,Sudan,Svalbard,Switzerland,Syria,Taiwan,Tajikistan,Tanzania,Thailand,Tunisia,Turkey,USA,Uganda,Ukraine,United Arab Emirates,United Kingdom,Viet Nam,Zaire,Zambia,Zimbabwe
Afghanistan,1,0.8915302743755644,0.44163084068203107,0.796880623955701,0.999251317990946,0.5513150798756963,0.0330394109916029,0.6236104375348117,0.23871211671856996,0.8894688035425488,0.20756478589618632,0.22645158926474518,0.9480585454063072,0.06993818840382549,0.3332020719719767,0.22104555816534144,0.7054699898667683,0.6355944967676423,0.17589043240545055,0.8563050060351881,0.3641483119671849,0.22294047056852573,0.5410481511243567,0.08910104847493872,0.27982170668400586,0.576782956954221,0.44208882224469537,0.22640131902909044,0.7906835835220185,0.41074234957666445,0.6939243981571013,0.8107745437465192,0.1457008884891342,0.19858485694060846,0.3964778357284525,0.18465954374000682,0.9927636527600135,0.4612209763799653,0.33962917505845114,0.4966926809851635,0.2003416166382177,0.43967859002127785,0.17341486052269928,0.15884406480628077,0.35224378255554,0.22590440022607805,0.38345011399472384,0.652505033769751,0.42273102630813,0.43440181460394456,0.44023863541617003,0.06274410007445053,0.9406623252849705,0.3454243175291539,0.1415967147898246,0.86087347167574,0.0355462488698155,0.2586650062994552,0.7813364974970931,0.7903596046388205,0.9753093918605207,0.45593912024374506,0.00918584018059776,0.7072899572237445,0.8497098000931839,0.5669550445088621,0.4604104352074556,0.2346061463207746,0.3037867841000218,0.01482439679657721,0.5124780729421142,0.06899045585333918,0.6968372808887637,0.8449412124880727,0.9514844722981157,0.01950581756182357,0.18015621102332724,0.6635927522430535,0.7321608016491334,0.7485845765980141,0.7047681463326604,0.45567476344416047,0.3667465518082986,0.8404384683739445,0.49169737654962564,0.8323956663452434,0.8061786074049818,0.950666650805214,0.7732380238895362,0.9978428711398816,0.29027480536913886,0.11645736242292282,0.7670150031861972,0.954248840059116,0.9031239654280783,0.38950974538817307,0.27908906265701017,0.4384629687750591,0.3792345360435083,0.40110266109767856,0.9713762250569116,0.44020809503161673,0.30563816562817137,0.914532796175086,0.5224068995729327,0.8813989767602538,0.9344440220120105,0.029072650307323977,0.7301645997666386,0.93680613512244,0.9510113654620267,0.565963949835813,0.015603390195185751,0.4936189041355261,0.38217079349728134,0.9287455787300414,0.35180897923396426,0.8175629087451094,0.661486312334609,0.8515911310245509,0.1934595705013772
Algeria,0.7537771987326769,1,0.37930224209468244,0.5120368561273365,0.5130129756452579,0.580669237993997,0.577479780290055,0.7753140156293059,0.5998670301745409,0.1759069416891036,0.9917737719403156,0.19766340917316616,0.13220764823923814,0.052196347149375044,0.24412698293464452,0.47521851347036537,0.025945473889461335,0.49885638602414883,0.15790875473345745,0.6666992310706373,0.7534758384901846,0.8953366380100155,0.2400263132753082,0.554782900062612,0.342813786899523,0.5601466238201008,0.4879468162279359,0.29838599885600137,0.6789441150297253,0.9486762815383117,0.3603500029095189,0.022753343185192287,0.40348887116362964,0.18915756815637585,0.3479837151898457,0.24922425309323415,0.8980979734658887,0.6635489971720245,0.11356866595892867,0.7317484422913577,0.43592963063602375,0.23595532697421706,0.3371816746964963,0.42915165045981885,0.39488470003014375,0.9207648821116347,0.8196944090627737,0.28628262224023315,0.5057599355999708,0.015256759186182967,0.04412641021506147,0.062024077334462246,0.22587521138791133,0.42575302005071036,0.3575468734721142,0.6450970088846605,0.6623086767975978,0.684691194234564,0.08801367230270818,0.34400281567436963,0.4254015993658341,0.2177859048957349,0.395202605059078,0.4470365530590733,0.3675478521087212,0.12898402789164332,0.638677579337433,0.47271607410417826,0.6588312805353923,0.11904106043910678,0.5205876542367596,0.15481184303518147,0.9873332095084252,0.8441386764458716,0.9865419690614772,0.9166558779827665,0.008767741835566945,0.7480746869676609,0.33833355332766735,0.17797692813686283,0.2945885768452289,0.19076315588773907,0.5828501716580545,0.6351451552600997,0.5305320546446989,0.269786846606779,0.2037508511355195,0.7717358833290968,0.42457702312732826,0.09247287207395993,0.11869690359583962,0.6313422086178982,0.4092116066732967,0.49991868640088744,0.5002751212187516,0.46753368562992426,0.5537188995487334,0.5514367208321094,0.20264600734252114,0.4820940946468265,0.5138733580182543,0.8482512611452938,0.5978819072361109,0.6777346223175184,0.9259187539665267,0.9041180273468616,0.141707615785155,0.3698615971610245,0.14307836484708647,0.4123390195082741,0.8306119201412371,0.9270782365424745,0.8697443598466207,0.972546539537453,0.9276941819464684,0.23272786043011962,0.7118948457316983,0.8903380321225467,0.4482264776939767,0.6038344672427219,0.4603548284860781
Argentina,0.7379850588842053,0.7895316512823563,1,0.044650912036140356,0.2663118511643622,0.4500512562641542,0.6545691935990114,0.5519291250987088,0.1182293614096821,0.7505561002568385,0.6925418013883564,0.2908560312165366,0.03130651620937552,0.6781318903008844,0.5821139190370547,0.5125357073414271,0.11089578556467061,0.4255609130454947,0.6718654111405804,0.9966038754119196,0.14677722145423688,0.6710319522153627,0.32171261110377536,0.06470444236676731,0.05463490551430461,0.8034520795112294,0.41210765414296147,0.44533755937133435,0.6714129392103523,0.7068882550579514,0.8576683451326089,0.08638731750910422,0.19553454023341144,0.24567459041155726,0.5561508203764076,0.836184177663228,0.6796020640938442,0.5437104520721485,0.07920336301160869,0.58925088124074,0.2587530560275725,0.4799656845597612,0.34612772089471666,0.41169813622392415,0.6459825610207532,0.6312679191217613,0.2132979631588806,0.4258003429271364,0.4665298903124724,0.6559730282079381,0.7130356717034476,0.6649646065004605,0.3672415755633137,0.3300848487729289,0.776233209755974,0.6837567292296289,0.29662082105462206,0.7391054028136991,0.8976656996749057,0.5236494093853047,0.5653268587496609,0.2442311483017633,0.9525019560915922,0.8589247503486066,0.5859348189498923,0.858811154860322,0.42898629445164294,0.12627297155172257,0.23385951932607196,0.297128996792445,0.30987730220761933,0.003850463049222097,0.02788388460461788,0.25848592401659864,0.30891284456022405,0.20895548310589396,0.18122736073380097,0.7721141115805216,0.6992592979742779,0.7906253755648344,0.4143039943202913,0.27949722779959163,0.6593035814856482,0.8889469094682368,0.5178073558046116,0.01829024640066168,0.304486057530859,0.6321460645627209,0.5444912979146979,0.09284254888823995,0.7793543513967585,0.20376350713656044,0.567337242401299,0.7420182033171498,0.43577663462298144,0.28454385892577294,0.38114347670921767,0.873768414387901,0.44302991599153907,0.9608022650962044,0.566655620013823,0.8171856790075741,0.27371518072750156,0.8111601649916859,0.16812141279805226,0.2949497297439627,0.8813220445620357,0.7563643567522309,0.9372520115406767,0.23082947274986898,0.19646900522901922,0.9742867633975714,0.8336893552863641,0.10798813102599014,0.9168161678366992,0.3711596186410585,0.3276913258608317,0.9428159903812176,0.5987693532163035,0.6138126643538743,0.8928547760258732
Austria,0.5338261066319759,0.28645744164543263,0.050119742967962955,1,0.5510969587309658,0.7184513147972371,0.07534517497598248,0.7936907058530206,0.45056981824046827,0.29148837465867194,0.6417184172250109,0.3264081833775121,0.7884175152331929,0.09700937402223908,0.15976574663077314,0.6213453665656701,0.9144357920073181,0.7482985353211492,0.027222260930397035,0.2846401343317385,0.46993939210752744,0.06224221715625666,0.9752550188356367,0.5436321711246908,0.7671653925910723,0.4497660932937906,0.9159700847556791,0.06587660180634036,0.1436198465748575,0.7035436208529345,0.5133074301420649,0.6704870492772808,0.715958239936919,0.3338367032414866,0.03568436798087282,0.8584155952059831,0.002982493488628446,0.7201692818433094,0.8309171439550289,0.672004082505184,0.32810569493367847,0.39073493006192095,0.3940338841006613,0.2917958524090549,0.7349346278376313,0.00960205800995273,0.6083334291257172,0.1789077053743101,0.5370196873976448,0.15631119172029895,0.7240987311671779,0.5695471560464219,0.944377938977997,0.4447122262772324,0.5538275393483505,0.7207509122986271,0.06597335711952002,0.8358918634820534,0.8465945170572793,0.8598212945814327,0.6056234582682316,0.9704417085383787,0.9567304387235905,0.40729730823531785,0.02003090897776283,0.5734287700711362,0.5906963855260138,0.0033194023920335436,0.3820748285812269,0.5519629013417168,0.4822470387220259,0.41923475805986166,0.206414143958629,0.7752632482154826,0.07349799864170481,0.1290122329172667,0.02686665454413084,0.809537793479133,0.5293831171492787,0.5395176891439936,0.2604965993655224,0.16307284143293266,0.6653536825853306,0.8698083510062312,0.5487366342402316,0.3445581621842084,0.8463959257626849,0.45381443623391515,0.8523490960115241,0.14724014153939602,0.4159246991808103,0.055207211546728474,0.41294111844366355,0.7105466875406687,0.08159763493692385,0.9036585210790516,0.13867855720222566,0.7398262510538626,0.5096822970272062,0.22592674520129563,0.5432412937184464,0.18826220349394296,0.1894712339147765,0.11193629405015637,0.8597714663555811,0.7716410266681972,0.3193128032649436,0.3854636208232384,0.31332304647466336,0.2046025537086401,0.8000686190813211,0.11055078469864699,0.44327352665891295,0.044056416216082694,0.9093171143924229,0.00799922750454507,0.005494833448941749,0.6919694964926791,0.9504483412930489,0.10205919912697303,0.4439927960607021
Azerbaijan,0.972585682856256,0.5627256174190833,0.07817461432167283,0.8806110653082198,1,0.5683776916910284,0.20845155654356007,0.13395882622145483,0.47000670286616275,0.9770386564112874,0.287786890835546,0.7674029632163524,0.5465590901481301,0.9635285461090475,0.2606381714565865,0.8315739811469495,0.8220654182740651,0.3756608541729395,0.5636880069498268,0.3124759879793484,0.9377878004511598,0.5029060387544101,0.5410499769754581,0.7597163561662635,0.4517634562799211,0.6622125438294818,0.7641583928490069,0.6717127947605502,0.20056833547690567,0.12295153538091963,0.15052662575827458,0.21419664433437224,0.2792622026645917,0.9295815764300713,0.4525834979538348,0.7249485459505283,0.20401763975076181,0.05510717423393596,0.4961358768295341,0.4078168401450397,0.8794148239963774,0.5572776547986192,0.5615788280881499,0.7969532733788787,0.7062059934771395,0.9318835418350083,0.16738965793338922,0.20517930051560207,0.07958332153817271,0.06997626099885845,0.2538198399674291,0.1424603875008177,0.8354230391933437,0.09105609706625795,0.12832776411088476,0.6023476516303817,0.47547976655997115,0.40343383388175935,0.7814060003586626,0.21077645862430816,0.6038179275998269,0.25577075631346813,0.5100105157669342,0.9284935106563875,0.1832610681307092,0.7522604665368618,0.9691836948980037,0.4934931654030821,0.31227216839375016,0.29648885878534226,0.23095415108079953,0.0855211810373947,0.028558790600281103,0.10722787166693803,0.5484355991219981,0.12306295319296179,0.82815672165279,0.19944220730573115,0.6887003768822483,0.016029623003583016,0.17143231241099655,0.9226287574738462,0.4422962445101307,0.8304112282663855,0.42547340022872915,0.548578010802619,0.5251340878652067,0.9853445350263151,0.6691332556473465,0.6453076507347562,0.1885275869514762,0.2177371172851954,0.9275294207808296,0.03739338880765142,0.21342554078671372,0.37408441697330985,0.19908872821187285,0.9302755312408618,0.04942808436642476,0.06684195955015859,0.19601022579744343,0.3983427732995888,0.16781496625877612,0.011224896861163125,0.6714822209637858,0.7842117693529718,0.3210623526556454,0.3917329015547776,0.7510090273619856,0.9412423376785828,0.001517619689409,0.03195212936840841,0.9395380847787828,0.8819522316404239,0.24854091732312533,0.4767691164038059,0.2595121455498357,0.6832044964531453,0.36802127646706095,0.48249402484393633,0.05576106235072187
Bangladesh,0.5302868917514594,0.0679159915312586,0.3830748009561996,0.23366742181795164,0.6589341710791364,1,0.3031993613515308,0.5016160460886441,0.6995134406833374,0.37553195209571866,0.9603012494769164,0.09382681814591631,0.703739043857481,0.2300500562705753,0.7857102961133563,0.7049904933615713,0.5928421312854969,0.5298305579769061,0.22221344660731002,0.8187198086366504,0.707269320659311,0.1478842108949664,0.843605487471088,0.35354131848084325,0.04316593552172654,0.6511171853946967,0.05626704061682786,0.07045054966242081,0.7583146241046803,0.6551824343033629,0.3808724849137044,0.5723112131725505,0.9803231289189543,0.8483202493572745,0.346657679441552,0.6749865422507292,0.5828042733604214,0.20997640156704334,0.6340343943358533,0.3057493773287814,0.6013999564086172,0.18499929377877677,0.04640184863244401,0.5880036269634676,0.07291879986918282,0.7430182940690551,0.7541415919243726,0.5371736096628519,0.016035678090720262,0.26789933119712606,0.6239328477154275,0.9716652509011438,0.7219194057410186,0.44876918507558894,0.3362990688913291,0.43414695851724106,0.4760098388546401,0.7157295440536253,0.3132440700746496,0.5270466540734293,0.9247788150369001,0.9204340996795987,0.9703540344483549,0.4657570448766981,0.5076098404469894,0.21676098987704828,0.11817786093209592,0.30458136888779064,0.1206141849794744,0.4791607767673838,0.36620480568822433,0.3593892060192033,0.23703516941527392,0.4980290080651103,0.6880703656064774,0.5859309084694685,0.9398355303169909,0.5533234902552714,0.6203191735708021,0.2863875540673566,0.2996425721202891,0.6166285647518689,0.2901314824699368,0.40073017352250373,0.09296354615023938,0.46433219115129987,0.2856851106616247,0.1678931200477889,0.1850790319579807,0.07795934996143883,0.3743172359176976,0.08890825090551269,0.7672918783940493,0.7441693571598377,0.441524156348427,0.08567926121469704,0.6189832432202823,0.5948489134852383,0.11296917147013319,0.8394592532945107,0.08504925215904313,0.06041771886434999,0.9190306238753085,0.2107417192947112,0.7074538710548619,0.8014161441875773,0.8736886664376851,0.14582368211014363,0.0525076933932187,0.31809372589686946,0.8835532179664723,0.26716099831719065,0.21924826264335306,0.5366467973752629,0.32882275079413226,0.6767145062907786,0.8633241507104674,0.16057482714187432,0.5293837914135269,0.7223335538475525,0.3186491300031047
Belgium,0.4158148419200992,0.20148138807584293,0.0685173504134714,0.31873823641443544,0.9998070392084938,0.04365194834320696,1,0.2761254182962818,0.11255344287525626,0.20720307009047967,0.6817513742231167,0.8642917096416928,0.6610597584666709,0.30252897729933514,0.6364030160530356,0.4927450983304106,0.18416566115098842,0.44955110761437533,0.9533368758830497,0.4333481570649964,0.7759540203713766,0.4953782401833666,0.0899122768559284,0.17806219202558715,0.024474630511744144,0.34041975159886273,0.6202119243692901,0.41445218394473893,0.9394307482907002,0.13327225267360188,0.547932471323291,0.6554803979879885,0.27944573517923965,0.7503816210530705,0.0173592381242359,0.5127445241742868,0.6595334276653604,0.6600982977144049,0.26186264890683775,0.4160979534390805,0.2882455960806144,0.13354068356418225,0.9273960415067636,0.08757737589204306,0.6119300864409234,0.5861232419121835,0.27484834516485346,0.9270540530700909,0.06278324534384228,0.8748329304013138,0.4886236144418107,0.05450412614502964,0.1132405731398376,0.8099260853668678,0.4237063022475782,0.2470938595339529,0.5684313876680233,0.2859271990240356,0.8334923596242299,0.24664047438795633,0.9752179184214838,0.053860887334924556,0.35683252802897114,0.6133845329210579,0.7727262992293296,0.0006860897024807411,0.6510584986871201,0.5274970872943107,0.636179170636378,0.22999672723235964,0.18875169902237277,0.6439625281751964,0.8318655178146354,0.30598642317951785,0.3558550991595809,0.8819031760666856,0.21003821152666202,0.820028672482561,0.19632818790286277,0.6651465851865677,0.6365146065985198,0.894557140594048,0.7782970658362781,0.3247556105480571,0.8896750188192608,0.1215244243911322,0.7159632064052287,0.05157995841641738,0.8932336073893336,0.10069205651733004,0.4325109279166084,0.7390407916781047,0.10161581915298834,0.5314179782793904,0.785272379632071,0.5668640786344185,0.1723936988042436,0.6007810519454618,0.13287708980694013,0.4587074061633062,0.6084196651771439,0.9341358134417357,0.6858950798709044,0.9410477517458461,0.1259796459312884,0.1591034351153474,0.8233334259838042,0.5587746208262245,0.20558125534007599,0.7142042076786708,0.21656245261177576,0.3438105198398246,0.555834127495955,0.4672903088396818,0.8511473401734623,0.40751502090587977,0.9428341860642923,0.9318367089366837,0.07678027158690603,0.45134953507879405,0.9151550388852343
Benin,0.46904922674440375,0.4226152902218714,0.08410934728033292,0.4072181832495415,0.07449012612607997,0.8795102995493103,0.40880869143743304,1,0.7535490436305993,0.8990700590941485,0.47532589321040597,0.3548131589099437,0.8929491900276221,0.5775385857190066,0.5219582059626584,0.2502233050758149,0.7585324773487784,0.09670292338898523,0.7311276002443979,0.48255134485027984,0.8548746648401363,0.07890948344870319,0.06975886252879115,0.21701347053964581,0.7901012753661982,0.6288550177145767,0.18620817013409718,0.30057054594963073,0.531052093341436,0.16929054057031112,0.032224472571547924,0.0954760862755164,0.7169248623972715,0.41616975811482704,0.17338137423041855,0.4505616174905276,0.5123311144158483,0.11179248051855384,0.4897432495120606,0.9938634585787305,0.6560493634182075,0.3908376325774856,0.2125829520669401,0.386479783295131,0.40006717775205436,0.16424085399221422,0.9532817021656149,0.3026026950913677,0.17406410343348977,0.5481513577149151,0.15860682882142885,0.7178361541347574,0.9513049755354762,0.22528679703024734,0.6067730753660541,0.3744335870247093,0.8896688696153301,0.11468718405821965,0.6269303557075625,0.2947510349909197,0.9940224155196316,0.2515519076093157,0.9022033568063063,0.3614786384755968,0.889794542223169,0.33765022440450543,0.3207689219083083,0.0745831972966009,0.15870083811278657,0.5119327555836405,0.46794928650126,0.8841356350125852,0.3730406139159599,0.6575376634699206,0.012658572642751609,0.005240995464727671,0.4602610770354887,0.0015766981384450762,0.16504770911705346,0.8947441554391633,0.30757662474194836,0.189720146955758,0.40750483380412983,0.7478241988438004,0.9014163373889135,0.9847434571234776,0.8085759727767706,0.25020529093191246,0.8297714011180807,0.9856202147950088,0.6235023128970697,0.33077046376016384,0.7857964804273755,0.11786875132904762,0.4928656609323542,0.45275007508777054,0.300657202244645,0.609552656828024,0.5295527132769108,0.12005314068850359,0.7025252614604448,0.8909368283695956,0.15944385987537968,0.7248869391207339,0.12508975482228568,0.5942494832276723,0.13200215361945988,0.5710492255106634,0.06148507747927667,0.3561248753972235,0.94898078794256,0.13815187469819312,0.7545582154370328,0.09829243808091037,0.0593453576446783,0.815185199029789,0.38768693162915213,0.45958999098184283,0.23687267915981236,0.2136942718433834,0.24155461577395076
Bhutan,0.4928916598683797,0.2794427598728848,0.690347373129236,0.3235210751175699,0.82635082708568,0.5004519529374296,0.6947164568753587,0.4320203925370394,1,0.513650313660851,0.2875505053315066,0.40410696013090985,0.7708776486943039,0.79328599121643,0.11099130728278772,0.7849042207147455,0.5944453289075647,0.6289491554684579,0.8877071613473029,0.6756032148698913,0.9565818994783012,0.7147902965389236,0.886231440590621,0.987319136864862,0.1960129935432623,0.9838761080993338,0.06722684191581252,0.6217489610138875,0.13328852020897253,0.36038263291412076,0.697883882193576,0.2745533278534892,0.8732951990301555,0.7789792982024273,0.5747816052031226,0.8726548151224824,0.3843402802809457,0.2916332269867701,0.3819148604392707,0.5214292258790034,0.30579602625530533,0.9296214497594693,0.027821229415012638,0.6188814542333769,0.0168323352921258,0.6188970894850983,0.8290006362298039,0.16758260140359338,0.7269745664607298,0.017992948205711734,0.6221932633185729,0.9561330430096232,0.9438065924332686,0.7725375807950534,0.9331942461809879,0.1442226011364911,0.8359167121536768,0.5087487088724919,0.13027374535846414,0.18975490521039406,0.7171110175655694,0.8660636421176816,0.11036429443545981,0.011332787825461987,0.6405281732166835,0.11242337663416735,0.39939380812621494,0.6064260724013922,0.0020797574592061885,0.13182706418185242,0.31482824436373713,0.7499412129513597,0.09867824114645418,0.7934905419147857,0.849503053908136,0.01509700432955463,0.9989124096694526,0.8123291421161122,0.7514121598363566,0.13906880069444394,0.34173918096787925,0.40262156588150844,0.2813136950591161,0.7562800735565433,0.7283155567517866,0.6517122637483628,0.7306726858186617,0.03439918213703086,0.6084764581820243,0.6581988663597991,0.6044536503253897,0.9628675954520441,0.48331836400919326,0.4258445607356982,0.3440361468141032,0.44475727218193783,0.5746068128129561,0.9288748253479738,0.3519266357919756,0.7363286347794508,0.31400970901553704,0.21704148088681907,0.009278641366953777,0.829402601823577,0.8258023046138856,0.456970012165955,0.30990370272813317,0.13608743319298044,0.9369749192984809,0.0050028133076779335,0.08089291543792432,0.30415097776588784,0.4561455092628389,0.5464151252440098,0.22173631650388037,0.9855536866973492,0.16029742949557568,0.5430509545140111,0.4550593088405823,0.31949190830232144,0.803216925924467
Bosnia and Herzegovina,0.06218745072361276,0.5514543202005519,0.40909526806496876,0.37436925679852895,0.35690101809899255,0.7757673310737615,0.9290296797355078,0.9811570444178335,0.03913364542430886,1,0.7649672253087036,0.9258723777403883,0.5565842702150902,0.5337665753144338,0.9502414191865073,0.46164928135224426,0.8234060129907841,0.5922540935345065,0.34957900932329133,0.6314571103537153,0.57876600773493,0.4084677683183445,0.6404649630301452,0.2906713282225183,0.13758423347691606,0.7783360629921786,0.957974566045453,0.40011715325954633,0.644056055755094,0.9671657511361769,0.07878189780074096,0.166703694665557,0.30447371985930827,0.12442351149630826,0.8844657058751486,0.24080647902187569,0.8586273857569915,0.45818302393313526,0.9532217281785446,0.11857178966728255,0.20670997043307604,0.03895455914986512,0.7725156951643914,0.46324335370586145,0.5000156404863166,0.7557535013300252,0.7352347182899647,0.3746774665648127,0.26559952997832426,0.23595134672336016,0.803122002897959,0.21727257741681394,0.28133429763255247,0.8912074381209096,0.10102869633287737,0.9780961470691729,0.6245927327555806,0.22045002178133655,0.35737799540033977,0.5456169981207553,0.5754370792622879,0.486728609713846,0.20128633087065229,0.34105995717357485,0.2808248017547098,0.4670440281749296,0.29912290330171554,0.13264756409828027,0.5270994093932707,0.06676826895728183,0.07712858011084656,0.732793714990207,0.7804527680985793,0.9960368628836535,0.8798155996690089,0.01223067150877366,0.8199471206809557,0.14350817523708992,0.43144656394087855,0.44782316409105016,0.10490257510863221,0.8447815696263142,0.3063689425323791,0.10101240149295687,0.05283392186267821,0.9322206066581988,0.28776048149830824,0.828173021224092,0.39869808270828244,0.5430180551566931,0.9165622511056206,0.5366026285376223,0.5750476595599467,0.1986507998327277,0.23401392888717698,0.6122954836051422,0.6861162830250584,0.10661041371986002,0.667158088115261,0.13206537553136333,0.005012843802624345,0.21477778180318152,0.8248712643574563,0.6092527753598319,0.2518188082719369,0.8755164313460253,0.7600589967843769,0.3197857523800872,0.7175553560343242,0.32141581781924855,0.4266739969031855,0.2865374689187612,0.1277836241630309,0.22848042735117413,0.6693616884598773,0.9155379597312594,0.9559957099601837,0.2182307952556869,0.5435387823621081,0.46785436600067454,0.4841235452894169
Botswana,0.6149338321095315,0.13512249512418129,0.6899866329212281,0.435070671566404,0.6578442563844789,0.3650183419602313,0.06961018620319459,0.6551741901925484,0.7631966892289094,0.08214436151523152,1,0.15336912519266632,0.34670214140420896,0.4666723948885295,0.2299932924344672,0.06840296499569687,0.36474580598915063,0.6405342991841783,0.8914135062764086,0.5029312549461025,0.4018367789185574,0.2909603957969663,0.7870937648204271,0.8952279765622544,0.40074930274189047,0.17261130071081532,0.017747806681216116,0.03934660271916357,0.9569098552587815,0.4879548470098617,0.06665446072380854,0.8894993933101892,0.11831682823385314,0.051088126114019694,0.14245470105821145,0.3702239673714869,0.6185747005259746,0.1125132772088383,0.3520780150035302,0.7433262954412101,0.39668281355148405,0.8684151914894629,0.7578825918702606,0.2377537144118237,0.7309143613280504,0.19955326373254212,0.12979860945289,0.9515977837856553,0.18183550621780675,0.27233788781308277,0.4363169147602036,0.9378783028246962,0.187577005384311,0.23512066507768126,0.6052446752338534,0.3708398790203129,0.8477809885378499,0.15836647547603688,0.974167298254333,0.33333756305063134,0.6431922320344758,0.920483800729852,0.35214273500922777,0.044429967277456406,0.5938578032183703,0.8974221436598842,0.46873260103183745,0.7683621532141146,0.5865382437376404,0.3986891274550204,0.29070566699374667,0.38629729713565786,0.6109595146447706,0.5755363502147436,0.47497045188631115,0.6076845941716915,0.7015316793117462,0.8714988442259587,0.494514865908916,0.40893158884662273,0.06753006504500891,0.9556471709690104,0.5262736057711508,0.8248654021119397,0.3499788612336301,0.22432078468336325,0.6339796176206495,0.363216587901797,0.631401735529768,0.680042767256622,0.6556084884549404,0.37548918052292657,0.1935113207545992,0.2343176049135256,0.9311596369206351,0.14640286592169638,0.6486861012620998,0.4487492662106719,0.5979019353690991,0.47512688881198784,0.6454603549205549,0.09357798194376876,0.2878185244220878,0.5095884121200024,0.20927598121912094,0.9548867976103229,0.6642542096591357,0.40138469177918745,0.25350323162241684,0.5968433289976491,0.3576305115930627,0.2141257337411845,0.7429677566085097,0.22324513317783912,0.9415938723620002,0.916534668550092,0.969618164547401,0.0782198151946496,0.31581992492254385,0.3371444645760936,0.31438487065023013
Brazil,0.03837604772943293,0.6166833054429411,0.9521794214839112,0.11682710650549422,0.780186556314049,0.659724466774475,0.2527508609245721,0.26026852787864607,0.8274196649703236,0.6354510936964353,0.5372289233103558,1,0.7692451120959278,0.013185241986617635,0.9701017116956134,0.7043476450745053,0.8647783704337517,0.6068006337452044,0.4881065720252845,0.23822852393310723,0.7575990495770892,0.6260754573405901,0.623953949829712,0.5987803219693193,0.6739295393494129,0.6660429063395759,0.9358640623898783,0.6513694136491053,0.11299765023883113,0.10624371735644478,0.41993496564100286,0.5971646358810021,0.9448787820241576,0.7476171173106974,0.734935708482163,0.3151832140764135,0.24046615270141702,0.5131107025777283,0.6757191649622936,0.9434925153418788,0.012003210474754611,0.7020773120234252,0.033012556073808486,0.5338197242468932,0.39895870087781915,0.47944698376810946,0.6249821875621997,0.053986997894879596,0.11550266552067523,0.8562074067160255,0.9549287561876425,0.6740101858615978,0.8942508178823407,0.09909176720979684,0.27464790183267407,0.2710216095072485,0.6861359835582369,0.22959169435307702,0.3666794879994514,0.6428956403817965,0.9622360013207483,0.4918971668464721,0.7078079114433358,0.8218659753728681,0.4847990041577471,0.4996563650679645,0.6929885184269752,0.05250054890225864,0.020300805136097333,0.40738502775835317,0.3652947860269554,0.4962462579061879,0.7930696174519134,0.7361266460140984,0.8494911925478024,0.08870324821290654,0.2800719238538152,0.1693327666252833,0.28726319840147296,0.7862352824033103,0.8369104605596035,0.18285334607381276,0.6758166850784387,0.5530995376389839,0.26500920333909717,0.12265286587888347,0.1834556035488859,0.3553623606105504,0.8098099239433639,0.4487196076982284,0.04292360411608298,0.2555317484590568,0.07107367088645333,0.49311610427716057,0.6127277210716121,0.7232923620974951,0.04763957667289109,0.9482455532833789,0.0888415305027741,0.14552559436433032,0.7815258982596418,0.6622349233303707,0.759857044446743,0.43963068579768394,0.4148800643046756,0.4689434605279694,0.5171880897738103,0.8937809879371648,0.15267384609403334,0.5821132093221322,0.27253135408774865,0.03661288403860685,0.24191548903067495,0.9036628616678165,0.4589934555646493,0.8542471573995818,0.37718536552929793,0.7150222849412916,0.5844930451996173,0.16347968014798142,0.446561968497164
Bulgaria,0.7190503500086882,0.9535834666855602,0.8125934337441509,0.8131903303059466,0.9614997068584179,0.12640548685461794,0.9930181235486188,0.5009310867038463,0.42085202793884147,0.47589492574085357,0.9300959400863237,0.969324919997968,1,0.7436523534965785,0.27392916378696364,0.9476247118495942,0.6965287348319825,0.4707822629408155,0.3738586265563316,0.7957998994047205,0.9137465645578229,0.22091058355978443,0.7652652726184282,0.7113131829618939,0.18918997912940272,0.2584983598748464,0.951473174253934,0.07608476265783826,0.3229666598408044,0.4543817266339545,0.5158864581658319,0.3002390423307386,0.894704672316303,0.3060608900113304,0.7417130817155496,0.4836659123124446,0.398407365763752,0.08514746665330541,0.43563979289631605,0.2795338471891591,0.08502029671752676,0.374514961533161,0.3902629342748164,0.6928099643541624,0.9298518184208546,0.7915381148386051,0.32135952763148923,0.3327257955960278,0.8433944018435826,0.58162651609775,0.2721342437211737,0.7743046502917721,0.6428186300239414,0.43970848015534214,0.27126487727996573,0.5090491428704328,0.15355648429340518,0.6091649423551598,0.37173310090272926,0.07809040554032454,0.37422489663863634,0.03684407372881604,0.4051650392527443,0.16642012799373096,0.8231308256346719,0.3397579601785866,0.9382060564535907,0.5991313220034893,0.8642612461515842,0.9974521078513854,0.5742946576929265,0.7758492293067676,0.659882267356405,0.039116443086844144,0.6806752977818311,0.39288339163958674,0.5061775725450032,0.8158102927020946,0.7929167507816458,0.5667423380061622,0.8760727855909682,0.35670346229552463,0.34592832141749885,0.01516702233998013,0.1745610464897216,0.47656806196267976,0.17005297723849644,0.4130156036269793,0.8658500044294581,0.21127717738640206,0.008192897997450377,0.2506858958077496,0.7586922257493857,0.47012785188773687,0.3702829773228653,0.8903128836679124,0.5491366353556272,0.5087423561790853,0.162608382185348,0.36784943817539184,0.0939870302874285,0.0037083140570716155,0.7961768458912011,0.42036611182867656,0.4680733882891145,0.09237319180077141,0.4384545973482412,0.2715647213467275,0.13552873485038708,0.4813520467134783,0.10092030497687932,0.5071168975763434,0.27751186373257,0.7354933715242955,0.7166670438817734,0.05653398830129075,0.7572885393476819,0.3472181854714689,0.9920018832813674,0.891663019508491,0.9101448401751999
Burkina Faso,0.8620935693118258,0.4036972324503909,0.33953495213004115,0.03622784270464796,0.4515051653534188,0.40932237169931496,0.7322036866126923,0.06457882736161369,0.42494032707967744,0.15939782850928808,0.4991609320971808,0.47084233699643185,0.4733869544283631,1,0.393531201491809,0.7581777801986858,0.22259425632458008,0.1846390946836971,0.07041241842711887,0.5377198926375243,0.13051740103179965,0.7225436848305388,0.9160426408595619,0.555121567592317,0.8632122025719394,0.24062665457383936,0.5735792634691395,0.320574403721232,0.0814143600440197,0.413366451976774,0.06901872600730052,0.44998621737930267,0.8410110930494934,0.722983801627814,0.4184899971807532,0.24976521405249164,0.2835119849085296,0.8187265791615395,0.6051817956977089,0.31652552381879373,0.9751445658362803,0.9880113312198637,0.6867083608593529,0.3523799206244481,0.1418083701351398,0.08534170554281661,0.7741507366868636,0.3446864418699668,0.45280331077332026,0.7156538001722768,0.44053754401375367,0.2674653787538961,0.26786675123167614,0.9893423421949025,0.5898977162104803,0.39045317754003406,0.46084418188395637,0.8159178359321783,0.4892727545471802,0.16598742482671391,0.18196369098980203,0.11108394389466036,0.004692814663881384,0.6636866380147313,0.576422537927901,0.7513227722106708,0.22469793171836727,0.03194022422319309,0.10221471948769167,0.4904425226418797,0.3526796860234416,0.7870826956742993,0.11969680204994015,0.9604543510507568,0.27727294601102215,0.9159655478527994,0.5745123331320936,0.9553616834750451,0.8421153684370406,0.03515632393845769,0.3631947422859825,0.9713946395470648,0.22407475243552677,0.4966683593491692,0.3189167232295931,0.9928250488904418,0.45117374140183875,0.35318103583503824,0.2262479005572382,0.30527341040086897,0.6120680587755896,0.0757753162081023,0.46639946897718965,0.8504839018539206,0.058687288665385084,0.8618694036172794,0.5627141652477703,0.2739604325081333,0.7391333277969432,0.45238168036187654,0.034700583876713376,0.14512919878482355,0.9745021479880106,0.8636370868993426,0.38317120026743856,0.5626310284771152,0.4980187444406654,0.10338657260723294,0.9665690034727341,0.11401961751198464,0.0940241935802062,0.43854664733858195,0.8068344475212454,0.8382947433516738,0.15741830639443954,0.13476647899849525,0.6301848686699727,0.5637084909747889,0.4408532923055317,0.13259928352298522,0.2322128634088253
Burundi,0.9940741873787929,0.6904766093283091,0.44533134824547593,0.9753623057647066,0.10005112325738896,0.3661927343782412,0.8186550918191192,0.5895276892248548,0.015319144193310708,0.2395217967260892,0.5825120329850372,0.5458558180616,0.5348874291691352,0.961750168840063,1,0.680282045630996,0.5017711082443314,0.22197288187912245,0.8935400931881038,0.9878786838358395,0.31551493724759283,0.933362232478823,0.2565626325425666,0.7243324169305226,0.38496575276873757,0.7653906543045157,0.659861124115331,0.3044753894929988,0.5828687160653698,0.15865992231554815,0.9081286336952212,0.37761258637453476,0.30133325974794123,0.7559788361187798,0.25812008194921265,0.3090256105815329,0.863530559458395,0.5017649996778316,0.5798297925234678,0.11653265756787134,0.38562484988067336,0.18226754018763447,0.6294944964165426,0.07101051705206374,0.3333214685334247,0.3554574647011147,0.5086492870739705,0.4084482890839989,0.4268847400129915,0.9001338283980248,0.49281013029039944,0.23280270425697047,0.8414965195401097,0.0909607127757347,0.5516913779573471,0.14340809789991105,0.14746345815803075,0.19088548610829548,0.84340681719681,0.62579018518151,0.32430071890512735,0.8054578652557703,0.4282253436593957,0.17368024604111743,0.21287533899620037,0.06244414659335773,0.6179254969657842,0.8582362175872942,0.8455409882205349,0.7238791813169941,0.7008202573626886,0.09462129810006226,0.35543891929052707,0.9382587003524058,0.027178327141768266,0.22711746091179574,0.34472383829113906,0.26841280546346746,0.3148854852817299,0.8201595347659076,0.24131508173628358,0.7133429157398723,0.9222369538512495,0.6333631923521422,0.18798991938770182,0.8424335755591135,0.3835986259132772,0.0725527223885919,0.01709530772547141,0.741958407163809,0.20734439091840295,0.9160480804785991,0.2740617170932643,0.574559761779683,0.7910796840818722,0.43609173056677164,0.6428431564777639,0.8230276733439392,0.17042477765078945,0.9638846700095823,0.8921197575214216,0.3553325103669155,0.47531390771072046,0.1847762105794959,0.018869533915039538,0.594002343167818,0.8761746364308184,0.48279361733759685,0.203503716421098,0.4685147643693369,0.9409695363113061,0.28555908497922555,0.0711749913810239,0.28746777115461275,0.901887717590027,0.449731964936278,0.17960069701854453,0.21535254951810157,0.27631794317986813,0.9203017326891805,0.2979133634529243
Cambodia,0.8755949677790316,0.9006253461166179,0.9906004532742363,0.2458515271567786,0.5594075805388188,0.24132299562694715,0.699896058830584,0.9356825942984777,0.7620889458509806,0.42480144462892655,0.3703559574362866,0.7455113102067815,0.3238769930639843,0.8068342275264109,0.642775729730832,1,0.7533476854325167,0.017477605862326384,0.15111796651201037,0.5022442214297494,0.449523674105599,0.6386652112219123,0.6438390330051357,0.5115266158930701,0.17733738075101246,0.9743829049495099,0.07995920913377452,0.6867705536924932,0.9587072745448141,0.9433201998063581,0.6189013616051028,0.6907035605193264,0.07703174483118003,0.5695708792781228,0.8271202187024984,0.43600057911647283,0.4381226228830195,0.07021624290535722,0.06392141239511384,0.41275179792292194,0.36121729731889696,0.6435389546752509,0.8791927188881572,0.893592678984564,0.1671001433303264,0.6865487870037401,0.27633685369929495,0.41802687523425586,0.8089726386300282,0.7846890131858366,0.31871985739366404,0.2080929126235065,0.2541005916381218,0.3782518926648635,0.9999086372289957,0.6191716454805606,0.7341158440792979,0.41102240515476485,0.6083481968536533,0.8163206784219538,0.5923905126948243,0.4816085403525828,0.889127472263399,0.72831965876854,0.6171880435671593,0.847796952425215,0.02686064832454549,0.4747519654264759,0.5603093849352715,0.1139253991233542,0.9174107456890993,0.6288989579150057,0.6061360228407691,0.4500354686915016,0.8621759244314949,0.5487564967250559,0.8484646036668798,0.005440168036551896,0.16236285610274936,0.04728645480808846,0.39673643012500714,0.46104663920892974,0.470442123371658,0.9111449158367979,0.037276690068177576,0.6914842691937992,0.049250714321004474,0.09879669655328316,0.29648425742686535,0.30096691132438935,0.6794752699369229,0.2852478395827873,0.703934243888851,0.397213097236356,0.22482036960724017,0.997085129715999,0.9048554857935874,0.9726900130554026,0.8340550190526108,0.6093295899432344,0.07897114212100675,0.8932360670596924,0.3522136733288471,0.11685259189658614,0.5275916503184571,0.034716447190257904,0.032235854519319096,0.4522336986003208,0.4855806701176201,0.319208415881888,0.7080562479991241,0.12306386714009088,0.9627360090756802,0.6763393820099765,0.9895739212215556,0.05922387017873443,0.935758336079288,0.03140433258341302,0.37104568873588284,0.812014797951988,0.9601357201253722
Cameroon,0.5785828478559494,0.4155001221009228,0.19549701739947678,0.06042176552910672,0.24535361547279433,0.5488833316413103,0.4961052619117077,0.3274404894326257,0.15838508724828781,0.26342008279032136,0.015685129570512824,0.8628467486655762,0.8256227425946662,0.8115543066598092,0.3385165646025373,0.16673714873909773,1,0.8264709927444245,0.6555449139992313,0.8065674636224827,0.14852032779578384,0.6627683823522901,0.9683324313593333,0.8748771949573962,0.96168873596602,0.3640274180708589,0.9476008311570971,0.5853297116752987,0.3081324858841523,0.2471511892474042,0.2144159953300886,0.8653310030944816,0.9270596579100511,0.902358868510218,0.6722422399229485,0.12889249722584972,0.14622611925008544,0.15349486562361514,0.5224587626117487,0.3950722728971118,0.7770962687798334,0.48499514308965264,0.8969905381825855,0.349383152725513,0.27062298941803464,0.9832576968514951,0.28619802446515286,0.9746406626484657,0.20748100387370094,0.4155199602919355,0.19430271656870357,0.3693495233485613,0.7927674399622797,0.5668023098618001,0.0776648511078003,0.3889435323123216,0.4190820273904149,0.6733679194880231,0.5156452726249731,0.6364778261949748,0.47377124240044377,0.673686857439003,0.3780196759041857,0.5151910576168975,0.8748899070034919,0.11924624235019676,0.5417197996317418,0.48566953828720283,0.45958366407393847,0.6983964515542374,0.21165353012341515,0.9359324277181515,0.02854157984755412,0.8784826825345358,0.9649555713881782,0.0702280098090119,0.5768622802570345,0.7668524752695222,0.7028961361017747,0.2990610668747278,0.8247360837724979,0.6640740288326406,0.005482544254233224,0.10297603842360958,0.7327045634842195,0.5211290600128626,0.01616210720610689,0.12917238985833923,0.3392696018135303,0.21743902827428907,0.5479455852703701,0.23314989285044363,0.2606312031483028,0.7425016271591283,0.9815189180580212,0.12676167156829743,0.4374528152697327,0.1402172775330668,0.7721192743955418,0.5510000179534049,0.3793175519260934,0.4526437713261098,0.6628940857208728,0.8302627304659834,0.5305556140210741,0.5600049812213929,0.9943892362795986,0.6965770352220592,0.290489624301671,0.5057570815389729,0.8390043921786767,0.28406329644674655,0.09819400247675292,0.6017325912818389,0.9316107176633776,0.6640665249031118,0.39850398994763325,0.5055134567481283,0.6324233735822352,0.39670854229104957,0.9829432897576535
Canada,0.023732704725007214,0.08084562127781225,0.14874659308725724,0.6028982466012193,0.8848405918068127,0.5855848188186163,0.09188226132956268,0.4168319764253663,0.5938474542286944,0.04586705574103345,0.5670800944193356,0.7263906123752822,0.2852173292803484,0.5946802198323161,0.16019293584986338,0.8183896261621744,0.17878824193465015,1,0.10550226255922679,0.1220140524920984,0.1066045259646734,0.07309841306112475,0.171979214723747,0.2151012818668916,0.030872378427674985,0.4694900079532385,0.2320142281756954,0.3050036384220387,0.29566133483335977,0.3891713255679371,0.8512038567537143,0.637106851526324,0.43589614178790703,0.507506188213634,0.01921078128386644,0.5242832744609756,0.7978270311866034,0.191693686029475,0.010622537652160702,0.07518022027379656,0.1629995034044489,0.43246787626580907,0.20402535516104936,0.4275925779734472,0.5616802774507961,0.09050136110341211,0.35878248860014583,0.0333007142685563,0.9767785830951471,0.8835137349769877,0.991587729299859,0.9127767023796352,0.24361854423415552,0.22311026230660902,0.3304455261157524,0.8525793431355311,0.9767383880825375,0.4389492512338,0.9474965461157494,0.053655360728212975,0.32842378887730084,0.9692966765439478,0.6008715326922589,0.02832366649677598,0.5729471610819786,0.2773150634031366,0.7421907708171601,0.7501697410431939,0.3592891737895715,0.26023511080035555,0.8137417443633679,0.1588596384590759,0.22792800579968642,0.7440825776547796,0.3654304997346468,0.28082465169293436,0.4080828371535171,0.7637241952757479,0.4960941577029393,0.5497832371419173,0.17716677767187583,0.8167955754425648,0.14592701530581254,0.08608455686015848,0.6812496121373902,0.8906031014624389,0.8811254404264163,0.8387014029368982,0.12948072868195526,0.9960519959288715,0.4943421328069082,0.671091135513389,0.7101105216497117,0.7814295509955589,0.07330826074119245,0.1315776283375295,0.7339972256565596,0.37362204986335057,0.5131861776753085,0.6837064829106391,0.6162396767619459,0.7907732351634796,0.023395575372015198,0.10347567173391381,0.34443611266743923,0.6973803004130091,0.16918828256586005,0.4714287539161309,0.5894556654473252,0.18940153238494206,0.2737053109587282,0.8336850655136506,0.47691654026657315,0.7015367344658276,0.9549797418497142,0.714338785815046,0.16738776528410004,0.9315173006012297,0.9991634638099159,0.8687904701830471,0.7185919073662772
Central African Republic,0.9857008696896172,0.03611887292647309,0.06812659820259559,0.10987730507441462,0.5407448390365377,0.6423551593161975,0.7186842484201833,0.4723995045883903,0.05186040615432175,0.05408645632236475,0.1791504600235575,0.661147842582176,0.8468214915975432,0.3378116727973026,0.9903621841715503,0.8877208978705509,0.8323495233160124,0.12964544940519762,1,0.13302269550448287,0.9473605474637135,0.5794281823683464,0.08362356658076331,0.15727360234479393,0.9492302504255061,0.7406607614283458,0.9435653398183078,0.8395324774897016,0.7883976418990222,0.14203046645606898,0.6883460612920937,0.8500250317863635,0.2684258740563932,0.7356260714949895,0.9547670259911597,0.7214478235048267,0.8314260219227758,0.28204509533093447,0.2946560122594254,0.2990533829221198,0.7579691154677672,0.08124128216092052,0.7236430540801807,0.9458307274806387,0.762839266068828,0.7378302535380895,0.9825281469127317,0.8609038286720545,0.11975721372683779,0.6169944376061688,0.012854844327247705,0.644072175132724,0.007498050985933813,0.7319854478989545,0.910238780571268,0.4492567180907805,0.43714755055327903,0.31014161941224183,0.894824301629669,0.24689271523818468,0.6886781360405817,0.2603556389267834,0.9831186464045203,0.5366731887190113,0.32964896857955284,0.11601482028619392,0.1282905797091345,0.440355429235198,0.5460681995024863,0.6377955617488871,0.27547448851445566,0.8100990139564631,0.032346241305811985,0.5106600092506761,0.7704580487200103,0.06336849739394168,0.8716786846382145,0.8187454270615481,0.5452270446979817,0.7453832305301985,0.363689864095012,0.6074050543106357,0.7535248314127216,0.08000868486859769,0.5240800669080442,0.8428457029213838,0.22786550127247052,0.9352816166404632,0.09603258835577633,0.36964390009614456,0.9236916282328135,0.7251057181919973,0.7507973721159205,0.48858842610868314,0.578968516140801,0.16639409019045315,0.4218633757537299,0.11763877162032321,0.38324945870208327,0.4427440768476104,0.5002147480135577,0.1848958443886919,0.2389052228223033,0.2859009033889788,0.7819072159213475,0.404556126095479,0.28761057265286094,0.5243651194915762,0.8149573242452286,0.2559129682928367,0.47378279981924465,0.8303467456672731,0.05841837456719068,0.08470288345899368,0.37697718724762896,0.7471250880693857,0.8663240033790727,0.5063948951148046,0.047844504269768606,0.4619610254086428,0.08423236381630583
Chad,0.479152583224288,0.06049625980597906,0.6043087831376209,0.3257342289507681,0.44500042297607945,0.24149838028768644,0.4974597153175008,0.40079853020146583,0.6255527484121004,0.6897038110742388,0.4976198472395361,0.8179976958179732,0.1694361358516593,0.7858297052234688,0.5259233626610843,0.8926777872519839,0.11471020351686878,0.677676683652998,0.35268029555592295,1,0.11316754484035696,0.7507427102959026,0.7614738708167682,0.04314148661813055,0.3646269567351158,0.6004608877877153,0.3883179462614895,0.49718984035398317,0.01823457917599114,0.3496849963994606,0.9827197164603135,0.7272000873247202,0.6286295876201573,0.8993270437210031,0.1709444688092443,0.3198213867494639,0.9934796536765798,0.6230691637776912,0.7637751743432893,0.9395059901460263,0.5169087831069258,0.22985118439870333,0.23952744645706303,0.5080676246776936,0.6450836751386115,0.9950695414142872,0.7941598341178107,0.7851287546202929,0.5647884008114176,0.7151835386446076,0.3119918204012019,0.6834885490192965,0.4223094051397269,0.6649815359135385,0.415625267471739,0.9615756033090117,0.8231086962437928,0.5701284884157617,0.9384711928888408,0.04826588275090937,0.6539536115517438,0.08668868855132816,0.41305200390561503,0.3589214593926443,0.23883140349479748,0.5932972847601288,0.7265187003711202,0.2997955501961652,0.486921685704762,0.912784228414105,0.9403584569378632,0.48617529181667474,0.9630136765136222,0.07039252990223532,0.6364021533284812,0.5530447065404104,0.9135493212748209,0.7098915390699767,0.8419944553964996,0.5582546077594712,0.6417030183722803,0.031600018270992014,0.9584400468131973,0.16318172908921025,0.5047622955318429,0.21171224546130218,0.5403286932371716,0.16627802636483136,0.9882366534821029,0.6079587300149837,0.42652803828103536,0.6139315414989186,0.4904287742879879,0.4833769644291257,0.9834732206210977,0.9581948010192927,0.05418630126931323,0.590248083115906,0.6016082464554292,0.9985271351484921,0.20307872226602885,0.3176915640696195,0.5397530276965784,0.45213852706748325,0.9698265845496042,0.8119241928130826,0.9178327562400891,0.18433145062649148,0.9182175860734042,0.3717826467486248,0.2127318769769635,0.5281877109818046,0.7285000132835936,0.9522521699718858,0.35088425226355446,0.08679621344999489,0.036711817250430934,0.08111697300462883,0.018901426343527428,0.36614677693379905,0.4665691641257256
Chile,0.01782047503935924,0.20363318625303162,0.6831939315552278,0.7949376932967365,0.5802959825539974,0.761690898078072,0.4616546496062015,0.3507598414778087,0.625848578528695,0.7470507169030595,0.24340538876178797,0.09540072978008929,0.6298750594120005,0.6339150282507264,0.3262621504736227,0.3032684783536219,0.9019375809301008,0.5106365489927953,0.9863078043119875,0.28489773130324314,1,0.6489739321783748,0.7546882556133958,0.1782870398048525,0.9874042272695812,0.23767219851446497,0.8659829019600662,0.6928101681627777,0.041483761884259285,0.6218865934806485,0.5149800773116757,0.1598622755059692,0.7043515860800683,0.683877249626486,0.5257540134361265,0.5107528206617258,0.07336176856983079,0.3429541454989893,0.7161911182609166,0.7643052237514264,0.26122789726519224,0.04003798218777321,0.26270208663778827,0.9213248921877683,0.456078653334545,0.14421717561189162,0.4939924142742802,0.3333776724476448,0.9063959443767695,0.09018385270325657,0.5264622680362826,0.5392611448838593,0.8477033076213355,0.5888152392575787,0.3781182854449894,0.5788642411154168,0.4753781844503,0.27003053429656176,0.16009352034852675,0.013804422832503827,0.13669334022326318,0.002904167034535665,0.1300116114099077,0.41748874686623816,0.08451117208988224,0.7324957873727121,0.23306078451856127,0.6603308152822912,0.45739198783940527,0.9320037836808768,0.3626265570616152,0.9065462028323518,0.3409273744457506,0.680602493335183,0.9065618364297151,0.6915333991463527,0.9989183681307762,0.4946733612037316,0.4258607633355843,0.8908585718770005,0.9274170326352233,0.2118396031430394,0.3795399840820832,0.06499661156549541,0.886662167418925,0.038841413726565355,0.27442073596385885,0.9537779682851008,0.9390356513113051,0.5644433030516111,0.7766669706281267,0.2291590970720795,0.7335863585861053,0.47741837259623143,0.026456171384311444,0.5146672663920804,0.4694479526719154,0.726713117771237,0.5921672247498521,0.5360010344495177,0.5190478194750311,0.9946559634166938,0.4418915606615723,0.8713576880682211,0.9555098111724691,0.6027728817310054,0.7321325879182669,0.3608952287716777,0.7678037724317557,0.6359206370292182,0.7410930478350273,0.5798325024374864,0.6244428026764719,0.7014649736670627,0.2269634358118634,0.18966515675761886,0.3192435996733032,0.3622163524031219,0.6599863999047864,0.4258122776774761,0.1677627357321272
China,0.3831973801216837,0.08948546393797918,0.9551905446650308,0.4811994881652254,0.9428837832186421,0.25529270802298654,0.17604506366652484,0.41557812761972635,0.5229587463720503,0.5890706713696261,0.9722257905143323,0.7749323202254899,0.12743104181872267,0.005143133290581248,0.11590525721317857,0.8171037531608724,0.37725189013663496,0.2806159204942218,0.5077778981322716,0.2965420548959009,0.5479099575624917,1,0.003857689562546396,0.5803247000583439,0.47282447589229293,0.0652073482413873,0.6768758677296803,0.5465435049147568,0.59483206167133,0.04081017414621535,0.6023029950960634,0.858831792629961,0.4733235737069912,0.8639811138947844,0.6054198868699819,0.6187450963017159,0.7939545408871825,0.7302794207336215,0.7893351277202654,0.16667517720974412,0.057516816258432524,0.7196538662394962,0.5226097710036043,0.7510077714364736,0.21067113706430196,0.8886954368547787,0.5438496690699918,0.023692875813279612,0.8068382537816818,0.13750834611143636,0.757716662765891,0.7915653175548407,0.8691841706528521,0.8056764519682892,0.9585245112989157,0.9242576044887052,0.10778005377042088,0.00992830676740053,0.6283129412397697,0.034709883843224376,0.02519984428784061,0.09252594559934857,0.04885371391780735,0.33551539076421744,0.31840431989012774,0.8166804754167153,0.6211824321579308,0.7366869632179077,0.05932003173607847,0.1871781920551624,0.16878188878168787,0.14029248844466724,0.27308576897000536,0.4235599539017306,0.6737818804046761,0.9963451892716151,0.7491688546252487,0.6940676597989404,0.9121014328726094,0.4343415554738955,0.5318687284922912,0.07900694571626732,0.5760807522096059,0.6226731507617171,0.33118435910080557,0.7173695768206805,0.849499658790974,0.8769479329245355,0.8260404652378409,0.9575059967261506,0.5417640438989614,0.36792225461312444,0.5926795452014822,0.6371267047711401,0.09267917680319493,0.3161289763858356,0.47200606959593616,0.4257432362331761,0.3654577952832664,0.3022130955213529,0.5206567529455481,0.35020896449621464,0.8517450248596709,0.813277456317648,0.05276720564192128,0.6950700597178826,0.6329657648990319,0.8799939940962239,0.0001850058796104559,0.9340803573690907,0.688042934499738,0.20153304807930716,0.923084543430353,0.16230089813374715,0.7073895913433262,0.6211050902969656,0.8737965096425516,0.4698471503481032,0.12607631399954866,0.960505083024696,0.12185747753724452
Colombia,0.6093290620650073,0.742610941674559,0.7922669602654565,0.6699397128461305,0.29574465225154445,0.46957557837249764,0.795611903638168,0.004395799815728352,0.24447305933120878,0.13831512265254609,0.6579236693158973,0.1854334616722657,0.7673132181730726,0.25660266630395656,0.2919577021505798,0.03550387733906968,0.5854972182187491,0.5934269753659597,0.4615523916214056,0.15283462190477204,0.7908868014995516,0.47461239170075764,1,0.7006481500010238,0.7505873192075386,0.9326608385940478,0.7877284519042176,0.7160888582967744,0.5291019661910489,0.8276633466366886,0.5041351913039189,0.8792011620705573,0.30272955080301234,0.9414749864701465,0.6410270799837565,0.2027448155285957,0.5750333069473754,0.03251610892331325,0.9218073441287566,0.560783364224776,0.3898386766252264,0.5608392941281012,0.5774527828130801,0.18154084710342477,0.2008095879364039,0.38908426406438457,0.9682335348248716,0.08578518090026588,0.1628433520267183,0.8496677221356073,0.789200782899001,0.6338560924437178,0.2293554735118456,0.9757536402427915,0.2731299257117362,0.5506880567868492,0.5556258705256026,0.6662648681910509,0.7071972788566275,0.6962958235181751,0.5789498768296185,0.12516564394671337,0.33988511112993636,0.001247149689885041,0.013343680475772168,0.029410678217367536,0.10803355948664783,0.26894121681538474,0.22630012139436162,0.8340784447363123,0.7983396244510126,0.5221374299082951,0.6089531120637689,0.6409566058368906,0.574122177291807,0.18430618171431512,0.48816793936512815,0.6788582252042621,0.5057218011499156,0.040825178918116545,0.2773163888673994,0.6094914502165204,0.8759838155829633,0.7393780439786962,0.2163472988576033,0.540178623374266,0.5142229952538548,0.036530716542544917,0.8731118971198354,0.6707304106532277,0.9477743170487083,0.20777354805079162,0.46817893671931543,0.2045464508897522,0.3505509041847501,0.9909592727070549,0.86966578280399,0.630487754934508,0.15447021068345534,0.21270867077243305,0.724257760147505,0.5436168868556638,0.2425860922583123,0.7550772179372465,0.882929760060899,0.7897262659534178,0.5692765834383887,0.21270680194592195,0.07868287754566283,0.6211149705627473,0.887365231674785,0.7643508076954966,0.7413141131799089,0.243923715107764,0.5601502089096142,0.4880713730115821,0.6549140858204276,0.1698978371516442,0.8980604351113436,0.7482067435014462,0.052847237687613347
Costa Rica,0.9190556816292828,0.37660928652947,0.7918144138567872,0.9836382804694872,0.7703858699989486,0.22031491967025718,0.8885908693301231,0.5393823001780582,0.6091321045303764,0.6669823265210815,0.6381084555629748,0.9001458797582801,0.09774351424835559,0.23699496944631548,0.29187939961378295,0.7748812468938681,0.7590777318156574,0.6211710214171823,0.7794056118686891,0.7011793588651537,0.4442131135173091,0.4651826408219799,0.8036939615004663,1,0.3176926930551328,0.057917659149323786,0.6526371304806606,0.365074325692585,0.589927076406263,0.11634028158524601,0.46182264639822945,0.2724580661421214,0.9920040107412669,0.42331557283504107,0.9390739239817977,0.4000111022372933,0.11247518895327646,0.5156036759323843,0.5699963215545492,0.5148265149589427,0.8827385471117829,0.22564534922650636,0.5305978406708618,0.9681031695072154,0.2686950960674892,0.4352023943202702,0.6451228153638537,0.06592285461243064,0.7980200091114982,0.36474533342091375,0.3021412408360735,0.7459422055022971,0.7430571343418828,0.3509855899985471,0.6054093489187781,0.8741891655552161,0.49788777502373815,0.838720091088005,0.46872476900959237,0.5275436300185352,0.32495396644892194,0.9639787072082181,0.30301618852829015,0.14744047633390678,0.9158806477963902,0.649864820294811,0.7054872516655576,0.19899569220255742,0.18690615766076302,0.9624501938357244,0.6322568144133652,0.6781015061792814,0.5341275854982069,0.02641165969523307,0.6854099248836617,0.20491539950981397,0.9886375358955181,0.7236799671257046,0.8624392755834853,0.9169911119223219,0.46724747844274905,0.2909405150395754,0.4967960557228005,0.6322489866432923,0.7396790369370957,0.6605520938821109,0.36416746658834864,0.11941303310757734,0.3526086582822393,0.5797285758615849,0.3748224259894568,0.26802655487332183,0.43503291478882933,0.19637575431840093,0.6580225937241196,0.4719563720431623,0.93142332194085,0.20040600637549755,0.2019098556327943,0.3672096625605057,0.5135594246764889,0.22857862221274006,0.8986502429193653,0.1456130083305407,0.21090737816841865,0.14765213554012202,0.5976445572879853,0.5123634061422496,0.1048187957240514,0.016389935852990534,0.338722340326558,0.9996124539195831,0.3867500225843714,0.020988943463150944,0.4212755643910293,0.816588002464642,0.687072481973004,0.7134199064620278,0.8123942560530336,0.559790151429519,0.9006324054405401
Cote d'Ivoire,0.3327032099921552,0.637022369222649,0.6214784030924598,0.16902227525194746,0.9568662338082707,0.8893816760412077,0.0850209513751835,0.7068359703081705,0.5082228199546855,0.9388828071392717,0.7893317136623047,0.6916676730294116,0.6929961643472313,0.1503640752201144,0.8112306983072974,0.48413536827047277,0.24528905385394417,0.13923400609634773,0.8789828754667433,0.073431055210746,0.11383182964877836,0.8619862411976432,0.40131143421049364,0.3726786894530244,1,0.7254048384166725,0.9318745021489596,0.05644073526983029,0.8777976967509633,0.49014195076135314,0.34922801189035624,0.6754164357093929,0.07377414265963678,0.7903737589146593,0.7798645566076836,0.06560239230846865,0.7445373604289162,0.08202334511623888,0.26243495445846465,0.1779316866359354,0.46435138338817106,0.9577926315227321,0.556982622064427,0.8272334557157708,0.3587546740447556,0.27703450958000997,0.11080683235355215,0.6787576793542465,0.14468588963399698,0.7713227458038441,0.5409264943806289,0.03657447507624734,0.761336014586272,0.029402205311018448,0.11752141100493729,0.7612778623067443,0.8039436338367231,0.7167851779835666,0.7564692533476762,0.2967845999570883,0.45004290279295966,0.47706489187462164,0.8307196828439376,0.8995814110975692,0.44533757727129175,0.2254012946798174,0.671325985562599,0.5211381865483472,0.18543565948230234,0.8984594161644732,0.01415647455802893,0.7219776663385885,0.9306441148178438,0.2229475433592678,0.44134665725179145,0.20217483757048282,0.7761669604627288,0.26599872951639125,0.8829382679429493,0.6012714747391413,0.09130621283268359,0.19023694536074232,0.7039605574623551,0.12511353923864732,0.3026317721367098,0.2866933385342014,0.351299724499629,0.9729797185306458,0.8850807051986113,0.7482856659010169,0.4716234016060207,0.9666992370493607,0.48384827446253176,0.20122476232867192,0.6185704990043938,0.8560239252751014,0.007125888875315622,0.6253181930156472,0.899569655126766,0.9739696835028562,0.5917759783694894,0.43377793004686094,0.7968322418265581,0.6527912588540554,0.12907595261827332,0.8973963370074376,0.239700839896424,0.9346171928801523,0.5477877622676945,0.730730093876765,0.1316677792614287,0.5544957508470186,0.5373438973721145,0.18579847395230353,0.10275200011939079,0.44169966951320416,0.7979457945190778,0.3614587810589053,0.15655487352256858,0.02168706412927779,0.3910468029964729
Croatia,0.7180960473224647,0.9544588376780027,0.4153422429414142,0.8522101960025563,0.13128895144165742,0.9704321016458529,0.07996574497532305,0.8623126231079005,0.2284807687604118,0.6655599838439874,0.7846178717993626,0.5259290243397791,0.7720353636515417,0.049241623187898265,0.5562074337806986,0.6299086076472786,0.11683138845772945,0.4500699911061429,0.4901719690559243,0.9266026705123961,0.23040964875417647,0.7731195764503115,0.6900913268338638,0.9432436120114566,0.16458827712490143,1,0.7595266400154277,0.14240022067213776,0.3391786839429862,0.15636763752843685,0.5035582895278238,0.6591415455926922,0.8657176572821601,0.1818054637429951,0.03525435064908389,0.6822281131748263,0.4336687905619795,0.453455813024527,0.6679064140984987,0.892691577305838,0.5962495537355957,0.026548740562071238,0.8970332309610054,0.2239969930111857,0.7331903011543731,0.46988692573709046,0.9476526723593428,0.04480367326474721,0.06682569214040024,0.3499093487468171,0.6256988059069524,0.9902157221665981,0.3383727690210926,0.6923352421102943,0.0743567475229614,0.9418627181273281,0.6743862695327423,0.28244201089690535,0.5497036288207967,0.9238162205321362,0.37008418966654644,0.019812476990784367,0.9214974558889826,0.24158169239778782,0.7226971327705501,0.7915817878659207,0.9801918798204415,0.42912179652293736,0.8663747077358129,0.6485975714132708,0.39295952248846244,0.7335496682787194,0.45953146423178304,0.9528268931741264,0.24162683777218508,0.7746727485424066,0.42997150037604326,0.4791545542280963,0.4273401214304532,0.5977133534459008,0.30852270925149183,0.42158025747230676,0.28652217408758285,0.17396905836285337,0.654326111072401,0.6248078509837067,0.4610110208781856,0.5385983200965998,0.3893487730340014,0.45555448764880446,0.10111476072031378,0.5636795295166972,0.4108149539215008,0.3694629589853746,0.06158165514889924,0.8937575337167759,0.33323305912602796,0.5374062699101965,0.5939985992546665,0.13908136164676033,0.869432130668394,0.500332340200572,0.5853790461843483,0.555010100681437,0.5378402394335106,0.7212204756942636,0.9603083796797157,0.12118847460101345,0.9581008232607106,0.10907075233218644,0.5407074625185396,0.7870407210180219,0.05539793138375104,0.1491129694463469,0.14386728914645885,0.025941374734436695,0.888880122487179,0.1980254731816612,0.5946295044711228,0.15333442285351706,0.9378553220577402
Cuba,0.724211069474833,0.89089650681255,0.029980855686313368,0.620567473995607,0.5744721361833302,0.19791233590809876,0.46874485581140934,0.4627461455770543,0.6029735658949266,0.16078937419933403,0.7373703339680067,0.7166639484222549,0.8854800163598626,0.28548546621936643,0.9853831781565696,0.49711934106226763,0.9162626571153695,0.5625860232400701,0.7165505336325257,0.010377346313052871,0.6366660443257843,0.28862520097112754,0.8934292424303181,0.8041160101361541,0.39709570517887705,0.1804868665865893,1,0.6775079468456177,0.13782357409976087,0.7184388091564814,0.4371866474244671,0.7497238808651824,0.9716561043586066,0.37388369220255424,0.8700815494162409,0.24100198843636955,0.3538896951050047,0.6835054794329377,0.6165771310779521,0.5284438275503289,0.5993420728328742,0.8059845408059977,0.015247477859569147,0.08237905832923553,0.36831533814345685,0.6199775768971169,0.35786984350038287,0.28212844338548704,0.6894396276578677,0.4771198513565409,0.9314533356904027,0.8155846023473212,0.8476165779466964,0.34802797128939567,0.5210840130063948,0.2644243939485902,0.21104709004978317,0.8657585650980137,0.9348568681504708,0.24746904263257374,0.6608750982344365,0.10905351106314043,0.31383831039877985,0.31016927668154304,0.20032363585144985,0.4580492759712099,0.6376439059690872,0.05453349651002792,0.5685516514694567,0.5996888032883505,0.30599778555841917,0.14064750265190984,0.2061234251933005,0.609958852949359,0.821406364129422,0.4995836333694552,0.33428386937627996,0.3532395489254868,0.5012068643494728,0.2982696659121755,0.5428720521943247,0.6893751729617631,0.729168065387044,0.5978121008466228,0.12527906252826193,0.6251799061655504,0.2574000250164139,0.22428887819754884,0.5173546067126125,0.7347005238614901,0.9998920071490508,0.7226535166470887,0.33850199468064257,0.1403853444292641,0.4901918040301847,0.9499456276774726,0.2094004197636682,0.3567891032922197,0.4632351506900455,0.8064039065353705,0.2747567617338017,0.35968737126120864,0.3156197544261732,0.4116498007327095,0.04943048903917069,0.37047901251392856,0.8718389023031619,0.8566377387730947,0.6544964291836567,0.03761912882210816,0.5193748537944639,0.09927491739081529,0.15490275723559732,0.22754736557856925,0.7989198798341934,0.5857389756749167,0.2843222211223292,0.8629541541630618,0.6658680182791414,0.007188799150299241,0.620637954740156
Czech Republic,0.05995490872063647,0.94618131132921,0.37098665540906994,0.8284203521935557,0.8900113769613098,0.7799443428067515,0.4905847802255997,0.14393495430503378,0.20826904839317506,0.06334150521039927,0.4283381602228423,0.3650485525435654,0.20139355427110994,0.42380333260156633,0.3898761793345278,0.09005890286867624,0.8628577701560888,0.6540372539074862,0.4261645123923782,0.9053778569413468,0.7314141685886427,0.3525292511020296,0.973725952110024,0.9968064188636858,0.3127880679927948,0.6117017595584939,0.7484477202629696,1,0.5270458767682926,0.0784282649250665,0.7716858479468304,0.7038128493920468,0.5114290023350737,0.22306994306875172,0.6468898609007665,0.1599166512669088,0.7240824225458081,0.7883668330210891,0.43050424232986895,0.3850311433497796,0.21431426007424803,0.06149171057284819,0.5585626167267559,0.5471849077287887,0.5072074075045528,0.5833698871405945,0.47268605194260127,0.9673455075533925,0.5796393806305103,0.7742450381280437,0.240321132998909,0.4254957948794884,0.6612653319797659,0.9224145314376937,0.9181913895205895,0.8186156948317316,0.3802936509698521,0.7599874303884329,0.2711756597614501,0.7648619853698956,0.19826472452796595,0.17553268044263415,0.3139499233079641,0.1438294409669486,0.9156911369632762,0.5678281613075423,0.14716468392875315,0.2689111635337582,0.8809902050639432,0.26149368850910604,0.3134640273063901,0.3914304826423076,0.8748982607596019,0.3021439300812807,0.46193261269925734,0.3222286142301011,0.8713513021462567,0.9489893378505805,0.5904146058205832,0.9957134987124963,0.03680576919176992,0.6290492705459226,0.01393385059424923,0.6619334943222589,0.8968965449817302,0.25798052846134456,0.007620429576613241,0.36570999839262586,0.8469056215602887,0.5692552862922049,0.2808886812063688,0.16693347559140037,0.6956584709086696,0.9068780831266235,0.1836471747047005,0.4930915619720304,0.3941257628049817,0.670450795543346,0.15356960139448939,0.6353533531183436,0.8677529788727717,0.4858899821388767,0.5031631817625538,0.3456780685828095,0.7029533638879667,0.8308558578369001,0.8138157847368449,0.7110318372929049,0.30970008307081054,0.27975296253777215,0.9482522274774725,0.08597443278062034,0.752562295487796,0.1603385126596083,0.8567184313210059,0.34289119819223113,0.93086062941353,0.5111686582604699,0.5826056031637441,0.7688042821363734,0.012013470588368436
Democratic Republic of the Congo,0.17892103893222566,0.46299298267234823,0.10524129619112721,0.09810646183000638,0.9582557366896914,0.5236200122380471,0.1774815631676705,0.29739793020449123,0.005132558251270125,0.9670370326717933,0.3341987923390318,0.37798389324124726,0.12315255755333965,0.7858922086401593,0.6055105548433044,0.9514790302425001,0.05096799859103718,0.7377492387052608,0.4135798493138263,0.8711466341063095,0.0769999914686802,0.37416609598422856,0.6199286492706628,0.2837533893480205,0.40179520122769463,0.3810185869731272,0.8542796424656687,0.07376742942849612,1,0.7737635351533823,0.29912814094669915,0.29980593921079035,0.23611737257189613,0.13372814856855886,0.4268699177337073,0.7933676876399032,0.5765917473128629,0.21764694679860042,0.44292395335204526,0.8350312502122046,0.040479942011965364,0.3520146510766726,0.8545142498116048,0.35751174065429614,0.32430667641858624,0.1828409173182558,0.33373029589085657,0.7572763242877939,0.3823100891899993,0.23659114032433204,0.6415221124565312,0.4640762994513362,0.8698860866665519,0.7506240849195039,0.9684049753859998,0.05227026371929744,0.20320676531316828,0.6207073511597011,0.39293515097119347,0.6629024137319158,0.9932778126864108,0.5216739475582485,0.3861093555744516,0.23907327861517103,0.7933078698055486,0.42023349527039855,0.7664167674152158,0.959014135433515,0.5754305008370645,0.4823580969181902,0.2238280663287785,0.5551943715033039,0.7981064161441876,0.753541677378261,0.6619500897952424,0.13203840371719244,0.1479816554904535,0.13046268348001766,0.3972021887169712,0.8993013140170373,0.009625280208103604,0.9366586069669077,0.7506511544151464,0.7656164156387469,0.4394228847928767,0.15566411943121927,0.40376967642948314,0.20363061775919256,0.07360088683767896,0.704573027535525,0.562585104994312,0.5486453654671519,0.39542691993502577,0.4130987162305977,0.9890486439571384,0.12572964212871007,0.09495254382544993,0.8451428201734638,0.9134470141890164,0.27041213095557637,0.8404418112813798,0.6371937369965187,0.09456158943701287,0.28900511423406905,0.44235951833330267,0.1325787762150945,0.6948560514800581,0.44990861890109024,0.36622640475552715,0.19718332397269867,0.008499194870720594,0.5663371106942381,0.8491532958776816,0.3572707985383601,0.7283670564029954,0.7639020541060173,0.34198590326633693,0.8552756499798837,0.32824388946112304,0.2573080543520747,0.47429570256045184
Dominican Republic,0.7073333569984847,0.4449721753534095,0.2962133574179874,0.027875520981853086,0.7653930533652427,0.2324561127574093,0.9628237484425768,0.30384040407296475,0.3760265649763753,0.320659233101411,0.7147734939289359,0.9278461227087205,0.704605457987686,0.9408606731824771,0.49581530720449074,0.5003327681221004,0.09120175944691133,0.77060537199831,0.05387198416011796,0.17098183398293665,0.5722366692922428,0.10377987773679653,0.01019549564386224,0.31795998798836833,0.23198651214494004,0.5426690119319078,0.5733824088254971,0.19570046482068926,0.0009644456450114136,1,0.15540431687083223,0.6457024701582907,0.6647700372927553,0.11012387561690551,0.5354172553484777,0.133610843898737,0.38981390443134367,0.55559645069148,0.42045895997444793,0.10153292665634306,0.1726941797850845,0.6558983206671253,0.18911561611027716,0.13903287883339488,0.47685173993727625,0.3640986276930873,0.6540599073937442,0.702308491503405,0.9133508713056882,0.24501991250341315,0.7482158366776943,0.1115779296373588,0.9404537988843374,0.4750601521009602,0.9285954085835517,0.553991745238431,0.40743544537866694,0.0871836024799234,0.02236354395258333,0.3727796550851381,0.07198121492845744,0.6528358217868875,0.8383996615083122,0.3698294927242797,0.04382633217949594,0.9729418257585878,0.08534679034111903,0.37971990469171235,0.026040168726764734,0.18367525863875644,0.3151934747182077,0.8843057924511715,0.8254340454127129,0.6598702854294736,0.8475410962677895,0.36768805945453464,0.1168970262180885,0.431113777133465,0.4973713964380161,0.95696855042376,0.5468167052309738,0.3570245900192529,0.3150234346859381,0.5204088995696755,0.6023873953581367,0.6699352301967575,0.6124109613242225,0.5724555349408605,0.20426898376400515,0.8038458208959496,0.5285246131705409,0.6087364093627738,0.5340824367203987,0.9825326961609023,0.3644629559283755,0.04488994784574163,0.643768966916438,0.9206500863471173,0.7146639750955464,0.5994202098310674,0.4372172711996698,0.6645527625079276,0.7007246484411623,0.7839129517095358,0.6131587164304566,0.6065577551124567,0.5019958861538633,0.9895007754676425,0.7758116517533121,0.7593746501491033,0.3152129503571368,0.43560233961431805,0.010783744303920817,0.6622809730312986,0.4144606243882022,0.6865145754882555,0.12431781124009045,0.35395335082653023,0.6701797748466726,0.9644957193511697,0.3804029819566064
Egypt,0.6211697663467788,0.4620451076359986,0.4956502824284469,0.8075380084146517,0.6657740074905916,0.6500078980027897,0.6009362998008151,0.9759103363246645,0.48628407231142357,0.4860317798306837,0.4574201740991709,0.8123611261172025,0.009705084305265177,0.37805137599844185,0.1765975827902927,0.6978435078668768,0.961467470170457,0.9779955079489393,0.4784620821879878,0.143484198315876,0.7215053242825259,0.013822527689132835,0.8539188627567915,0.22051511082335007,0.28374052328968213,0.8299356053502885,0.5142646054020442,0.9549804019503303,0.24829659362142253,0.7198816830683337,1,0.07150186953722693,0.38440783161470726,0.15458343811217978,0.2722362175730585,0.246281661157275,0.05161496472925875,0.20555038794054814,0.06699154598196089,0.13671648621856025,0.3199485012908255,0.9830856568228057,0.6728149440893656,0.14039140018742624,0.7196447236571799,0.8851669510439759,0.5435068118903122,0.5403624543115553,0.07457065199995927,0.7896145585873199,0.14679284264468473,0.8459836434376466,0.07506664759635351,0.9741388712452917,0.34982221761021803,0.21692638220780258,0.9214370121506075,0.38555561261699,0.35971756287071577,0.33737490901421385,0.24568236729831994,0.5164256006556978,0.6782937979968848,0.771594407954094,0.6771126025758458,0.8416838971722482,0.558425168833922,0.9079842558386426,0.5486602119027576,0.4976388123352129,0.08085428239466763,0.7766523146643673,0.881718232602076,0.49656044412873934,0.3176439000680833,0.1995505633911977,0.6751344235900191,0.19973698252337457,0.8904829916743634,0.8936415772567312,0.7552706010526932,0.8113379641076625,0.5170614392589064,0.5449804305206976,0.41778111205548785,0.502902629208956,0.8547402156059868,0.03926372990693405,0.8726840822757785,0.6877736765427487,0.7227363372468848,0.8478263882217912,0.07396139616617592,0.3381776672528335,0.9254987124316468,0.7226188133804512,0.3248526564306232,0.8827781072810091,0.00966203722001624,0.7529942921256444,0.515607038149101,0.11727769753301098,0.31449204336532544,0.47392974567670143,0.8285550647538542,0.47162087238435946,0.9369591043689839,0.9255979711623443,0.20738443914385074,0.9550724064927055,0.25351094426796184,0.15615232949024682,0.9009934085996221,0.0842823823740837,0.07888671747749931,0.4861938136838022,0.25410160637686896,0.8367612130490902,0.08651082610337235,0.873567846295644,0.9546791279422955
El Salvador,0.8619036287700276,0.8454937536254931,0.7946740435310562,0.5968155057047306,0.883304474131858,0.33241796911497834,0.5616818923140591,0.856745502621824,0.21715413032583208,0.9686671114798561,0.5829000976526592,0.5657618469621174,0.9814712467411162,0.12380203487068309,0.19578317498092834,0.942970476437979,0.7152823105268882,0.4260744277055206,0.39943003262480703,0.9816097682749619,0.12846058882401956,0.7629290729904608,0.21867929674038966,0.1066137363879266,0.7494381119910121,0.04585178285260405,0.33157748273550125,0.2815803169606105,0.8720869220351776,0.06800573726799664,0.00034842590131944906,1,0.253978763487302,0.197777672791563,0.7462830710808668,0.3358381825648291,0.9839491717990664,0.9298346983235939,0.0032251351145217155,0.05130268626702594,0.08089925116379892,0.7169470420215523,0.9142693854416717,0.7596746782465896,0.6176446447503904,0.6246328499356927,0.25743149657110664,0.25981362531749763,0.5043256217179902,0.9087313881130051,0.9978383336492146,0.021254009095985626,0.69381777585098,0.3470924535719495,0.6945740847674178,0.810679643579967,0.16309602824633396,0.6105358217882506,0.6833246441847232,0.6968194559822736,0.2957983656921901,0.10037913158538558,0.4318397997705269,0.5125712481469882,0.15146471402282857,0.9551105111736616,0.902176924358473,0.9974952393074651,0.10614417524847153,0.8809945629862912,0.22380176703159993,0.14239386057584147,0.14272921621388657,0.8617112961075468,0.8131396138352275,0.22584036255059958,0.383546900492463,0.2460587216225324,0.5171615822101957,0.21077006966945844,0.15891582790395653,0.4920137696227742,0.5834891103980157,0.692361158324035,0.3241483923440768,0.4132606753469439,0.8031971525149048,0.959511899851977,0.11215504038123936,0.9864275044201611,0.43716588512507126,0.1072522356955411,0.7296031565735007,0.25941092053220927,0.6328722479728603,0.36512035425039335,0.39067910644196013,0.2014195478062194,0.5329881298838876,0.32779815722473693,0.4592701720698231,0.6224616658095947,0.29247800446397487,0.2651594881658903,0.5873868282615694,0.33635217520620664,0.40593380471590446,0.08928443505536476,0.24006265809398197,0.03655856283324188,0.896651201150513,0.03886756944842151,0.15517517017374938,0.8182005037898009,0.2606001083419951,0.08275954232852067,0.9111962234340971,0.3739792610387723,0.11717227254652274,0.10470327157473391,0.3813420877777103
Equatorial Guinea,0.3605233795257502,0.24691236157666874,0.9066588320879793,0.3947458304089688,0.8933088264588129,0.6055291111968344,0.0009289757930742715,0.48722559522078035,0.22650379414879296,0.007814755386082561,0.9771464375832403,0.7508710512228011,0.5819748716811372,0.731441945888915,0.5608999872599758,0.457892316344391,0.4963044191715169,0.6382863703948278,0.7250848826166231,0.5721978975711723,0.08257045804676122,0.2319614954744128,0.6255953917813626,0.7448360124688419,0.44808115939495363,0.17388854923261066,0.13881875005446231,0.4309434422859204,0.01032565124696716,0.7415563274341991,0.3377758335307306,0.1484594167402754,1,0.07066319239565932,0.6356024481237447,0.8163835345020668,0.2540188254189677,0.12445693974494554,0.28776503408436993,0.5765903958612342,0.21381398934080165,0.9324912481313378,0.8674282418855133,0.5019950732039106,0.7409794157965661,0.5427260421884902,0.5874790587176681,0.7657025156724665,0.930672258512693,0.1463641090287755,0.9437520203606657,0.6294946351583307,0.6588197419700108,0.641269136144929,0.6833219198646169,0.5594617033361128,0.3519142871204275,0.2785453250947636,0.9090710793478203,0.936776247140854,0.6214772806166365,0.3276665236475943,0.36503803875419727,0.29306675619352274,0.6751273991487484,0.4412301375118963,0.249833209730549,0.37837332092228515,0.46736954741735026,0.9086698528433862,0.8596608881101869,0.5956615988755539,0.8909722624219423,0.36693675366787326,0.42134383699577593,0.1335244760897737,0.8853588246710956,0.5817190358837433,0.6921399900902555,0.8668774768392318,0.5077187388790795,0.719457185446465,0.9931257689698935,0.2916805113809201,0.8351032721148812,0.9796371966557664,0.8789009835820224,0.7033155699332745,0.9269383754621056,0.1898217215863327,0.5685740884852677,0.8586850504693087,0.2426181690294773,0.10719600923732853,0.9544259135500475,0.8201503621671079,0.002804784712689745,0.6130133040838939,0.8120322181362667,0.5836064903600091,0.3971465765076313,0.11138108371286404,0.15127498228591418,0.9425995260876577,0.06002115072118552,0.13595970710820438,0.17125401610130686,0.7508895400320607,0.8138643177162354,0.37157433324244804,0.10068840447786498,0.05473552662026582,0.5325319712066862,0.37268859011267996,0.9275916615329223,0.40697445544277444,0.866601462990683,0.16887013987192956,0.9665173801140569,0.8113825231226854,0.9768412574286206
Estonia,0.7453284100820551,0.15798380743021578,0.8199202270357491,0.6082947267000427,0.36843005855732935,0.6127459160381038,0.9542449161100328,0.8659908456726988,0.21338606781292346,0.046315256046117415,0.36183388067452393,0.7831204920281823,0.3436791700843165,0.19301234476533768,0.0956897250316392,0.6378538086420439,0.9189312923335794,0.4919430980666877,0.22578039081222234,0.4744746041070662,0.022223007605113754,0.09302077780408724,0.5972520000750589,0.2894888439114094,0.5788546679227644,0.12977954945213543,0.20984242338231218,0.7524305617451491,0.7384984330996386,0.4740240786404064,0.9492978519503384,0.5593179920617583,0.9190103343499075,1,0.012881032297998973,0.6077702466316935,0.008636774612987619,0.520528672764886,0.8197918305910902,0.9024787210867043,0.1310658862372075,0.5576988742580306,0.6595897894220975,0.3024705759114795,0.17540184847323903,0.9219211264708136,0.7419765135422767,0.7033092528839981,0.5813613497687078,0.46733938763902316,0.828496284514269,0.17558157018794807,0.5971232625188656,0.199521196476249,0.31839238752516263,0.16626366418971938,0.4062371209594078,0.7849914196166663,0.5363159811426252,0.8156456161675181,0.6967036153294409,0.8256286921804227,0.9654104708883376,0.4927424549930173,0.8055480516469118,0.15306147376927937,0.17646694780699068,0.20652575682697094,0.3678763406163933,0.7185138540182016,0.8048469085871417,0.6101696295098564,0.2140486853259409,0.17629779833253933,0.09594359594101853,0.09508614717528663,0.6149208831478665,0.6141342521886707,0.9241938979033676,0.5044448371653083,0.12661181568136903,0.0057566343664741115,0.4052300742071975,0.8121553754865485,0.6637345071203856,0.8623378035304563,0.6288569705737264,0.63999945437539,0.9966717564922188,0.627462068799124,0.10422300580331445,0.44271507478988903,0.8882623493184443,0.9103596687937962,0.566828098015331,0.7800249375969688,0.42174101520748297,0.04850621036443592,0.9446991275024642,0.9881310185694652,0.14906686835462224,0.2884084019219658,0.34934702514163674,0.4579071286517338,0.9465922010494727,0.21048627466150083,0.48014163510767627,0.5039983925165415,0.8180895142093351,0.35569302753118415,0.3832886363597646,0.2505330682481318,0.6172917699219762,0.17538035617217884,0.3722526053270655,0.943272832491672,0.5557705694989098,0.7198005665104754,0.4459581787810537,0.16605164098134706,0.21039019839736106
Ethiopia,0.8271351827628093,0.43348283175088875,0.3935233893933725,0.040954965996333303,0.013423920940121459,0.3906644648594936,0.7377183594127755,0.9971469195229719,0.19199118636226764,0.3097059242059317,0.5425880402846117,0.632960790143619,0.0717616029575796,0.6160698817563556,0.5650350303202117,0.47603571312804516,0.4801196721325176,0.46928336301902684,0.5458198405522825,0.34012904334027916,0.8740562790587961,0.03114824321396814,0.741360728019925,0.7217517744493349,0.5245122232437012,0.07650190556707459,0.1169153921195275,0.9430062874346772,0.9658821896687668,0.028658855739129963,0.8828739717062296,0.3249952275518302,0.6972876248088522,0.8682825563973707,1,0.8503970565194392,0.6751474827459208,0.878584492769317,0.595458654743061,0.7833957036236951,0.4950826692725463,0.6694471650063736,0.570946250705752,0.4568077853235182,0.7501727548965585,0.74987312234691,0.4385818484030721,0.7583103143421326,0.10897713943815068,0.7493799422831163,0.04854525521916886,0.7192906901630959,0.23396594860457043,0.6196751440110186,0.23573284128646288,0.4713722469308017,0.9759573326399269,0.9154273429518396,0.401755244833911,0.257901622750218,0.4078012139565399,0.9815069906535476,0.009940765228364845,0.8422167576241391,0.6650528047134457,0.2396216151557342,0.4494469674579318,0.4459044296395862,0.719450164007593,0.01987589714945237,0.508814660194328,0.5091291028453278,0.32435695743747717,0.4414725846331866,0.6276615351752641,0.56548519041523,0.25298029496668073,0.688828911453387,0.8645605217248084,0.36528502617224,0.1008950579826583,0.02682115047120015,0.4932813013497651,0.2427828513123449,0.3080644035787542,0.3022557940742384,0.8676411298993412,0.32827233098533615,0.7337758699941171,0.1933233085611914,0.012977852158992942,0.08568186703681535,0.2557801362621376,0.6732832871862481,0.5961071621957192,0.24563951658656602,0.40826667502606784,0.583919857405242,0.45046004320310284,0.48426221226479504,0.8798864488984183,0.6227397051266715,0.4193809521095707,0.7080544238198629,0.10536057475199168,0.3268907054876026,0.3761268666571811,0.38301756806214393,0.13440838339126704,0.6229091787968986,0.5530210290542273,0.46321786723036373,0.1484927847293871,0.9367777357594392,0.10483282927147708,0.2421767640822846,0.39733751431445863,0.40100906441405093,0.44655992112212073,0.7237473294618487,0.5393501734561803
Finland,0.9006950047239236,0.3785051568661094,0.3062795388913586,0.9041610796924247,0.9493743607531,0.8861693682035152,0.2342645591067538,0.6105426621364234,0.9003014854841132,0.7071754242003359,0.77344400324808,0.6639752738705194,0.040264406815560205,0.7318604256184754,0.8162494068773544,0.5565858883979401,0.9883632044143443,0.4026466065846481,0.23454833715294354,0.06028826852972635,0.06333610196031048,0.21136074064828636,0.732409171395147,0.35528212288850936,0.617988936983414,0.5396028972602558,0.4376636868067393,0.719166020550515,0.5489847302762284,0.7315356590297293,0.35236676243268994,0.3775861721342646,0.20357476782273765,0.45973864177629364,0.3081067549906139,1,0.6708744477716064,0.6097282594260165,0.17730976857754532,0.32507381259667545,0.4256540392862813,0.004349234692663573,0.9388333955589593,0.15577671325608244,0.5769541851704887,0.1168186544744434,0.1786588322847793,0.37255065063700543,0.7098186704964161,0.003553482330282076,0.5376636281768864,0.3845854746220071,0.7485637701040647,0.43046021060484774,0.8762749701722493,0.008458044846931911,0.14915635618032907,0.1307719642032732,0.6340527998407011,0.1368032381795784,0.1156958928457068,0.6079694667782611,0.9274496825552115,0.5222854138006842,0.9209411637238442,0.5129930569295992,0.3594249425591559,0.792105959687127,0.3424346836991202,0.7359774573863055,0.17442711418590595,0.4952915177811832,0.28074701914951394,0.6220682684585561,0.02859723039342499,0.1808394653405896,0.8221185169337424,0.495787599703872,0.09703065974090219,0.43924779627210775,0.38722611302856047,0.6462465933103267,0.5941000790962816,0.8541427641240806,0.11685774247696723,0.5719826356565786,0.17565593615728192,0.5717327014063052,0.9479240496551241,0.1806976086296651,0.5727834204713584,0.8366871812054159,0.13521569252575083,0.0788646172437697,0.004529543534731895,0.29268895200670375,0.5771885139548604,0.1347152234602813,0.9982479822025392,0.5438231182571682,0.3445549208089843,0.9551654399884596,0.8381263865256796,0.568255048451512,0.059087510821280054,0.2618075470786869,0.4834233656330562,0.8184305610229828,0.7690411202545187,0.27251259734702804,0.5407159364619611,0.240525363161032,0.9985481914007299,0.7124008430269699,0.2924459038874986,0.7930527262271281,0.7219441600853811,0.10719546693352733,0.8268265847681324,0.7274636500173538,0.28691645138496424
France,0.12044042784899223,0.018720434178629786,0.4673046962223647,0.12225210231569916,0.2678315845928222,0.11596216980668483,0.12161882902424914,0.1014530674645081,0.8946966863526551,0.9674681225986141,0.7720103440746234,0.6842659873694484,0.9736565924739029,0.5349654487938179,0.6467664782061918,0.7258871830210377,0.7921549995022871,0.7094390822747838,0.21071252046939504,0.04291510184649605,0.2680181770157133,0.5951999527383555,0.7436655686030686,0.05370561817368036,0.8359212703093984,0.5461259369597641,0.6544712101677427,0.7386771563702917,0.7087222467926946,0.9632025272566258,0.3539180707615185,0.1327716571699259,0.33338598611632475,0.07196147069305026,0.6511943445310304,0.996169690309539,1,0.8168186615214844,0.720475140373993,0.813510132420509,0.021722653822185967,0.651836775117327,0.9497901070631157,0.7345231927868785,0.00438583918340496,0.33347202900771156,0.9382394116842329,0.9506124747008751,0.9743807573238397,0.7294569185727804,0.6178361615217818,0.16263801848641646,0.54776377858776,0.50944369502676,0.6156391665457343,0.6694643679554638,0.15858077114312685,0.20539157209836445,0.0023527892449427545,0.37825072537787785,0.005312786688605242,0.19595906494549453,0.6115744312066935,0.698276705238312,0.556017935852397,0.3255272419763431,0.19511466215384932,0.42263292276200526,0.9196259365177583,0.9388507047386506,0.9737882348153757,0.9552950557428892,0.5172494933912647,0.8871678345312989,0.560511678177249,0.5537587167365039,0.6734710185587788,0.9616369347009358,0.9396202081224371,0.5361061237560519,0.4866393496540329,0.6526365896292314,0.5417926722495171,0.6817522036251064,0.9933407344643407,0.11464335996980524,0.32133437526617126,0.9686420222617335,0.4488023322083293,0.5058540404060304,0.3438732739417165,0.2007406732312781,0.06127430373482223,0.317819444522663,0.8408189932045327,0.9485565837852241,0.4852527660336514,0.35918994090204015,0.130475529348408,0.12467252277028296,0.032843172902513706,0.6713426048659407,0.428342027428785,0.4934746379051974,0.658443622152626,0.1817386145086094,0.3306938744854603,0.18965058101918097,0.7648686301760782,0.556541675654161,0.6107333351725842,0.6574222822342074,0.5474587845451299,0.5129348434881732,0.17702740917629267,0.25511771666340355,0.07225762741352182,0.12875206295091302,0.294802887284899,0.9128212809453091,0.570396076296112
Gabon,0.690636312888361,0.9840486607583832,0.7131615149174774,0.35321824430094884,0.5047510340893017,0.23901158637197017,0.31293808167976667,0.16413550485751338,0.006388376415160213,0.3883288554533142,0.9564292914540443,0.4163399313334436,0.9206928606672812,0.8349690058706276,0.7320286144825651,0.06914298786661477,0.6484148750419153,0.552676865549259,0.8290420909132974,0.26903517871457217,0.8092851440149302,0.0996546593623785,0.5958035099179247,0.7499792546712674,0.9276688788077966,0.5690275399250213,0.49237396138121514,0.7648368686232585,0.2742039403929618,0.929045751804259,0.4201705027692042,0.13782660582793904,0.274109475579306,0.11928380852522968,0.5003266072219521,0.32970387489039,0.7465234115349199,1,0.1676021616104133,0.6650231605896133,0.34482580121134565,0.23864550097703996,0.3885390880610935,0.92751356844418,0.2097944917634611,0.77836856791234,0.6448283059631891,0.09478934925201576,0.5270219244945396,0.8303133835324547,0.7687434903670706,0.5380220398185926,0.550359962875465,0.3573252512590406,0.07701182466875156,0.6474365727682411,0.8713207801783467,0.6565219168399603,0.8265098173573756,0.6282102563495415,0.2889617448737346,0.06540070241440266,0.0377258818827384,0.5549502416520272,0.9542295701538824,0.8171122072867752,0.7146649439970526,0.8659533381166635,0.20341130550315834,0.7255240402909471,0.7477345769991046,0.5177520472207812,0.6444496291679657,0.6389738037582104,0.4993531352499829,0.7766908898297173,0.27155132872197973,0.838308826307467,0.02387999163323129,0.8938602126829522,0.9608523404661263,0.019476751193842734,0.1590779581632067,0.8994176677842644,0.9098041470972675,0.6745220540229915,0.5580051375707766,0.7369976634390959,0.6163281620143305,0.8898997753835434,0.5054623780126917,0.841358679258598,0.24367377966898307,0.9549783714845718,0.6640542715669275,0.39666341461975296,0.3789957431050507,0.4369347214740932,0.5168546147596345,0.44060659491576637,0.9111641820511784,0.7335639390600843,0.6740288468405773,0.8974672885448824,0.5130405161897091,0.16820934927503306,0.050195374996597764,0.6988893301190577,0.7828739228027318,0.5412293227667507,0.5033590541197862,0.5141812620601083,0.006413595037330522,0.5317840854282668,0.49043811587362196,0.3502852047146172,0.7986385780067387,0.9097173633974956,0.03267709883964176,0.03480247658028279,0.5222746574488069
Gambia,0.3650669445975385,0.9912175334052249,0.7586853106750877,0.42245667074120696,0.037586913960951374,0.03077719624062325,0.07246571399440416,0.1974380236506138,0.012054415560988407,0.5902981164240534,0.5099264142571229,0.6941518650416576,0.3068754477534267,0.36763898527686567,0.4240963991181461,0.08303127027307988,0.13055313829705917,0.2717759590036388,0.42101144598139717,0.2795300279416265,0.8996974250869566,0.5905955798534874,0.2249298901252198,0.9291897095577865,0.42258509225821084,0.16528890693041431,0.02546016819300767,0.9357039533716374,0.1558030044498946,0.5934448200514724,0.9583926343352303,0.19110403932066877,0.08588046333040056,0.33439164772030106,0.7820392847903197,0.8326144333601557,0.4895233309522595,0.9142625956479808,1,0.31968835068459744,0.24614721707295828,0.7800476078906955,0.8273336364613824,0.04068654780209824,0.15723042329155845,0.8777018913345359,0.17887492134845173,0.000271787111244981,0.29030982380245596,0.6710533677086142,0.7433969498489829,0.30411316744544625,0.9339979059475236,0.6650322780496792,0.821732287880983,0.650681573081048,0.7400173443348178,0.1221780965759891,0.4164181350751258,0.8568136661142673,0.7224113218229561,0.22503192596527788,0.972515436298589,0.3002066802293186,0.3350124475428118,0.289615292352033,0.5710405320332951,0.9462785426202859,0.8093368353555445,0.8053168308129909,0.012861857548137956,0.4894673584275515,0.5234354501039188,0.9843029235271844,0.7656830182428518,0.2972203928334687,0.5390109190838098,0.1259439360898723,0.9667949260204232,0.15752718441321545,0.5686366833436196,0.3422177060458894,0.8251088526459247,0.15314974577173823,0.24360450989812654,0.27668488861447116,0.20723445319206435,0.402144516538136,0.06542780286717043,0.7362683200880609,0.6129506599168555,0.7901013296498407,0.3112844211313448,0.01912404985232108,0.8597835276118101,0.1851380387184176,0.8574589709504483,0.10884230770247749,0.7232275228776558,0.21368378719376802,0.5364808828795296,0.6793208684650993,0.22554737969781535,0.24592743267086203,0.8201260423037909,0.719362020016324,0.37123288154465417,0.3954004595463617,0.17947760722464579,0.6746588037887681,0.11227614028296773,0.6170366604500995,0.584169169198711,0.0004584618043236288,0.5369932272881881,0.5989145736459981,0.07273044064033662,0.8553560034038463,0.832853639379317,0.15272290740071326,0.41742814079159485
Georgia,0.6563135844405258,0.8404691762694059,0.46058395562019483,0.911836289163141,0.7774967181645038,0.9085124402732002,0.6982799580460546,0.5733643729864148,0.3518753756591002,0.23055602606093006,0.26440083171830797,0.44311418961423676,0.3870848649032709,0.4548808002879172,0.23570789084338983,0.5570480642598882,0.7550023418105867,0.8861068080363442,0.20270147936607374,0.701578033942644,0.27799204929282373,0.840460110935471,0.5691652207129074,0.6781568972048061,0.5317372963622924,0.08630696405261373,0.23739010030836694,0.0763345365125021,0.7551050789347795,0.16376688947099916,0.8140515033090683,0.8246023144218141,0.6400036993347643,0.5944401251370717,0.43895717895526154,0.6455081674957397,0.4778446659171147,0.44155796564929195,0.6950367999338218,1,0.88133264925262,0.7356190392767601,0.7810452041316709,0.7481173645584277,0.07044195638017314,0.9883861946197366,0.3490977004301119,0.5159834364453307,0.16080271041500593,0.20593394637201545,0.42478664032734226,0.08532147276752555,0.6556971616278201,0.030565463747817545,0.5132911138702007,0.08524282973553876,0.22218492603163353,0.0800747657848162,0.8719681582053244,0.8282956245163207,0.45528212103802723,0.023066698406640218,0.3846570000628071,0.033788312488848726,0.16532759084947357,0.6744600573482831,0.35495569743526867,0.2538188279702389,0.03344847778114046,0.9672519928375453,0.6604925852280966,0.8683183101777134,0.693416178455972,0.6890471358297584,0.14957134621226187,0.7022429789786987,0.7108039804771865,0.44573492173938234,0.05029753871608755,0.5330217854567382,0.945452727481188,0.8952820732957075,0.721556157893825,0.4073928348270528,0.11101521328719643,0.7752127128095205,0.8789843121461953,0.9950811559083071,0.7622673269721773,0.006422765567013489,0.6583642541116331,0.5630213254360056,0.4623486717218128,0.46691802032819685,0.40098685636659115,0.5125879065205053,0.523034812217725,0.7840572002796293,0.25443648322952517,0.9047998282206391,0.5065705539146099,0.5381983100283155,0.03824618478402109,0.9400609216649315,0.6313369139372763,0.6410764813042592,0.12943341697722321,0.10259960836562043,0.437358674842944,0.6774636595221059,0.4186008157969011,0.265772903033358,0.0469693921528298,0.29178849028549836,0.1906364371634749,0.20966922354276474,0.764397459418349,0.7961292137490874,0.884225077559946,0.6284890246117344,0.2639630646118921
Germany,0.6705277661129682,0.46720338286250374,0.4423457319530446,0.45756639320281756,0.5050401344199514,0.7565237288804387,0.42283207616253493,0.6990969669630381,0.17176602826166432,0.41229388902120834,0.8083115608109298,0.6706330444149554,0.055502777586419305,0.4587446231407126,0.3419700880395571,0.9570265622700926,0.5739388982782436,0.09037197174097433,0.7931582698498273,0.07285177365919693,0.6035035867245049,0.181395073980388,0.824929405770326,0.30239576508289323,0.8258306408283808,0.9298042563649863,0.3204326025151073,0.8906931854063032,0.9943741991490506,0.17470560743308616,0.2368542405957791,0.5788539000899463,0.7414750323809004,0.7597603157351847,0.9485483624244007,0.07894341926468007,0.2018149379362647,0.12494576679768177,0.8864548634301005,0.8037352189051562,1,0.7070997380632088,0.34695005874450513,0.377582531629132,0.23836821307470135,0.7319978029948997,0.49619025500792646,0.2663799133693704,0.3384904260569307,0.03394551229163534,0.879174811769407,0.856034542965671,0.9052394465265252,0.43214299388491584,0.42047661203545816,0.6841576094447217,0.8359481786258829,0.2737795249042101,0.4520451746780093,0.713609206696374,0.865075612720829,0.3381535379528111,0.6644594984310702,0.4573111440568216,0.611460017851609,0.5375112559289266,0.07606248439974639,0.4021198412856678,0.4210581891911278,0.08759082877930291,0.6806900230186669,0.18786460968797525,0.4670736810285018,0.5820641931285893,0.8676262702225527,0.6003988585444744,0.08486276149440142,0.6238500568724945,0.6356432979847334,0.14435382040328126,0.9667304253766817,0.392481239970629,0.4208720712667712,0.41185773037503115,0.607255212460308,0.49054033667925523,0.5228500664181162,0.6235804344260962,0.3073222520378027,0.34803598415111536,0.6830120409370173,0.7108336984598702,0.989041576264327,0.622488665347879,0.9655430488007195,0.32971493435440047,0.11462609316657935,0.2115269029730129,0.6818173025204204,0.10882167997947612,0.8272516374962727,0.3074648555911673,0.1832501986460161,0.4034637706640698,0.979222001681897,0.44372514531301377,0.6822990769612072,0.5969608067686009,0.42307801347432505,0.9941844310320996,0.8485702300692242,0.371057956626645,0.16950061828764096,0.44486349062967045,0.6422459544671533,0.9240228514974698,0.02198080682693937,0.007588724139682923,0.03173804036553518,0.20480375538014362,0.8489455850646902
Ghana,0.8465720157448976,0.46902834124254644,0.8340610645557871,0.022236238990047785,0.06766298075434152,0.8794598861936712,0.7059641512478315,0.9512286204214527,0.42549366935243604,0.49826858597473167,0.9396380228224966,0.010383991952177096,0.7069831167625024,0.7978168564010687,0.4021149621269138,0.6533108081421662,0.35115950849887234,0.7119346833256609,0.09230123880027674,0.38210143860885304,0.8827825165420861,0.8864674290954904,0.20236440393952293,0.4536590653749232,0.35580985532592735,0.4854175176752267,0.5022151114027545,0.1270077537290938,0.18322459275187197,0.6936381872225833,0.6228665175698752,0.13935293080132294,0.852591639076082,0.3201486059066935,0.14569859849050137,0.023025133007744558,0.7647344117084238,0.9459317131273325,0.2363057576554377,0.9224073939876783,0.4574325194909812,1,0.7249731436543891,0.18653162996106964,0.47755373595634143,0.3405188243395205,0.7631620747871576,0.033553356195824,0.42469904799788505,0.7873380156556566,0.6180135428398513,0.8664354923911273,0.5914435207038866,0.39791094115791104,0.2916565530022466,0.7852653190763358,0.878828114601018,0.2789021373815228,0.427094892286779,0.6535772205013904,0.7865825671511932,0.4472395474172417,0.25349196039582256,0.6547787055340071,0.7824779336926234,0.5040650007109109,0.3639427874479316,0.9601774303714775,0.6841413792365111,0.21142335476469798,0.39231355509047683,0.46598030488721853,0.9867584495184817,0.969100843490371,0.6037423621054979,0.38546167511418183,0.02897312901860649,0.17777060616075446,0.8933892567434083,0.4906503802174188,0.1267869789705598,0.1218351406040814,0.6436520570047768,0.9280601172946435,0.8285509940289061,0.004130653040449461,0.955966857370713,0.12246601877295493,0.40603369391879696,0.4272392870737435,0.05567275726215426,0.48483674671389765,0.6576379702613677,0.8348651922504515,0.4634731603416494,0.9458173922381707,0.37568536287037924,0.9838899981237792,0.7879732922856822,0.7421795402915414,0.40877173700623015,0.38817578444574874,0.41449929227264526,0.8300568196374245,0.8371326357724636,0.7615609490871111,0.602287152207771,0.25852885270842585,0.29952289560690504,0.6961625628107347,0.11798854562251293,0.9215857739054044,0.30350927738776967,0.572843332556234,0.7819136071663044,0.051301540679401625,0.705304881717901,0.17975859080443712,0.6509970755270427,0.6747918496198296,0.9543413818379669
Greece,0.5172693593686112,0.49062978430689486,0.08188426697918527,0.32111438006851056,0.33288807986794156,0.03930774174716645,0.795512426320199,0.12264656084186976,0.0922725840648978,0.0775964724263728,0.42252409485996023,0.9184268841498358,0.7231969797096084,0.2228947658517636,0.03842689114174913,0.5090396957248409,0.5149396673195855,0.3333763522353176,0.6890377994350729,0.8101220274754719,0.4392212976718669,0.956157098117937,0.012637985826259857,0.47773014056174656,0.053329884119103554,0.7634779293232833,0.5101834941148209,0.4690594364454713,0.3657547007572538,0.2559629629053167,0.09941911537887194,0.5592815108412102,0.1544782207554799,0.9179190155822051,0.3571105682112877,0.919115465799648,0.02864474800095418,0.33176331076209387,0.3595451237187248,0.9726047842383844,0.6001352174007558,0.5366541312403159,1,0.02541037520345757,0.9451919175045089,0.8235454582330409,0.5846924979805641,0.24026115982163487,0.5530721070887538,0.8001505637937233,0.9286793759520073,0.9519946453531528,0.29138496542555703,0.22496617581600376,0.5373679626864266,0.5049773679153045,0.7652955655224816,0.4776354589671441,0.6847544391717114,0.06292214371609584,0.65772099244844,0.4273730790680085,0.2609965304872065,0.20016085740967005,0.4062187028678347,0.49015796077312257,0.5026742784836309,0.9775002320970276,0.026652246678212532,0.5916845602637074,0.5755611851059153,0.7366965993450201,0.1087654115127672,0.7295433108278196,0.48793766590767296,0.3613851930507941,0.9363663250152018,0.9424013716485461,0.3356832451528341,0.3345720933516537,0.615468553660983,0.2516135485724921,0.08639008796632186,0.6999016173384343,0.1353335088754809,0.21568140797261393,0.15292637660915986,0.6696291020994283,0.2597939139957133,0.2511313682080144,0.6643344413281187,0.49244445776765045,0.3961417280212156,0.05014403391746913,0.3756080602956724,0.8002326225425429,0.4924704482069492,0.6230903289979086,0.5054135753551382,0.07861157972393029,0.2895094940818401,0.8041507809505563,0.9710125609088649,0.762167911598088,0.04835136571341725,0.5003142259512289,0.7736996636451764,0.7630666200997493,0.9248313055472867,0.7939276401700349,0.3605515748815947,0.2834379345429502,0.5876111152147123,0.40811722740287626,0.04501992875362837,0.5823765091062741,0.6895798122398247,0.462491097798012,0.24420662879578503,0.6177073149391538,0.4721113732920985
Greenland,0.3809234789849274,0.2846626423963994,0.5660726598475154,0.8770800978709599,0.35898859097098035,0.1882670836229251,0.9407674856412382,0.6447562126541888,0.2992990063578823,0.3949046051889531,0.24202075605008666,0.7105093280690828,0.7427021949322156,0.9056847929191668,0.8355254717910947,0.9515022683093395,0.045343503147814435,0.6849385138094402,0.6103082588076929,0.1896786704849326,0.2556991296109593,0.5264209714816074,0.10636700528909182,0.02455272952001686,0.7980473346816187,0.42284447733724173,0.5791576548118841,0.01171236643121365,0.8775993064525714,0.2334258171080672,0.813102736111256,0.4364638513286825,0.4713363968529791,0.36458294995731033,0.624166350768283,0.3158696289840953,0.8161510866235306,0.9901828615834805,0.4739013570809003,0.08412562051300876,0.3948183917972834,0.8775200013673803,0.7319597089300108,1,0.11493348422780103,0.18819506743757786,0.5665334388280778,0.02973284298850276,0.24016554317233252,0.5687138730487344,0.8412045283055584,0.16814072994439788,0.9214113415119762,0.1916759925369903,0.17844824708530838,0.023584216272525715,0.1724893112733179,0.434520890061862,0.21151044209658587,0.5123516566152284,0.6662389956490565,0.6137670356902878,0.9934724254591931,0.9318431605888507,0.014431837746619713,0.4593784780432788,0.6805752968076081,0.55752019207668,0.9170064414309412,0.3507765826061312,0.8469916508638969,0.9752889024258531,0.3148187240631666,0.1276187295350103,0.9861836649366377,0.04003152869331661,0.9864518305730414,0.21937676478146118,0.07859049075240998,0.10615809619504124,0.8511223830602457,0.49334632007875634,0.23378203401855346,0.1882341583189331,0.9919903819763728,0.8958923245192444,0.9823559696500699,0.8142725375284781,0.220340416554471,0.08691808128629186,0.3539960509451191,0.23573346445740184,0.34030932493826327,0.18837696104333934,0.4524270520007915,0.4150526607439329,0.44794246745217825,0.12708429234708274,0.6744115085543132,0.09348277175115804,0.10742743352023976,0.7400448334851999,0.2535233038408299,0.2623348560528592,0.3753510523606468,0.4634493793303288,0.06670220276581151,0.9505476737147112,0.40251274001280535,0.19177573930688807,0.3122926973022635,0.29350878859902285,0.3272017865590081,0.4025359165450675,0.45979052191810976,0.37540201966894116,0.7674766049651938,0.3984366871683124,0.23122126248054853,0.7519799000459899,0.7472175822935113
Grenada,0.0743583034155767,0.4436519447270195,0.14010078329862785,0.13529389660066127,0.012237253430139594,0.1076300877549069,0.8222062646198276,0.6146573294354449,0.25453690502736204,0.7942753774380341,0.9227353778406732,0.12183784709178658,0.08916424215659036,0.6232291843860371,0.40486159215525164,0.1376245071044888,0.26274619834247237,0.5075443662553212,0.43825407253569293,0.46397437911302064,0.7017718750349597,0.5476776300900086,0.29979295220245616,0.7550117093142992,0.7425488352017197,0.2962916409324833,0.8052504093559985,0.06539544137154918,0.04576493863373865,0.09583740682581199,0.9902883979664017,0.18415025818928676,0.5139542413044523,0.09769278566952244,0.8029455717452757,0.41608631896631987,0.22758636581282488,0.15385487799321618,0.3118558561627911,0.746077846317734,0.5139407783465078,0.1666184906847903,0.1050909326078926,0.10156684457760423,1,0.17050399426358065,0.18031733129046645,0.8661539838223646,0.3005281954501562,0.5795064900678174,0.9659232651473618,0.6074522947840889,0.8577638509535511,0.9869915804620263,0.7963030626614037,0.45309402831107026,0.2865307823695499,0.6681517905056956,0.3535960025431736,0.09217875175302337,0.7992562579711181,0.3529857296655271,0.8340519415483333,0.24562604102648522,0.2974959653651742,0.32088081869128704,0.6855476076420143,0.2852237107890083,0.5498150154913436,0.9277878536448229,0.8476460941042337,0.5788664321722344,0.7612692904250237,0.7712466375146451,0.9012512297610321,0.18934627875830123,0.08755319472051426,0.412081181095574,0.24851733184666147,0.7969957717188546,0.37755207566141513,0.8011048115909869,0.3592513332691374,0.5949391032316271,0.6841198669789157,0.7848421970785365,0.895933122869037,0.22708459192396846,0.4016256393756067,0.14849668595949728,0.8496435522218089,0.47385570702162416,0.6320562528524355,0.007882560946961159,0.14979473445733182,0.30989060906415555,0.15554044610613738,0.0492175598734228,0.916966983327846,0.3010028128797916,0.8802432401421522,0.19950721882221167,0.6273455628393739,0.8251610393177214,0.3052107185118227,0.04578295283892675,0.006352660398897481,0.5980907129073184,0.54811513045181,0.5352762112284994,0.10743964725246113,0.04142840585077889,0.6247290862245233,0.06796567199313286,0.0662422914810531,0.21383062935876584,0.6987203646122411,0.22732056398535905,0.7264759153634974,0.16053360729722688,0.3778144687407924
Guatemala,0.7693443361405983,0.8157361284105302,0.43473337869573125,0.9803936733861527,0.3224134570995649,0.317313883435843,0.6788210868996459,0.13448003771823147,0.3812413732725205,0.453241546112798,0.6375321191244372,0.13256269601903914,0.37886202356946175,0.18905532928657254,0.7181319618462251,0.1662876544218621,0.2888828757974251,0.5633726572285714,0.724992268994794,0.6094307124413422,0.8993650614956824,0.7328937812726007,0.3147788776089949,0.4714130389741539,0.8698726412031638,0.5396059205273127,0.030125219951513182,0.27761171554243413,0.8064817646803101,0.40814961089757207,0.421284695985497,0.2675574547301035,0.775208989811036,0.6164300073688762,0.8347930361170057,0.9101789076983642,0.16143457495103009,0.05230381953248542,0.9916362956868914,0.47266945972066987,0.7340739470870028,0.7493464318285105,0.9248152324816462,0.3291759158934128,0.3846430166177903,1,0.514679553596383,0.2562174510117028,0.4624371267272793,0.146833713244918,0.8057197775328876,0.177589497206753,0.9365221354923181,0.3358483184376144,0.42921454656215763,0.8467568001759397,0.9542172938937061,0.42862214464784343,0.12853976275239942,0.14734343805919092,0.9016294508074563,0.6112412352240174,0.00292097012032011,0.5141399807799945,0.1867913139116606,0.7852115323997626,0.9543309851903253,0.6234901637198804,0.7544953685386332,0.5494998412558565,0.27683411345140396,0.9285715108111592,0.33442636893826994,0.17696251184960243,0.6951211279871818,0.7387070785835945,0.5701946380491963,0.5561607653686472,0.38524083946071497,0.6454057999501359,0.35411306792993436,0.7130730405034539,0.1998770269370671,0.45754080719819346,0.42468781067472083,0.8819385616296767,0.896805363336866,0.47668365654086076,0.30362975274269133,0.1042750182564911,0.30247035848335435,0.5574628496910939,0.8627007222108574,0.03098708029974162,0.5123822859540458,0.671123036679844,0.7881479602968704,0.9709543490555115,0.39576515313017935,0.7144350622088048,0.2962633322414634,0.23379829638553162,0.9459102121253377,0.6824989159785355,0.2656494054992631,0.2582208178856823,0.2761387031880018,0.6006616567352512,0.4948689717786813,0.30818624093672964,0.1302687155588239,0.08419394676488634,0.5442465397717318,0.7082054502483447,0.585457980161541,0.1327305953542326,0.4715352963529388,0.4952272503738562,0.34006987977198244,0.43196248963842354,0.9798048397161767
Guinea,0.19580665139479203,0.3079412231740867,0.49137853715829327,0.3927048354218886,0.9560108973133339,0.5695203132836393,0.11770704459828918,0.2503631993791485,0.13452409354211914,0.8060472238080004,0.7635857377321118,0.5828631164659315,0.5625043348564247,0.14186073488921858,0.142292237361614,0.4471306490774275,0.2628753166351395,0.37298621969460444,0.2844056899497891,0.2448261518076985,0.28956233459269665,0.1949067163194279,0.15460543588144493,0.6753655363435583,0.7655392684307056,0.8272777244862345,0.02991146871552408,0.42586063520127837,0.46504329360481467,0.5161713985863603,0.7106750923358421,0.03501329202175596,0.41627738197450026,0.9574589580799036,0.02231618332902996,0.5979864558587403,0.8960313299803327,0.8902268923062742,0.8788021251829325,0.43186423606293267,0.4392111251004135,0.23948516779575524,0.8308507650233355,0.8591534883052108,0.35290066706274315,0.022987609548342447,1,0.24416943191129192,0.44305912705142136,0.25048584701861554,0.8633976075613702,0.5334623328022468,0.8708249996817605,0.697832046586977,0.7385224315577835,0.28508329014691636,0.37784409707164945,0.17966337029854484,0.7375753112111804,0.9886388749428858,0.6666184897187926,0.17087536739312925,0.6387776873753673,0.17340853732533523,0.25953493347947443,0.8507136408885454,0.6489917667713313,0.6655964860531537,0.1398288988226053,0.16631116269896262,0.3735951757283602,0.6925879086504213,0.40016101349029454,0.4215151814140141,0.1443792843605759,0.10212375655381167,0.40674123412314644,0.7426778103472146,0.5366468336605551,0.5134328886305484,0.2851146743832249,0.4492896056450524,0.49326722174767934,0.10956887961297157,0.21667511385245086,0.38676570781259134,0.9910969844142712,0.9225471905885074,0.40028197956150324,0.41518561973948465,0.11358640886073379,0.3078869808336906,0.8852534175335428,0.5017222586921274,0.665587959216435,0.16124285972569907,0.39360552466591614,0.6897642955094164,0.1163200959148546,0.3920501603603729,0.7629481115125706,0.5950002707438573,0.9954054552948819,0.3440809993219236,0.9280955673835627,0.8754552747965858,0.002718994735256719,0.7698460167219024,0.11203927516243595,0.29375719034768777,0.4762820990577141,0.5301164083107772,0.13163549216647263,0.08049797120786917,0.660025485616377,0.4661017164573722,0.3536780609903297,0.8177394182079869,0.6059462808176008,0.037721067141100684,0.7702469517976647
Haiti,0.1324059683589328,0.8277693664116215,0.24122784122270435,0.35465839743330163,0.41444280192959526,0.3200540818791743,0.2999005989993112,0.974295328272011,0.3395661360519342,0.8486710651634565,0.35167951536372644,0.5608867150113102,0.2419392195302953,0.18913763782442727,0.059268032974202245,0.029468617929336083,0.18767489658231462,0.4478891625510907,0.6484631583592916,0.5355016398414927,0.4842348339625433,0.4159372284396563,0.0041122103453753445,0.8621865747703885,0.2622251645277428,0.2165011721167306,0.15180157587799425,0.7185991367927661,0.8398736041991367,0.7043735295678978,0.3189007876670362,0.7202153959939523,0.15447428036668875,0.39572646653851473,0.7242610554766988,0.8393947915201647,0.9246614687834118,0.4435960016181518,0.749816441482297,0.6006025030997707,0.05237215220959246,0.20807020419680888,0.6977806609563099,0.473381671613858,0.24535092999445385,0.16552751579687852,0.1914668610593958,1,0.4296302504588859,0.6582191287334598,0.07937782610996047,0.7601199635503558,0.6099642409085928,0.15146438022331277,0.7667072386054375,0.4255853098286906,0.38873779316264967,0.7392507317074083,0.9929424480733544,0.35053862037977657,0.33570018534014523,0.37732706772480085,0.3542559915633464,0.17311176375704018,0.13699557284515917,0.15873608395509575,0.7645653367612869,0.06318116993968015,0.7550830031682291,0.4075000387760276,0.5193747538446499,0.7983153798519819,0.3760985493973783,0.3249096262895905,0.055447408110722574,0.03708532844353685,0.362870841731064,0.09356478978726501,0.1127671640857516,0.07031666734984043,0.9273483936926088,0.28862013942864484,0.9023298359506066,0.27168925107652775,0.6022758005261445,0.21940484615483213,0.9899375402964428,0.9656549896615818,0.3363508196123478,0.31565996223661563,0.07649238842379491,0.051139217983577456,0.36431342919215326,0.6831784082325273,0.8272577504056694,0.1535785946316135,0.44732741121136466,0.06565537440097036,0.027585095606142085,0.44515555095926074,0.31119174935407645,0.8381198951782896,0.617801615296242,0.2831624058944475,0.7495450536092908,0.28833237936534906,0.41032763840862985,0.7872496156249792,0.09274324046093474,0.1572935357327343,0.8485127684191414,0.4319558557926366,0.22234767563744529,0.37363134199619674,0.2435405534125168,0.727413241089173,0.10178997331356832,0.5071702330395823,0.8458752284316199,0.7066674889219853,0.3749583323814609
Honduras,0.9303775565118954,0.9670076307447056,0.5233093890277538,0.8739905320258395,0.6118659722015811,0.18363592794476058,0.2543007547436277,0.7457407512835567,0.895520523477809,0.7812577221026114,0.4700814717918982,0.9655959644201028,0.7444217682253004,0.45709650711218974,0.11786659382921794,0.9411648248701763,0.30653234927181217,0.09337041446579897,0.7441841265869644,0.8653405792983331,0.34798749701400933,0.8082502612023919,0.640013989203872,0.7256399517355661,0.2879483178848862,0.663806717951413,0.2769655678803977,0.03466840639423818,0.9401636227988904,0.3460700446893944,0.05277619643133591,0.892680742144114,0.9112650162100627,0.7815069657102086,0.2437932291098871,0.5374306334439378,0.7803734764209811,0.919328340188657,0.27508820898647346,0.5268881278791503,0.30738816732970276,0.08812270238926267,0.9281189641207385,0.30906966435714245,0.30073420627320335,0.7700433190325404,0.24914896750477444,0.6359741118086758,1,0.320154272522019,0.7936376450494323,0.16085989801411316,0.146529779351108,0.1506971139791229,0.0790371350460336,0.533346943972971,0.11345618964792858,0.3967891715515274,0.206212720794542,0.6941593156376921,0.552314936187509,0.035002430382459204,0.6875695400490769,0.8082827574527258,0.4177657587331335,0.28553782381335135,0.009466094287107985,0.8050411437260264,0.3717588375678341,0.25925112973626696,0.23981218167857377,0.07194191478141154,0.9954985302449029,0.7534535466237753,0.7322430802825698,0.9295722197729287,0.5530209824008863,0.5688473594961918,0.15798990004662028,0.9695110332259197,0.8475707260612975,0.6896182044612174,0.02133053153831488,0.14743664091362552,0.9383059886749433,0.6413241878047666,0.1829744099644144,0.7819363440829624,0.08098495462088429,0.23641747610334496,0.5905221980122882,0.13711053380537708,0.43173928987645016,0.18382106482226923,0.4477560265080113,0.7877670249837857,0.441670261222022,0.1955217109274079,0.221858322445744,0.45947734244559457,0.42120513102662827,0.325430454382418,0.5485820629320228,0.7034621309965231,0.7144811585687323,0.8682143363867182,0.1984690995923034,0.109426254627492,0.552356521055116,0.6425289598652335,0.22422514464412335,0.687546854125136,0.44452949663363095,0.9871617897127555,0.5521299600507978,0.4619052637609623,0.560725418541712,0.46295013373967786,0.44058406553549234,0.4651972301007721,0.6004208500278825
Hungary,0.6118690185623671,0.13520791888908923,0.8261904657951754,0.4422083507030107,0.8530017273242213,0.7879318036318002,0.8072805357405022,0.1045675367004697,0.5300164695329048,0.28112016838039167,0.215136437274827,0.0977273178002771,0.4744990161158039,0.4050892165632103,0.615886701219381,0.9035874784033349,0.42813131475729227,0.023840206284323484,0.8673373057373006,0.5160280902153584,0.6711333069856971,0.474170312145726,0.2955629781826479,0.812393838237431,0.9651249216302684,0.3673017664075465,0.29329355449530015,0.4821236612562785,0.33558955660196343,0.2499846696320277,0.03617613555620425,0.848189249281004,0.9118348090544031,0.9452990122945032,0.6509080547205967,0.0711539762056782,0.5140125465223749,0.7992012035502091,0.8825392822838204,0.9188561016014563,0.9119595991365675,0.7388624163170379,0.5170347299151269,0.4282704998924455,0.5090267376830508,0.1554067176901217,0.9839495412929848,0.49878184377683565,0.13869025969153437,1,0.8029793127983765,0.7094140295736808,0.8083239644905117,0.4240698034577344,0.6267725773098382,0.12536565891794882,0.9094495819604894,0.1855750045688317,0.4828214896867845,0.3410725384100889,0.7532003054437251,0.8545477182501352,0.5245545697909734,0.8160756348011435,0.40978183041250116,0.6297310465502767,0.7104931387073682,0.7901414013387388,0.38060086686643313,0.8446431343858463,0.707574334615281,0.9770845726556568,0.9360459795109172,0.1890922193446659,0.7418259896243703,0.06157051659823454,0.5952894320259939,0.21883258252845617,0.9074384307412195,0.09324093742696427,0.20758912635389204,0.5801076726574341,0.9840820400448499,0.04535088707046642,0.3469665955327601,0.4315164913547863,0.8315486575539262,0.98943357878587,0.21908152827920846,0.15254331801720933,0.7250157305767455,0.6898431226452644,0.8009451803386758,0.3462131592245402,0.6307988713465751,0.28294623524227913,0.7127614824175399,0.9061543745085756,0.7015750759734971,0.04066693547593314,0.40485839343286145,0.614435615989084,0.03351599393248883,0.017131118606645512,0.7311311634723969,0.8847485437797503,0.032496955357253166,0.3764628918251871,0.43375929676406133,0.27387754435244915,0.8360597032877033,0.8057959260941133,0.2924422584995192,0.5116331996456924,0.983266138088836,0.207567677063613,0.05348650508612529,0.16698872667797793,0.9445473919769674,0.3908527938245665,0.16149126837759165
India,0.6173507908388793,0.404616725935126,0.3759835559386445,0.47767292694318986,0.9762763979294503,0.4050983048867727,0.9277668715132448,0.6324243789599947,0.650191474802469,0.8212392603081375,0.1541807288310595,0.6574923798502974,0.9116890386431677,0.33317031993509694,0.5277440066746271,0.9358190207541284,0.534053491322645,0.5335114975077859,0.11868669296473167,0.8985528531503143,0.035300860121772026,0.7888243561289888,0.31880074228242805,0.7126080454052856,0.8340128037956228,0.47665041305095035,0.8202006790246351,0.17568358578599075,0.15008442565956348,0.6861974091664262,0.3086428881013883,0.9170855849459568,0.40745615498688637,0.5945897393459383,0.9436318630002664,0.19935808936010324,0.9827253643169994,0.1630153430005189,0.36233586973337717,0.31334047833220025,0.8731796740859401,0.19689711458209858,0.8276162107215201,0.9419011505848869,0.2577045026640248,0.5097604739247247,0.553160766852452,0.033673669009251506,0.49602193476374834,0.41561382538169145,1,0.6575531581894261,0.307109677672738,0.5351740636161129,0.15267604320435657,0.061053759397514784,0.4623070940426154,0.3837321907754415,0.9812934682871166,0.517504923687993,0.5096776383896728,0.6815364136600047,0.032877417378210705,0.005818299703315266,0.8690782714177302,0.6724278950960885,0.0715658403189734,0.43287215527802425,0.03429845229311279,0.7069754452887963,0.12362139153795737,0.37140487962436575,0.45209300367092986,0.18351380592815747,0.24166475458999237,0.31408790835222733,0.0024351564916592627,0.5602360168692928,0.5688299967350953,0.8474182225030343,0.5920299163501409,0.3637825317301314,0.1877209071594116,0.6653996155352733,0.04186836382155157,0.5484976706262895,0.4710292894368612,0.7153027635275181,0.3592994661182223,0.24169919192481515,0.7828878989537393,0.05805923708418248,0.3698609784561614,0.3001094875479935,0.3504931670344489,0.978719283056791,0.28301537548639233,0.9954865584048822,0.4699299226545336,0.7618028927591768,0.28994600414369864,0.02370532983314033,0.10393379022631577,0.04250390679961924,0.9693931292957849,0.3191241876973817,0.8371331860134777,0.180862769492658,0.44446482299987244,0.9653745628348793,0.6100672273218544,0.9068146466431715,0.2520494673587542,0.5050551338098571,0.6464658263456147,0.8381714865132596,0.2313645241865251,0.69430327312671,0.7612744497378224,0.6311112816471542,0.22568937777571763
Indonesia,0.14708036017400428,0.018729696702907472,0.7092498368845267,0.7351071479077936,0.8071148243026981,0.7362801794894392,0.12314814101702753,0.24233078180381828,0.29656094677124023,0.47721035163912207,0.2039621519572864,0.16618111380162714,0.9054993008770876,0.8911910432720987,0.03226097661708216,0.9662496964956376,0.20523240566540946,0.702183912448922,0.11128572822321514,0.1243622555667403,0.9172233920681728,0.4167267203089188,0.16595043884898364,0.3494789021736042,0.2809343033031879,0.2485969881821546,0.5824124525843458,0.9056883697254965,0.43231544362310403,0.1778415621429288,0.4927379034345596,0.41504561845797583,0.26389204387901444,0.0214839500771139,0.34409391936362044,0.4576067007708666,0.6655564773503555,0.15058253471597205,0.7526834964282414,0.042712535597258516,0.7486517979547965,0.3613936651654559,0.30517787930973683,0.02960429836015921,0.9433407418419913,0.10136434912069703,0.8505223194092398,0.6414748247879402,0.9673214977877072,0.4683133328835535,0.1208759671328028,1,0.026595344036778434,0.7431157300626668,0.8479197930775667,0.5427520117462971,0.12266113993612615,0.09971216180528086,0.5124705867202981,0.09446707200597815,0.9810582544542867,0.7027309040531817,0.23574868509285474,0.735829475196119,0.4222831030595616,0.6925012519988608,0.973253721060374,0.672643676926163,0.26420807884091535,0.15322266393564876,0.04796835744577921,0.64401823544441,0.3466701566234712,0.4035119155265857,0.5789820695111733,0.1266478588993859,0.8959539784225957,0.33919727953799605,0.6264359078435634,0.5112639437063674,0.6639147563137366,0.03952137150446888,0.721517144693633,0.5408397424419028,0.24696027452815017,0.6008378613809087,0.9276604190073449,0.7809994386867182,0.8958272064321905,0.7117080395197737,0.3560795808891696,0.7953912921851757,0.1959687173330018,0.6644585312968663,0.5507270356331654,0.4271297752174458,0.7740425061528479,0.08570354910049494,0.9196367388817748,0.03479221936589105,0.4430391172906907,0.007862553134088901,0.9455080862106459,0.0010913727344339375,0.6010751930793633,0.02575741802301823,0.9449568601056281,0.4858573784698388,0.05252618999713843,0.7917505188429094,0.8963253548737445,0.456629015673767,0.23095420627181518,0.6429996122545503,0.7010698045569334,0.6952731032108111,0.08478371582943678,0.3918020945294791,0.23127596852843246,0.4584363988442999,0.606910542219351
Iran,0.7042161407099107,0.1057866622404775,0.009956863748667777,0.7937632214083545,0.8938424266977744,0.33296854034587287,0.9626610578319408,0.3664870377872017,0.6692414705431643,0.5596717448242305,0.28996924324073203,0.8739278672624826,0.8351719216602459,0.13079670507267982,0.17448761784327937,0.09241619126329337,0.851943292038725,0.31245308196808896,0.992250639665745,0.8517935367920845,0.09239427225681074,0.7800456928649486,0.7861083229701588,0.7862162219049951,0.4246013577386556,0.7804360887236066,0.08277461203056247,0.7444127318647966,0.979338372718453,0.8989248585747532,0.7999264942064996,0.24677341589799984,0.3087979183099615,0.34154424940607686,0.22534195527105383,0.8550415553213294,0.2545910881219836,0.3796356070688838,0.3001019206530018,0.9964430608396496,0.7215480094504624,0.814956385469164,0.08378545903785883,0.497367027704419,0.5071477265521394,0.583369465407895,0.17627102501006442,0.2845658295254828,0.04716119074722569,0.9101204113141627,0.4902470535632265,0.5131194055865361,1,0.8666409692312258,0.8800737353350141,0.6264723560083169,0.6209751147027565,0.8947274926863906,0.6518223122701254,0.6932379841957245,0.3225892947531771,0.6523081208293522,0.3235237443014487,0.3997322700145066,0.901805873026396,0.9080437472962106,0.18841406967484953,0.6802288221444046,0.044204881665148354,0.17288842374541258,0.48346249440522393,0.5939917765739693,0.9232909619970132,0.3283368498957263,0.9565241419524517,0.23084192487003696,0.990924879641826,0.4046649060274712,0.7005578922265487,0.6338997491003185,0.8091033435522957,0.49232719347000165,0.43177557368468855,0.3918103816509825,0.1492677819067858,0.8063138731510883,0.9733177910348147,0.4122046650323168,0.8287330807311865,0.7196765966374367,0.35170255871049905,0.9087478279147474,0.5791902978721241,0.32037479290002313,0.7496555309275079,0.73699919323025,0.3883152473517757,0.7486712599354868,0.6616979200818985,0.6191086562736793,0.3917699192015035,0.9727830748449144,0.4732745853993674,0.20114295907174573,0.5057377001719198,0.5586651026407836,0.26834857257361033,0.29695057462690744,0.12883573553926275,0.08294474463373314,0.5349409420067577,0.6755014530361209,0.07347092294280333,0.08749631415933401,0.5902142294599725,0.6705970365173297,0.281670629223166,0.01492965587030115,0.8190427436064812,0.7583602849132282,0.06258473831663702
Iraq,0.7265073135091402,0.4262183203657699,0.40473726226811424,0.6069216050384594,0.8642552719855916,0.8419654808074287,0.6208382465964426,0.7063819087914377,0.3578311014452543,0.10231605596622129,0.6392568588789423,0.47379085587962366,0.8391180506771163,0.013723650914982177,0.6772013168150405,0.21810794644658382,0.24894317799043686,0.10182428538133836,0.6642066850315068,0.14358544981833177,0.9278075648669024,0.4486665151310877,0.32763890782580596,0.013295084639027066,0.004389918776643298,0.824831928279794,0.10749924032451885,0.006299413659064279,0.23485134701275812,0.2504550237497447,0.3809067201218259,0.9557340193104703,0.13303582354431231,0.5712642524194923,0.5098190024374153,0.6065512669861441,0.4273147110240171,0.7710407576752331,0.5096641848331455,0.10189222994824854,0.3956632052616553,0.2507838809450261,0.1316355228011864,0.8416468819916849,0.35704752655924177,0.9939261652046547,0.3513738318587951,0.4640653647340506,0.6492803348921843,0.6398434649420789,0.8450092645502778,0.8018483496024329,0.006336596824665142,1,0.8485583739683341,0.7119008085351295,0.5059211844154119,0.2364508380649143,0.5984224722369552,0.4329787605827229,0.9896478951348213,0.44923863036473344,0.2570139079631788,0.2600608914756176,0.5126369463814722,0.8299303855642651,0.39730109163457594,0.28557553751162623,0.9373100682236063,0.11079964014019805,0.25173222078994184,0.07349052876861473,0.0869802737723212,0.6505898747160958,0.9883364576140163,0.6427894955316018,0.682047953539722,0.662311981222486,0.43355887878039945,0.3150729552836443,0.5306102299380292,0.8623725064554227,0.8938310446789104,0.5186708868373285,0.5869101806105239,0.852972934901373,0.07958785648755684,0.17193202171715327,0.2957579937321122,0.9993939172983461,0.23671468633244586,0.738383693321853,0.7951619535851474,0.29214532680956795,0.008077605973273227,0.970746453534419,0.07921330432775309,0.6960000502877807,0.7399193958631439,0.4590443686968093,0.5347170702544989,0.8936705546043876,0.8455979889504873,0.5483943941753034,0.8333810255034076,0.13497298164014382,0.3790529649728013,0.9141853394534255,0.7768015447637548,0.3457532963845046,0.5541741554425187,0.9129959087264017,0.9411490541170564,0.9279302338588458,0.19440030310947187,0.5048276434850262,0.4379027358397811,0.9095939100331072,0.9374314381481972,0.05778998816925751,0.14050369330566237
Israel,0.41492240859874563,0.348005836740123,0.33082300874855364,0.7554533309806921,0.27979459388592487,0.5060144178675207,0.7309299119944535,0.5055622918708065,0.9054249918000458,0.11509755365147833,0.754726242292071,0.6415282653269271,0.7980503578229993,0.633846501797063,0.9776865192052596,0.00036979898121425325,0.15466415104315145,0.20313737981066404,0.5412415331625929,0.44497719392473245,0.16066187856712955,0.8741786568110818,0.9412896723536601,0.05649560079805249,0.6350824499503737,0.9710397555923784,0.9839641716401971,0.7884140892335665,0.8951149063534484,0.5139961176479362,0.5280020775407634,0.3693823667039694,0.5208852198915119,0.1481708088921616,0.25052901772437985,0.8206722841504902,0.6207011418162536,0.17139644420351596,0.726416628417131,0.15015049223363153,0.7297757433812128,0.31273536973537264,0.6223601347131832,0.9957401026642263,0.7007876422488326,0.46986698650015046,0.33532651155491877,0.9301664554738023,0.29700788750133833,0.567192023882738,0.6850415049166877,0.18210417155997094,0.020162087860108868,0.7654533973140487,1,0.32487389205577055,0.09603721508133956,0.8519075013066486,0.38391885397159387,0.005408674009068193,0.19938875856938876,0.43834245706626707,0.3801522230252965,0.11163309219651796,0.9710266368776443,0.30156999578284016,0.6600233179266306,0.8837998459900775,0.07217076707924486,0.09134976890150581,0.4651470399450197,0.3785497776380874,0.12383933748547682,0.6119931224789207,0.7406175583123498,0.2544770598437536,0.0209456547762491,0.9368185580426651,0.8759895786012862,0.37125913624842255,0.9885030356128919,0.8815000289651744,0.7136897799503973,0.7612951341274002,0.6866740807058226,0.17397575051821268,0.7377355080558425,0.1503502631246043,0.41454658287689494,0.48076973404494494,0.886997457116077,0.11323539746226363,0.7033897742534073,0.02789778451022873,0.17279275118946325,0.39069772964589666,0.24352765808639532,0.7360364030061655,0.4662057944171931,0.13869566631345998,0.5168960149533903,0.616168154620249,0.048904311457180105,0.6512988399961894,0.666686013218549,0.9868917755410812,0.22115817903752877,0.5840392711954928,0.6816408185460059,0.6296357701676977,0.3995117894453142,0.899690590506283,0.07421050909468341,0.11495312451087025,0.2274177198577969,0.26268281163389706,0.9203371611189188,0.8052718621432415,0.7788246747277867,0.36558843096229376,0.10836694480958609
Italy,0.6167918577807163,0.6785786520722444,0.25658097814466196,0.24848240781263553,0.43063426099808166,0.7365201310376637,0.9279127569955181,0.42805583174772766,0.8337878724347506,0.4942484796185226,0.8930529453549924,0.32806527252019024,0.6054521256309471,0.6774842516730172,0.717547210285779,0.721970216334127,0.12231875379540103,0.8584433731757978,0.15493531086105405,0.7477906417857043,0.5069383132574341,0.2645937835780684,0.6364169593503829,0.23058447162820794,0.2748898710661012,0.8635902887131592,0.9667015801563166,0.024763721133698846,0.022670585499110718,0.16732561374371158,0.30467508302205815,0.6535288062484368,0.943097293665183,0.4093890739182269,0.19280112476685518,0.7825501976970822,1.9105406442787576e-05,0.19680977006715006,0.791875432007708,0.2970647904959295,0.4566604226722203,0.229181106450407,0.25478096967173525,0.7566450811411457,0.010796726366112841,0.9594979751893898,0.8066828462371411,0.47981914107064483,0.8058723695537204,0.6216931094099579,0.34561413304906496,0.4192435728799895,0.047682428827546364,0.25978007907772593,0.9530839797033026,1,0.9137560670282723,0.14626389479608837,0.08370574239712814,0.9589297710691422,0.9609371541260562,0.024011847374665996,0.5458769198380115,0.8074263041938577,0.24582307912647683,0.01051864393686397,0.12000140374802937,0.2101158873507437,0.8875771860611238,0.954451481626807,0.038559572781483586,0.16178391043132767,0.3232233502322003,0.929479278953349,0.40150309125508465,0.03398873594549945,0.6868188489397571,0.6569678865800961,0.78180982499489,0.7119540107177488,0.49488869168347405,0.8263343183376513,0.6434375708827794,0.9576336975758444,0.8382771137721057,0.37276194353135683,0.4473175445499783,0.002252656888375504,0.4952802314689506,0.9724664898438576,0.9000156312469009,0.3230245603980607,0.6168694263574478,0.6790510188789227,0.39099342642564994,0.48820217117175924,0.4478111214191959,0.39788146167920624,0.8475469933880717,0.35136252116357125,0.9919013708919209,0.8195671727297614,0.5202664439896617,0.12078719828931728,0.3693905287479474,0.7605336581017442,0.7356229530895797,0.11446708367905434,0.8420050202707838,0.41467988273128975,0.44344350562209234,0.7869857690636443,0.29315540762511183,0.040916943912265524,0.20511915992913288,0.6121194651365912,0.050208729253613193,0.33516912757696715,0.2956622877130537,0.6735764528424089,0.3926842363862698
Japan,0.05430422840371274,0.4357091410365048,0.2423364047789972,0.47316594563898784,0.0555579784701411,0.4869814106057523,0.5775332473960341,0.6318220221907391,0.23147705833290455,0.9488681481954986,0.07852123298410663,0.9144963185963413,0.049758572409173585,0.4164041443303501,0.29732386964181934,0.3641656020074372,0.21787864644728816,0.849512523058184,0.6122668656517625,0.407065097526768,0.07671982632636953,0.8128653529131057,0.27059564897950406,0.4979651177405755,0.7379620747136628,0.1946305696128977,0.22211376362974944,0.7458919615110413,0.9685852865893199,0.7875595449998347,0.5549852613894908,0.1433058846149018,0.9931302971041431,0.18804673285995488,0.17350235676859027,0.940578260405815,0.16980073219917424,0.4443911792771028,0.14883726214174076,0.03732741025997621,0.5695271027029969,0.5236289636776966,0.47539385668277123,0.8482323370105204,0.9302496805344683,0.8595837357338917,0.5195925793967977,0.3283988392153879,0.03169928009330525,0.09568813457551806,0.07253695630474011,0.222239052704857,0.7358399051316449,0.6450080005426174,0.21068997972402503,0.4866405012221917,1,0.8342927483040284,0.3704265526743864,0.008123045030443587,0.7072062658673893,0.08050587813109589,0.5522099066776504,0.6360405718746215,0.1670575427313865,0.17184439968692633,0.9826377502099233,0.8157505403687543,0.9489992681991887,0.4254897798387669,0.6447727085734796,0.11066516153465988,0.5182048408099221,0.47131819757046767,0.03323604973184502,0.6391710807112407,0.06570110733202228,0.19181060231609526,0.7563806472465026,0.05186219411979165,0.8695564652109369,0.3960529036504208,0.1605605523392073,0.02921986099371765,0.9963439707936367,0.6938958138342097,0.3383415458374679,0.578365004295028,0.5247307742510039,0.6863143010041052,0.3747892498459008,0.7399168929556551,0.015258042716577602,0.2790397031329126,0.8857397334867511,0.16508093739179908,0.5420601391283577,0.2331619180242681,0.913420651614453,0.6460496012454611,0.3822702105629828,0.06623525877072023,0.43725020101527734,0.67970251295519,0.6685803926334933,0.4253529267370556,0.9470119162827604,0.9050351511691944,0.09684516711854307,0.7418525406299822,0.1027928391636811,0.9801194652016603,0.6449195507094165,0.9042301044942858,0.03392690571010826,0.0987672485004768,0.5175933187508689,0.28820970567671145,0.3528119207908045,0.8144152472866305,0.8016752131134689
Jordan,0.673687928738458,0.8972344622226894,0.022375139794035603,0.8179878584182408,0.581166734811384,0.5196120387599852,0.38180684217242244,0.5777082518414949,0.40584190293794487,0.018487751518598494,0.5470120283072188,0.24664192512862237,0.6877768353032157,0.546767385361074,0.7293502587891677,0.8186943280328004,0.0997437713572682,0.3134722535077945,0.053098296646631016,0.5643084107675188,0.3164300104098776,0.44591093208578636,0.6111597701540571,0.1296612524837487,0.28150362122069195,0.3631755125036902,0.26606191694334247,0.48835164326693414,0.8245991394947814,0.7144282571104137,0.7242643259249288,0.2758261209237145,0.04680954825829775,0.8816570875635225,0.7515940235220471,0.7577180932040813,0.47729553816862647,0.715679419658718,0.33610352698203994,0.908041176441026,0.958559858382005,0.6427425092537854,0.45149671651357937,0.2694133231970208,0.3695678089471436,0.54305588472958,0.25585288600765743,0.2631076983755898,0.11179506724932087,0.17993782068123765,0.10241266687486861,0.10963434988086496,0.4995321051362335,0.27800868685505387,0.4275223147070687,0.665077178546251,0.810908106724659,1,0.7642230138014577,0.4746784917944099,0.08251953314781935,0.8659232626895732,0.8848044154943632,0.8769138716652388,0.3489489371302509,0.05244737711746594,0.6905094178225757,0.19865923409006025,0.8533804404857694,0.9062835431811473,0.8923940657220445,0.48199001517984286,0.31288417764627086,0.9331626171880691,0.612764532428996,0.385101790229192,0.4076562485504771,0.46873073552386224,0.46631068334599446,0.48117197438945547,0.1647417800618357,0.38885655071527947,0.31961856266551836,0.13450187837865835,0.017821967704800157,0.014392544843165656,0.3111884217860069,0.41877557658191944,0.19332047659897988,0.7409753240872806,0.3156231001242644,0.3374044075617052,0.8075638752516993,0.8757629664004278,0.44528241361908627,0.3983609209956024,0.6085346064701179,0.19905782810728345,0.019955834528005534,0.25944437834178624,0.8107827456768163,0.10368354160998128,0.24368255483427892,0.1213408737095999,0.08286932764579291,0.9621975546448739,0.3409771063480709,0.20402860235326792,0.49717081048417056,0.6015094970448219,0.40159711603174564,0.5440592020613926,0.3139101378851661,0.3678563878865312,0.10496415176638141,0.8550473143186611,0.15676923738010662,0.44283997904109973,0.34705539662802387,0.4383264962381491,0.584802722438508
Kazakhstan,0.37031546197726883,0.8331549394772952,0.4451022578476832,0.3122093100677382,0.9560434866204301,0.2468019846971793,0.9162689906589877,0.698920710276412,0.7453181649561601,0.041861689032891,0.10807336676679313,0.8658251058842784,0.9765970158266728,0.8210898797718885,0.9892081302471507,0.5643908816466396,0.33469686149391764,0.4116805667029665,0.5325657962537251,0.6731533766723607,0.4420658076963848,0.22661994495114657,0.22056127451058405,0.14345657806429835,0.6254671530099888,0.5226618808131647,0.3736009001580092,0.2948740935600044,0.9463313525571098,0.2938879991561434,0.9700901474161325,0.33432813765966163,0.259134057011844,0.705330667170688,0.14411034347621632,0.7007879471175112,0.6969624949000082,0.9538069832550969,0.8476051338133306,0.1358659523216762,0.03618663432790703,0.34881636524954973,0.275816160017053,0.22508986198915426,0.6642495440399786,0.932650855077443,0.7627674817141404,0.7912260462298848,0.35877407460679156,0.7428946903945474,0.24513944836875623,0.29170901772086477,0.2625569229278817,0.5128519680633347,0.8916687279811478,0.1895943013399607,0.7114988681305892,0.23812595131625303,1,0.06136509136599089,0.9329400245266065,0.3778666667132391,0.3743059375080968,0.42096562775046464,0.14427470825781363,0.9053942473949321,0.8749855762380377,0.882386217761405,0.3621288136827717,0.20296266425563647,0.6725484305207601,0.7286576632268156,0.7597502665686864,0.6255281523112487,0.7933821220799163,0.5587521058494874,0.8863201042917739,0.018606368523451988,0.663511384276635,0.75249142161925,0.8769386883242333,0.7980087063054586,0.9029449579873656,0.032210468779309664,0.6607071990465838,0.9650465789271961,0.4080075036349594,0.10947799353669307,0.7892798413897115,0.10184185723513395,0.25623444649724103,0.9139212894184735,0.6206860809174628,0.9803913517194852,0.056669206450107534,0.7307115693788294,0.8165567360821792,0.25177029970176346,0.5147128929320853,0.21538781640396532,0.6581924405413538,0.8204024225131762,0.5100801126410773,0.9054400839098473,0.5464095628315543,0.3555562920529819,0.06113488487178642,0.6672735764493699,0.08605780669492535,0.7204034632330709,0.2595194428655846,0.5844994577744752,0.061214109421576346,0.3491659784743174,0.011263885412638786,0.16443505671269543,0.06142096900449345,0.7029631286090431,0.7502306883061244,0.20878112027504236,0.12718250791377284
Kenya,0.12775591945409626,0.49579839804222026,0.46661557728883063,0.2692286883207735,0.9274602921150673,0.6628882278091992,0.4588733422804433,0.5992128760434109,0.9558781180225396,0.014904430653882472,0.6498687044134009,0.21438731481982565,0.8395252857920557,0.06305159386453663,0.9416003269010457,0.4939027646520656,0.22826253421656273,0.5188819453654233,0.6688901036471225,0.5780113881719243,0.31307635294265335,0.21592750486176493,0.2169331149138144,0.764529597417247,0.7630752841882293,0.8770698951011003,0.800138945047602,0.7416653545102614,0.005911637494849353,0.7392337191306908,0.8517588685128313,0.9933734482101007,0.6187998430938818,0.8432052826200069,0.22487818791496805,0.7377578826125092,0.9452422263432961,0.5883672381277202,0.8720337775387996,0.4783342396382886,0.9125995429651971,0.7760744192577249,0.19055293670886442,0.30541282754063026,0.4421381330280967,0.8774785823313032,0.08950914116715913,0.5654298441009112,0.2984410321187445,0.35777346901422047,0.5457226452030535,0.3952512340464892,0.8405326444377458,0.030740377771462213,0.08665797908520623,0.7678570824266092,0.5894297858237395,0.31678024879368205,0.8796996110005787,1,0.401723100098068,0.22526070224301742,0.6412232293465121,0.9699483630409935,0.815165317196447,0.564034189872707,0.2504346312038451,0.09140998948212187,0.8845562579781822,0.12051195976896978,0.9890399545586531,0.9914290705388726,0.2711869459690267,0.2736826709706409,0.07448328157315931,0.8529437944105507,0.9448367518037404,0.438504541682881,0.2081005426789414,0.14216324433304883,0.07170646065868325,0.3680937957596072,0.7980550617312852,0.753032621847399,0.800618697853957,0.2539211386012048,0.8799657827068263,0.6029773668811483,0.010741480110763812,0.036414724006967436,0.6435499418349514,0.8157000963852509,0.24776140595197027,0.9821183919859834,0.5855971765740425,0.7863249117355088,0.008908151481046178,0.13705950921013144,0.4248104071858031,0.02871059251728547,0.21445973060322288,0.006325128892566978,0.32547229573657754,0.6451304118086288,0.8408466099976476,0.5139225629750219,0.8662834285162926,0.5157101907448187,0.9076786509954701,0.7968787434779611,0.5138021753278998,0.3016595368394185,0.16142663012506875,0.918278962774219,0.8583517701311366,0.4480636265787371,0.17260475523851793,0.34837296875097856,0.4871836345317161,0.1843287299209928,0.9818137035802051
Laos,0.2840781596296157,0.8266372832348253,0.6904287065770531,0.9344265991628519,0.7316850354140857,0.05775760936494578,0.14433292476820647,0.3527198722617948,0.019736138178302776,0.8637692684345065,0.5482888006822515,0.5914520033343098,0.06831802347253801,0.2449270651219403,0.7716237045516688,0.9633821442270343,0.18314585463318034,0.7736021943976132,0.8941142114898208,0.29124201946011974,0.15937412775124005,0.542345004654102,0.7614466619962301,0.6131691646300707,0.06206299644294355,0.6528506504238236,0.46895815532563234,0.5713067928699637,0.9262397085556716,0.7449747274176208,0.19478604492411922,0.06103829476565659,0.5192751418004585,0.9873449938991208,0.6927618300777539,0.8125091399343206,0.8583699147649859,0.043791535927127034,0.9833578063484654,0.46862668017482767,0.9474296549642816,0.8672566832474223,0.14205244970466402,0.6354434173827854,0.4024315674130633,0.7482255854332213,0.051501126801111186,0.6847111756631651,0.6629212803067696,0.5036451564118785,0.48965210126765835,0.9381416263370107,0.6837906140217581,0.7498187404716949,0.2118728324040694,0.030329388847065375,0.8360489425990519,0.7385338312306845,0.6371991769756624,0.28453396765133043,1,0.4893401244577462,0.907843437568592,0.37572082605929746,0.5376879886979238,0.6371960634239899,0.03081346066818713,0.7673393575126036,0.4855859456273611,0.5102364859752478,0.3485878244282452,0.18999446452279845,0.08702102692338953,0.5409786864853467,0.6572436067871745,0.8818782994274016,0.8725106864763534,0.00824661766420176,0.9970917549845366,0.23236480254582537,0.4550693474567338,0.5478534484123273,0.8825674126712775,0.20063483736548626,0.5422330423881604,0.8848585421846803,0.9071516294168338,0.9340943818767842,0.6711561229703694,0.6291696396412283,0.9987777069321925,0.27887002093352486,0.37659112322303534,0.7881502588570937,0.003676537323853979,0.940585023696484,0.6200844072415499,0.7930352278241494,0.882020640071013,0.013423878093083097,0.049604621987820785,0.3558049717457171,0.7251390330341452,0.5193691824359575,0.6287548536162024,0.14836768820888524,0.17947963154247115,0.2478270452838235,0.8545370130050711,0.5423091784300159,0.8762828023431355,0.6069971182558631,0.8891976332169215,0.09367604568997068,0.7365674344668467,0.9437803849150881,0.5743480704069424,0.15150576539896687,0.968413194329517,0.6278242780177828,0.35909197831127937
Latvia,0.14415811756217645,0.5063987724307819,0.2073575512549526,0.1365311065825352,0.5203230826204513,0.8069128569163866,0.6381306506331124,0.9425197899183683,0.6560988994328291,0.7923800200702207,0.6908051900200066,0.036995812069251954,0.7024094890470693,0.12477018211463331,0.10782986229871616,0.06262313999169966,0.7502633458756925,0.5445473281542181,0.12574188143330245,0.6050623166541038,0.4407510415194793,0.8439676472156417,0.9145900646143258,0.21805847461732408,0.7933092981268003,0.9859181477569005,0.8167908000633632,0.8078361189688479,0.4520737451441871,0.264222316348558,0.1533404914077997,0.08635636621396758,0.5401181635212324,0.2183024543277614,0.3556091256208246,0.2379074646896031,0.11817184621794752,0.013424269981362369,0.38483207691008936,0.24481177816459188,0.602073679948223,0.785934251575142,0.95126056298988,0.32967522758942125,0.2959664043377265,0.8801350777777657,0.7273602974963598,0.5850146698793808,0.9714088301205852,0.24940737143815195,0.9971857446435941,0.11529910635382656,0.8668238384490952,0.8500771983757175,0.3485462563735867,0.9279109813320564,0.5329289628330794,0.5374976673897987,0.02726974584938746,0.05107572317209885,0.44047505407148013,1,0.5032313929060452,0.3892362816976287,0.3026147504056743,0.23673456941130833,0.4914135831570863,0.124560053528179,0.5401938940924838,0.770439125409376,0.8636002546250049,0.5049895633420698,0.6165477782244851,0.5162494163200061,0.08365938875230783,0.42863259078741844,0.6927458288150882,0.6795065233743168,0.9323927308580022,0.5600035504539449,0.45544806616226285,0.2685820278959836,0.14974930887015936,0.26896466646478345,0.5493643688651768,0.7829406811645607,0.7836463209729996,0.2147832574895847,0.994519450009857,0.8010410924860276,0.4774802112400226,0.07859011061580101,0.9052775375931787,0.6054493818582167,0.7401943379281233,0.6215512922235127,0.049737346393286974,0.6905379094183097,0.26401751602205215,0.1228370503669497,0.9869622404973847,0.42126099589652666,0.44912620084486776,0.2237288272593405,0.11211163258807655,0.3928305125079603,0.9382305515521896,0.8783794415879139,0.32697028393084204,0.8216697187598879,0.21979049305819542,0.5569644705545685,0.32975408362156655,0.370646764877795,0.706275311565951,0.19360643482775497,0.20575977116933475,0.2767546657222265,0.01850349511964311,0.1203732194996765,0.014397057238487276
Lebanon,0.5337619290175498,0.3601062856362447,0.8236185065624041,0.9328067165566684,0.2756435807299614,0.36869358482468406,0.8291916752552265,0.6955131419475375,0.4894206532130402,0.9378534916902889,0.19848224772352718,0.7840484077613952,0.3078867176373874,0.835507394310998,0.6272459134287429,0.7964845697714186,0.8985816188342183,0.1045358645495702,0.8207729402980248,0.31849048448715256,0.37931041037064017,0.9083997059637813,0.27063825840041544,0.7596530403719386,0.05926363665333467,0.06563454964605242,0.5385893413588323,0.6509045067677588,0.004347343794657288,0.1786501202315237,0.3656372317291646,0.2910363805181996,0.5153933741031557,0.7640254084415017,0.022021467716877963,0.8147720395649982,0.9242218533567949,0.5686809286058155,0.24894072620718088,0.7463320135991579,0.7553773238084989,0.8788580899277761,0.2402279920188336,0.5001861467334757,0.42497511114269726,0.11925354199257676,0.060226061964745004,0.4494939793073195,0.293552953852964,0.9120215468047994,0.7421312498913446,0.19367676625749464,0.5415481031029837,0.32097130349884617,0.6723976219427863,0.38212586140859706,0.013660687980753483,0.513699606103227,0.9635742905063013,0.7476291060611803,0.9390014865162382,0.9503846983371348,1,0.40024795876185104,0.730889867112609,0.22887737947442255,0.4787569698461487,0.8004279817715299,0.5764989703643902,0.7639087174792536,0.7975432226999455,0.41945858820198434,0.6895548286320106,0.7570895122208344,0.3658311125619449,0.3975406177908216,0.016688670435011543,0.8792355198709852,0.6123870221330202,0.8526799950829347,0.2508308074306378,0.6051304146043138,0.591275364521988,0.6891535803703005,0.4767670506248385,0.9693442659729387,0.7442252517024696,0.24157364830526096,0.4513564861416064,0.1930585905630362,0.5900713101947771,0.9632005454276449,0.8366366097077995,0.975753215197492,0.03006359492548316,0.7354835737896203,0.08831112494334725,0.9957710245654776,0.8813925114414372,0.14251892957370282,0.05561238703293658,0.7695350125070345,0.7258922010617238,0.12067359586549908,0.8444633211906478,0.8335304568215803,0.32043175310753624,0.10644960385948898,0.45763893183713655,0.45623729589607553,0.2055897363141006,0.3200599426350559,0.4094385371930863,0.1083954646333608,0.44041315459244035,0.017687930516249506,0.2200953894315073,0.653692260364691,0.8666528227036069,0.7245271619756505,0.9105770066062315
Liberia,0.30211373593794766,0.5035388521027474,0.8794889828316182,0.435569039231098,0.21503310581784718,0.23651640469169244,0.07993496313809056,0.45752621388467807,0.5830004939603858,0.288035247430671,0.9673335040238022,0.4300200803269367,0.11353320960816293,0.8677352874658951,0.7060013896434236,0.34072815944140833,0.34464846402791405,0.8131351714334358,0.1967800464884173,0.2042500262406125,0.9940295412943275,0.25006451062241974,0.21614812444750942,0.8903814694266801,0.6195200774916753,0.9118529696212772,0.40631220215902164,0.36815075652915086,0.39548876601903515,0.8348423961167492,0.3288583333199937,0.22060300821549028,0.295160927024687,0.41872209691236506,0.8573520395634424,0.375546163410325,0.9606391499586081,0.7623404217091837,0.2490466419031121,0.7492263924799107,0.9855352188615256,0.7666159155568031,0.06100648052948132,0.1955357799686248,0.38506274298643495,0.04822580963311718,0.17092710687513657,0.3024642701145924,0.36350924620090275,0.5679448810856281,0.32763730982338946,0.661245579903515,0.6177060366840164,0.3897909798177266,0.3443484118347382,0.23790292229077048,0.04313610756353203,0.2660727125782262,0.8416511174191752,0.156791829824815,0.5407468677681273,0.6717761603708577,0.7023507642947154,1,0.5015759120268394,0.5748462515548607,0.31054154345178775,0.9881782729758537,0.5272632125744482,0.31611235126770576,0.21862688693310595,0.7127926448945988,0.15603032902242076,0.5528189864355991,0.04829805908763496,0.021616903651460184,0.38978692801617876,0.5050934414788836,0.7244381806053771,0.42243168343074633,0.23202058541864,0.3777575913537031,0.17961456098026618,0.082497875139382,0.5236918098724247,0.7547448380665759,0.6076133473163238,0.6175432934065477,0.06434231614864971,0.1364812704492946,0.47145579742796173,0.6403103421810243,0.8966508797329701,0.4308323502851994,0.9705192878553873,0.5808307120070391,0.4715572254824436,0.46031050306773935,0.6368016674038445,0.43169977749677324,0.7193872045419057,0.17639367417612462,0.26902649765361464,0.8827744945329042,0.04980768420315107,0.8399741482702863,0.2874088919368065,0.1498311122570095,0.001550840034167944,0.3046035441668039,0.5542684641120207,0.5567496835682997,0.34828624929396146,0.867832152173464,0.2867185861803161,0.16449865670671482,0.30741665232610604,0.8417938129092679,0.7772176135841432,0.020708990562699037,0.7764031023841849
Lithuania,0.20663720458084422,0.7346614831824549,0.48815263907872875,0.11616404738634922,0.20829223711251943,0.9906367182034908,0.04817724364677578,0.3506291927049554,0.2801691533654429,0.4421743212580871,0.41713851798469104,0.5200591673827802,0.4512988180986487,0.5043924016567509,0.4710917171027066,0.8535688862436764,0.7042949178328733,0.9917572742599365,0.7084196033563039,0.02793064909923726,0.05240286104866454,0.9780333168467441,0.9129288182165367,0.3091089343844873,0.9242051861318711,0.8354023213629579,0.02077787736817749,0.37129357290990384,0.6662949977487564,0.37015139793229224,0.34105040887536886,0.7923324978244223,0.2063640075226677,0.7245592068095283,0.76815314008764,0.43231612825055477,0.9508612299750202,0.581327484733864,0.4468505518654037,0.8495394325803529,0.28044368153913257,0.29291766144932696,0.8556521531518577,0.5194973145142944,0.10567425143067088,0.8515662659093874,0.8334811386946464,0.8542801023554475,0.8586023026666046,0.17401978066354973,0.05338287359357652,0.9763804233780654,0.019707362170501952,0.17098236475219253,0.3538766655453711,0.5380505635003423,0.4185546635702151,0.6456546975295899,0.5440649368126825,0.8366174087810946,0.4628838754136395,0.7868916244648309,0.6857419838605311,0.7817002168880426,1,0.8083462178927245,0.03709035698392371,0.925417492112428,0.12718700267229033,0.008012776669086397,0.9340057861709865,0.41868830689120706,0.4799841138164571,0.5222289993965863,0.7840412369317526,0.6801854757171508,0.8543354776320504,0.9044015686914473,0.3363867387187012,0.007066863208828766,0.5170073372651848,0.28136943289720917,0.6634462306657334,0.023976798211909345,0.5166201437571444,0.04646081787612644,0.1993096396712707,0.17710719486346105,0.5710234269425695,0.050245888514116155,0.7073017196970501,0.7849413084930609,0.938513222360168,0.9022602168630263,0.16842039039457102,0.33169546195642274,0.793750855106294,0.8730155719153015,0.20460543361407635,0.34397659931444546,0.4146673195058467,0.7220232985066892,0.43516671250164785,0.6571396099624528,0.02332701074499377,0.913413502577525,0.2981643907429702,0.4706028441396308,0.41495839012503144,0.668613101489395,0.6566966884913709,0.6448438463915617,0.7406325434860681,0.5994766130929803,0.9022636764590841,0.7380032159160705,0.4404675630301068,0.43747034256456185,0.5565154045563943,0.26478874561428223,0.4617817472589941
Macedonia,0.08305392994682015,0.6943345477152792,0.7526423683412987,0.3587763170625471,0.535441251977657,0.19326989270778605,0.5835447622940142,0.3858910532667277,0.7942412759830583,0.7344432835672525,0.8136896518862474,0.19484272908028133,0.7326140648706508,0.19609763950911907,0.5683073705347239,0.09856068200724932,0.8906031945859114,0.6619020998650711,0.7223649479805088,0.4841165858958685,0.36580846158525027,0.8615065630273399,0.4160882665710528,0.8833381266099729,0.3843759374122109,0.7836658687459342,0.23960935075403078,0.395742349606226,0.39652257353099984,0.8812482921471343,0.4833877218394741,0.2640944966824882,0.12716508074536914,0.10844134453452137,0.7389433122152209,0.20201445330135948,0.3910985543949178,0.869135828808059,0.11073382330252357,0.7647220601363018,0.18603097642570132,0.9085919987076572,0.10014357832634635,0.5899267480271128,0.7443835278123556,0.6552224454681725,0.6765114576118099,0.9073018585551231,0.49239619224395703,0.6384695568532455,0.42115314906631596,0.8613441444575992,0.13946580588680857,0.42583748808126,0.88067894864634,0.1795945076759643,0.06937563753016007,0.8408926364295091,0.8010195544714178,0.2930705326179912,0.16453530116033166,0.8952687180881583,0.6512424383163009,0.33873888236836136,0.7918117700954087,1,0.38451930387848654,0.12796657376537135,0.7515371739638393,0.24366015501741545,0.8924288189995885,0.8257321493701706,0.7288205258500242,0.8143444563426683,0.8793097371576483,0.3775509485085492,0.6732290451530958,0.4051712357724475,0.9362366735641482,0.6520427577872189,0.14287212041156505,0.5921027829647895,0.16240688291551364,0.8218320710338385,0.35544422112033247,0.1458665546685104,0.9754373723112543,0.471386690470045,0.8046658797800476,0.8537194610703124,0.33342187951321633,0.20703849599038981,0.8752400649151701,0.3433712649052272,0.996881779915258,0.6496164884712079,0.1004466429788532,0.67414495658889,0.8243345941062675,0.15883963550022495,0.27322188411319914,0.8554005954705931,0.23552457651886016,0.6245713199305174,0.3138844779726174,0.6775286487307963,0.9816227619796791,0.8384004002096583,0.24038553232465587,0.5338860398886334,0.7427614904905743,0.4927645716661122,0.6606304579896566,0.31830669804419465,0.3790186889997982,0.9822410359091387,0.6406063038221665,0.482035750280138,0.3291025484073107,0.014782933092464035,0.22252431261817163
Madagascar,0.05222977444510535,0.8485667115792369,0.4839466707222313,0.4822359696832952,0.7154218177955588,0.4131177340302965,0.40739394729912703,0.7235563932046614,0.7165478253779127,0.6342174571047909,0.36102944023488226,0.4271118941890699,0.2333391282575481,0.2664827192048982,0.9678073319443318,0.616021318420057,0.7888369797781166,0.5305942408460388,0.8592928217045132,0.4445235313036202,0.11739201569697477,0.4707085856206027,0.7093034799932897,0.895368057067271,0.2777903527348302,0.19872340118882914,0.07853891303283167,0.8218756021692566,0.1962982484497836,0.6359099662143904,0.6421278840138177,0.11452062753997716,0.946079010672743,0.4163286734276972,0.5856933186849194,0.5294920354217488,0.5080690067720881,0.9240163491838901,0.7322011093507563,0.2864041764441422,0.07301406348360984,0.4642612679419654,0.1702056993676606,0.6554302802935855,0.16440231231293045,0.8621890219567592,0.40872643430021116,0.495667337107745,0.9103643329524339,0.35601384180504814,0.317610809509532,0.7468765202181612,0.5914141763701304,0.24216906336514377,0.9179534805953339,0.5413144320717033,0.9688167677179447,0.7533426449822279,0.5162961233008964,0.04301144973229887,0.2695525249909172,0.015369566169389337,0.5328565493042297,0.9758516986629366,0.02190023344192593,0.5931925510633356,1,0.3191428886533386,0.3081138034740142,0.05669565546853672,0.2930493294357843,0.8000916681806199,0.8469841767378697,0.8318372466079995,0.10667806177761063,0.19506364142954735,0.8805634193709941,0.572193242096756,0.6019969788656384,0.4131188143763075,0.0910834640818593,0.6284237627965688,0.2977293807756354,0.7440804982429922,0.36831570426247795,0.8441326451689519,0.10971361103712207,0.4519526258362153,0.8294781450451745,0.5157642903914893,0.6530588552323923,0.7457842633308265,0.4277202116096458,0.9729997528760211,0.05356242990066895,0.033461828702408325,0.450468361721722,0.26428401313899763,0.3174159021889289,0.453861517102651,0.006232005161105114,0.05055480090047526,0.35614221154456716,0.4844841812880717,0.3184986992548766,0.5362233136849793,0.7996325571907058,0.6371758436570482,0.337454868743861,0.07166441779763733,0.5042561614056914,0.01216823345778173,0.9005389192694524,0.798264117546725,0.07297991908362311,0.57114751350478,0.005534896698921266,0.7841480793076061,0.5960055455971774,0.7297957735067617,0.5340278232503862
Malaysia,0.24915390350716693,0.2800480396285535,0.9924173512084264,0.21294854295377774,0.2365172706777081,0.6968456719377459,0.16908322538731568,0.09140270587755861,0.5094073097049111,0.437997188220858,0.8459732609914018,0.5035438045155158,0.6114939065154942,0.00013358534843110892,0.03545679332214735,0.8306127169313191,0.6829140617203838,0.4470491382085492,0.3558291809083197,0.12664312538135947,0.23997380734979878,0.317850809077978,0.28331051801937,0.5348253341638481,0.7559861146200902,0.42324658278447946,0.10570900116677628,0.9729265678749947,0.5275124878278505,0.5263459992099438,0.07698559440175756,0.7973061647475299,0.9216568145168264,0.36131392266503914,0.1394443011743709,0.4918946423926772,0.3106039155006185,0.4432206811303441,0.7753795078150946,0.7511516456054864,0.3464089779637307,0.15783022753498133,0.6436347086439382,0.015600104878010446,0.7157062916143134,0.028116083817921855,0.7742646006869305,0.5704038358931575,0.5504082622436346,0.5839182869321562,0.35677223120950774,0.2245660282936306,0.6618598731072749,0.6374451457159016,0.3287142821343111,0.004847744500870443,0.24903136600987785,0.6460142416697929,0.8001105631466433,0.14126791306016007,0.7684666550239753,0.2931258841223272,0.8722280005608583,0.15728415038248578,0.24066497406078557,0.4408928749386821,0.7910265176949217,1,0.29632766099187,0.5270928050674051,0.1738178838861001,0.5397124623539702,0.9418667466690357,0.04793393260069123,0.7253782604547458,0.9583853577119043,0.827070644063701,0.0014555027690872357,0.29028161620444526,0.3654101903740291,0.8069122906660013,0.866052484522187,0.7231666870590471,0.9894603249338949,0.2925053275881585,0.49561569139160366,0.4237332152101194,0.02298559346293938,0.1661393286378513,0.4939301497158739,0.37544843562856645,0.3403006944491087,0.5378719455687007,0.7543690185803493,0.4258530070686186,0.809466333906954,0.6564440472796091,0.9563116275158453,0.7356337917037268,0.8297520631223976,0.49311394135398057,0.018726524790175336,0.2150575435441754,0.1498480533147123,0.8803698454196679,0.48385468170813994,0.4713724598742097,0.41226761677006385,0.26196757034146134,0.657281085942202,0.8971165763306965,0.07958251766765068,0.5656918015297348,0.8598644124405478,0.5084894488198686,0.0851963671098056,0.5232741750321502,0.529687410688207,0.1566051206036989,0.35725932995792564,0.4637409782967712
Mali,0.8126774449743818,0.5886450586115961,0.25205389275170964,0.2599308831144289,0.9295811644676533,0.6703007021731333,0.4334133251957215,0.5022937925047894,0.7615404892221113,0.04053998865674058,0.5929784201591792,0.37610076413714943,0.017260132796671046,0.8289003492824208,0.5465397360535779,0.8974692532760286,0.040744555964373874,0.3524972739559814,0.8928616378408358,0.8365239017713129,0.5201851155990879,0.07800139072033285,0.8681786783975194,0.2315621870954062,0.8827055957256231,0.8290867513794334,0.6144972361114044,0.5555520667281607,0.7922857248096365,0.6452274143603115,0.08447259934305174,0.2750797479899113,0.6834228256300914,0.5879134646110857,0.4252115574620873,0.6134851584545741,0.8802219051110567,0.8033434382341367,0.5284260493342742,0.5457349576017557,0.4858358395968092,0.5873856891953846,0.13897052846700364,0.14181018491662367,0.8334405768582279,0.8493574840676137,0.8927937144709868,0.9049223453003132,0.32855739855939015,0.07878313195468778,0.8991459028779513,0.771626060872696,0.41908678455283577,0.1394348800213253,0.9382166530895577,0.6346599910132857,0.08126587046368583,0.6338776395797525,0.48390435894108697,0.07574834106158823,0.19380025431459846,0.24286757279670101,0.6231044771713334,0.35581135548940956,0.4193866675431511,0.674545850753439,0.4004790264391165,0.45792162641185785,1,0.052018110434299936,0.7253297741979431,0.17041300724619013,0.9964125083370488,0.8637337123361334,0.31926252464278415,0.6644079553087611,0.8272531014174302,0.6055298245281489,0.4156398497908512,0.598659037901848,0.7564222924957837,0.8703861955230543,0.5102846705045432,0.15907399871702899,0.4415169474536701,0.38019682289230916,0.07373922317275072,0.7344378332305969,0.029845459417329634,0.15115075146122503,0.41194137153522603,0.5609352394740263,0.13230795844186183,0.27126212336736244,0.8383795271893344,0.35275659258214687,0.6531421844352276,0.30719003577311566,0.3599260548962987,0.14487899978476504,0.21692821040619326,0.3758796276915556,0.3704049895010285,0.9322649597234025,0.0022909587073413062,0.27769316951964096,0.958023679875864,0.9172471343663774,0.5863395578352902,0.5863258202099858,0.176776266707248,0.6092606441638202,0.9925849442509981,0.8633597284910715,0.2313122164759528,0.9346410606273972,0.8623289358767012,0.40970427010588817,0.2445037214230774,0.5901539497639106,0.5747105495257218
Mauritania,0.33378025218801477,0.31860858549595494,0.13556048532153286,0.35997399461211577,0.503823703169257,0.19722201008621454,0.7947937068598416,0.9894738838017866,0.6662516021880311,0.2705389096806551,0.5120609487046165,0.21554945346490406,0.43501382063767635,0.07306580698090848,0.6595976312667491,0.6499180866581031,0.10518517884783152,0.17314420237858585,0.7250895002193289,0.9439778755866811,0.2788766017307174,0.5392379617666379,0.004776552549672464,0.1251737863126764,0.9758712273836582,0.11061900852712814,0.6260604884779274,0.9872335720695443,0.7100892159333135,0.40443497008112705,0.6454356926634578,0.5721748021429203,0.9919844033216525,0.9483231505180019,0.6276479865692335,0.06844906464396805,0.9722100451585969,0.7743656569163081,0.9325077607545101,0.6809737634011779,0.23210233615506437,0.8823100784651992,0.9554187680209872,0.10517558279590777,0.12166651563234043,0.8401166031391166,0.18295806018451033,0.7977920326347151,0.7055033127065055,0.13851988154631611,0.3851598201192048,0.9848639192778339,0.48016845474067427,0.04658307397498218,0.24698985364744663,0.26058776950538487,0.36154501603543676,0.25141538065465907,0.551600589496213,0.4782912211857998,0.7953193279244148,0.8597757437072308,0.27467106268422237,0.058622501634254975,0.8430893984598109,0.3058290360298014,0.4914894775698012,0.5787776694794249,0.9067980648211166,1,0.38601628517760156,0.625257360834259,0.1517932132071227,0.887487213294753,0.6745717837455392,0.8961170778663068,0.21394150416594793,0.3154540933706379,0.12225481317471854,0.8523040610545967,0.06553601642887263,0.8389917680835897,0.5671023107737222,0.4011571716625133,0.61128473149428,0.09745723815044494,0.9457218381830114,0.18441090387295456,0.6968694714592746,0.39035794474841257,0.26818741758877174,0.3547380868157356,0.20072535749957154,0.563491024036997,0.7520212290999724,0.5241352128701033,0.21574161340324993,0.892654597432507,0.8907750786718129,0.39735276890784255,0.4887215643612681,0.5026096514688242,0.5934491449037891,0.32653476108599,0.1545765403505064,0.017402326109648203,0.39465461637441746,0.05238231103596536,0.007879425901367587,0.8113787137802484,0.5154130637236071,0.3316178635915553,0.44308624288778464,0.03107141956664783,0.570002227086966,0.750676425395393,0.24447721311862058,0.4570981083088592,0.8548907813108143,0.8931584353628956,0.900889836380181
Mexico,0.09559982691633861,0.1902543192246683,0.9131996432708696,0.6117423943376875,0.3216984396595747,0.5151750311957963,0.07145120492156254,0.4736741988161629,0.9179916365137402,0.2836280593160565,0.04817351031866257,0.1342816717405777,0.7770397984649757,0.6381897976107562,0.8508184987759387,0.5640319478254185,0.13747807984479377,0.907046728919478,0.799806089127164,0.4519157053028289,0.3494474015710236,0.18593573953443443,0.3911589192179308,0.6183840890723774,0.5817277101905021,0.396539636069665,0.24019657680539042,0.81935396973229,0.5088187642369958,0.4490639247866258,0.6444546241058602,0.5652201032263553,0.11805496448172415,0.6510551584794192,0.5071320035564778,0.4458763258610301,0.038611849829170874,0.8776641260220612,0.6494573596643833,0.8140947139509248,0.5409770222418934,0.1182173065183908,0.7465339655877151,0.8115211869497398,0.2607765724225485,0.7332828803237182,0.5591551600584773,0.42309822147336007,0.35065642442542133,0.5772227679384898,0.15694351956590935,0.1860771852724057,0.20611500727488696,0.5247292241199498,0.05965357090791057,0.2566070464762207,0.6522713216123163,0.6994331787760362,0.447660199884239,0.12219726231633776,0.8864816497377739,0.8868700734009084,0.09135508390614466,0.7869104277819465,0.7735898942023208,0.0808121595891601,0.5274953454776223,0.5266619560570184,0.808301935216732,0.3196829128757117,1,0.9873214750896803,0.00984534868168907,0.5653924916743585,0.30788588803550476,0.3650732719127223,0.17518290586811092,0.7103872392638008,0.7905565138237741,0.04715909605947255,0.9476577116047268,0.7144958608716457,0.1621317271989453,0.5591351645534093,0.7431182952503587,0.9804147006157502,0.36224597912397916,0.19548313663804417,0.9752162803263653,0.848323946970293,0.20282547058204348,0.26156642338802916,0.2785464587145494,0.5949062492921976,0.16296507432816942,0.36615804460537693,0.668176577579583,0.387397079419991,0.2927229213250704,0.1883977449194323,0.6286298836870715,0.37543601917679126,0.9892532334522011,0.08841640679343243,0.989349577868908,0.28783973497859405,0.8023261573948441,0.21828599983266583,0.9779710587493126,0.46741190425760826,0.010948141609929074,0.6247227604291259,0.9121666792522752,0.08385660656350846,0.665054632169027,0.34281481538083647,0.7262411876674976,0.34396988701578224,0.4809119396133432,0.860641271393562,0.4446813985663416
Mongolia,0.7753475389756427,0.7902387018376175,0.746412862014644,0.7786927973179311,0.1573627420440149,0.03551467867735458,0.7600048596250049,0.8462670028977904,0.20814829053555206,0.8121358184951124,0.6545711444750657,0.9435403799595172,0.1561377358321797,0.6847367679258846,0.21232454102017673,0.2656806125067259,0.5197931196254253,0.5108913432482262,0.015172737563724725,0.05833800790641419,0.7154025618017753,0.3577359003642513,0.750817964591714,0.6833324842464419,0.4484940454473465,0.3231169830922944,0.6788510389870221,0.645184291770133,0.6595166334110302,0.7855484217614939,0.9998225673782845,0.8332107404783298,0.9065395850942978,0.3253724442793179,0.618844049962119,0.8394367793390213,0.9921934109000332,0.8414593129573459,0.3575608325226627,0.6757950831473996,0.07225968088496149,0.3738904576697377,0.07782953498236866,0.3221082338076027,0.8370813694568219,0.7890674415804994,0.7960520034763027,0.9508033314513455,0.7601506909697839,0.5843378955623367,0.156817687494625,0.9364514106954825,0.7913247651762837,0.6631504363564705,0.4048267670847693,0.27953738823859997,0.9260557481251254,0.7847583118979241,0.006138677565336925,0.4282434659793115,0.6680283440824577,0.22512308258737967,0.9493792033381585,0.7637822932133562,0.96453207758101,0.6562290757197553,0.7171979675812269,0.472844932332261,0.6910568709465863,0.9324740481292079,0.13221123252318212,1,0.5963196217939043,0.9632213721721408,0.6777092182871186,0.9172189561371453,0.5315396447166981,0.765417744344005,0.7471823426568387,0.2047327851484999,0.45795940982302064,0.7101510553382118,0.3917370937428504,0.4506603223331366,0.03743963881649426,0.23712412366172808,0.8754327313095132,0.5391639233845203,0.936783624702899,0.3034845158855465,0.6307358106321724,0.24042024360704417,0.45742871805196084,0.9880662590627448,0.8042088264659594,0.5068534501353316,0.4784338994545604,0.42336927842374605,0.26560711863284125,0.6143162182300789,0.650187294712184,0.46493246834443236,0.12327139962024325,0.8761780504162818,0.9355850234961826,0.5822011603816809,0.5317549086585133,0.5685698695403115,0.9605452892539696,0.17939868783294377,0.5994481798220184,0.1349518789422518,0.5627853057472761,0.03683157222462008,0.5449478897130767,0.9749998580133744,0.03360598622019484,0.7124553791490258,0.5349162083642098,0.6521761219080114,0.9134265578830295
Montenegro,0.7080606222526026,0.6219173366851674,0.3750847954234192,0.4859096950747549,0.9819091530639146,0.12852411756883209,0.7393048307277793,0.38867367370320793,0.9581336389035174,0.3959864130210595,0.5576504259405357,0.3022439483937097,0.5178147873867784,0.15382570081214741,0.7165924920706455,0.5724355086105563,0.6099209451200028,0.819333003700349,0.3386693606654838,0.5368731089526558,0.35233445188973456,0.3635365411982088,0.758790303569695,0.4794775517071257,0.3922613148776468,0.6298373114168225,0.7582660531699786,0.5789756007909516,0.21290414698711757,0.5746731301406652,0.4454535611598549,0.28562149098598066,0.6386538643654015,0.8802907705009203,0.4814019120019756,0.7518970391754876,0.07571116026842728,0.61488591287206,0.6613307403362121,0.5857170477538035,0.32918780719235996,0.9633700110343014,0.016740652611984985,0.48122810410992545,0.7282861641589615,0.5383181651105349,0.9990841006284302,0.36595976262008767,0.8904318757416826,0.1286575735573845,0.9357615379504365,0.4099132428492721,0.11302764042616364,0.005429871105418038,0.143377957728282,0.7229810838990923,0.25224884648784784,0.8340283295590075,0.797540933284196,0.2862857682303189,0.9703224819190184,0.5816776685323868,0.018704487104409306,0.8205741671253398,0.01667227232242685,0.3793922207110467,0.378700262723637,0.10847842818112896,0.6469595713890188,0.37402488571006043,0.00803137431799228,0.8690773116894493,1,0.27409130195709996,0.06936211148642357,0.039396537381887864,0.05808782050681294,0.6855785971368967,0.2334933786714264,0.7128919362977487,0.19639709376687087,0.09915716745986136,0.510752027332553,0.5516707837022932,0.256380361399981,0.691330647192077,0.19510038012183184,0.17402499929371473,0.9468911883121436,0.550940203082926,0.0016904065116621902,0.3392250406588103,0.5193789107967616,0.8670720935921907,0.47688132933417005,0.09819323793938273,0.44153341259392387,0.013575942675355113,0.3238493535959813,0.3520981682780382,0.584283126770061,0.8865494398810941,0.5883855515479344,0.842632425595645,0.6056274863947737,0.6593539705443706,0.6371252566541477,0.4268191816765551,0.29183081669577937,0.6534748663416372,0.7149077194573328,0.3957102662708609,0.5349700618598321,0.812858793448509,0.9871674274180371,0.270362797213206,0.8573736868757577,0.035140626242295525,0.9094105418304933,0.1636635036658476,0.44650695559976106
Morocco,0.5588754724294486,0.9495002547289484,0.3676762095710776,0.8957821333605389,0.005274354336121001,0.44902868877766255,0.6122806812635658,0.3486532158011305,0.351137413927573,0.26469288845263983,0.2752014074309468,0.08655757430688515,0.4048658708423619,0.2131758758850798,0.9759299806397477,0.11376176128138826,0.8286538511447619,0.4159794609492926,0.2351971731679523,0.8389244352265854,0.012162933285545852,0.5100482033619009,0.5972512179735946,0.20925353618116516,0.6604338216262573,0.40612738607256404,0.22377233782345662,0.5202047102919282,0.38797190306226714,0.3861491419480819,0.45826540664572657,0.8780195209064093,0.6012978799405497,0.2578038549906897,0.6032232951902559,0.34210319964933156,0.6152629729813107,0.6898969940728739,0.4631927841246746,0.21443548990410177,0.9890095110265099,0.10854350805997515,0.3165798187189427,0.9674350173714888,0.0446530525721085,0.6512038897603186,0.6029364755022696,0.8892603581267975,0.64967351998487,0.29139501765183606,0.3942143612301068,0.8523270908864792,0.16255907138564574,0.4361008424169772,0.6981019130887307,0.798918145359069,0.46789876625955606,0.7294711628637033,0.6326138045987221,0.3123792095161875,0.5468748149162176,0.577536629804125,0.36754754802491707,0.629517425281641,0.18556686955706536,0.5159850160228865,0.43961925478757535,0.035039245059754864,0.3852831423209706,0.1374006368564522,0.7950274911819335,0.37861841868635304,0.9622516096162816,1,0.7535351340593368,0.31270847690215187,0.4350618199198627,0.279308616929809,0.7569080848487123,0.8645056429111936,0.459204087849473,0.9448976105380953,0.17355863649795433,0.2686562820952034,0.313504020037219,0.8650296982290315,0.7785706469040312,0.3871884136242275,0.5522632494963453,0.7677274151470298,0.7088516602961479,0.00014036400390304848,0.5308181301073475,0.6566975873749901,0.25563784735545503,0.7350834970902335,0.16226896815658964,0.9819016354476878,0.9426296850092939,0.7586947326556925,0.4559676421384352,0.9635193838981656,0.8705439907449981,0.8646581353852882,0.2751218921613596,0.8288042074186381,0.5703707018535299,0.24915147439403096,0.9063351172394964,0.17328878405291248,0.8579967624468825,0.8604334443505075,0.006621313044874122,0.43067240096191006,0.28386142738828124,0.331870189020383,0.9565766853608146,0.9694470142938152,0.7733789445050373,0.7363802511514808,0.7391984582443627
Mozambique,0.8131656916627734,0.029938306606190235,0.9529170365153359,0.16492495513915506,0.26165470739471386,0.7652900973544478,0.971925626414909,0.9999855765616233,0.025813417814762096,0.5602454296974829,0.7056182546220696,0.29921607388977156,0.6682860582607005,0.4132564137081406,0.707563574019102,0.34648741901293245,0.7739617085172387,0.9967984459697258,0.546321833158069,0.190065914457199,0.9638879811715032,0.6441396316019551,0.24124012064852318,0.3607544236682819,0.7069418816202817,0.7201755222889913,0.02370053701649555,0.5792455242857243,0.11255660983116045,0.5979053386607585,0.5527859351724831,0.5256496838343374,0.7595386686250196,0.8953502187801855,0.5676105916507272,0.09569546803584195,0.6620180040901221,0.8881951035304639,0.5643066962342193,0.45748042156109847,0.45052107694262156,0.4663986551057938,0.8373709085451229,0.15922885286179533,0.6499853834670034,0.37583695189842725,0.7258664311882381,0.5762579129590331,0.4541903403439108,0.8082789134981703,0.4058809325577769,0.7456638271176489,0.15159607181953827,0.24947106392521046,0.23447798997352265,0.5778277931951309,0.5904187601285525,0.464705254693641,0.4261171526963322,0.4097927513173729,0.32523900278355733,0.6713894869383255,0.9312083797830202,0.19299949419709173,0.33355624451759114,0.49180582591160815,0.8799791598092499,0.2752982115334568,0.3685403243862114,0.17401773075785898,0.16836513502728268,0.018296054897153247,0.39897295290124346,0.6658242797900822,1,0.8198004521062805,0.7499492459301198,0.5980996073379128,0.801604041282356,0.6817428996568751,0.013276288261303004,0.28944837786304023,0.9062460411993389,0.8845430799669898,0.9423070663775066,0.36359935538038934,0.9351550752971636,0.6428979307112046,0.8363841594342031,0.024138098832237276,0.33655435043993065,0.008581199452523447,0.7002312102902034,0.6804820477718592,0.543804246738404,0.7868340595131921,0.2796414851504635,0.0238719361313785,0.6767707098101735,0.7634962829340914,0.030755737197139088,0.8965959419618997,0.2800537208267716,0.21057161882729747,0.2779499039323259,0.8541840568260108,0.3213476872412513,0.822459547076999,0.7174241856428627,0.7983224503913524,0.350516010426541,0.7096313884721981,0.044738715928719475,0.21183009800414188,0.00462404511565262,0.2131037615712733,0.29786766542599574,0.3199982962645388,0.03628884429725754,0.8019253985589938,0.5382600454890745
Myanmar,0.5929486207752894,0.6104415586560707,0.0789007671283497,0.6635039173087562,0.05954946972208719,0.9034535277881669,0.18525534791695542,0.0659007326231561,0.03895810541985312,0.34835684979011194,0.6647388432559407,0.9705244128585588,0.5420469021069348,0.48991878661180455,0.28376448599054105,0.6379859674366083,0.9407954676610434,0.2974460863236488,0.41410529843632626,0.5762058659457606,0.95589893785812,0.8548857617045463,0.010259906123048501,0.7791377981613291,0.38690200072749203,0.4105874334532035,0.8228089841926282,0.2714377210779372,0.672043516162429,0.12668897537879475,0.3295256192992989,0.49263974995393,0.5276063537291249,0.05312184035238554,0.15514667325888343,0.6196687456341822,0.02921328845476312,0.9499210430450433,0.9410446842620247,0.5548802437395831,0.6421418497859627,0.9199527305590116,0.1864955775386311,0.7195825122364733,0.1318345578088299,0.8592574424129766,0.4468172382508727,0.5385650178073624,0.1708891725103696,0.36546268463423115,0.3738118232749196,0.39450826406244954,0.3927653921438107,0.9062259055505,0.6510414260797572,0.6591105499141333,0.8856912461617221,0.7291669869496334,0.5576281418610063,0.7585565411833393,0.7040290998492281,0.7801270385114784,0.28965096235350196,0.4866534585414395,0.7593977522746579,0.14240878137048296,0.2416241478314669,0.27353863712726756,0.28883153391093963,0.9896689595960518,0.054864458216166256,0.06557560832346887,0.28467496432553907,0.014237252744970341,0.833025701808873,1,0.6754793473610831,0.06324868563748764,0.9945804325401487,0.7976660968353224,0.42004622420685767,0.7239959362137381,0.7178439920125026,0.11675474980350442,0.1901896437294317,0.23866954909168125,0.4382925572542319,0.4898564668359774,0.8838630479632597,0.3384177380695248,0.22752210225762448,0.20657932430625414,0.4503826360454468,0.527430128465652,0.693398250473279,0.2882600894202375,0.7884403686506479,0.6408732803286326,0.8934522415701885,0.8912810191902291,0.7749863253572263,0.2548030913158008,0.30832860704441345,0.4763013194933716,0.12104067812308628,0.9169792481685171,0.21621749110403488,0.46239337328824415,0.549827353767245,0.2579968572383341,0.9841506919828729,0.4416536496475849,0.8556214393608411,0.5726975608953282,0.6294457435994565,0.19160241604840444,0.5441112871931897,0.5778030669241152,0.6382876941772905,0.9263953872080428,0.9923557567320976
Namibia,0.26021578475254226,0.697732354778687,0.588282783417825,0.8657438791956116,0.07238719338262889,0.8414911221312771,0.8152814906745912,0.5584281328057599,0.5201350613879016,0.9386022325127783,0.2805473774040539,0.003937056805851102,0.8474643073537135,0.8492006754548462,0.7496009037183324,0.9517179677805901,0.26069962360043963,0.9093371434977503,0.4374919100966176,0.6240386691467436,0.10204458430798502,0.7289519981911604,0.5746026846608198,0.6032877013793991,0.5195356420495247,0.6983538835484646,0.515474300010029,0.5345781554651192,0.11606543763367705,0.04943782520278561,0.3822148777089094,0.8541738585250526,0.7165818854195087,0.7513751904957006,0.3443741252483524,0.3481978137777001,0.5927799969892124,0.8963099499620768,0.6237401733211728,0.0034566949294915217,0.39765450433752114,0.17935077085335605,0.7535991595979955,0.7189562787313087,0.554866007109394,0.8747804824137164,0.7307540450733326,0.6512685195976744,0.3590989741612859,0.24800995068594733,0.9728719851341703,0.42102800393495654,0.6207991990067255,0.8042221956808446,0.26351061606469184,0.038255338879137346,0.3121734015954314,0.5749119822925537,0.6950054903577648,0.3172462284661236,0.7875302893892215,0.8053774740951325,0.5790032479906848,0.41643234786456995,0.47216168951309656,0.34732356823813915,0.9202314803534204,0.2870853276936488,0.6898523922635401,0.5048237391759022,0.08123847642951276,0.92279393164131,0.6550572215821983,0.4213611394637571,0.22732516027902994,0.9910931226022487,1,0.6066520289292539,0.010292666772483972,0.9172969305201606,0.6555347819859294,0.5742553073280762,0.4022111594049179,0.5738561641945688,0.03740752616064369,0.6865220710020421,0.3980287237821738,0.40031594818845095,0.6163631241314264,0.6844458518334866,0.525809364465654,0.255140829329936,0.45466596804976933,0.6327218838671727,0.6898202937916528,0.18091417409370247,0.36719320516560683,0.8153164532948106,0.1541120917044485,0.808009805613251,0.7393231436194,0.4731485858302703,0.65421102119165,0.7091459438808614,0.6962401226587053,0.6461405195793228,0.3140956657562658,0.7277123456043811,0.2001610777291024,0.7789412703911903,0.9294361505691948,0.7466108209002048,0.6886147662266741,0.22484815611854325,0.24296931690660073,0.6305486997882951,0.7417479890450532,0.008168721299685378,0.4584190716362222,0.22282109528581606,0.12552272611133652
Nepal,0.06335006405010313,0.8736617047414997,0.7691262312620307,0.8695120453289898,0.3811993347406494,0.8756177325549015,0.5813915960431842,0.450563808382887,0.7913789505060824,0.7564716364158801,0.8094915900147651,0.7827519737052492,0.7750961840803016,0.4451440223114299,0.9980680168572954,0.7655673178318485,0.19148439848571996,0.27931466156584217,0.7788862093322303,0.5959726919676253,0.4700428564538087,0.05612160794183685,0.464034824043869,0.8423903196884628,0.4587344017132753,0.5558263380536822,0.6242916325131604,0.12579390879541397,0.851047256979531,0.04167934105394944,0.6511309498074525,0.05790985917386404,0.007288819715508654,0.9489012654033677,0.21056572578513233,0.4256029150096703,0.5609365595135014,0.2670337706199485,0.014422495476175134,0.6604882621252017,0.2359600402576928,0.8238932954170903,0.9406031612515313,0.7325723386577165,0.3773175552641215,0.21775880335389997,0.4005998979776997,0.23819971266313367,0.0002421173347861849,0.06109938060038833,0.7982187118871426,0.7572948090190323,0.05918645823314794,0.6253605307808369,0.2612873961130381,0.9155588412073387,0.8764420625698466,0.13296679906781017,0.36996622849167304,0.265534133774995,0.12748145449607928,0.4559935613154792,0.2601812299931776,0.004156211657254216,0.1308508232575315,0.9096272762144355,0.8249496610876014,0.3826383239562273,0.945820258412124,0.16488456086368297,0.4447440399698773,0.9423684515426917,0.2997861991522116,0.8749314568603054,0.45113590593769415,0.9281867636379799,0.34610891935922017,1,0.1991154358820595,0.240947737863778,0.043351885641909504,0.6042923711283834,0.9638630177086864,0.7855631167775354,0.6806537394236665,0.49822653054440547,0.5546770983274497,0.13884993521085776,0.9239885878187662,0.8341953110320032,0.42168959149932594,0.4124687036604856,0.867313384430068,0.0068217603611484545,0.13077765424273557,0.4942544551905278,0.04767821424226526,0.5088613713513755,0.08928449873639122,0.15778142580424948,0.6875235989731368,0.7113275698842909,0.7974078318362494,0.9852283017599629,0.17213230745668417,0.16403228296870354,0.0008181912505184075,0.5892339367924295,0.40902346936868594,0.9575705659483467,0.9050178772898798,0.14014223938245352,0.6614658731375436,0.06085459671124449,0.8817563718078235,0.6431067338374199,0.3775809954862177,0.7718022013719715,0.4322087749884165,0.9239000722349939,0.6372224812881063
Niger,0.5165799249341259,0.5588165865934941,0.4925358003559218,0.538890119186694,0.9603021462924901,0.23317764732306756,0.8954573519802899,0.5673776097999484,0.9520057919928051,0.7174402127442934,0.2555378803201014,0.9578679153997889,0.4087361613814646,0.6663529569100599,0.13152833086768378,0.025501620030018213,0.14515220024727116,0.7121769656988903,0.47579793233790013,0.9752016788643592,0.922273610194936,0.007919639012190505,0.7400633680212707,0.014793670780121726,0.7730044386471278,0.8735454542326693,0.21229828366486714,0.33891788613608576,0.8625545786948806,0.5595485054402762,0.36530512669951265,0.7438682437267349,0.30400915514536164,0.1333982612638771,0.6415896308490939,0.20515747716572796,0.18311228240305533,0.8030182228061052,0.7222292407850286,0.7204028374417061,0.5619232486534939,0.28695441083402595,0.8432101287781067,0.5233987557223777,0.06358172666530959,0.7647810435291997,0.07087659209184682,0.9671712329189069,0.6974070910773107,0.5190589865507416,0.8276997801222633,0.11090923077361992,0.8917043678135024,0.24960040022781127,0.9677616028119892,0.004172086601404668,0.5141281523458835,0.1078900168388558,0.4763460402518298,0.17923801382259785,0.2591477231549265,0.7819357391447569,0.8449327339174408,0.6261045773381345,0.279505592493018,0.6349902350994848,0.6505319991915921,0.5487132964305819,0.4798244496516768,0.13635273988423124,0.7185403859657683,0.8492811265509672,0.6615322100413481,0.9764805551597202,0.7213359111611359,0.6237644106553086,0.7903233428096289,0.06506076263754901,1,0.3248458169602936,0.08113008207023731,0.2682205181329924,0.07811407728195674,0.7423971200719199,0.012094069588746481,0.3634786999796108,0.7314050392822469,0.3016126949040919,0.5584741162346478,0.9790565892591421,0.1380706843737456,0.4718585435998587,0.4327387142750799,0.6188598970264431,0.13752016648939924,0.12843111671608431,0.48948365832109664,0.1758471360626841,0.48795579824393387,0.1172097118354497,0.5968738797962077,0.7195006741915138,0.6884839965235441,0.7342411890593482,0.9901516950078245,0.812603015921517,0.78928062244766,0.4813183926753337,0.20245363988826925,0.3753152290620839,0.39738308324073723,0.4847513488949726,0.9099099478245478,0.3633628450146821,0.7389498674560869,0.36624184799626525,0.4097550741788988,0.5549423648629102,0.9017119555951721,0.2043306529958625,0.9102367832260914
Nigeria,0.01684541281860019,0.482951605188526,0.12669837405819406,0.6745067843237655,0.19115168943221605,0.9143390446493682,0.40650225286553765,0.9740595390974408,0.03417710840857202,0.4909513419239414,0.15454337758918246,0.4943692300666537,0.8566875239404759,0.79721100533341,0.6792078960411496,0.6444938348745235,0.6618171454687655,0.398424945913056,0.023711492558686764,0.5710023009874005,0.7037732620807872,0.40887315044441686,0.45792021778262637,0.7085070153582261,0.48683340333289127,0.25024384286709467,0.2683806829365194,0.824046473479916,0.3598524746641456,0.18134621622104408,0.27900583195057027,0.6706031052552492,0.2828871638408885,0.03489596489453417,0.4940515664654934,0.6621146162247814,0.9256631657680405,0.5327443658174293,0.9980481438713531,0.5620340677232878,0.9172466715007079,0.8040109186985249,0.5187353822687338,0.8161444410852302,0.6027063413769792,0.9313636736145566,0.8886588255381784,0.04204255032657811,0.6697020372918502,0.46519395633301897,0.28148226153987654,0.6870825915217718,0.4716708697984989,0.6290770439307405,0.6183703542933089,0.7282769977801731,0.44032949782934416,0.5671685717756643,0.9786775855160121,0.024692803113202766,0.09491896021433743,0.5903106438348764,0.0164732016193746,0.7834315404911208,0.5308976298537919,0.8486599897921969,0.7054822228601864,0.3236275151073206,0.980263043015532,0.24473253660168637,0.17819629359617295,0.6428078626109222,0.5092778804164527,0.3082353667629121,0.8902912196728803,0.47217148283890864,0.12574824058470746,0.5203755580142213,0.1385566018861334,1,0.6389474489934869,0.44209073754427564,0.044867891240848334,0.9259391736224382,0.839433334619656,0.08657145702559732,0.9256725042697052,0.44431262473898414,0.6458912001299839,0.6358424992789635,0.03720197879741327,0.5119604959753055,0.329668787037216,0.3520328949511896,0.7249746493203001,0.14705722957370193,0.2513117696714202,0.048526469986388654,0.7366858662378396,0.8339418717924894,0.8089566472184415,0.8111402472476124,0.41471355112249475,0.3113005369801969,0.017416559810446985,0.849940285201544,0.5762008868184625,0.21523135647427405,0.48933179806716365,0.7815137957163242,0.057765368812803475,0.8543455592942255,0.6394232170255608,0.4725282472229163,0.9893438742257717,0.2805031021982427,0.26327701253574565,0.9788323619887138,0.36701322421863836,0.4708177349636754,0.2571401390806999
Norway,0.32401369682347325,0.038452281725538495,0.46553715035291954,0.7482378741249622,0.643010989059006,0.0006404978111687054,0.15066299421687057,0.55068135827633,0.49984652700967247,0.33372221405464564,0.6699938810934887,0.7609472392372513,0.9499889529851644,0.45510307810663087,0.7114875462093936,0.3516635451151181,0.48672456761020844,0.16676407352667189,0.9598800272269772,0.32586476157101163,0.30955847901556055,0.13755250035021982,0.6251072972143557,0.6273580094268156,0.5195344790055526,0.1665469400672528,0.5206235062854742,0.9721380858481591,0.849664622303156,0.9542916134017322,0.6507192675774178,0.13039358522442457,0.4828861020496572,0.12308100988261761,0.24541454261062623,0.6786525467185426,0.3406249909416571,0.12491853867121916,0.4226239730078082,0.9781162563859339,0.6763676475517351,0.5650381261496374,0.528743825322874,0.2568427062819142,0.7439457304380961,0.41047747551738467,0.8047119678111251,0.5713531338814682,0.45706668073215406,0.49808642065294195,0.4184480498063907,0.663747562752205,0.9462830219530292,0.22362203474504572,0.03769963859046033,0.09554062843383682,0.08214963911472606,0.8071288912738162,0.012552714746252414,0.46740923058899975,0.8707228325848316,0.7682721045422695,0.3232040877367588,0.6588119961751568,0.5672137581172192,0.8752967054222199,0.38667782610120993,0.5106172564431724,0.810779108105473,0.7211199147942908,0.2351046008220098,0.017271491339604594,0.7366293205026574,0.6579752759650604,0.48605433989932023,0.2520997608025767,0.6038998912192008,0.3951419526496338,0.46653740462216087,0.6353247765104049,1,0.27121182656628906,0.9545938430176104,0.5207726240069961,0.17663225750009837,0.3711504131945812,0.34431633135368955,0.9838636062599952,0.6126526701095705,0.8929346100465851,0.21126363689452488,0.17556126004402017,0.9011069946890043,0.22408392874693694,0.3651887676412432,0.1201541464890411,0.3545417120225117,0.7978600745078246,0.9430784447687778,0.34567496824879906,0.4126704704682467,0.6655065850089773,0.9218836456338,0.1875987160043333,0.006637571851380364,0.7248906945539316,0.4128523658384815,0.3970281675232067,0.08489948403481873,0.22012899613991344,0.24378732393999913,0.830566685962891,0.9522029802962448,0.43653669821114593,0.0464915478328598,0.965156025276005,0.7932673784361145,0.5679316125919194,0.960865852632371,0.7157489053290927,0.06136698378314942
Oman,0.0986399769936197,0.6650379401273087,0.8649443587187232,0.40517986532354544,0.8687320567505896,0.944411096265653,0.8583393067567922,0.015415224260034943,0.6678443067092702,0.47261152425449204,0.3529908201052062,0.18839016751040116,0.4776952507492852,0.17274269008348864,0.16965922734752326,0.06850510296349832,0.5767786526587391,0.9417629892051599,0.5843354919432043,0.730568897726767,0.8891774563616802,0.16077024411190133,0.8495947255949345,0.8222762181324306,0.41683009378839286,0.31862022164884585,0.26545898549248326,0.14171501286599653,0.029483670145391994,0.35685324911530925,0.8535005366168649,0.9787369698485453,0.12480013277840318,0.7597046299358896,0.7738380315676003,0.9842498355731181,0.363364792884578,0.6605444902644264,0.9015699052363677,0.3093635722651984,0.7732466461337512,0.15013414251673096,0.2957131608743563,0.3387230426857414,0.8574161355438269,0.3753238279618917,0.5307342090444275,0.05528329472557869,0.05156646595662617,0.18221014810396474,0.8547043329181537,0.9582351640620042,0.6070395222818834,0.39511406861579723,0.5908109420518365,0.12208323427377177,0.8905902891205544,0.5049609107679797,0.33459707909259595,0.77693992520588,0.24684718080770707,0.062429332142422855,0.8008260171822282,0.7779550890929583,0.9998231019916165,0.26110951064129195,0.43389286163838814,0.5777896181257927,0.6062085489088819,0.3877682964260122,0.8363554710052928,0.7942859979071822,0.21315391843877252,0.26856830955410194,0.03150211972852268,0.31789891028865225,0.42441426368891344,0.6515702414153526,0.8088431040442221,0.1688939312691139,0.7363263125692,1,0.4351982813913726,0.8788574093274385,0.7329398218981985,0.4354364913353945,0.732117030118817,0.35272805382459393,0.8429622042335341,0.787621602719172,0.08581365826706999,0.6852003562664528,0.5412579348836453,0.9035519872213221,0.809159842321365,0.12333048187713769,0.5178591071853333,0.4401578206995622,0.4806278408528496,0.4394838719509022,0.684043945229229,0.6888089664685405,0.21532641202737035,0.3725903356581668,0.010955303427189977,0.1738367836390231,0.6297407558211039,0.9971003200273947,0.1722936309622648,0.47707898995075504,0.17286528492947606,0.43079106940463385,0.9729757174912175,0.5039101246460682,0.5070922542112543,0.46771852478627296,0.0401408204128606,0.43665797343852175,0.9271811189821826,0.43685317230728404,0.01978184449167697
Pakistan,0.2612237590872185,0.1402823527393553,0.4114925703338955,0.765393827076781,0.6996990833832422,0.6214413793048986,0.3406020823800848,0.7039850733604864,0.9859144803134445,0.002863940387080599,0.2948090140373554,0.03794377528468218,0.8864151656330301,0.6606937891651343,0.4577924285267351,0.9611280046033236,0.08825818987393286,0.1816035251694671,0.38315480001536784,0.06564297292600019,0.29616954338140644,0.5246609886430746,0.7238575245168594,0.34670296273956924,0.4167504149272643,0.6349735341844976,0.17725294274566306,0.12946025829421337,0.45981436545677135,0.5543797805961952,0.35167288614970715,0.02202440250558968,0.5743023367510104,0.21927741397764045,0.7431509146036988,0.482367029151334,0.009448818740448894,0.20945276750243158,0.20827373085787748,0.6652956996147521,0.622831512549343,0.9111903239540008,0.7080732860941573,0.3894268381695851,0.833702745139018,0.04526556075739674,0.3805164243686434,0.4380977820780544,0.9192476630237779,0.10755011314105078,0.13139397431978617,0.6297972761204398,0.31119200558359783,0.23517893097850395,0.5111251097728454,0.36986496422804604,0.0014174101186134047,0.88199693416296,0.7088256551972443,0.6509990407277289,0.03905849338066203,0.8378286756332264,0.861064923883049,0.585843034324891,0.67821179558635,0.8018496883330233,0.7561204135664297,0.5189496986638094,0.9501702637321574,0.6944502762994004,0.48752407757242866,0.4412058375763136,0.31876032755208705,0.8119428273002418,0.8805359979082873,0.03442034520227277,0.8577084773481055,0.30059427888059,0.3604936163994885,0.8841487893052693,0.6821812048936153,0.7117123046826734,1,0.3938898287798759,0.13440114554806748,0.8570212885787786,0.8771867195096588,0.5925671821527,0.6468184366438393,0.9881792039890339,0.9538114458529215,0.08027019637367816,0.004842715713915258,0.5164793418256356,0.626803637856307,0.8784541633675491,0.14718148088086447,0.8721778771132566,0.5775065718283158,0.5949513376956006,0.9962807388174902,0.3446658783802794,0.052492241302495746,0.5002108668545826,0.7294251761914822,0.5361097206634194,0.7127717453596099,0.5332954001209628,0.003006320011773145,0.8399385861920541,0.5920152939835049,0.6765403951675438,0.5538483375166646,0.6508640814852531,0.17055549755475996,0.9151299815690601,0.7191734792165222,0.11688933826289738,0.8347699474362326,0.5324065273061009,0.24321478498903548
Paraguay,0.6461943044829436,0.22445304415521605,0.3183315866788443,0.33289485402967933,0.7837766292420029,0.926623519631392,0.3566936392493112,0.49040674958923847,0.28487087980847614,0.6814463235610858,0.1474025405109075,0.2251201473758634,0.2469031669710967,0.9682730653046574,0.3009496602137042,0.25794833817340956,0.9338107760382391,0.5798437828991345,0.4429165920312631,0.7734435477496666,0.46259611617358265,0.09839124749488937,0.9318786512325468,0.46471972752262747,0.8115198810001516,0.1936966606374294,0.39211341834328806,0.24936695385719343,0.7722915403738382,0.7472883469377118,0.17296893771931887,0.5168522470179687,0.29198295516061423,0.2959899260292954,0.38636612931689696,0.3954104893399798,0.9450569014285947,0.6549461786600391,0.13784864782841533,0.9167901571439967,0.6574597506102782,0.5502319620730848,0.2913990626679599,0.08997102393719447,0.2788945448692923,0.10947879982937958,0.06186302582023939,0.5473358130533545,0.40948066243660086,0.9222599809170944,0.5216450447732698,0.3495447119628038,0.6647533633973262,0.22455792711636446,0.8363687021302316,0.8625908317438525,0.7984493993388645,0.45901989252076725,0.30333252938244104,0.5083769387298681,0.6054376886834507,0.031053048544539386,0.7827337762407937,0.6893959699570748,0.32928538521768536,0.6581952972691572,0.8666775076079306,0.6208689432156363,0.09365083903237537,0.129747145795299,0.20720509171913148,0.5573309553946468,0.6277773777715162,0.7781387724072111,0.7798489605768849,0.6904935202405313,0.9503507636693833,0.07246264921320955,0.18969853089818922,0.6107422755464587,0.9855447297901565,0.41622132033327963,0.0006927127057194671,1,0.2579555367946442,0.939792424115226,0.6581772286716792,0.6763615048819116,0.6084552598239692,0.7816994737771212,0.7250285199312195,0.17173686158649193,0.9218688044248005,0.3213882525115209,0.12505364321376955,0.005106031854656634,0.9611111979060663,0.28660742805143,0.43002814213966245,0.5507687748273896,0.7062828150044584,0.5190083148242479,0.318292717758788,0.7320234680574476,0.2747307833966295,0.6988393518374638,0.3571201802345618,0.5484756642790003,0.09680914489349957,0.7193640880574408,0.8864273060868392,0.041662700403581665,0.7822182252033202,0.3860528946166186,0.8365963102724819,0.5894616556854958,0.6263896771169621,0.5408311470693858,0.2591352430881788,0.1700597432338068,0.7872332938265961
Peru,0.6994526268088987,0.6164175917230125,0.2765080646607083,0.10826592281236824,0.6406043650537242,0.3291765880843335,0.17941473693642163,0.9575478007260165,0.9255129370470385,0.8327415024211802,0.5079637766871243,0.32592884075970985,0.06294879162311318,0.9192004478755003,0.05537645810358327,0.6241773521135238,0.7672417237482902,0.6763894263044039,0.09821726640432082,0.010271308200574203,0.1594802893948546,0.17347788425909239,0.20841520617616172,0.7516783101141423,0.2973604210192601,0.1589947700333183,0.8942954894364411,0.6085961838619874,0.23424418734276353,0.1104129936603353,0.089962816689384,0.6549677483104788,0.2983546241667059,0.22713491858291024,0.8609496080500054,0.31448019859069987,0.8097932804448602,0.5853059783631197,0.9493576913429639,0.33840097800659896,0.11723624239067254,0.0022052844363354973,0.5184253697679718,0.23760828753261276,0.7912044999562271,0.3587869582158175,0.9101852405791396,0.3600576147557065,0.5938084293646354,0.6967259686385078,0.8741706065578131,0.5206083992527261,0.6875492026247254,0.7461727519138664,0.5898670054265833,0.8832363081191209,0.6648844850783634,0.34347410295491254,0.5373756312807374,0.07431980262016213,0.8979852302190076,0.9918487514443339,0.8658209442482993,0.3742569423736636,0.29720847309356235,0.9868850714665974,0.3881307610014404,0.6517081137226978,0.31953467806281444,0.7047047769946491,0.8441300845167133,0.14218095490578808,0.7612075334750723,0.29950500368977206,0.4305947988111256,0.45875847727335795,0.427457721156012,0.10102755031191701,0.9227635690497746,0.020039467604509698,0.4563785737866801,0.2782380633155124,0.9289986670154617,0.7631169221162003,1,0.34066259280850286,0.8958295440739937,0.7161281183132202,0.17912978003017932,0.015759474126790685,0.44567317453903554,0.9586963326883585,0.7247218042357386,0.20042282891225882,0.22250662543276944,0.9219349372777267,0.40385152844526095,0.8960978370532777,0.8954322647671831,0.5264788271973742,0.11159381352918218,0.2883073042277997,0.6269641783858528,0.8526125321341131,0.6570503600318904,0.9597730355526254,0.26905336887213693,0.18087816032502235,0.2987463658682493,0.14793372966722174,0.5350959421152184,0.8480485679396559,0.9222365877607708,0.47102914836252396,0.3913075158019407,0.4209455506098808,0.8876395504432602,0.638983378273349,0.08113102762384106,0.204003605820251,0.433984658527238
Philippines,0.24179155689028997,0.3143388790032833,0.9774044023900256,0.5401435391076135,0.11793780090028083,0.05269451501577693,0.19632422822570872,0.007347576505992048,0.7740666373675813,0.6819994911822759,0.9188440247612681,0.7623572709953954,0.7810598206261326,0.6688229055588902,0.7747301805555711,0.6652956115481299,0.045281330199614,0.8244684122593269,0.3541649547756829,0.5155474982092296,0.9844268951750648,0.20793281893996052,0.6149341750125573,0.3942248280348819,0.006083516308651005,0.7019415845384795,0.6001199088075136,0.27360417893609534,0.37900581824416757,0.007210184374659923,0.24246318052483318,0.7477782120665473,0.987373795367043,0.15986532650109597,0.5879470050150409,0.2398059352783639,0.03716210986762358,0.16558363403165932,0.2583654739157486,0.0768137370487526,0.7321064788457631,0.9358898736731188,0.15958109321962155,0.4544149452477081,0.34728604758796267,0.22986131042813784,0.10842350793961109,0.16649801701490263,0.009970581385184474,0.066805290668289,0.34414614298451685,0.07970403057445319,0.38063081606545157,0.2994472608827189,0.5435809080839251,0.08855857083388352,0.8478606666890613,0.28974837051091795,0.862251207981712,0.7733436202684462,0.3502403423664211,0.1568695700176932,0.015098242965652764,0.9068512628195494,0.1707454520476681,0.9007188300720586,0.052084275126111135,0.982408580948721,0.52494983425353,0.9645223633112434,0.8160774293107929,0.7810052653779457,0.9771176505935303,0.326804174431202,0.4658934239042307,0.6385462711492955,0.500452289298269,0.001541699151663689,0.3563901735669128,0.699914003742648,0.5618219039337659,0.10983281756120034,0.005668974928713655,0.6238225395204179,0.04373176132212897,1,0.5162104250001319,0.8290069871521052,0.9209180732922457,0.7972542687243541,0.8538780049331396,0.30081537220430665,0.6584838421363804,0.7048268508762959,0.6712608591198299,0.8220810737677325,0.3312070233452785,0.7117040478788837,0.8582089916411039,0.4895421073677,0.945800474198258,0.7785715861597194,0.13801766070149557,0.5608699428381614,0.44590522770105523,0.19935871643994119,0.8634935306311037,0.4739242987589446,0.8776544727164733,0.1264411077501285,0.31275386304745456,0.4865989004558223,0.5792951851427481,0.7558297057442859,0.3381258872119809,0.6536056204135234,0.8626176099019837,0.685348612290054,0.7720752343069633,0.15612518071377368,0.15323328720703822
Poland,0.6531754661925062,0.44368946605041537,0.7745876671980307,0.13219721374182358,0.38437288500764055,0.43637571889962123,0.21960184732111276,0.4103842066216966,0.25741156803176224,0.5522032000522106,0.8935830751119733,0.4166007407037047,0.8299544352940595,0.6400163529790847,0.2864059992012361,0.6806824675014876,0.21716502942441562,0.7541566895886037,0.5802729710671489,0.021816953675824258,0.18595637490172856,0.7179100689941474,0.11224560473331335,0.22873171575237494,0.039548675305564496,0.9512085882495301,0.3076869752244411,0.8364037748909112,0.23815522756227236,0.4406877610926959,0.36265379943899545,0.8489846506218853,0.7202545531532224,0.4902591712313572,0.005095605107982459,0.1150924647693814,0.6697773940622677,0.7735917589419167,0.2825167732512841,0.8892265581085875,0.0806967118420252,0.901089118427412,0.04570937637491701,0.9351469522854791,0.45159123294287773,0.4581010328484635,0.16001887855399255,0.8235436537328638,0.2694506374464397,0.9088655355978544,0.7328905397150242,0.47247092797236245,0.8662257197094388,0.7722736160037464,0.9081450921849084,0.8040863423277852,0.3292723245611261,0.43533887794967274,0.0280968964374263,0.23439037592183254,0.27691054843509544,0.9874917793737424,0.07399605027282063,0.21267713656648934,0.5710535180272324,0.03905364534850797,0.5932859891957795,0.09301925801346511,0.6949530483387775,0.18338725834398018,0.3801394143373801,0.37308057020626506,0.9124960017108457,0.06965875954451528,0.11672281277782093,0.7804497973884674,0.12663907600730884,0.1363331853571922,0.20208408886661045,0.08589558443786083,0.2055724254725403,0.08630085574476476,0.6868065676822318,0.06669371168572857,0.7712598472331588,0.7526004549793709,1,0.8500790796538533,0.9431058119352276,0.8070637342982784,0.9377010525530168,0.053479239560326075,0.10599987872728323,0.17535789430558657,0.728114617535934,0.019606440562898064,0.7834854748915338,0.786943443437891,0.4396156922848645,0.7140823601456514,0.3737225857345047,0.503316425077929,0.05238874663933679,0.9375782627544738,0.1280587294358152,0.2762351228646934,0.2947414952053987,0.32857118413725606,0.8684286044767218,0.9000776319069683,0.6048948924470642,0.45294413930417277,0.9355421649220934,0.09230463424295632,0.2980619109310704,0.8725090377609412,0.7773206774904244,0.055082906681390265,0.4626177960754746,0.47932728303150884,0.7642229226846464
Qatar,0.07562433695869863,0.0723307327888899,0.7508425281750419,0.6902596516815496,0.5507259638327578,0.8101829239805874,0.6792040683958709,0.03202696719270437,0.11707571590270827,0.19552681991058052,0.5898323672313913,0.7025668750715647,0.9201895349522836,0.7312653333126975,0.42641858081292516,0.6672841502870115,0.7097361390822127,0.023347431962627674,0.9747447603064706,0.2793962952340633,0.25121066365270495,0.49222099136273567,0.7905629045314556,0.08181783222422767,0.2139181920734532,0.7285724831155171,0.7395224892162108,0.3292842988285598,0.015342321485875443,0.5230560549470895,0.8039769304398154,0.19496703746784194,0.5665887090985229,0.09306744432728054,0.8513658391548762,0.13419675018284805,0.016146767284628383,0.4047398084964239,0.9584247292290752,0.10952868776939595,0.38429175996969944,0.8123325546280132,0.8752179696449376,0.28832173651556314,0.06117521817710192,0.4594344006059409,0.36964941597632306,0.23275390992990574,0.4246660270633178,0.5146491374557025,0.2017378646371666,0.7369272074008235,0.658343223896297,0.9198922543702991,0.24395091256881973,0.5580106580069478,0.2531988610256546,0.4200026979777234,0.7616035798851891,0.17730841884436976,0.05231162561223912,0.6883642350369797,0.7758822947731722,0.09368116552448313,0.1802390024557572,0.3111060197716228,0.05634218385912171,0.4735456777809134,0.5837135754646273,0.3931866664031305,0.9515016013429859,0.08153784298645228,0.206220874401711,0.5300078036294782,0.3247638320983015,0.5989241460589512,0.46092140603054266,0.5033163618739933,0.7992807544073659,0.7919835927887426,0.6802210044588448,0.6239484207792697,0.9046592599831049,0.9235621589398512,0.48241583288167345,0.7201404914875474,0.01409777787544153,1,0.9453908463468619,0.4693662353985901,0.666015207340125,0.5148253450112787,0.49191512864226816,0.9630375163769828,0.8885417452378873,0.20893316878135848,0.1913979146382082,0.480211986457007,0.5813556572975032,0.9759571809037004,0.011494573981009393,0.6864952808649353,0.3996787953401092,0.027275408224889275,0.15606142880899498,0.1961021204530845,0.9238052437010922,0.7424533234074003,0.20587189794272154,0.19784887368684834,0.33124973536794833,0.03213509198359721,0.9540126949030564,0.8758057694575956,0.9473731093663801,0.8948488715099344,0.7973437544533674,0.206520943118927,0.9598289865359241,0.25834227784438357,0.47821441896418637
Republic of the Congo,0.9147123385364248,0.2224776284219374,0.6096861911729917,0.5004696331249824,0.003220583375533992,0.11656719418530193,0.36083098420879356,0.7653600679940653,0.9200583760025828,0.9537600171179177,0.12580465781738104,0.787008311919403,0.5002013501907531,0.1142301718964529,0.28485077670405634,0.6817670058848102,0.3389016644911522,0.904123772281652,0.46561114186479124,0.7902388643175798,0.4651366538721574,0.556529065603751,0.8083429701895792,0.2306482191565663,0.9887761241932629,0.5443402363387121,0.2783588787897009,0.5206079978186404,0.4707591972234787,0.2308825127009727,0.7168621914413768,0.4751772545486602,0.05036971410829716,0.28117643447372453,0.02362666869026897,0.2815241638661451,0.621994027481442,0.2002008517624725,0.9861072525630232,0.45375629956933883,0.6907281953002234,0.9040570230397813,0.3292337280417238,0.2443703439901883,0.7312198769091417,0.558410947250272,0.15577593321380956,0.8103081227796081,0.5608673374061585,0.24840595002603738,0.1276690601645638,0.8393308731859423,0.463152697321488,0.9791822063951149,0.056312909493818064,0.9463487866756297,0.957159137843689,0.15284602909704692,0.9333637226069958,0.6888939620025667,0.22248138498454684,0.6491576629028043,0.08732028985048168,0.9888045398661895,0.0630631612001693,0.9549214140512128,0.3507479154598333,0.9812230863995176,0.49463594355884155,0.14128733521636527,0.18976758403261595,0.33986003186850566,0.5203740798472806,0.810351563108637,0.5539676807946156,0.14350665824151532,0.2842775379311525,0.7406076359953875,0.39096650241726083,0.1336292466599719,0.995475391122328,0.3849218817233492,0.46210982309922477,0.49931265166332905,0.08353365415280134,0.3075471965139762,0.7870473077016925,0.20017097107859638,1,0.5190651566831372,0.0005601731891062833,0.4813298387922079,0.057784824125787115,0.9694104003145229,0.12604098634681848,0.3389228307049812,0.693616929175201,0.08403525938765488,0.18175016401556743,0.46118283931033177,0.914072119942229,0.26215976277491426,0.6833241009273359,0.4790901618838135,0.6937558114212011,0.735846826124171,0.4010381167966023,0.73661230078293,0.24163905870211455,0.19524020758922112,0.7898824800802261,0.5291124993914801,0.9538111139555249,0.423249674912081,0.8533704973428627,0.4157151110138074,0.7784949864146379,0.34256237353165786,0.5286516878700286,0.5481395957714463,0.5001962728707527
Romania,0.29006593524336066,0.4278071443834064,0.5632331506526826,0.36638343429234765,0.9087043111963234,0.36850785151907983,0.572815783067197,0.6842709370975095,0.4496945677261861,0.572561534531568,0.571273601796645,0.5848370042165104,0.5959517023761315,0.6013583703506828,0.7560896855761716,0.016432910326923955,0.3833075885969379,0.3926034063561825,0.7285911055323997,0.9119468181416738,0.09253680964748101,0.4825166380720396,0.4416758067438985,0.1503555719440276,0.0736640179400544,0.26105699519621295,0.8231388244804067,0.6947973761626485,0.49735011527023465,0.8967628590835252,0.31641059409225747,0.22605799901918888,0.7712745322043025,0.475638637215115,0.2701571746271265,0.6441738944028859,0.0395518952083469,0.9934101108262053,0.26801288130636225,0.8105708725664121,0.02482772368062991,0.8400013682353388,0.19058815096458126,0.18211148480758754,0.6053335522298898,0.19632670235129457,0.5859266392508724,0.8638580873393884,0.24650836431091938,0.038710020693262126,0.21482985129789356,0.2250280329905785,0.39973042201633724,0.2724436308459858,0.38422727115492117,0.9659764030274426,0.8127614496574124,0.2471566137119624,0.25485331886709006,0.29295464785498704,0.05598973052080136,0.842732431682607,0.9793550194805478,0.9480746634387088,0.42012928824604245,0.9826748393529671,0.9918525683552336,0.05137349404525515,0.6190385347675335,0.1968256721356404,0.9806861220055478,0.7164817240397705,0.779779370125046,0.5859176288723437,0.8632132357712485,0.3908115114236782,0.5867534841890939,0.6689434724617346,0.6442700177213119,0.46081417542222525,0.8270460010520381,0.16523558699450347,0.8871412573470168,0.31351002532274475,0.6028459666595245,0.4029269692617885,0.2878119741587055,0.5777068673116293,0.41097525458602524,1,0.6694123889315808,0.7958191841295686,0.768548245318604,0.4475517445716427,0.7164691644326239,0.3451686389164862,0.38041665874552855,0.3834388703531071,0.9328530511971352,0.7168988540319661,0.7328215744736882,0.9450222196010193,0.9213488189394315,0.15445733887555635,0.019092848780669747,0.2911047706665897,0.05094573454054563,0.0329549014559779,0.9239537101270336,0.11194650584318666,0.09534566401671762,0.6919753931023497,0.6235518296705133,0.7965141745192057,0.0479266757374881,0.6012788808988347,0.4906751188746389,0.7743117133743981,0.9006040554630922,0.5676846009139762,0.13662583128217254
Russia,0.0038136942972533117,0.013068694784116097,0.8269513523681168,0.5417764220251948,0.2505910453830462,0.6003270578342611,0.6251426633757105,0.9965726586513661,0.7240199894776087,0.20227624607210148,0.49143506041926455,0.29278940540532317,0.2888841487610274,0.7346242826736215,0.012525358464420377,0.6610648058506117,0.4377581092708618,0.1394985527193896,0.9585394868140027,0.6413412529264547,0.9006426859723214,0.7699157656596877,0.3511321159048546,0.9627165410804155,0.8379105862341814,0.5067180607464026,0.8164485778285587,0.9146249285046628,0.16964286740523227,0.6035236720047205,0.5632944747355985,0.2754519012779092,0.16132470115372155,0.7532020468335981,0.9380284017741034,0.7766099828079946,0.9323622626132541,0.08364223719393071,0.30699126550282607,0.9666664796400641,0.3368307461930443,0.3227230033064653,0.9231127689587962,0.5528678060261868,0.23007816118989688,0.2682777295973078,0.12049642455876641,0.13771008831439657,0.7175669119550367,0.9559890115466299,0.2427754695929879,0.7785714689800785,0.9510994805894484,0.5994559432209017,0.034715191002765544,0.842483512664828,0.4282772821215851,0.5663001804240274,0.0901407922019033,0.6283706506389357,0.5813642314519667,0.5176887813257467,0.4589662854181321,0.569917093971225,0.0003019217266140295,0.9197391167712792,0.8395010206004884,0.2071950005820925,0.05287023014623016,0.14944444271406532,0.5402521689499316,0.7686768917745245,0.5182125386060745,0.30356116743519534,0.45093845447114467,0.23492100820010864,0.32589883668968334,0.6930590901075149,0.09220994770296309,0.5740857575710492,0.6348552965631228,0.9428721979167346,0.5898372285133672,0.8184544310347008,0.1378191701920477,0.2272847329759865,0.7986778227591411,0.5532171758848499,0.5476213451979225,0.3416126471024088,1,0.6421773432025546,0.6283744890883441,0.5638951318538603,0.2695571898550114,0.1486809357295905,0.6229156698732122,0.7190049881009943,0.660541749784503,0.15377782925398187,0.9769255197577755,0.7229676389555408,0.1429107812120426,0.5891658090591212,0.8255230837220212,0.8683010220077826,0.9315529080620768,0.9129368105810107,0.15729653926546816,0.23199086522688883,0.29708214512855424,0.13590764976876224,0.08731958505327098,0.12914973229226734,0.44302974848554355,0.564169596261727,0.575301975678042,0.7682537438807651,0.9253287191122999,0.22999410325230785,0.7748490787676499
Rwanda,0.7360900125077979,0.03336776159865851,0.16686734925458124,0.35092858322734455,0.9389540306772713,0.3432246553710172,0.8416740582829917,0.7884495747007446,0.2787706741908895,0.8749135570473214,0.16094338097839012,0.7183077593554698,0.1877942212529422,0.1766492713642417,0.26116428054500085,0.22778885605854038,0.42587659802279665,0.17725601548337633,0.5772270765798608,0.6320752389727057,0.8167762420825904,0.8856789263923343,0.8354466433429318,0.7967622687411635,0.5228244258985882,0.2842966568430426,0.40046490439193294,0.3359813460759663,0.3924827134035709,0.43037502697943486,0.1030483691586952,0.8415031530815381,0.917305391753616,0.7051692598848125,0.04821766645603276,0.9615273272902934,0.8523638487406552,0.5581897329264248,0.31424330305122905,0.41205095100725575,0.1913352634275366,0.1445017222212417,0.8494353406205757,0.14180630688118712,0.15152501250220773,0.4274531529499124,0.21281157641591975,0.023131654062538587,0.05591078307490016,0.3331995543149887,0.9971807422226411,0.7220590063497977,0.5566464890468686,0.645002625332736,0.8865573005741701,0.2887280532993427,0.5082244505622335,0.22433319869349144,0.7899500589812439,0.1455742541805195,0.7619930535052665,0.8389450043850125,0.7665181547039635,0.9850286715710858,0.2217396788341366,0.1983174988550077,0.18051913378760154,0.46504484278498937,0.8243388450264343,0.08697809825107694,0.4836481322454511,0.6585027688808075,0.7207847183594247,0.5158174606276429,0.9539742168670842,0.6509274083501918,0.888334485908719,0.8773847236417563,0.7989216098818298,0.44958164193523475,0.49711832720660765,0.3921655560629105,0.611493466683389,0.09713980205927475,0.6949331990838467,0.36662413780830627,0.7482107620426535,0.5830421642310487,0.6514448468909452,0.3839832475881877,0.4740915554652969,1,0.3119928592106396,0.26146883950563726,0.7492890213525893,0.6138340393299624,0.7751196849460417,0.761161309180166,0.09339935039384828,0.9494725084776734,0.10737940951008496,0.437684942605415,0.2469397255052883,0.8681084446117656,0.4744021413495081,0.5535208948464345,0.30451981327730837,0.7810660901047211,0.1287683646425385,0.1385063786164531,0.02868836484172055,0.3453394614630124,0.978933722542269,0.5549893118479668,0.4729897921548153,0.7183312981060896,0.6862304201884981,0.30329295845953896,0.40639587755426687,0.4164506253371786,0.9566039999580322
Saudi Arabia,0.3153702784338325,0.9468415406634726,0.9963733951455481,0.20507674495886763,0.321112348827307,0.3658669196977813,0.5944782149106718,0.5271545567033032,0.6607155111958362,0.4718225831266477,0.03866795337314888,0.8407443883017177,0.08437269860284269,0.6356553593893436,0.25499149920757713,0.3076705131648745,0.29412516468075267,0.5882183959567265,0.4724999725056359,0.5121277510933675,0.49986476156883664,0.7295939967284032,0.23367490296606863,0.6942863637548005,0.0491375659274661,0.09086192675531657,0.9090240843228079,0.6292635510255411,0.0746111884938021,0.11777486253995817,0.7886518218175402,0.4341751145841618,0.609935240820177,0.30110307095773403,0.2348896729540083,0.7037056515863992,0.20427879152303197,0.5540892910541858,0.24889852479668728,0.6800360748064631,0.101941022414336,0.9720965393138686,0.39959664199322387,0.9505566746900804,0.8130799364591241,0.037344545452789646,0.8767872403844327,0.1279936943794835,0.2558137426085809,0.03593161306989223,0.8189644144585538,0.22724228519006073,0.5122573661698963,0.6106240332886598,0.3576642037835669,0.804240871686966,0.9114116917177496,0.5622123754820606,0.2616585139519819,0.9484795169668979,0.45890716246201335,0.6378414354876821,0.9558135021759882,0.7345894539051135,0.7150693927118994,0.6500239703895461,0.9858977646986944,0.8160351243536405,0.9372038343674798,0.08816088513953513,0.8998500291252192,0.288618835694335,0.7824354053233225,0.015885569728211202,0.8120335298065305,0.050995307411585644,0.12145539181714704,0.9037338453181302,0.26652139003512665,0.5338488808411653,0.7466292927516986,0.3665385363641376,0.3353963668012173,0.5778802489832741,0.34621878059606603,0.5712173085225679,0.299075828441142,0.47138642559303945,0.5281077617642537,0.20053732686229486,0.1874471839238404,0.7044976773725702,1,0.2309653253461964,0.6355683672381551,0.32495325803918484,0.6859591847595189,0.4840454727005402,0.9885447411955707,0.030269701495752033,0.8924471677462698,0.6265985952921734,0.6596084478338233,0.22392731405696864,0.06325595626925706,0.816190200131372,0.7314062764114714,0.7883860002375386,0.4907712715510212,0.7483088922020781,0.32000255493111374,0.5755126595267522,0.48859219219133665,0.7764525421958598,0.19858550222876747,0.37020107312832373,0.5138291277351158,0.5498134060919486,0.4035900849596984,0.4802245768135539,0.2554830520049034
Senegal,0.7647765046161596,0.1339943405605888,0.021537818580026236,0.1818867899836546,0.1584608232524909,0.5826051237568071,0.8721619816000192,0.7342043438006163,0.5340481656452339,0.9005244733520246,0.7935152147184865,0.6270345036397125,0.24631628829033303,0.17508709049048632,0.9063829228223863,0.27407898180518575,0.6204947921885082,0.8222770537695056,0.011315312110247833,0.23640929379364872,0.6704162938350843,0.25062750958592217,0.6212637684826539,0.3635037099589905,0.6659792065230468,0.8245751567587284,0.46000292664229725,0.3101540709754741,0.9794983037794741,0.25295450342407155,0.25020360942955133,0.8115549786887267,0.33754698799813854,0.5448473604371598,0.5260209517631723,0.5664868074956607,0.6249499820456235,0.3163632168815067,0.3673472768175319,0.8717991251225636,0.8984576529878812,0.9286521420684443,0.8778912247287826,0.2525806359222066,0.7222592691913063,0.5230069197403845,0.5213368439692705,0.018220819631005525,0.1039445065410518,0.35613438817571685,0.359970654868789,0.9396307877798108,0.45887691933495856,0.3401034796418452,0.7983901198842248,0.893635933532622,0.26079166872690196,0.0010918679506624063,0.789338565472309,0.7487542900900317,0.267423631616596,0.7721522028581972,0.13167676169597553,0.8550885693860609,0.5497476530485179,0.4839696427843928,0.421735315483593,0.009439815226043424,0.45713011975793194,0.8942552101604956,0.6009601140362948,0.8650005041734437,0.8022854111915431,0.2632466973694343,0.19832073422975693,0.986855459867248,0.8958725172007395,0.8495726165513066,0.34725026353745214,0.8383325806286316,0.7185496160620997,0.8995226594908802,0.4249768518867074,0.2749246759235341,0.6391441930977816,0.48391595186339587,0.39491551037866546,0.7429597336771541,0.0008906851220370493,0.03040700355522563,0.5562604641725936,0.3574828341784959,0.16803442267943136,1,0.9358339760730722,0.9879013567704461,0.8092621123389379,0.6720233308429252,0.8110618553510199,0.3522294108005377,0.09596240100238351,0.557277494284097,0.4107535964254244,0.1717151257427928,0.9513614084742658,0.691996259885737,0.037248853079405064,0.8653502274230498,0.8421355623306589,0.533151772870753,0.6047691760857958,0.3351132907073522,0.39393834046019827,0.07561152472657728,0.7505561409153804,0.5426551307067223,0.06254729143866267,0.45675727816352385,0.33583239488830285,0.8272052401462204,0.6574445133820749
Serbia,0.6013303459491308,0.7370027399380956,0.6116287759617974,0.30335882768443445,0.4701174126145694,0.7330326117026277,0.9044140283326306,0.8860606737883636,0.6057758464530476,0.13221712439102773,0.9848372694323305,0.9442022615954495,0.5871564750234232,0.09655123436614388,0.9517899781487702,0.4872348551801706,0.4801166312033166,0.20141068649380878,0.5987240291393379,0.9214423466225923,0.7839360155481931,0.5459701139642367,0.9614709823209564,0.2511973857681369,0.4418537748381084,0.4734770552097759,0.935349122771216,0.7853522908086648,0.6673883449432215,0.7505265095369437,0.9354966622895518,0.453951400025995,0.8758819326797279,0.4122502350325278,0.8557190136719208,0.3053029221563379,0.9168482768602908,0.7169629905984815,0.6404206036176733,0.21771597775870344,0.31525082509186453,0.7396768829990189,0.542815933459477,0.2411443301488826,0.8332464633928376,0.4125084958715779,0.35607320722357716,0.4859211589293233,0.5743965348158415,0.26013746815656336,0.9257326796690214,0.6071255157284912,0.4717261501160739,0.5199676428140269,0.9476671806510786,0.3093020771177083,0.43592672002422006,0.2121959047628944,0.08076599762002323,0.08325647130924951,0.9114985414214524,0.8861647131438537,0.31528354968492445,0.32433225585961556,0.44136715492299283,0.27400448642617914,0.7656434069074739,0.5935751454275804,0.4972975131246091,0.09628370586156798,0.8863770197132629,0.948951623610782,0.3880252294551806,0.06578281600309088,0.27800934240686836,0.4988032125686741,0.45241210551902555,0.5238779783679112,0.1682795933219402,0.5527592905958332,0.32978199178231815,0.18674714491366096,0.5158157599418104,0.71666494810293,0.7809153410976564,0.16593975212553758,0.7875553194062613,0.8182059699128537,0.5959190800646976,0.3992470545650043,0.7877162039374772,0.9318479067658352,0.5227529612946739,0.9240601206977835,1,0.7173475673152221,0.09551107184965169,0.9910959814704254,0.8039013319301839,0.6046488297721915,0.7436122039604721,0.07298838892704629,0.3790329822865799,0.9102585211239546,0.8245163621539291,0.34043583853367154,0.27854564063548193,0.19744995595393533,0.9363666665230437,0.8096556739680489,0.7293311846142042,0.3635614880530579,0.09306804251209444,0.4269384996969767,0.9001877032794655,0.3593038350354637,0.2694307431123931,0.9087659481242499,0.3148195631160853,0.12408196599793786,0.3893856803884028
Sierra Leone,0.8452816460480157,0.43491186854304986,0.4431280638362507,0.7993330542865312,0.41818978247260297,0.9098473653715013,0.4875151765533624,0.5312670030096472,0.9983955596101511,0.08201134722020464,0.834491291609097,0.9576327452204985,0.8910132297065735,0.18312984423639433,0.5937710313054,0.10019346154494768,0.5468126104335524,0.009018748254141506,0.7793606739947365,0.944337158276002,0.2626002021579139,0.6771912517062704,0.7054095887522396,0.1088479971619084,0.7187468324729551,0.61738660004851,0.2819666328220939,0.11034453888209994,0.20042426970383498,0.735758369808908,0.4269615554340377,0.2696954056125668,0.9036998712851982,0.3994883341359531,0.931940316682593,0.9440380029341783,0.6122930385977148,0.9608117611700676,0.9694227016532515,0.10482463743360959,0.44449266390839914,0.012352725005055798,0.7281936113693817,0.8432598875341509,0.967478928457197,0.6412961063312809,0.6891320419650561,0.31170894796648807,0.17749282296453228,0.5204509397106261,0.8917867113271167,0.23489500233801386,0.5214763169472283,0.4049622818149997,0.2731536175870426,0.7818358905325613,0.039996261794344456,0.9924119510091772,0.8039973818550332,0.8178768110379432,0.9245853691693456,0.6777032513044473,0.05028056929751157,0.6081255009343965,0.8718331732238598,0.635827829232761,0.32120883539587575,0.02687831446306721,0.7026998079090915,0.18473408186913542,0.8604618730650292,0.8115071522614402,0.559386862484033,0.7598647580343881,0.2440412994056569,0.5609736658050919,0.38969684677751926,0.8143046494106079,0.561225538891258,0.37440095062899836,0.3073919452901067,0.006144340958481487,0.2013905458218187,0.9292091514250237,0.3894781735690661,0.742582854273075,0.5011377162414138,0.32663287787064543,0.8243762137647795,0.7859003649299652,0.33490182939965596,0.9489114049670591,0.7387571194250818,0.35266120415386193,0.20975934654091044,1,0.8700797619756792,0.01574332122564215,0.025241924011673578,0.9386391052097663,0.5386576555084609,0.893400537683242,0.12673228591958663,0.18999527502905067,0.2917082004127536,0.6775155110556478,0.031684530097260466,0.5164833159146371,0.4225565690556362,0.6869506105883691,0.8164936770237357,0.7236740254440183,0.5173117538993298,0.7771403606242064,0.6246388641029592,0.6494613088424797,0.6657929799711552,0.9767671662608886,0.36628130687586835,0.4067504022765017,0.4250063768688187
Slovenia,0.09126687017581592,0.5051822728293719,0.8486439044474373,0.7866038982948073,0.47041879270988374,0.04250641370788055,0.5769117934432663,0.27938934009612215,0.3452008469841319,0.5159262734151074,0.15628537945072474,0.7788245170397082,0.731755751561252,0.3561373703660512,0.9074078647813085,0.7443173830784376,0.535848057574587,0.538019814914531,0.7636412226576336,0.7458463169552464,0.15528728871880693,0.2625569935832822,0.385524592275294,0.03916370706202854,0.19103164012413543,0.6233388294921002,0.7187096247575159,0.6820243065131885,0.9929394118783874,0.9518603899234376,0.03513839208628844,0.3761276355899037,0.1417919530036491,0.7313844518328787,0.16451434565744216,0.27474674510980046,0.4729942348460384,0.028833286881616238,0.49457010067574414,0.5851810893132731,0.8829223022704762,0.575486399330708,0.030011734076810126,0.4635271000476592,0.9294803845779261,0.4245680238769407,0.336836327267121,0.46349608425033684,0.9746605163390163,0.16933146411757927,0.4610487619149338,0.9233194506069207,0.5712518366289353,0.18746695267725177,0.347890072398094,0.2101185269639675,0.7170337598259151,0.45459503027785153,0.018053767966627055,0.2907049093039662,0.24377997468979518,0.6038734988248211,0.7994536182831726,0.6824867682782303,0.21164296717983333,0.11371119756659309,0.7124272054024336,0.6066345349457074,0.5200444499579544,0.5358653450401859,0.9698391139813262,0.13741877583098694,0.4940286064698747,0.565883296748973,0.29923167995040256,0.17355858697134463,0.6964053020431851,0.4455106843846791,0.5512742867204192,0.07996979602985932,0.6747938660221166,0.523666775923334,0.8735580680561006,0.676622173147706,0.5070973252804819,0.10556450741847234,0.448541242047904,0.7905925895985823,0.04597808251269142,0.965970527630251,0.6707163552419891,0.5884416465916188,0.8227756549957952,0.7107836738773632,0.9530032525619536,0.11213943498681922,1,0.3394468654778877,0.42304199794202024,0.5398550657464982,0.5986254480097521,0.010475377831499877,0.09097000752187168,0.6402892948377956,0.3552986560214787,0.0006322382448951114,0.07993951847055036,0.06136445715806582,0.5334652737408275,0.536534586857754,0.14369121706113874,0.6651077740264683,0.9364977259224715,0.7411102150458441,0.32421996239991835,0.18560868748543324,0.10436251527417695,0.8700565006756901,0.22102456228175626,0.917864012110533,0.23250274228822754
Somalia,0.1240890235689901,0.16642682909358764,0.38132559910076214,0.8731711578105342,0.11435089229275153,0.47209683011405357,0.45446698283875564,0.33341052693558726,0.9711674584877803,0.9775620471140805,0.5563161368375398,0.7972948662867947,0.7490967778540063,0.7669614893704704,0.5578454241408889,0.5098198628438414,0.08976354526058294,0.016657832509590076,0.5857711079336368,0.3342826199260822,0.4878524072543131,0.10371208799787623,0.5358136227354462,0.17018183752375715,0.5103542441304045,0.8739214305147799,0.8077709479170818,0.5045196412738012,0.08075009045034143,0.7359087447443466,0.6556246294277397,0.879349514354273,0.6582373232727347,0.6137257591804007,0.5227902562011117,0.7392061470345884,0.11455098365676808,0.4286056276405876,0.36335387087179094,0.08829410373408808,0.6545135139639023,0.18827512054967133,0.916196245108419,0.2605580604134454,0.9206737374270897,0.46043725767465915,0.24222356509415754,0.4177684444463594,0.906582496754145,0.5012422718066937,0.3631156923012683,0.628097990783326,0.3872970651930878,0.4790182860450055,0.2767201234404182,0.7702155599280637,0.7528698591583384,0.520066034659155,0.4446071864781501,0.2678562238587323,0.7808420910108945,0.08531313110321781,0.19220336956999318,0.3394056319685328,0.4095182491648073,0.2594248749780076,0.4708639502452938,0.1333801558801324,0.4297709015961817,0.3401722329730823,0.14808052044668962,0.7739094440399386,0.33466578006917425,0.9691460821041273,0.9650523468762575,0.8794300100089161,0.0803001722631208,0.7176970117540371,0.5613776909323906,0.3918803059980165,0.13424782806923308,0.09734836302763927,0.8545131974256657,0.6443064921466559,0.8601157813584139,0.7812789498590056,0.6716684023905833,0.9034739529554944,0.5181327868915483,0.625794427406554,0.29016900294327375,0.03716256975747989,0.7864557646499027,0.4943860944705787,0.7497403304443543,0.8597454118134317,0.13003240635011337,1,0.924002039341384,0.8886801729857349,0.8585243750489598,0.9101233483831304,0.8886937337225168,0.25686766415198414,0.12044972605608939,0.12739192572401636,0.8415924496882069,0.5657294067214869,0.08240781958431231,0.32957470193626826,0.8098026658404051,0.19262717343469404,0.5061589650659443,0.7701813622484739,0.8229154337837689,0.5242097643705511,0.8782248349735098,0.3780059305116841,0.7256579201865428,0.717163532574335,0.12277814953918043
South Africa,0.022694962876052216,0.6547051838267537,0.3171330841304182,0.7710060216964671,0.5475752480613545,0.6829903956664326,0.6192163900989023,0.9242015811573804,0.30250825539393833,0.14629161253426415,0.44538341032047546,0.30036819388211033,0.6479581737355299,0.9811043702913662,0.31833746022425824,0.6219852073339811,0.3057920509323826,0.3351911124085615,0.9853188510742144,0.9978061492469352,0.2665988131406828,0.7267615992066228,0.24574684675800518,0.7062127530311104,0.7814177191391186,0.009324615761629684,0.076046995625204,0.3691886959073979,0.32223250714474394,0.6519190002700923,0.05286790664676666,0.4291857413741821,0.08293187580543537,0.9716904733735626,0.14480884248884052,0.015321308553083779,0.015125089186962759,0.15614625606675903,0.8523973170229944,0.33981344544940206,0.058901227104390386,0.9641583736244301,0.5281058673589355,0.7128641170953991,0.5950807413933853,0.10516681886389967,0.4717910581571658,0.046709437596398784,0.09501739829908651,0.2826072408418103,0.1876046177492552,0.8092439841793487,0.643610718454271,0.3760686375581176,0.15067749791320373,0.5364246435187052,0.9554092786893952,0.2541745123998512,0.8559016828721309,0.2245147206778949,0.6283786622803733,0.41928060923275634,0.9699585888158442,0.5706987281650986,0.7867470859214589,0.06607719903224907,0.8012891380902343,0.7162777780426143,0.5011092919387891,0.09323461634271102,0.2673169373139882,0.05183440996484279,0.8387007715287323,0.9767257192964399,0.641287760520306,0.05260618154311403,0.6285902167458145,0.544312492773776,0.033366087969528,0.8219132017045916,0.1278566221754518,0.28782928780921946,0.8584803548482739,0.6973108981110702,0.2155841116159628,0.6799246218403664,0.2376549033629035,0.03503171718471043,0.4088830295024186,0.000860693611185126,0.15956848539985202,0.015971535574675788,0.350899488370189,0.01682188232185522,0.08323999493365797,0.042447888769401754,0.4907023585310747,0.33306096964700227,1,0.06026137108041041,0.9864394803749362,0.5618025108317752,0.3227515622937329,0.850521172498012,0.48050485578168745,0.8017996145376414,0.24129127959184582,0.29835541241806407,0.38922030896814663,0.33593433532656747,0.9880396691133808,0.971974647890943,0.18719505022097271,0.2725625216006188,0.25708388712802444,0.38650181584166443,0.21876920885127182,0.05220913225346979,0.6367443561619451,0.7236015510830396,0.3901416171448079
South Korea,0.911769055084182,0.7000506223380253,0.1475341681957738,0.3783039484860622,0.9760826850588411,0.23431948724793428,0.2978250872902639,0.07770974401203967,0.4136761732770101,0.05290718826904017,0.29426233941664803,0.13096738586827694,0.7338648515360955,0.3469088046128872,0.10305420655159114,0.3922543924620233,0.9656958508300805,0.043200451327709666,0.7945907620243368,0.9938999730669942,0.5447447591997067,0.8600308699974906,0.6769073063981011,0.10887680615426465,0.23693652830400036,0.9500786950464215,0.6100877910795026,0.1602461707922136,0.40342430711760835,0.9609407468575564,0.08707901963541997,0.4714844318506751,0.22445798646344872,0.8351468881525683,0.9157516717533274,0.8843945341726318,0.7166528172717114,0.08919227281561948,0.7237247131660136,0.27731113530229057,0.8405524826834216,0.6530872228529951,0.5657575273172234,0.02489306041630801,0.7081595260605844,0.01778326702616817,0.8167003278917621,0.3857069380302285,0.5792214502094204,0.6368920258208828,0.4789416899709177,0.6240642966709642,0.4677854209960749,0.38643465811923794,0.49680925265276776,0.5161619597089314,0.7830492619676329,0.06004010376967328,0.6128874427142574,0.343763011367336,0.5184365593053024,0.4540770557944033,0.35269459388831303,0.014214010144334766,0.5409988093059563,0.46001000790672464,0.5394875961229977,0.36673735300988897,0.6804885346298518,0.3915627558989281,0.09746829766668619,0.5334506961548708,0.7198776329108257,0.002352821872609767,0.16052767984481264,0.8693281568350193,0.28232645806433176,0.25501294220249615,0.2553695520887235,0.7433985057230336,0.4224289379405204,0.837351104556095,0.5063828251038458,0.1336585156521395,0.5166669901773425,0.8980419986165832,0.8501975659730737,0.5558587536359929,0.9425231345899523,0.46095738778643536,0.9678125279044391,0.9052971636596893,0.04986078274137207,2.1512894371467084e-05,0.27793101742999304,0.43861748894894703,0.10115620045129325,0.12474276915512306,0.4572219153179047,1,0.9131061243473219,0.030361771643622082,0.1609638007203965,0.4500133032811885,0.8755210316727357,0.5536845510959587,0.7186268071560916,0.1987477120836132,0.12704944565199838,0.5069407092845668,0.04864383611633061,0.9328974959342241,0.2906545380808948,0.34071369739272617,0.35212654169716684,0.2837213090764995,0.7182704968637047,0.4803515190648272,0.6376513419270943,0.9060560050793752,0.34224598172412324
Spain,0.8953771696171947,0.014135139383453121,0.9602569038990785,0.9317744275296269,0.08722350541486545,0.3102997756736644,0.5171171301943863,0.8929913104131024,0.6656721904984405,0.13450784505404445,0.032464402072034604,0.4791012058555798,0.3948074269327244,0.7935937885093943,0.5431525915936019,0.8330082001604047,0.7451250490965103,0.2151915134248391,0.08164693264434864,0.025393732832415528,0.6380904212941328,0.43668110356199663,0.16994463614975797,0.31631698350689164,0.9577001404418989,0.9516121181752789,0.5601144817294039,0.14010432114706106,0.7400433060329275,0.6875736155618482,0.3798787265349127,0.9986077581677573,0.9956658363743013,0.5233602720953693,0.4686731751156722,0.7753358340335611,0.49481355792703474,0.8748351542207682,0.2842821173234428,0.7077155515044661,0.05593522292364694,0.7496331702336264,0.19817850922912605,0.997799290277355,0.19604247152812393,0.9191455954411719,0.15858128501654967,0.34242496925589627,0.5683755334764866,0.7035838977093541,0.28327258245403675,0.6934512526338623,0.7556989004324823,0.43342885043371127,0.7364235079958689,0.6133895749601627,0.1849535311946845,0.40169149170641594,0.6900845758014383,0.7421917827235286,0.530324839692606,0.5204732091141495,0.6799405282745961,0.04418158351677859,0.44827024834149143,0.18589495168395476,0.5172732418370528,0.09299973051663635,0.9333686208451912,0.8935647194292946,0.24359584641053678,0.20033024534315913,0.9787226485650059,0.9843921416782374,0.336380301988743,0.35841069973764994,0.6141957504488919,0.8756608481948153,0.9204497826747391,0.19652253373575201,0.18564749163002203,0.37148427665521544,0.8109882605439945,0.8328040069849755,0.8382091613147069,0.6302474212363852,0.16514867277727485,0.5704363570526577,0.8015459706688908,0.5385696496391059,0.33237639181368783,0.1717044814509444,0.2967324620957258,0.8178356110486615,0.4911588735766512,0.722848676150751,0.3691219018288433,0.4848887379096666,0.19658961029526867,0.7151840682305574,1,0.17347658543820543,0.03430737968165143,0.14153938348821637,0.7284732483723292,0.8252920602254731,0.894965395270559,0.7814640611933179,0.30858101750362366,0.9808653307980144,0.8519376609630982,0.6691765030722239,0.7221888192053794,0.3769641215430741,0.10495007013335056,0.5780911461220642,0.8424233538365998,0.4446147226208196,0.7185611530133854,0.9616677386923896,0.4419329672825766
Sri Lanka,0.981513691293648,0.792386133415941,0.9744866539520748,0.10788091762777685,0.3160377257574266,0.37556907208398427,0.13158863177108704,0.08337667719261532,0.36632342213862856,0.9829408505877221,0.21479290457188682,0.9635099272315201,0.3793072741066821,0.7707377647197431,0.8128652784153847,0.5128823355724903,0.26870904290494146,0.9918892701119685,0.6385096259572779,0.5915553176547701,0.4084581426232916,0.5856286829962335,0.8206123546753533,0.1336702980063882,0.21719229136172924,0.17453844447020295,0.15975865957114266,0.7805201267590465,0.41948953784318777,0.45195057214212575,0.4160940066521899,0.7809315664053705,0.7071218142050713,0.9054225869562816,0.5900919125416448,0.2348930851568053,0.9344857551735309,0.14538334529382557,0.6683020757554771,0.1101463997564136,0.8119041339220797,0.4933944722734661,0.9515126189754998,0.18987602245558532,0.6834530892488506,0.392317527375332,0.25719805941610396,0.22976911959026236,0.9863971253980125,0.8666623016134607,0.3240862720273685,0.7586123067151074,0.00276385789521294,0.1535090667654514,0.29634961897373213,0.8732032004501352,0.5777218638205661,0.9826300571553146,0.16637019821970278,0.9950898617910733,0.8777268397977118,0.8369133283168062,0.20498596054513096,0.7362969713234994,0.9809249231775953,0.9642324721633803,0.001985047209516977,0.8224392452216586,0.1186306487411759,0.7648616326669669,0.8694186951364101,0.44175313389026083,0.6207441060662352,0.3075586258458154,0.0136721551920852,0.002646156763798091,0.6632934549063153,0.5511908941830621,0.9972384838911089,0.008904208352918608,0.06621769638475783,0.13646281640710833,0.5955604718485328,0.16296485742938593,0.13812482426622374,0.0763296522681366,0.7061511748943928,0.3183039213549431,0.6722735352736513,0.06053093970159318,0.9587235018345671,0.9120101751193948,0.8624798386088925,0.7659689422984579,0.8290830223485799,0.3153270122085261,0.7220827371880262,0.42798150020356607,0.8534345703699839,0.8300872662468669,0.28219788106101495,1,0.6012887101101632,0.419850469853271,0.09018821149150169,0.1637327362374601,0.9467691007321871,0.32814352166290905,0.05910605403546665,0.10760682889521567,0.7715151627073866,0.32948633076002076,0.22913835300648921,0.9630699478281307,0.9840020255125955,0.8712425751467782,0.45599436125271,0.2275754822810916,0.21790063314540264,0.9879167387996768,0.8290266947936095
Sudan,0.8760550515410243,0.7634879560384268,0.23095465329648057,0.21078583169925413,0.23887526175638052,0.48262270348033054,0.4649086319618633,0.15823045476169328,0.32644930469766575,0.019899138363580482,0.10402510715530788,0.20852635505265593,0.9173490158580788,0.029815034047351863,0.6299407740769309,0.8283721412737621,0.5341227593253693,0.5723880602087872,0.5780101724641015,0.995296195215492,0.8170645094552164,0.42917222470263927,0.8441185371493186,0.36577623970334827,0.9485056496274291,0.33304995637188795,0.01583321325341902,0.5704834191769355,0.5055426032767086,0.4265250305899907,0.7946448834613387,0.24868556005082276,0.5284691874265287,0.4227171419197646,0.986213431754574,0.2092443225274696,0.8987643951054478,0.8117066547528743,0.8691274945602053,0.5351720983813064,0.1392792617129488,0.07304230801890887,0.8998470341219814,0.34882332914222136,0.3003112636532662,0.37850320284344907,0.01732998196413915,0.483304350454848,0.29204207662519976,0.10198203495596736,0.26490666231554516,0.7051341508232932,0.9569136968892255,0.5800669898691594,0.6055024952583264,0.6778516869512886,0.8007718210950622,0.6869211326931925,0.804863218543302,0.5652432573975712,0.16788698154572046,0.37131491074899325,0.6017902702066796,0.8086043698387362,0.13114176851668402,0.528533299013887,0.8951051447374256,0.8297342262823951,0.6115138832269564,0.9500499384994171,0.9009713782384977,0.4807880840339749,0.8372903222234896,0.9622506058162763,0.756814333466062,0.8692656152947287,0.2891575304114943,0.3043190859807713,0.4492490555658767,0.4257805101691269,0.14391110174498833,0.4011748288260404,0.4455831799214206,0.4311270417292493,0.11838852648999776,0.28514681033248923,0.8954887759177976,0.7130403136098418,0.5982942092386433,0.243519739649253,0.5981469427788024,0.6413851272277795,0.7945613674705214,0.30884302694572485,0.5754380031215838,0.35284392234576933,0.02679937645745034,0.6097337301976667,0.31228956414775844,0.868120354336862,0.58086141699569,0.4137834085624157,1,0.9865466996877864,0.05016774875759422,0.7891385248279961,0.7036266002808478,0.2615062076376088,0.6706353997032926,0.5580311866356228,0.34444865813124015,0.2959027548133205,0.6786099421880005,0.41509807476418703,0.40295022027459926,0.2757018112416457,0.24332137799204256,0.5631073822361805,0.8513868335679217,0.41201598066330214,0.46358407182873573
Svalbard,0.7349561193499504,0.5680364396220191,0.9675115026563225,0.20892928180282078,0.3326766008532699,0.921426191738745,0.5363131331467598,0.12133186458484724,0.4038132593452729,0.5248646587211017,0.11382785516777194,0.2552707014088411,0.5415252446672829,0.19646393764384118,0.8763657009371594,0.8197917943339362,0.28763936757139574,0.8571541509391862,0.40469778295084513,0.168613229278487,0.11338613828764676,0.9985254103130973,0.5503286900395098,0.5255277046305057,0.7022182560193113,0.8079828248309229,0.19599414105084267,0.9091388494824693,0.2245718669677439,0.6168017488490842,0.6901515469120963,0.7376983329433016,0.8176388637564522,0.40430927989295184,0.7910106052189451,0.4654619700392604,0.34777877573899674,0.5981904102980864,0.626414756828128,0.1740222254886319,0.5979561324823295,0.2615496415265548,0.15344638536661237,0.22645313698131042,0.22655282402891597,0.6401267568717739,0.5253551455625932,0.9937758668622197,0.2800724255271909,0.31116519436528356,0.7799605268896659,0.27754539102287246,0.7583655966531309,0.5350767885231837,0.3731194872397343,0.6809534763677252,0.9914062025608739,0.3349578444569944,0.8279457872581549,0.7722482168787664,0.7946140049358534,0.9679947881199303,0.683933583034404,0.34627804277369456,0.38307049339739196,0.556341257381554,0.4627687798889454,0.8865366982430727,0.08032193903023699,0.5213796568207231,0.09420478460079662,0.7437949699759097,0.7860997354312637,0.6100261327256007,0.022936626552107597,0.15514806083411214,0.19615922962392385,0.78960184968358,0.1324552231448879,0.6848185545688522,0.45504875110100196,0.24042004005253959,0.3665683640375952,0.6526641700474751,0.08532845829625457,0.5056571753764931,0.09801331398761282,0.9169913739690427,0.5446589972149705,0.8761439268387652,0.5842173310972604,0.3623085786543503,0.0077785427510435046,0.3119712583884825,0.8737473528238888,0.02340035908735183,0.8463276894957881,0.4040183005835847,0.6152432400637571,0.24284242195334393,0.8526812495205642,0.5282960908270925,0.3796711965119871,1,0.25102533234752566,0.4533582433376634,0.7265939055277998,0.302578227712864,0.5932442598831765,0.24264012956322067,0.40922543183010107,0.943176893283741,0.9183348000836188,0.6002551421649013,0.9563776874035931,0.9229966390733487,0.6400478602183538,0.13753697510426566,0.3230995419626367,0.12295976089462679,0.8264517827143854
Switzerland,0.1737542567420991,0.6771933085538421,0.6703210887365559,0.6771744557213578,0.3583303687544285,0.3407810716813654,0.33163833838977286,0.26581433692463774,0.9107022108837556,0.23856487585510844,0.600571711624896,0.4336943647964764,0.1569252559216675,0.5721525933739507,0.3522046101672106,0.5364043074341778,0.6475570129465964,0.17037733637462404,0.44107058257286846,0.9679128759839337,0.5057436112528446,0.6400960572221412,0.5138432173451329,0.6259807453185849,0.3055536874301298,0.9008067986317386,0.5412815668855852,0.9418654331243388,0.9025467211366206,0.2694178918761033,0.19957738085626942,0.7168943352212827,0.9497473263124822,0.20276751231697787,0.1497592886039627,0.03461355123866394,0.19838317759578572,0.35020988564528965,0.9293371341517674,0.5192778094335634,0.6827064275332793,0.6240537652694774,0.7996010797127971,0.7159481708800498,0.10931024678470724,0.7977165396943259,0.9868486012412547,0.747686389657157,0.47163273753650214,0.07842929984138514,0.6553821081546841,0.9415033099085441,0.47271386872738186,0.5109402360808969,0.1551680181371612,0.01335927533185044,0.7979872280733994,0.8086043051504249,0.46655715571915357,0.8420307636412667,0.4446471162843041,0.3588672778203589,0.17052720056577086,0.2934710262260636,0.9817090866746895,0.6750544634929048,0.3554671092096344,0.6669746290881149,0.9766429197778917,0.7232213029635638,0.9598465297270856,0.2743548445122096,0.40264470051345,0.5453516365054307,0.6136245089776496,0.618934113252169,0.29365249280079986,0.5674402625906506,0.013117839986609425,0.04498055832376868,0.17274766789121343,0.6953835357164667,0.14863221589449827,0.10853345602651998,0.24827076053842234,0.5772380146874169,0.7072495783683317,0.7404392817265921,0.8203333294394883,0.971316618708272,0.4167868278051815,0.7097089291701753,0.922550459439558,0.2212096979506175,0.3986958106806875,0.9378941468211717,0.32357976849887204,0.7465245107939205,0.5535069522596577,0.5938585458718327,0.8962320139923063,0.9656697721385857,0.5831662363644775,0.3492239504618013,1,0.45671077879488164,0.7779596297763606,0.036222955993964856,0.8615616220688859,0.803818742763591,0.2465799292646096,0.34361414485642205,0.12539052804567963,0.1723160482939643,0.6145688382787573,0.4065078680113726,0.7883351283772017,0.06427264989690917,0.5263043977481348,0.9305895582401723,0.12577067895877447
Syria,0.6664517322428737,0.37299942832325395,0.47789501972471926,0.03102231611876105,0.8637620074137067,0.30936063075209586,0.1373157619894816,0.5489269821760603,0.444660952455749,0.14623151324666273,0.011063279638720003,0.3465019061358837,0.11080064106995924,0.0969038165997842,0.4749899043125251,0.0993772569305641,0.27382591526653177,0.004955733771490611,0.6952115066796511,0.0497622865130799,0.24966614031924106,0.871280560320249,0.36897445983827826,0.6610473612696222,0.26246600164770795,0.5280142844411861,0.6004089299427526,0.3027274651593178,0.04010773529653122,0.34299467883442125,0.741289679390364,0.3037529463149846,0.01808902450849137,0.5310215361245699,0.7264450708300685,0.2371261932911679,0.47706124425411,0.9265441432265779,0.09512140359358146,0.244170967528198,0.23635872282842685,0.6119543347521986,0.651098438598348,0.9594788764633911,0.9827150776025231,0.5078219554866652,0.5597200475988118,0.6615752686730828,0.6080965050576776,0.5856196481114221,0.9513611569878504,0.8025261958457387,0.15153823224648988,0.07339851496575167,0.9773711349567634,0.7187100381100472,0.7315942793360751,0.7363978765605004,0.3183010583935716,0.7737974133419216,0.4294057444106326,0.522406686463734,0.6392564226066011,0.09784817198867757,0.03247476111633918,0.994172504427525,0.07008069605549128,0.5913364753111487,0.779533992578239,0.4352840157855169,0.98835284834002,0.06422217949051834,0.9581014273743034,0.3547488816161193,0.13960697684577605,0.5524305638852108,0.8038171542783167,0.4996947596012188,0.7513031513725151,0.21403285459009624,0.011117025026280425,0.8757206235033899,0.794780459915754,0.9002562476449169,0.8281815142208075,0.9464409730648735,0.6179166295086035,0.04669264910127968,0.18742998086339224,0.2946079862223878,0.5137731407958435,0.5232536881868741,0.8926378783573942,0.31061567653879685,0.17527470434511283,0.26263869811119833,0.00024245692568891641,0.46471308760993,0.354322933055652,0.5582839112367888,0.15600285439976536,0.21749291177850705,0.5142662583128222,0.6698197143798473,0.21764036267628872,1,0.36310390599278275,0.4646111325372837,0.6156995351768186,0.19284882997219854,0.6578351547526504,0.5979283828731052,0.7788642938705196,0.07840438382845316,0.6930708352530551,0.9728042228804382,0.6696236811191727,0.4773275677381833,0.61671734694507,0.44160765912896793,0.3688735134639516
Taiwan,0.24113902925298192,0.10336540807151451,0.612897515970336,0.2384660308512434,0.5646473948105257,0.5327425199807915,0.3289223857305832,0.12979137235607752,0.18161634021970163,0.2520158863418289,0.9443973162421027,0.8237081795645559,0.6641157298574197,0.44578727996886425,0.5200921591761538,0.4951606946170225,0.9490420226041619,0.9366622373348623,0.8495121035336324,0.14098145237094994,0.6662190085659105,0.22355585778499532,0.7132865781895386,0.9061135096968042,0.15370809929063867,0.40138377719785945,0.03164850615124748,0.7350308610398838,0.1750499368466697,0.5780196820657381,0.47895554774008253,0.6694136358976328,0.5949655650009292,0.30516068347392566,0.2515392537412403,0.5938690274120634,0.7734344069285088,0.6264827732489594,0.21312298985463807,0.9017323727557708,0.34829368167672303,0.33509912401417674,0.5181713714417905,0.6877027709659315,0.39781837392822905,0.9341318727124968,0.107089791909319,0.9999030229965133,0.5814506026396478,0.3103142288971207,0.30860731719086376,0.15221049775141948,0.3196632629406453,0.5362184631822187,0.1511114425168154,0.6548406968720302,0.9320711160194992,0.9977546729732986,0.15718418828173386,0.28754754524845116,0.28104739433572,0.7871979781975251,0.899460800165177,0.2704726710013261,0.9756789113828668,0.3016200327007249,0.30494937406964995,0.4392983980797104,0.6467330317780676,0.6576663458191123,0.34850453458794306,0.2854541465674574,0.8257620939144673,0.2794682327027892,0.8300084234805284,0.8494390176594099,0.07620709309097162,0.472597262916002,0.7580067125935936,0.33734956232915114,0.010450115718631858,0.23172690936560847,0.9725812766810684,0.49695400422201064,0.09448836602543331,0.32505338452971977,0.7148693664053765,0.5549138012813702,0.2784296476728312,0.8990206357180955,0.14937783435707985,0.43398720903344024,0.3935629003272548,0.8736691518051498,0.30604701051455585,0.1613151711256683,0.7160059719269011,0.27812602033198996,0.6197581261454985,0.5341862902792636,0.9304440205193684,0.9258540297710756,0.10248262039553824,0.07420383026651012,0.882079687940749,0.2565537998380304,1,0.5680494877404495,0.4796332417134487,0.16195678533653235,0.658908248056667,0.49232193260064316,0.10262589341107142,0.8898214608332249,0.1369865781120455,0.9988170070473643,0.34434894836107033,0.6746853416260569,0.7644243482463016,0.5835180847836149,0.44948454195617227
Tajikistan,0.9973539432700164,0.8476468976048074,0.8433589720317256,0.8930174333522852,0.17919605099540226,0.28641591543202105,0.8408576312717301,0.9049019107889971,0.3891991843201493,0.21145325744632382,0.42757784468904414,0.7858141155121202,0.9794065116676091,0.5304667588349077,0.9490290729739179,0.4880898430019206,0.895372782222041,0.06770573278134362,0.828322395115027,0.3758347377432649,0.46549171102373965,0.014929800479195454,0.7765956729660322,0.7641847273938287,0.8151521368819684,0.2980513631752084,0.0350791339012424,0.3199719806358322,0.06859134384076393,0.5805272787513248,0.6957599802340247,0.6933853600764965,0.31500902279821785,0.6975370381052086,0.06281596705949088,0.9842830556122943,0.09797947063960655,0.9002891064273952,0.29031725375089923,0.9941002777429913,0.06748922602396401,0.5640098089394964,0.4275429262045437,0.7112965432418678,0.472907283738654,0.6855928448758485,0.34275067992140484,0.02559417310904899,0.4103072591061384,0.9124738496839645,0.7813702477134293,0.6882202945296437,0.8088938688666591,0.857540600728458,0.5687559059140451,0.984268075570453,0.6663078492606702,0.3744449600226408,0.8331737942570847,0.5882520177192192,0.9359474132659644,0.6070704904823895,0.3256789649241867,0.21787526437959726,0.277286925105527,0.4305816661301831,0.4682749636425587,0.5617441013102429,0.5925718663233533,0.45607324226699086,0.774926408535268,0.11515455427322152,0.797820111380574,0.03246804195999653,0.8196537582353416,0.5009236227402672,0.020941043013526617,0.28463502123815754,0.875519225019493,0.6289319183357502,0.2255382280297178,0.7109416080211395,0.1262809109825196,0.6985879786376873,0.5963185395304889,0.9364543778324451,0.8339404246226204,0.6821954188857292,0.9866914243109524,0.7329912961877284,0.26138911232015083,0.7591622095134237,0.9936752680938559,0.4242990640599965,0.2532108644759049,0.4342723890589485,0.2804082318279796,0.46551696408437604,0.8160077547060209,0.06289393687960987,0.04329397082562314,0.027025410251357185,0.4243041446622995,0.5013400470439454,0.22395040020078705,0.11196611808804535,0.8085639298838521,1,0.48765909615797176,0.3075403462282198,0.07927805860413062,0.867165053958786,0.03268732867498403,0.6081929865563008,0.4245010161448123,0.6548822628098908,0.9969297120432391,0.05264466131896561,0.9760240399103027,0.8731408457486365,0.5194202403564996
Tanzania,0.9234674108468901,0.6300622123861688,0.24958540031547072,0.27031874354326146,0.8519392375164899,0.7127338132072741,0.9128116300609224,0.5602336776869472,0.6181781370767482,0.43665376730922556,0.6963724550317469,0.7534144499919263,0.235598924376338,0.07883221295300347,0.2871067766572625,0.09427230265815223,0.6905091154531072,0.7183030970565227,0.0042577157753517225,0.40821024886527557,0.3287240834158687,0.29021559013861764,0.19583385410388465,0.7788506196774239,0.5251320425103396,0.11243845686898701,0.7992209075770799,0.09030997270243979,0.3133651192015028,0.3296735608449678,0.03416533468770544,0.2124515521214334,0.7079945688060489,0.940386904991414,0.24052163440781993,0.32761434172018755,0.5032865383694347,0.23432194641429493,0.347182201599577,0.9947572880972817,0.24288912705090038,0.9599284797420102,0.6618603450704598,0.309557244071316,0.4177740691712891,0.0918032438122387,0.6595822234667127,0.48387532273891065,0.28765660508515145,0.5348309350740182,0.0030271949904689954,0.7473170622492904,0.9228346181676478,0.2538798460477102,0.7657935591558402,0.2842791066331187,0.697619483851891,0.8936312914981918,0.23891434555765034,0.8471203280928884,0.2623023155040983,0.8921437784486493,0.7621329069335748,0.0527328089996798,0.5274449135412396,0.5672407461937885,0.8670130251716438,0.4191678931851486,0.21377400353443032,0.5380628360807618,0.42142319643511106,0.4334119114724294,0.643904366629284,0.7927685575046729,0.16965752816906787,0.5826154052603014,0.9734462038032399,0.2853864711434547,0.9924256482436187,0.13761496602200585,0.8987716051507805,0.3843270676913312,0.6907895924673473,0.7734909202581151,0.3389157728232267,0.85833335085823,0.14010913032239058,0.4666229042855118,0.192324412391902,0.5887756288294913,0.12442792290539495,0.2652201871987365,0.4364787564058499,0.12436223895881282,0.15849233183486366,0.7220073067574418,0.806222415553736,0.6541770787563761,0.25511256422505457,0.34721747248063306,0.1821901140150547,0.027755326820012693,0.4497278476305552,0.7453413847272443,0.0024820513083207985,0.6072598787688864,0.34038312279526795,0.678129005439904,1,0.7337130316287469,0.64175868684459,0.8070549769357773,0.8451920662169197,0.04366652588403164,0.32346844665905705,0.4513397354885671,0.2830919340161704,0.08698348458785554,0.5975033511679864,0.7702973988894951,0.15719943163725703
Thailand,0.6317447177780827,0.17258893568071032,0.40419073757249535,0.5666913376267456,0.0896284414982419,0.4278069270491732,0.7392888889382573,0.1710619832970698,0.9271852828813401,0.7434397641867193,0.35686229183311935,0.9088393553919318,0.3055110067520378,0.627336031230439,0.3774342704405035,0.13625145601437694,0.4649250384568382,0.2604917599662262,0.9991893815416876,0.0042581750146371,0.3913698585966021,0.7576571792202312,0.9600124861143744,0.2734210302512676,0.34990752124566205,0.3603999230393976,0.33200833670107754,0.8336552816942996,0.6112347728598614,0.6896294803670753,0.006289996363013084,0.20344983139806094,0.24050988447521893,0.3227394009906692,0.309180263652415,0.8060815896682079,0.012835343718540337,0.9815396166773102,0.4784384692885323,0.46773330785341205,0.7908166225387798,0.6677343331212462,0.6792141947867727,0.0975356379857697,0.9017429627281427,0.22744866122591845,0.050091169895277066,0.29980037787703795,0.32389978548262965,0.1568245992483781,0.30829899008929673,0.4499101059100066,0.7531018331121276,0.32707932915576066,0.8554335825400124,0.40652253729246246,0.5238782114001671,0.6714244600788413,0.057122581250127036,0.6444892786470418,0.09675318210216921,0.10192748334911683,0.059657646950713406,0.6858167895571615,0.20125817537251678,0.9826762497269087,0.71423983657843,0.6310621133849662,0.6215407792045466,0.38141859330553674,0.9455168856426454,0.2510814291309317,0.34941024459856973,0.4255789205559255,0.5541918659473083,0.35265400507934574,0.04792955484736394,0.45888804065925637,0.7600720249936589,0.6232142647824783,0.15059542966262596,0.930058054337237,0.28779839667469975,0.45301545815201893,0.9826745761620149,0.06339214687371031,0.44726081849137866,0.7753012263049145,0.7060396994372184,0.9890166084044164,0.5837050150293741,0.36840558421257286,0.803661221664486,0.8387749536810057,0.46654468446238295,0.32402558759597233,0.6964563237751544,0.016170486399146422,0.552507400400038,0.995535879491585,0.7979898555768619,0.599398104553559,0.25791731318417876,0.6545479350246756,0.16958929042197146,0.5933768383630784,0.6961939289750121,0.10426779412133369,0.7865927417236349,1,0.3189292507014594,0.5380811133993145,0.9109254266493523,0.18864215043511523,0.5802534598363109,0.22309249287638055,0.19067017354544302,0.6155276993340784,0.3614456446790665,0.2396707080867978,0.7225737837802023
Tunisia,0.9083805911507733,0.4828214052083105,0.4194743003891137,0.44131163242964244,0.6898451464543596,0.8673931450887027,0.36924416570794083,0.9941487148101874,0.7065274110474752,0.28902175922571804,0.24895803745864864,0.5626870899803785,0.7041831425185077,0.09345301039205578,0.8336946569255528,0.5039504130468279,0.7987794966702149,0.37263790591970947,0.4611120327687628,0.4825477993043198,0.404266284692522,0.01251757442482071,0.16643876608561992,0.052024240452579806,0.4488284316862281,0.2390159922027424,0.4898122334360451,0.465214044984942,0.11142637722867521,0.8222875269713669,0.27016367432328414,0.5227171166832164,0.6454510754990429,0.42034588129669737,0.1820032887490528,0.7955541842096684,0.13859484220511908,0.5101884217804787,0.003936415406327054,0.7914262129757161,0.7009319421345819,0.9151312641733225,0.24418443559708358,0.5626181378384959,0.17164549354092473,0.5958108845211285,0.16713877420984236,0.2524684859926174,0.9552571156759436,0.9496556323653021,0.6865004015012397,0.31266732656317353,0.7408482420358267,0.5405620080156375,0.9233719529619278,0.3613652649967204,0.9925070937545486,0.5273948296728033,0.46174390442354596,0.6276218136757349,0.38378719966166197,0.9102583838414516,0.28769812137382156,0.3472844646024953,0.7078659716749868,0.2106885541016711,0.978008677586226,0.9611127345131333,0.07340100385806181,0.700644145146895,0.4016994067077183,0.5370005842610711,0.8830476482175541,0.25413007671675947,0.08490065759128096,0.497383008565926,0.5677627796932015,0.6985260523490412,0.4392380511692141,0.020396441513709562,0.7718343645955305,0.45824263900886286,0.6330388749738517,0.7662950844463411,0.9713514485583694,0.7552789610538534,0.673575069488496,0.7350408218241092,0.27691546537329825,0.9567158562345807,0.3664546318760702,0.1611073423797681,0.6498426466573847,0.8640114138065559,0.9870629633010888,0.07370247030420829,0.7785327100091737,0.8875152668536108,0.4338679750970805,0.14723226161896197,0.2035928906188078,0.13574360816254205,0.8746058525738489,0.23762488012631078,0.8817176712691225,0.4306894579688425,0.2329468662653682,0.333427562322162,0.548615158763846,0.10303847226092866,1,0.9064546749952381,0.2066748599488486,0.09383522244994724,0.8438784153445446,0.05820653596379244,0.8681787413814083,0.9163202459302133,0.5377083734688408,0.17929092122200374,0.9920003022957888
Turkey,0.52512877299355,0.7601673583447202,0.826178817138081,0.09275633507455172,0.2917358639809968,0.17690921595099474,0.9523310857063533,0.7888868581343731,0.4361983542513235,0.5647736812999673,0.7727397988285705,0.8120551048065983,0.5467252557989295,0.13568941441538618,0.8680704154985909,0.3962112326658982,0.5160262670689048,0.8515277975174833,0.9158044173557969,0.9569196950282943,0.4873557697293742,0.8849455321731998,0.3705089738243068,0.28373543836032145,0.2374854227288996,0.482305220065979,0.5876416275135102,0.8723571422925036,0.062350825157095335,0.9476528321092949,0.30726756541161915,0.9135165104393029,0.45229727081079496,0.5808520301136983,0.1257180344782246,0.8717265287868591,0.916879228520469,0.6675026836012911,0.772446201275245,0.130172003347105,0.49346443134336915,0.45041639602125627,0.8373434956548665,0.8095304084816621,0.7662436479243244,0.04549348397321229,0.3786171451839543,0.5049878848704414,0.22482954415590228,0.03526227306777929,0.013995659373814862,0.8827644981644918,0.8509934347870661,0.46069295663155974,0.46476061641839284,0.22500613873598185,0.003516864307134271,0.37607443279634967,0.8824669574166922,0.6567099325005092,0.5017642772849072,0.6956870000432431,0.719498041890284,0.19174055109626897,0.09267039370618002,0.3896377571938734,0.30806489538794757,0.5243729366035338,0.8366751489732314,0.7378809071126365,0.17963683372824868,0.9842326739197351,0.551418117311307,0.29607872134108315,0.9295408937494857,0.21947400355905344,0.834091285709336,0.6172172052487525,0.44840237804815,0.6164121819505765,0.8099674451955933,0.6685564019070609,0.6622132863284743,0.09949007581800984,0.8752091000924301,0.8706181710940826,0.8229806548009219,0.21452308210363025,0.07150525451005862,0.037949947740783085,0.022978588216886586,0.7407118117062006,0.2806983402303024,0.18467135725273764,0.8996015439816331,0.45071424155559703,0.769095394665508,0.18198453581714535,0.9702009000698217,0.5216635528291245,0.4548423021649013,0.6648463055551173,0.5245944897867683,0.3389345579858013,0.3335106681915915,0.8845327787245455,0.45597352546457937,0.8338997539447812,0.2209599769444145,0.17766702011013502,0.923375720547654,1,0.45356827756304685,0.19344462426105147,0.36108732275803257,0.8723584774094529,0.9653603673915139,0.8852997009049102,0.6635417388878414,0.6792448448494505,0.3691814227856235
USA,0.26224323676541095,0.15550481750555367,0.7184483594025107,0.2616127853153698,0.8336437714161005,0.6697820789470901,0.20830981209412947,0.6126694121938612,0.12628137278631635,0.23135909020440604,0.7418458705345957,0.7577388545613508,0.3608735864177325,0.10774062584555921,0.92255096894466,0.3646427108146788,0.2941893406606523,0.6556065486307097,0.7669679256328404,0.5447128733701453,0.12612160059503918,0.8976053961182765,0.7865174265984485,0.2864162978645739,0.8983869399998676,0.17463945903643474,0.49864509733262163,0.061990429749703035,0.6064707426354216,0.10845371338515675,0.526363970606398,0.322179176124587,0.19489748328573353,0.34988616141860074,0.2637647825664713,0.5151023042335354,0.6769920730895483,0.07352344781362141,0.4680314657710888,0.12695454229277314,0.27618269603429635,0.27045478175744786,0.00548349948488247,0.6758834871541989,0.4169489127256777,0.2207097314283738,0.898634298856792,0.8438895085057682,0.7806928129246181,0.8570786438128826,0.6823461494302282,0.47190534341171075,0.29585840435155697,0.9133129001346553,0.9908643752706953,0.07379477219126362,0.9454086818127319,0.13227295853841436,0.3817527798761067,0.5836472883724263,0.9031906178803141,0.290544426238182,0.901784457427864,0.6335794401671628,0.7107869111009664,0.9571650622005102,0.12203249317712062,0.124020962668413,0.34377620039294354,0.09149658067195221,0.7534239913158766,0.8185886822091293,0.059069138651064335,0.4923508104132339,0.3642238993076691,0.19337464377080515,0.6953197351636945,0.05334610638308479,0.6884436613791444,0.7332082935470319,0.24727333097219595,0.04878586794478579,0.3992630449798763,0.932306296088198,0.5092593471820207,0.6760745863863696,0.10055011946180503,0.3354177574385123,0.6816687187749573,0.7028429290308529,0.14667496306680516,0.25139819537519204,0.5609031856203609,0.717276531315281,0.4549786184429626,0.6519302254086459,0.6657022558698458,0.3216575703743535,0.8796190574274478,0.9869634400571383,0.7034202708561832,0.222428343348962,0.18482114531228577,0.8535165175749392,0.06495889851469294,0.4812155648328651,0.6162308880830827,0.637249738636234,0.6519966519240823,0.7967066278002822,0.29926936402531534,0.2820716180142282,1,0.43482181797952735,0.83512079638432,0.8781114133225913,0.48858276763794384,0.2825259825633448,0.8589367574772778,0.4162623093453566,0.27199766569077277
Uganda,0.5811796539034261,0.7597917660198249,0.6146678746451504,0.6977401102505961,0.785605345614115,0.7852210047181682,0.8072411766647597,0.5918542186568677,0.9482523342541341,0.6795355449440589,0.6304064057196965,0.775254265867821,0.7617580817722426,0.1944273730583137,0.5890589644926169,0.32284587089029426,0.8445611889719353,0.12444102840310911,0.16164599205156494,0.13780264292201339,0.35204619385513813,0.41015321505589075,0.6497852990621341,0.03337071714534279,0.40528717504040845,0.5190846342894301,0.20500948963657484,0.14212541737326556,0.073571083002416,0.7337822584635294,0.7169530635381074,0.36463612200401596,0.3210039320801261,0.6154288619459479,0.46489158211691795,0.2889975026521121,0.2151868469674726,0.06823113424739768,0.9389362006348752,0.6307327956979727,0.2150917511035092,0.3639201663727544,0.5459894798645214,0.4094457153233335,0.7274117030671775,0.5911829117397694,0.9101269047397464,0.9525964263331823,0.2112434326632462,0.2269980090559537,0.014087924328806456,0.9367240171403902,0.1546838505691568,0.4208011324996557,0.6548320408198394,0.1644056896447108,0.5884253010676905,0.22902408308076994,0.38203696266603615,0.3918548617966201,0.8592538048741761,0.7337541433079555,0.7879270738666789,0.774329678648402,0.6078166357047066,0.987487669139401,0.9870489289294906,0.5173575095426539,0.2935507180060365,0.054648237749586714,0.100629812962577,0.14366363230180024,0.3172311268173432,0.6566213922195108,0.17941180995631467,0.5864065973416732,0.7163952411613305,0.7387284762001025,0.4979480534092856,0.15207346060135496,0.9315906544464382,0.38080908152921544,0.47485926636702425,0.0590797278843046,0.17493745069600786,0.6378573806190483,0.9562150358016546,0.7848667283458584,0.041494350301533256,0.4901548460332237,0.01255152439433993,0.08034580089761234,0.03620185486791394,0.758812213969769,0.6339110886980733,0.7629410190664936,0.9226123308894796,0.8789518787080705,0.5203807272208637,0.44758500666224055,0.1899823390939127,0.7811753733353116,0.9800016478249827,0.005704300925840622,0.432696751410091,0.9443670145166233,0.9893300861216862,0.40551012995951374,0.2511942952026688,0.13313102417150102,0.914028454327801,0.74522624788016,0.05071698834594818,1,0.14794051123162588,0.8490513813539349,0.6901186439633381,0.10296661069142699,0.1891457130648766,0.015332999839486772,0.2886017561285025
Ukraine,0.617428600071358,0.4041236779363576,0.7673126667582824,0.3927492816609516,0.7252192387498095,0.7425170561519034,0.2513939044942931,0.638700278612209,0.868991737601338,0.9320165853477321,0.3493413833001956,0.46144348199175644,0.8595627361881061,0.7552386369678583,0.7575274088131981,0.9646574052966199,0.6793679955093926,0.011473487096107404,0.4516590950466479,0.4005422575637003,0.21949899758060953,0.2736398916594982,0.5244703588101317,0.31947679443809807,0.745013884832155,0.5355000587818324,0.12555657892393557,0.5519329423884268,0.3543004901485818,0.8473276690184547,0.5156365069138223,0.46870616961442935,0.14946655541159248,0.9384939698338021,0.38333427865565184,0.7577637472480646,0.24304024054980367,0.20325320124175994,0.35816703208196066,0.07204033774787488,0.7212553493460557,0.2849964143676228,0.3108513274274455,0.354011697288931,0.7527034620358957,0.7219799608745153,0.9025845892647744,0.4137774626404197,0.5455540099560503,0.3918490563155842,0.903226689102998,0.3924177016856769,0.5436743776587113,0.997549479822195,0.8633072831227037,0.685987438469316,0.08211991292382148,0.8326409535781033,0.9906819460361166,0.769238564142145,0.6479737100828032,0.5338222025882482,0.915560130404016,0.024927412741109767,0.4542189095871616,0.8262361144140887,0.1378045872512128,0.5856033082908865,0.40552811605630346,0.7311761666494534,0.21772380447529072,0.5794984007460455,0.548039800882726,0.8224011831113418,0.5787744130979117,0.09982602960888254,0.4323954947713532,0.5763090498191112,0.9116192939265364,0.63385718251595,0.2361299137787134,0.29120440658427094,0.11694033849295216,0.5853475524004084,0.5209350222848711,0.08665832220593694,0.9232865603556971,0.9654915729613696,0.06583641504487847,0.8541574935990311,0.5734728220831298,0.8145531011673244,0.46891071534019835,0.009486239933510832,0.631552901268668,0.6447590869299905,0.9771314991601683,0.007856257021329305,0.6873034128374302,0.0640903890829646,0.743706628276854,0.8833027766409068,0.7780647886358547,0.7853316506558655,0.21099663807119096,0.16793273319454927,0.39306348948098324,0.2772124323150077,0.38533533350899163,0.6105711669025806,0.1866182193214514,0.20930226228884496,0.0588585179675597,0.573191785574072,1,0.8733744469661738,0.6654857055385186,0.7919919379040833,0.3909016018596585,0.18673208914559358,0.7665430408931165
United Arab Emirates,0.6791218203010895,0.4140619027132887,0.5814278058165276,0.4504024140993441,0.9910270383704975,0.6414863028737882,0.9801695447951401,0.9366497825459184,0.047270082354191834,0.30112590781136805,0.3707680743481828,0.7328160326759858,0.8218675149180759,0.6308153595994287,0.4312175828597483,0.6146286099486435,0.6333265286823527,0.4860481164695206,0.4194370180375486,0.15250512244280012,0.14881467824265593,0.9258315127527527,0.6730448198983001,0.8500133530837316,0.017243530157627696,0.5334583005357578,0.12520883330076327,0.8016830204100522,0.08864776442053024,0.8284501415496199,0.17677103893788948,0.6174023245023322,0.24868203556986512,0.6696072020455037,0.47773962698535677,0.5574668166365878,0.9818993307017145,0.26935649356178937,0.4283138014607043,0.7433105741875109,0.12754856404343962,0.7771578270579049,0.8570366791584217,0.0014389717237759392,0.32945670362900925,0.05870573562380621,0.6453964904125503,0.9447415654541109,0.9317022107755997,0.536351831200666,0.7160133844566502,0.2250505526292289,0.004792593553072821,0.9012025032422061,0.7758123304288909,0.0654933712122786,0.48119411856119787,0.2820172033640752,0.18600765306840283,0.20268920733168405,0.44889098441776376,0.9718651369720963,0.03026860945333021,0.8120573332800689,0.5834214897926993,0.6128780386616892,0.05359522795488392,0.9958039705646623,0.061609565527333765,0.23644422485035976,0.8543779542268177,0.841510361207217,0.7364943231116639,0.5498363627208891,0.22136853335586848,0.3216340277292944,0.26123836484596485,0.05173513664423646,0.8396934551342752,0.47786309995410237,0.6998576279696632,0.5002902650520931,0.7618048723941488,0.8851690190532492,0.6589333028250973,0.9534431561538597,0.3392619034049654,0.2703796114039536,0.11276292857248749,0.4822272765764045,0.3986594244988302,0.8522110527181065,0.004729313637242716,0.4367817163435931,0.7150808091285098,0.13134067291316265,0.9284642776583233,0.27593883367357974,0.44553120055118545,0.7535342064821566,0.5796162170803928,0.8845218237776341,0.08558726697643493,0.7293366059355398,0.9117609488681577,0.1684905064148995,0.22473521226529947,0.7662899186581043,0.09371609582032003,0.4126694240259785,0.26201034222460806,0.05523922297469197,0.48542763632757147,0.09477970660992718,0.5972792185738284,1,0.6226795348944711,0.8833592711347688,0.178065176154919,0.9802750215813107,0.5952363685553417
United Kingdom,0.1161184401688875,0.9026478548877611,0.9653490890593744,0.2657022741870547,0.9919320607313763,0.6670544084166987,0.689856098802537,0.16566963548424762,0.8443652825452392,0.4101840737127732,0.3301017205483402,0.6997291272374397,0.5379206284247158,0.901342251607906,0.308997553728087,0.9431096894088131,0.4165885988472363,0.7031729557842606,0.2572955052509137,0.8565902610166419,0.10768300085604865,0.9657937728105832,0.6663279811654271,0.5522140792980197,0.9047861810587497,0.9129584833168299,0.3507780848010831,0.45826898310086894,0.31421940972742757,0.21630649883862074,0.5311110153309884,0.11405025766366683,0.4415512914810066,0.1643973867148586,0.19769663528016113,0.1532862791986258,0.7051258977784707,0.6977335878509068,0.4343706491715419,0.776617237075395,0.7526033171715124,0.05418803346333001,0.5891403092495026,0.4465832662635927,0.2296446420054976,0.0764097380106924,0.24939831198414442,0.1744308973515033,0.3843449134398157,0.7586601866251652,0.17232177000200388,0.23367119824303617,0.6943074908948742,0.9054540821709071,0.03861983873822905,0.42069659218649547,0.5683427848815237,0.6969035548292164,0.3768979097591707,0.5468278617908554,0.12675956697353918,0.6821182118418974,0.5341376138220739,0.48848748783649254,0.49328265601474586,0.22644089775671483,0.09800488441017086,0.6159900022828213,0.5643528287839327,0.10192290687718886,0.8925152021384238,0.22068068319136291,0.7022384765563058,0.3408986302367626,0.9072729251325532,0.7302051578843631,0.8321289133629668,0.40736556832359394,0.2674357216069697,0.7068060328981279,0.828896810978878,0.6749145577654551,0.7171208942936499,0.40118166810617906,0.2475843351256477,0.9907845816823603,0.5996507639582452,0.25663375381667575,0.8028204618815225,0.7255073661427872,0.9616729217762243,0.37700933836630746,0.3019805888828646,0.04882428229361102,0.10740356535429385,0.08706488200379747,0.7581330818365251,0.5056040780340679,0.6601101998192227,0.7397259388108292,0.723729375556568,0.809100311642915,0.2672839787440495,0.15257727150695266,0.6494924267041575,0.18302558868192953,0.4122706374051832,0.7718513963219769,0.6479521271692679,0.8363698103292965,0.915566469368605,0.7831945290187867,0.6808772263649784,0.2109280330263239,0.13281567980126097,0.15543395820763728,1,0.07415374404664665,0.404792511932465,0.2252158715421052,0.5724366686242237
Viet Nam,0.33906297067993685,0.7488690737773973,0.8413572227972452,0.5760776026993937,0.8656206926669057,0.983138689180856,0.20264162484465964,0.0727400522986924,0.21410793795208494,0.5118759462942054,0.4664154874981632,0.153312332738043,0.932850398886788,0.12115054516632051,0.5662135652450901,0.8518993784016571,0.1536019110884198,0.30719591581100003,0.9803804489944846,0.8739866675176313,0.6446348438755903,0.22393181057519218,0.6406761854177361,0.962540776841772,0.9150310624873962,0.6920175829699063,0.48445773700145356,0.5063907058901382,0.03840368753993695,0.818091399523793,0.6601805401996552,0.02296261921947862,0.7337832411649265,0.07092551658213253,0.5179344012863425,0.6425715038439184,0.1330660743618568,0.5611402711746283,0.20268577285867218,0.13505408785221384,0.6900141891078824,0.6268342326994346,0.20040039875361715,0.5196892012314882,0.3590777918468603,0.6249408225234948,0.9778591113935394,0.8410776013785606,0.6780659003051428,0.8451816988917259,0.4472115313209657,0.316228417846667,0.4342166369633941,0.5767734701688783,0.5392968224908854,0.8971883990654238,0.35257115462674404,0.8733253860250704,0.11078968822570867,0.19099930733962434,0.5731324795082139,0.2430327804395157,0.8035081054253855,0.24248811275494286,0.8779301878931671,0.1374978591433581,0.630183013442461,0.9421891193990851,0.572755359362772,0.9179779771318272,0.13326787831586406,0.738506330852804,0.0683176444166892,0.6402498614174374,0.5820325181930687,0.8342002525464884,0.4453052241128129,0.10508772221881035,0.15475375797111346,0.08749245054730415,0.9307814129529675,0.01690072903106843,0.6463548222192274,0.3533605425253722,0.6165978735020319,0.9777394393718294,0.40835163555049514,0.4426548711722551,0.3390630476809221,0.5889754936102262,0.8601789305961199,0.7822536175868731,0.21939404074520252,0.14832619335658914,0.8078770789519827,0.5930660443280179,0.757899049821877,0.5115257163358223,0.8005761339033304,0.15900016598392697,0.9392596953241443,0.4019518614968014,0.47357474928083254,0.609420806007479,0.6460878116953498,0.8493363985874722,0.2424605647762973,0.43249245676970827,0.3317615480590925,0.7225634471421151,0.5673953170431564,0.8971431268665457,0.13091399608942,0.8679271453001941,0.2780982369191163,0.7151085952144801,0.7539328960375522,1,0.1040321824033612,0.6706393564783146,0.20692994172811985
Zaire,0.8447651563402521,0.6836956207891164,0.28374716629667085,0.3394137270503249,0.8673847819609395,0.40243188737878943,0.7354308945990105,0.5207252205738003,0.6378811161690368,0.07787848585734858,0.6661567897694884,0.2645907818968969,0.4654640656836916,0.07902732332631845,0.9603629097465262,0.9802328436324306,0.8276240964446621,0.6228308197979847,0.32656953415298084,0.6766174397518134,0.3080975224928346,0.37716169044303416,0.007269782652997048,0.5851733873391285,0.48895591429243435,0.7303562356179006,0.4711075206187362,0.10004038127126025,0.8729388153998302,0.5658110705004502,0.33525814329079184,0.3863305746071918,0.6206762964788162,0.9781249160165403,0.0627751357223596,0.5933363304847695,0.3882538787179336,0.9499440323071341,0.6436661467330425,0.315370503585928,0.7624328027992707,0.726008780361984,0.4304103325382157,0.592217253912217,0.5328628771336719,0.4974436845561807,0.8160326195691706,0.4124815929923622,0.8829519731863089,0.6657690386687838,0.5225443661849412,0.8968674460195529,0.7936089469031673,0.14986084515240128,0.822459549217089,0.7887030796372572,0.7455181196226204,0.3588379519586198,0.36070571264385864,0.3821270804440372,0.049653237876802536,0.7927708985912761,0.03594831086660821,0.05833834573056884,0.05822304787794941,0.9656168008321058,0.5010745633780594,0.8171036801747239,0.24277379264889976,0.07925855050433894,0.16354028463012493,0.2279278978668864,0.6092855460222499,0.4853558719541249,0.6874619123944444,0.5588604475438516,0.2241326234103065,0.876047994669043,0.6518525977963031,0.37271128549574994,0.20295556612299637,0.7853580050598076,0.7251959616579292,0.9210566170750102,0.3673970819223856,0.5675358070504333,0.42615540045566824,0.23996853497069603,0.43735489074324085,0.564827094143704,0.14573130718080518,0.004596961869665961,0.3237970238096407,0.5267148135038165,0.7351532963088203,0.6334751315685887,0.9639055126899988,0.20863766137519402,0.8481192731413395,0.6023801856404564,0.7200295508440222,0.6278264629018269,0.6207119488202747,0.3243153377842848,0.8822045434767232,0.6717878506643448,0.9348605668030299,0.9357849011688304,0.7853359106331514,0.5775954662680456,0.3143719224791395,0.3884199749159547,0.19699078551153149,0.7908482206595226,0.5717369783365586,0.9518180448115091,0.4735381441934323,0.13267072862511886,1,0.938442603176256,0.7395292921062648
Zambia,0.6938624046927753,0.43930502823505635,0.6972103259357648,0.7647588910525219,0.3803632562238085,0.14286179950084787,0.7730559045889761,0.28483095742531117,0.797117852940134,0.23393420580661173,0.9303656247319777,0.5014974002723851,0.8762268218106217,0.9841764517940248,0.2837138041633137,0.9679761939558321,0.8309133654352598,0.9453062250177033,0.08343181931665478,0.9430648021794266,0.5952180685177242,0.1936416810551168,0.022386120320992853,0.022890887995499876,0.8170776510264565,0.18502951271334045,0.5148203603131896,0.09635287018004335,0.1859922071326352,0.20959448170703243,0.03630107225058998,0.507097616677512,0.35075186830700444,0.2751252960747669,0.23374420108819471,0.21294799393758246,0.996957392684414,0.8425907025388168,0.2589756332701709,0.44051386468404297,0.029970860976447633,0.40150122083824225,0.3648215666481358,0.7110900034205265,0.5792395683136219,0.9720255025936818,0.04876378647055213,0.7279092117798684,0.5422397950813738,0.5297765507205813,0.7499242910102571,0.4405581242142348,0.4894991808769097,0.9317714091782332,0.11121695449211688,0.02815457307882363,0.9838600258358585,0.4188468923013722,0.2639937884821807,0.6378914455802792,0.9127262721366161,0.7051801610088156,0.09090821410842331,0.7225265278600114,0.8605327282045871,0.9087022820827151,0.9955013289775089,0.35814786680713584,0.22593202965666193,0.6349517309533356,0.3778163515244499,0.6638994265982532,0.6117350323691606,0.189010793744666,0.7336996039797552,0.11505293443634101,0.4447094377179627,0.7794962698407739,0.3257414959738546,0.9981252692487383,0.7330806577311789,0.48363722554265176,0.11400037905668015,0.6217551063872053,0.00028352550225063666,0.7877330575943573,0.23036614207596307,0.5522345961764388,0.07579887603844837,0.14540003152745817,0.8551565161971385,0.09440341772793215,0.3729381647699057,0.8866334334568367,0.570807576944411,0.06187967081281287,0.6248489524080766,0.47877244739505687,0.773054393455134,0.21980399098522074,0.23957783499581908,0.7323796717412915,0.46592699430580475,0.6352454405376544,0.11818729259964511,0.48148807401362204,0.7281032689865443,0.1551636503746776,0.22620492380532975,0.5122713612006761,0.6176897849965737,0.9505744079361831,0.4799427898363481,0.5253739032869227,0.6314048821833949,0.5480652480603596,0.9591613295653961,0.9696402157738121,0.6814028504015397,1,0.7453287896876885
Zimbabwe,0.5381875864624376,0.6279877452193349,0.2977751075537506,0.292464695746667,0.7537885393852363,0.06768111517040976,0.6776935072224177,0.06434404162900553,0.18529920410401968,0.8578176335143382,0.33552684650123266,0.5941967256163526,0.7269692303548371,0.8378104868118863,0.7867723909884812,0.7420608763728695,0.017508174246592123,0.9436187946001958,0.3979356256126665,0.8967532898644431,0.735162782301034,0.9852608257120423,0.06884952736527405,0.11331768933758124,0.7674780913221514,0.21359246141368116,0.6824540828907388,0.5262213357310505,0.014962531001851076,0.27070237827096877,0.329691126401615,0.8386923468649091,0.06907400766860183,0.4629992868138204,0.6016150032799222,0.686857005631111,0.5840119555259441,0.34493792725146455,0.7897242697876558,0.3499982568813893,0.8055932542005287,0.46945332691669284,0.27655363587747106,0.6365315054639188,0.10764016220349037,0.10854130975453569,0.861422191833087,0.2919393727764522,0.8680674002665432,0.9456548706853509,0.3565653466630059,0.46896826719924933,0.2378428408709432,0.6208117597858641,0.16739313402793976,0.552615384217853,0.048974089406140564,0.2541751583995888,0.9040115097222517,0.8492140820563704,0.6738479389448552,0.9361037105251487,0.9766673466094923,0.9715791162753604,0.806573778587613,0.8083189398879836,0.5470678907678715,0.530686565061369,0.5008155990917611,0.840886027682061,0.8262623439726592,0.9750137668369059,0.036990364592314195,0.058264898109827046,0.702802467792654,0.948426256648488,0.7144977026776982,0.23275784806453037,0.35096127538227395,0.41171203217232166,0.057814041893261114,0.18565599424071721,0.7176621796824336,0.3915337029879057,0.4731639656732828,0.9314155056249518,0.7875738765541458,0.15402859977278804,0.29206754764541887,0.702116689832056,0.9088777192181202,0.8713277369052846,0.8276365630046538,0.4000902423003012,0.8549932376665257,0.6625249213797922,0.3361889270210249,0.02353462366133452,0.27832807735288523,0.5970634908082197,0.968378607185224,0.22909901279016964,0.18609997913310572,0.6459465751627085,0.8954711128531887,0.6813235446173528,0.7781730384207844,0.8778539579586866,0.5895429243057783,0.9451157938618665,0.976846567885586,0.9254458525407977,0.03740450538350726,0.9938509387839175,0.06218822284319925,0.4112882992954726,0.48583058822594616,0.503136988549175,0.6557131768635568,0.5728356500444041,1
