,Afghanistan,Algeria,Argentina,Austria,Azerbaijan,Bangladesh,Belgium,Benin,Bhutan,Bosnia and Herzegovina,Botswana,Brazil,Bulgaria,Burkina Faso,Burundi,Cambodia,Cameroon,Canada,Central African Republic,Chad,Chile,China,Colombia,Costa Rica,Cote d'Ivoire,Croatia,Cuba,Czech Republic,Democratic Republic of the Congo,Dominican Republic,Egypt,El Salvador,Equatorial Guinea,Estonia,Ethiopia,Finland,France,Gabon,Gambia,Georgia,Germany,Ghana,Greece,Greenland,Grenada,Guatemala,Guinea,Haiti,Honduras,Hungary,India,Indonesia,Iran,Iraq,Israel,Italy,Japan,Jordan,Kazakhstan,Kenya,Laos,Latvia,Lebanon,Liberia,Lithuania,Macedonia,Madagascar,Malaysia,Mali,Mauritania,Mexico,Mongolia,Montenegro,Morocco,Mozambique,Myanmar,Namibia,Nepal,Niger,Nigeria,Norway,Oman,Pakistan,Paraguay,Peru,Philippines,Poland,Qatar,Republic of the Congo,Romania,Russia,Rwanda,Saudi Arabia,Senegal,Serbia,Sierra Leone,Slovenia,Somalia,South Africa,South Korea,Spain,Sri Lanka,Sudan,Svalbard,Switzerland,Syria,Taiwan,Tajikistan,Tanzania,Thailand,Tunisia,Turkey,Uganda,Ukraine,United Arab Emirates,United Kingdom,USA,Viet Nam,Zaire,Zambia,Zimbabwe
Afghanistan,0.21113084687318617,0.36730689344651823,0.5747555293401071,0.9070640466268923,0.9614088731574598,0.8541914431682825,0.9953808291578506,0.5477151331294773,0.251445872918745,0.5240052340545549,0.4866887596770596,0.4085466219417664,0.417800220292052,0.33946486232303763,0.6640624233096868,0.47990869781674383,0.19368712772035135,0.8839260460909648,0.4181251903379767,0.06863106463241364,0.505038405263773,0.3593785470807216,0.8161850635029654,0.8301846543481353,0.9945442744100531,0.6914413199460059,0.7395030736723261,0.5765266623156573,0.22094515604011422,0.9220627028085078,0.05438410539927263,0.5512542867858933,0.012964335613482869,0.10980455911286069,0.7621238767006656,0.9712467885634445,0.8816288186907228,0.8173172095703283,0.07702773494232507,0.5936056834353293,0.49238514983711457,0.9441883824086411,0.6134637399283668,0.15835278137112274,0.7304797153254025,0.9307206072568869,0.8485336497773769,0.23504398708929097,0.09327601062547586,0.07985287380834516,0.9230630865689902,0.9845888572564223,0.873933178607113,0.6737754874328747,0.26120845182321883,0.5423935263176514,0.6599320453081862,0.25077714880948176,0.5305589945063991,0.7224260748240348,0.02444525468233416,0.9690126435034674,0.537888514563187,0.4796478254171197,0.02746526208809208,0.6380092726294967,0.7654992881324527,0.42690211722834936,0.18296402236750564,0.4308322552482632,0.26289232081446035,0.5212553317373526,0.31954504840939546,0.4106068559516498,0.6629402690540147,0.6891708445407552,0.6285871431259825,0.3199494483693436,0.6717548742099246,0.09480395085843785,0.7415134902441268,0.02192976326446161,0.6198741077159109,0.21135889032094002,0.33034712384266884,0.717618797871233,0.3221573458673431,0.673670062628485,0.38061831784116107,0.21947315937528777,0.7512577615956822,0.335209159520943,0.9057655207000027,0.5382228951137921,0.09972409054448672,0.27993785592904485,0.7289289392165988,0.17833548313386105,0.2755118161542712,0.37003212264132146,0.9962676548611984,0.7890833518390126,0.8330476478827437,0.45489686066811374,0.30505831089782964,0.4959559445362498,0.2436100644344149,0.7921631717310879,0.19891293758857564,0.5350685717254882,0.9607914189235777,0.2742263736020776,0.8287496190203164,0.40129908876133047,0.46787598715384937,0.2671275160755502,0.939274269123861,0.8513995893306257,0.14978251214809268,0.7531806012394777,0.8813586312005252
Algeria,0.6417871339145376,0.5429063476618362,0.79602797533281,0.24471953063785246,0.6450960748061269,0.24859190187142044,0.25374489655938104,0.008391182027318145,0.3341553046105089,0.47015129696383795,0.20707262121359793,0.23799685834743056,0.9913815501174545,0.46763340397667275,0.7402527092169423,0.2738855157556712,0.4976883860296897,0.7386065279728669,0.7974345773635572,0.49819636167556036,0.9260019837998034,0.852288351864827,0.5288505793384007,0.387097430263293,0.6373494757743705,0.405426554250072,0.35938754049495314,0.9267252993735511,0.11093324398980109,0.487073007078886,0.9161268836659864,0.9989666684185791,0.6664348756388485,0.9470241312543634,0.4720041325565105,0.820053674730757,0.9672695183924935,0.6701339735606756,0.30647720377577514,0.33718102068741584,0.7571867172266294,0.7451770353691914,0.4582900480837394,0.4150197638941636,0.9487157122715184,0.8897224982950708,0.6043430123289498,0.9742363165480533,0.26332796553099513,0.7444733066226904,0.6296513777206618,0.8387520515463269,0.5198758969779824,0.5431040799798613,0.2549950793192747,0.0059762090472159635,0.1680190475301787,0.6721549548143958,0.1040634718161122,0.23984527151187385,0.6944983597477169,0.021119420979644365,0.20673478129834932,0.04549422186399976,0.8765803272548284,0.284837916348907,0.15927086644730903,0.4938270014386098,0.5074157072356191,0.06995334954567634,0.20854808021490912,0.6376213692822286,0.5266796776746017,0.9549089580503871,0.7105684672690266,0.357632122207325,0.07018935932219139,0.14015300861816937,0.4930179158652046,0.9351504432316575,0.5943010911754114,0.47034731416611286,0.1851730313031481,0.834569677745315,0.33600362679828977,0.8045545247813755,0.9732489565878107,0.33193602569302527,0.9032471921428287,0.4351837593845971,0.3042008337516495,0.9874806875426665,0.3983522475943062,0.4367073069777807,0.918073365966964,0.9320846134076992,0.04052482749983399,0.9679280920906792,0.9386194255118014,0.8156153617923776,0.016600064308515683,0.4616515223277945,0.9528333867654137,0.23431934113920883,0.18832514677231726,0.5711752020446349,0.5758731883239907,0.24198644921946333,0.9128917387359028,0.6788924486870869,0.8953177369318198,0.49197932372032516,0.8435125096423135,0.0533790138598732,0.41884010637869273,0.22269919067238086,0.6418919536097271,0.14925870659074836,0.06624451341435666,0.18820585787033706,0.4845177313995713
Argentina,0.9252182391599199,0.5953654037529242,0.6793905020151766,0.16722926936497096,0.7735787394496808,0.02232850190037039,0.5154501230422383,0.4614836715607753,0.5817907048941157,0.13458934843176218,0.33388850091966804,0.08257056020798348,0.9297961406824611,0.6843943715550241,0.8490869933664874,0.9248137307093742,0.36182061479084615,0.13447285319501412,0.2635152556127178,0.5438311796735497,0.7514222744266345,0.6791067924431962,0.5711703610634149,0.6797239321149932,0.5705738325802268,0.19491926512560243,0.8089334833933277,0.8052250525167063,0.2991878665470342,0.6110926987812302,0.326635078493562,0.4774198774112307,0.7865752993580115,0.3526641026297703,0.2321501357424538,0.837623909570643,0.7791866192433103,0.8396635199768363,0.6436307913366764,0.2593605707562805,0.2547245709133449,0.6827311318637616,0.8935843752381343,0.4360891491536971,0.7826362685225622,0.4320725972699816,0.7914732754422535,0.7550310583689143,0.35333307808503345,0.8589763560169466,0.500947874762047,0.32851705550825694,0.9529150242101166,0.7048735778963956,0.04595411491103485,0.09782397321206837,0.051995271125914955,0.47564638802479,0.07579351662544043,0.5106484802365797,0.7826680252593387,0.5938757343962242,0.5139396244271589,0.019941776386534826,0.8041932326941187,0.35366926074815563,0.015160314958869936,0.309523884544321,0.04449253166399447,0.47378362894270565,0.5216800817766533,0.6215475371687734,0.5774926683198055,0.5545319174538419,0.49545945612343567,0.37425651055662057,0.06996087276719676,0.7307991616644909,0.14447376179228133,0.24708475695747756,0.04294638854999677,0.837972806123921,0.016080795794289338,0.8028413332922664,0.729441353792326,0.0357967001828432,0.4732883047815193,0.7408685514557086,0.17856952629392897,0.5367590178340141,0.13147481708411735,0.8901583851998878,0.8708577413011227,0.8025967856305481,0.7449011358102192,0.9285011871600359,0.5447973352142351,0.20128294046077166,0.5171062107328134,0.708561459452067,0.3301326294079413,0.12511385962542632,0.9945217492890132,0.18031953954186797,0.8953753749469615,0.47395567957228535,0.959733198360752,0.12377799148271917,0.7726445062072335,0.9282160050845709,0.904831163174582,0.9930078011370268,0.7455032628305048,0.5372395223063244,0.8146281028064624,0.4580099195979199,0.37798124336591343,0.7398238442549295,0.7029977632753639,0.11921753906345212,0.8509400682487283
Austria,0.978672021989959,0.98294035109081,0.41020859290381684,0.09393653548566061,0.8470552282878612,0.33455444775053556,0.7553743472969912,0.8622097018770746,0.7628695548234721,0.7318666404664474,0.7183172498440282,0.6542053417277706,0.264809006567551,0.3959806400295063,0.5355231782791781,0.24498661883864892,0.42870796143063183,0.43874046663467414,0.777398852140503,0.06833716897111475,0.0730278657294392,0.07865164148611359,0.6267407636773089,0.6927756163111057,0.6916291661589594,0.9729517789422414,0.8146991676798907,0.2830826453172103,0.3507743143431026,0.22068334199049233,0.9095052418667667,0.5105860704935209,0.14631869751797644,0.7878428372910753,0.618233328684811,0.6034907421842535,0.5140478229014397,0.3798845838225491,0.2505234378850749,0.5108790586493712,0.16276418622497135,0.35341562643120905,0.051310344910936445,0.49713127841931926,0.5347500143113402,0.22325605562301343,0.706334584096878,0.36391283213249814,0.9262631465838839,0.774223478985254,0.33620460146404174,0.622134649491326,0.44680650587510684,0.84626306702489,0.13017765701451212,0.2680031082164346,0.9037060876138172,0.35485487591976406,0.3005464861949201,0.4627010584339296,0.7742171938694669,0.9672111352138177,0.37829294380175815,0.080590075369384,0.05527391987516683,0.30627243398743054,0.2768578469399967,0.9837744257105246,0.9729639267922671,0.7303522308321015,0.1729683460095477,0.3898388711187709,0.16035974069893222,0.882394372689817,0.8401059408507134,0.09996523876311392,0.4173584067047703,0.14656276281477232,0.9254887064630409,0.6680288183957215,0.6032392867675007,0.06775890858511358,0.9817545870487582,0.051491384432983955,0.8703484938909646,0.6776226716444327,0.264776015573878,0.4871499004472766,0.1824908005304694,0.24713478549536538,0.49447395254132565,0.12821759254071463,0.8615891898895965,0.7304238113596625,0.20250572635685904,0.2986066601329471,0.9249645903034954,0.41013539882346095,0.9317184006447776,0.20312335935791648,0.25309247397899093,0.5674843153035106,0.7457086084807479,0.816761453215219,0.7273352664415808,0.946915221711944,0.16092127008671253,0.031194911179588614,0.5441347254808645,0.11185946279104086,0.6685456364318606,0.7329935421701934,0.7645928156134181,0.6311422901589292,0.41893833280999593,0.09287809136525704,0.7949207941357315,0.8522763629671125,0.4665798195272518,0.40260859483143563,0.11143170021686388
Azerbaijan,0.9421983313991115,0.9880176060344195,0.4776044371231337,0.7262287598063913,0.7098099243114091,0.3352359575419154,0.6559414052847431,0.3600227368918545,0.6683775816888482,0.3645375414698403,0.21090348308249596,0.19013264755432202,0.7882690592350069,0.7080023900499014,0.9594999517740375,0.6635723652396426,0.7002549068471986,0.4728557504679872,0.39721587439782235,0.49744667909772833,0.43167514164725085,0.4128721571912778,0.9981751645825762,0.699280297111342,0.9529193392146379,0.23832925420402662,0.10957984412073496,0.3660542828954283,0.7175055949335465,0.5564574204849737,0.2698061940992432,0.8670173742646294,0.10013629908928234,0.33271383858867365,0.864239585780685,0.1569466050163234,0.35148939575493154,0.2822327767749314,0.7740133912125564,0.6520284452592432,0.5502543788838375,0.8632197233024287,0.6292416901572708,0.5442857644753796,0.0972428628496601,0.590382552605537,0.14397403384237184,0.10771545686944295,0.8888604081386369,0.7302987924227323,0.4285662593533054,0.8563083767778975,0.49777816744090086,0.7206393363152069,0.20504230378617072,0.7361344937526467,0.834949070022877,0.709053185752623,0.9816705568904628,0.8566109054861198,0.02525225574036205,0.525154575828842,0.14128690855012305,0.4998786351027369,0.07161585812048943,0.038844543563351985,0.9943715743724665,0.7792492535971078,0.7034575924460796,0.1586417252393496,0.213396822460319,0.7530515039849913,0.7235528881422238,0.16230180233845737,0.7983160336538758,0.5936477962556138,0.2761070550419804,0.2888528805942485,0.652305166023484,0.8644520252851232,0.06585999674673748,0.706959451680966,0.5368362069483186,0.9186259492997264,0.4918491739652311,0.7671526896691264,0.14788654119022893,0.04558860223305983,0.5856766150207506,0.21511056906257764,0.35651230797747857,0.9021455273104034,0.23924303734776076,0.0657211469127913,0.950477410898099,0.4976978325730307,0.3834952786708725,0.3047249048331704,0.7699573330088288,0.25125065471595065,0.6307529315276367,0.04126575982386438,0.3021463803913417,0.18270403715263683,0.02346442402258353,0.46330266669034037,0.8331365147518006,0.0804760493463289,0.14406449367819263,0.024324293244422868,0.7655872562685903,0.09269348858742488,0.9859651761499675,0.3390473344413548,0.5863415430683779,0.9783458439124568,0.4983434650998332,0.8096555262431343,0.19697850815630524,0.7519826890940262,0.805900453172904
Bangladesh,0.530080109997061,0.7497978784615802,0.5653874348731868,0.4735059967172879,0.720510003663451,0.6105181708518737,0.7756575716460264,0.3877804641866178,0.8037718291084818,0.48475207876897775,0.13955158027146775,0.917984160380815,0.2848806656299169,0.4645434346379387,0.7304765474796046,0.659593489683446,0.43284951868422816,0.8203514996373799,0.7956342229286733,0.19318496239971006,0.6804247470874459,0.7918998051924281,0.9102329765320674,0.16736652685971098,0.06112848386922243,0.9233901128891319,0.838091870681875,0.4061263236241641,0.03833404195557921,0.40384978876983946,0.4128642969926801,0.16624693318289374,0.5555488795082801,0.7605493167479837,0.6945471890030188,0.14815729295529823,0.9979928293904161,0.06318303588971064,0.42105232160428707,0.3983119837621437,0.6647728557642872,0.20015791253145143,0.5591809000957716,0.6438354571874322,0.4532514846206003,0.6152733080186963,0.41876179081597054,0.5177724759529646,0.2210974568251396,0.5179182609007108,0.6986658638297855,0.5034724261432408,0.025020346137601512,0.4510448347690661,0.5189303263657773,0.14838471770545658,0.18772037686747578,0.4069233579944179,0.5731109380946761,0.741099319446513,0.7195146008257705,0.660392931738721,0.18934383424695955,0.8756659804255148,0.44022965341520703,0.9649788665450825,0.22075730032464214,0.9635356355583283,0.29928869670627334,0.46782836987322307,0.09001712299089415,0.5676355174028009,0.3642499103422475,0.04328911888510123,0.5463455106793248,0.4876122158218751,0.3732283776060552,0.7586207533009937,0.37500701595935804,0.45326942419995564,0.23030317886020113,0.42315325792974423,0.6796598239054209,0.0045099192907325225,0.28147685050651394,0.16283407921518145,0.9928988085915216,0.03169884424190483,0.9804725076607754,0.856256472094126,0.20383481765197886,0.6158701000792214,0.49352509064655803,0.856305529613379,0.8035228003073935,0.5717708744340309,0.443958907260371,0.9675540579743057,0.2814988461864384,0.8394378018796058,0.2761117856721693,0.8128365328456003,0.2983437854387482,0.3474188748328009,0.18512159415149154,0.6359379135264953,0.8975135241278321,0.9828816444367816,0.6391052890521404,0.2586218878069082,0.8140275145543128,0.7374475472112224,0.5374901546616929,0.3999013283468257,0.25713990912481133,0.5076779451749335,0.17775544640508778,0.8971959841405902,0.9463463878776472,0.8420867623456719,0.945369185198462
Belgium,0.8595572652189672,0.7094878154435018,0.5659566719821446,0.061613678718406284,0.9333839512951508,0.4483167273613965,0.5044077969464632,0.7774427422570901,0.7386966521494872,0.28384075929278285,0.8119811883860444,0.04581151547218143,0.1801018812558538,0.7955130340774818,0.06151605137481442,0.6525604885447556,0.04101558402913641,0.11954878489487408,0.9388281920339584,0.7145372376278157,0.021922126254376062,0.41748609679168514,0.44445683526798385,0.7892573080855108,0.7731792816468368,0.9690479809763549,0.9443538698803455,0.5255637002365167,0.3899956858258593,0.07625190883366162,0.9951251007209078,0.8301184080001142,0.2969922203703399,0.0389962336578068,0.5116673896407822,0.9992128475926564,0.966478698607072,0.3523833019634668,0.530518878204166,0.5938363869357809,0.15402778216022273,0.5990112994717303,0.7009783501593605,0.4375525133522874,0.05345331497358796,0.7825610516707692,0.5444688417867086,0.4697689033523935,0.21021065544525008,0.5225999903869581,0.23019992018322688,0.9774423972827115,0.33651791757650273,0.0046870707960119384,0.08973335825055395,0.8309120064833072,0.7312316005422423,0.9648523668199619,0.2641328367878283,0.7881248312900178,0.7298747994516109,0.34982796976841724,0.5977969010040571,0.4673680392518075,0.6811704588030616,0.529005091539228,0.5175137070677939,0.04764949185127376,0.24510701810580748,0.139012265899078,0.47550298874245767,0.01949486490475527,0.7099280852688757,0.8180406753396839,0.9265252649140975,0.20374206677431506,0.5971754434217453,0.6622199721448782,0.5299763966543765,0.14155207517231816,0.2922679452737532,0.28254016562350825,0.9833859491775152,0.5159225358782625,0.7692450304427567,0.31318977174437257,0.2919136761021843,0.3141469342011811,0.2521270299716232,0.556261949237117,0.7188019528459969,0.7537967919589624,0.5762066256115391,0.5624645582879819,0.16080753220737842,0.8131759165223141,0.5330765277157342,0.8748879647603712,0.8020475238934178,0.6717085472028708,0.9046488744931005,0.803983170149037,0.08927463635786492,0.983341400685887,0.15626507228323128,0.24376882676255385,0.3327174680786108,0.5541995422930655,0.2669655904841871,0.9122952794851523,0.7171941510888251,0.17122287753030518,0.6880318775288359,0.9825459554966256,0.36832397194615296,0.6749195849128219,0.8593650405952031,0.33868699683899806,0.7766257498181526,0.19610161375530621,0.12572653898187924
Benin,0.8352898829178037,0.008486763386430174,0.19256634600002986,0.02623447349607899,0.4619404564711056,0.8777513614721375,0.822041565680714,0.2598701688101165,0.18929723369275275,0.8962580080433311,0.8816764189298051,0.16766824472186204,0.8445738760239269,0.6496960031476089,0.7766452549727558,0.7544192500635666,0.4053331807655143,0.7014713989976739,0.9523558655520113,0.46448594199181326,0.9008022866011974,0.7851691972809103,0.12602713279282862,0.4685564152467546,0.5155647952534328,0.9419766703075358,0.7242800204559825,0.5545180208579749,0.16749093831817374,0.10252436789045516,0.1606063306734009,0.12720748592399356,0.439066184394322,0.09542678148518335,0.2496172075233466,0.431573687921604,0.48610735645190106,0.8049755748987658,0.2901675816906497,0.6467228525675827,0.5968044139679743,0.9264312170204294,0.26302586862647104,0.9149769124756791,0.5345863562246217,0.10196566023444098,0.02724872515279475,0.8610627563631972,0.23415388740347742,0.7690775550035368,0.9020375489635322,0.9263481001801772,0.8333450474570918,0.6751208394883037,0.7685594822234991,0.8952214484779708,0.03492381767461539,0.20088894811226998,0.7229231672607621,0.3609499653921472,0.9003737187558938,0.6305221303162176,0.6563575416220173,0.016054357725850732,0.5724474105118686,0.3515172778189547,0.07668375876885569,0.6485341249010212,0.055112383942385046,0.7404025260416081,0.3214337697833667,0.22506334033094344,0.06268788325509222,0.7108470956903219,0.1628433878325577,0.34935687546619265,0.13706388749222376,0.8035045335227431,0.005075148722329503,0.7710516357229257,0.758718535553974,0.46899777711157853,0.7758350914344265,0.39716790675488134,0.9153523887213177,0.5835396176560189,0.7946546269218865,0.9410151611276147,0.8842838533399467,0.9657503683752388,0.08359237067234337,0.10914956262822029,0.48749215910102406,0.45742591814202826,0.025230388001185933,0.07946496028622951,0.903554812318827,0.860493884396564,0.9166745721922468,0.32987948697357006,0.7038880204365147,0.6327300389838059,0.9589428726365475,0.4080215689632203,0.07146244713242822,0.6685717585367932,0.4763749545281416,0.012886160247142842,0.48442064953952935,0.0050613405053305804,0.08402047368668741,0.16140098464893649,0.002830553660040147,0.46714097919926867,0.9959222528084796,0.6781063686068649,0.5230625975798924,0.9682527688275996,0.17087230686047572,0.5984111768351249,0.3047788715670515
Bhutan,0.46511595605775136,0.752816444647442,0.3658097377406626,0.12656375050237378,0.035101395463508656,0.11787308385293915,0.028380327340147726,0.1351530207199334,0.14315885900527325,0.9751095400502585,0.9901600378948353,0.1600537473511615,0.7182018998806567,0.6679643593449837,0.4824256330839015,0.37443181283091886,0.7501589102002749,0.6937148557114561,0.7123964053070454,0.654530794318502,0.016163422856033116,0.783457215798273,0.19300776841258327,0.4506206713990025,0.2873248801391237,0.5085230785317253,0.25935193786454847,0.8636314436066546,0.8353612380792715,0.42707216680458127,0.8976330659221032,0.06613970052458318,0.01446709352774167,0.2534680199318893,0.20248864414784584,0.056513564855858345,0.8887652750996854,0.7230350869933776,0.417626324020952,0.8318484235026876,0.02784009608940541,0.19561661443047307,0.5366434166906937,0.2702518272003853,0.42579615667110293,0.4148214958776887,0.8244892668920433,0.5763978281966455,0.79500354963459,0.9514473726001846,0.3329561596227626,0.0581164375462907,0.703846578988458,0.19846443725518415,0.9056059325659903,0.29011979764031404,0.2123577063948341,0.9442085696608925,0.976108235783057,0.6147350255279566,0.49403488915872507,0.06663387338020887,0.9264175030908974,0.470752489230962,0.22786108797072202,0.28366161478232066,0.7654958315520555,0.15912577269103512,0.7939845235390459,0.7244597145231135,0.8038629102134822,0.014181500424268467,0.5071351153142618,0.764377092494493,0.11890041411248797,0.7563180486099059,0.384736433488889,0.6861417754735787,0.1799714215228314,0.8965423846671299,0.025731274035251106,0.926213665832022,0.12503127802856084,0.2856441464429369,0.3901396997953551,0.22691128979072028,0.1745400947413417,0.7569435618907204,0.4117406848111653,0.8257797955201707,0.4206914045124832,0.2885827431810203,0.9573298779618792,0.7094717674548087,0.8686090713313358,0.07832707332745148,0.5858357366699657,0.6473231966804897,0.8092317845332478,0.88855622113732,0.8606112640930604,0.7204701145778016,0.9293480663713283,0.10767597611097013,0.46679590253502257,0.5277447747483603,0.6111742447978943,0.9766243338933052,0.9176914870295014,0.39604156608405927,0.6034327272731901,0.6358377947829816,0.21096400956710604,0.9345198599328962,0.4311192419568074,0.0796377481356132,0.6441935685055501,0.6083306891377702,0.05604031827297462,0.0377960167871072,0.5278949453512877
Bosnia and Herzegovina,0.15151413156591187,0.38068037456887527,0.10586204546214772,0.2990443528047536,0.4619408990390623,0.15505309812663315,0.5227303577566278,0.25482025369837513,0.7880273203639174,0.2673796084789992,0.032775599654456866,0.8074624637023914,0.5167246687064946,0.033798554069848996,0.22145452733081494,0.42253232207047065,0.9625632979141692,0.015847968154225955,0.4770172981387367,0.19060624686709626,0.1163109811997819,0.8496926814007444,0.7296165649665076,0.041163428703940075,0.4327300442119524,0.6837421345780138,0.15866205140121592,0.13117162022295226,0.5863618717581761,0.00036985502380415536,0.4533332009334615,0.5307852245338612,0.08901375408055234,0.2989408101713561,0.7709606434689483,0.09021182554115204,0.9076708026396038,0.15712040593674959,0.9317381598811445,0.3225213117975936,0.9096942774849553,0.8949535988916593,0.5436382492741944,0.45193130545726157,0.26269404333068525,0.24713330720970095,0.25243495031871477,0.4078913737782396,0.7920083607472644,0.5280202766655805,0.7459188095374832,0.14663137497406475,0.4120910750552469,0.745155950418764,0.44663909693035386,0.4123826408359609,0.24016382496553612,0.8444251348550869,0.058145928665489954,0.2239334861713288,0.14082096959979484,0.7286448845953096,0.05609044225246851,0.37646634574066307,0.842715789680272,0.45602882427767943,0.07551052267067604,0.22339951718659556,0.39626973941785637,0.8544850654072542,0.9022575470052523,0.7230426427672246,0.6376643259548881,0.15217774658297434,0.7185206000818849,0.9089218871636965,0.865450834769499,0.3952901191487681,0.6064801153059257,0.34440246798038787,0.10865950665892576,0.5302620688332076,0.28586544436096184,0.3212731392382405,0.16681625869747818,0.46186488846279494,0.6761582717809203,0.024543773913592415,0.3731732400910498,0.6970065970832852,0.6157211856990686,0.7833582216925148,0.38547184773414056,0.16953914417559857,0.6901306971194134,0.6973909345588921,0.914206465335975,0.7285966346710638,0.7253367106703564,0.19676440119895688,0.07721099353535354,0.18270235312154548,0.3268239658864488,0.22001766445734683,0.7050287742549607,0.6129095862106825,0.2660927266995664,0.537408269336557,0.1592619175348241,0.47960096838468114,0.1842800848608821,0.7783098624467515,0.21092484242847997,0.6766485323457772,0.4559046094649539,0.2083876030024091,0.8281641276901545,0.5670786531326325,0.8155459156271253,0.8739991363040699,0.47519593965863904
Botswana,0.7064184093889253,0.8085374522673885,0.0782609249379923,0.690296528054128,0.35287826547123335,0.18325883081476557,0.8104168121321182,0.4368795663081678,0.9967725295943448,0.23620736325120872,0.3446712095423441,0.061487819673124555,0.7122592566347653,0.2647870330172635,0.90208927604268,0.8817681962003093,0.7526252271860473,0.4884998590953513,0.009770001332627065,0.11322350112359947,0.7174803835093844,0.5412438436079446,0.8911109490055205,0.6856461086195738,0.523708460162653,0.8511714007571242,0.39588215925267856,0.05739125947694912,0.2989200700569963,0.46112299882831365,0.43856967704133853,0.32184272175431394,0.7853271587296403,0.2554660629931007,0.08497215244039258,0.8619625358448098,0.1192526800785495,0.11927073810611444,0.20651634378660988,0.6070249518400694,0.6081961990605416,0.2455620977296311,0.010711947036397218,0.669699245508217,0.8543092450842352,0.2447192351403361,0.2298201732457903,0.2274432481243136,0.9774790451983344,0.6183117872575954,0.547797368117021,0.8372512563102938,0.8003723238126299,0.7889659972327613,0.9767455918171778,0.1621115641026013,0.9422393670442503,0.3858841376541081,0.5483945837834983,0.8909625051079296,0.0334038680789257,0.33607908881740123,0.6111131591370087,0.09345119662208501,0.3303887039532887,0.6263319654992172,0.36086741741014305,0.9145225663403366,0.4016729858093079,0.3203402186719315,0.9755602846920519,0.16844600771431262,0.6452516210825415,0.11989846810820814,0.6704647815270587,0.4927928222215765,0.19710942830311295,0.9010107266052488,0.7545261667737891,0.5324638160701141,0.2208494414217993,0.7012667580321157,0.9696048961965203,0.16014277185986647,0.5014964333683837,0.029634496950833533,0.5103715492250029,0.15106246218742514,0.565015742818164,0.21083146568890376,0.08922097265635176,0.9261867985651641,0.2785832134536428,0.19393355172335103,0.39322390014622954,0.7958470092385157,0.2414240331786991,0.17976353537044243,0.9078052679950643,0.9753048166547653,0.2876156050655061,0.44980430477999933,0.8951260933594009,0.6561098951306311,0.9847016104541164,0.6111763077125283,0.14580119599773134,0.9180107555941319,0.35761922165775084,0.11681472146259886,0.10269059414232351,0.7228792571527125,0.5136376084974377,0.27670393356359235,0.7448038187155711,0.9135238580842282,0.5426193225678293,0.33126640716231837,0.0723184365499463,0.7432974811474855,0.7144710009505066
Brazil,0.8880177540380202,0.4956767089808505,0.44276787478396884,0.5819616366803968,0.8246991323136389,0.3789991729834691,0.5514209246439947,0.839266760247908,0.12448093947571093,0.559641979438558,0.3901782131300613,0.08508190762839518,0.46854360423068386,0.017687962713688,0.980898938367881,0.12966667634023243,0.04146283205111845,0.6406182999370572,0.36087038629890844,0.8459605914345899,0.30812029197242463,0.3843784199669238,0.3193060322735243,0.2554039013467939,0.8188405351500025,0.4476945280703247,0.5929943593958101,0.9777658415653788,0.18475310801142975,0.2189584390693219,0.207115048571466,0.7491849390026214,0.31525644909952955,0.622030094851996,0.476535952829771,0.4843530214270083,0.27679761563765237,0.04747233179787924,0.07459022021414541,0.8495145116361912,0.02867284308891549,0.21096073381883274,0.13605918936781825,0.9629697468999485,0.6670954224957723,0.3137104679657332,0.7405364547970955,0.8757062438000274,0.8613447768949342,0.5785499197422683,0.31916406374196826,0.6031109849301202,0.7682097997630836,0.3480741339847164,0.3082266617040509,0.026750081060431752,0.989080067403022,0.12169078417146917,0.3104334918763032,0.9685824132045705,0.03407530784800794,0.9404600677420805,0.6173607720029174,0.20982876664767125,0.18611335050303712,0.259642776602249,0.8833618467299028,0.32263414435779014,0.1924656075205119,0.08089628223551215,0.3830851346329671,0.0331321565202487,0.32685760958639754,0.013644540806053707,0.5638189295033117,0.7532274568204986,0.3774163743010094,0.8125997932494211,0.22258275272669148,0.865530149920728,0.5869397194456167,0.048122680965219655,0.01417476786865357,0.06579122093662315,0.41323955858582306,0.19289679317516828,0.005420925807289034,0.79886299533774,0.14538890834353946,0.051879934349384094,0.45613035687280934,0.5324343699184843,0.943141327256344,0.5995379420769525,0.31014944536255296,0.2849538773157676,0.9928697074996926,0.40099795738409216,0.8268740545772217,0.9638195530412907,0.20425632737117483,0.25693787214925934,0.4629515682237022,0.6230326445222989,0.9194311676921124,0.9752421197459658,0.7031114675505599,0.42021428836587527,0.4027083417263144,0.32059272859062404,0.04766435400374103,0.8132442588113639,0.6488574285966586,0.11213706301133741,0.24133660353365793,0.6329781536367741,0.7120590973650884,0.9912117099983473,0.8990030156981664,0.7551019180360937,0.15952012178414166
Bulgaria,0.5630387310853117,0.03727414041914445,0.2844296569004159,0.5177323884079467,0.8514710849303229,0.2224428558227095,0.7110702045789835,0.44534579575545064,0.3879199264441595,0.4600304539322214,0.5124368217380043,0.5639097068194998,0.6296415608061777,0.5031957074355888,0.7273653135961796,0.4387152559840195,0.17042816318333853,0.8704684195761061,0.9920572144615915,0.7390291605888345,0.32716589937685725,0.11730305783346384,0.4600162859614134,0.37251444252492627,0.9809713986835946,0.8700847157935641,0.10714002420273205,0.13041744618293716,0.7112210469303698,0.6473135071221776,0.47821144131879256,0.02186568365454089,0.39913004690427,0.036919232114146494,0.0894042685882176,0.983090854009338,0.6853173126911064,0.8272493181376684,0.4884947880759506,0.6592069455646717,0.6570140039600719,0.833104394755729,0.07482654705529201,0.4364657244537564,0.38785436832639064,0.13857748858227426,0.11925747767235295,0.4826944399461087,0.18076533675366724,0.8335779081442696,0.7450017704753426,0.10894233171587397,0.9651845005340485,0.07771575524775831,0.7208572082140579,0.8061240604942718,0.6398648564556864,0.585910875952559,0.8214692235209439,0.11660117822215665,0.8909985764695522,0.9729124893175739,0.4846678546528512,0.8349799006253783,0.11332400809011844,0.4963215081276581,0.7452748131028325,0.10630364011455717,0.32469764773650944,0.6806759098346831,0.17002046518543434,0.327461053595306,0.644228525989403,0.22954007953250521,0.6142630302495495,0.5782092309151468,0.7553494683446595,0.8191502214191383,0.08007160893609222,0.5720335178447343,0.1252566136819886,0.007147249321663218,0.39335716518222996,0.4450735138053107,0.820627976784949,0.6731540358948265,0.23225355312126417,0.8581007580094101,0.08003521472058017,0.9598815773244604,0.883045904640002,0.17603636629512986,0.6274681701527137,0.5125816544095103,0.8293272065685915,0.8822259055063105,0.03684319077019815,0.597831094121262,0.7911592811461147,0.9125364905233893,0.9964509719710452,0.3586822362012456,0.8328585098138477,0.858379100703454,0.20055544314672114,0.35699339917226314,0.6939575812469836,0.817029300633159,0.5144746859311056,0.6345863290128005,0.06644091676492736,0.04609910003995443,0.23539432688663764,0.5672695613826984,0.7862320890726492,0.9882876957473252,0.8327642114073839,0.13099368015875024,0.8666574444823039,0.795649479220747,0.4781625153856084
Burkina Faso,0.34003239794172124,0.23660051506868574,0.7641668731115194,0.4362931741246996,0.07973938099324118,0.9473362410862222,0.3069096118257604,0.6611691311781152,0.01606814454906169,0.8778597917310745,0.25054463189727993,0.9077276799823072,0.5148015404818741,0.6546145664038043,0.48223806219674514,0.012137768202139299,0.4047501359149941,0.9888973993782534,0.7423579359331066,0.9145133785641638,0.3150017600780497,0.9670351773151208,0.05235283051704087,0.4870067632483335,0.20869896945952138,0.6049294732755747,0.05733546474410722,0.9635200829183332,0.24569710773732634,0.608777821597439,0.10912806980638001,0.04267169857643904,0.9220437411199036,0.5333088455354217,0.9971734754608091,0.5761883930966799,0.5693976911043718,0.6975469637423297,0.5147862958295041,0.6635953256418858,0.48825284301432503,0.17599914650851056,0.14435470442265352,0.5413674469954681,0.7207868199054014,0.3273126193837864,0.9242319301737884,0.301609212506296,0.3460166223523893,0.6168688468965275,0.6327676411897968,0.5537071241476602,0.9414652372942329,0.45964885936071087,0.6489710070945651,0.510331647911432,0.02781659127898861,0.8743219527514031,0.0008774649320996142,0.36265049929605964,0.28105481612637895,0.05537956119144638,0.2074093127915151,0.6278514963151322,0.6063013252527031,0.6969049461127531,0.5946077788305754,0.6474195077736948,0.6613259669503467,0.01849605255367648,0.9234429383966354,0.7679109831453015,0.3655412927883135,0.519861121196022,0.7239020357313954,0.37217731999776116,0.10084090633568621,0.41022970995427555,0.07942827315898704,0.840666384182313,0.25270143857165617,0.4319966839512974,0.27726892687932647,0.41236841009664804,0.836250984428445,0.15114520762167316,0.36798877300402977,0.5943426692230002,0.7987969017827379,0.4484125773380412,0.6512845419364687,0.7214322498572368,0.9005180634988227,0.9356515602858884,0.8001514245840209,0.9079494860097767,0.644682351554128,0.25645144370043593,0.4882088711400887,0.11649638058843892,0.9702873953930456,0.31550355398702057,0.2932418802288438,0.06076449093293135,0.09204897750542052,0.3848705175386763,0.3435987389816707,0.3702245503702315,0.3527597130072033,0.20429624441842342,0.9017028608267964,0.0509598888988656,0.7139009844551815,0.8872126313968088,0.1433098863703134,0.5174381384957808,0.03100207899387797,0.5525993166350536,0.13964193955407167,0.6132367227834159,0.8034133047196254
Burundi,0.717486538799942,0.038472721484590466,0.5015036689604362,0.9411472179817458,0.7316522352386121,0.4288340736678986,0.9916094651112515,0.8130401433667866,0.6149390653516815,0.1576827208275574,0.1573343090395276,0.18633244668850846,0.14513938705799423,0.8113970546000433,0.38669989415755057,0.073507449797796,0.8702844925437131,0.8655595666997625,0.3530446531582815,0.4482408157138368,0.6528234910585256,0.6219020631868614,0.41478133259640315,0.003007186637777215,0.784408362897129,0.4430669313655484,0.2248755236801825,0.6543129407461689,0.5216585828790654,0.31226148448889357,0.8347620152784379,0.04067956316781218,0.4036001486767087,0.519265210278242,0.590582785503199,0.2981130539146738,0.24351277691384043,0.1779909546268501,0.07722496015559388,0.723298960567426,0.6147795098115821,0.18142227157534574,0.6279849469294068,0.27130215140088254,0.15215039584716206,0.6791034206875812,0.4315541091269621,0.7032242792147579,0.22034326041687324,0.09268113461724325,0.885741089373938,0.8574388038272207,0.06551860613461657,0.36107630744194075,0.33499375326930814,0.8287944030450757,0.22751217024347525,0.8627557100196716,0.648626812488587,0.4934818447423024,0.06902709715671551,0.7628857523383501,0.7113562471594844,0.8625791669623061,0.11148521498294561,0.016840867125103354,0.5538715213411898,0.525343228308234,0.6243979037554979,0.7092105917214031,0.6306533570084379,0.7466988078002087,0.26225213282787674,0.8532893258445305,0.9788184803232437,0.8509600288604175,0.21396015123408962,0.7911778252247358,0.9075726189309413,0.06867807226954858,0.4564599776494871,0.9238117196527903,0.19223133292705197,0.8181133781652513,0.873323102857555,0.4830307953950913,0.8448045727018751,0.25176613958395033,0.600245111670967,0.9096640754177622,0.7150793741404974,0.8241835739968338,0.9932351900979896,0.4998130647819745,0.28579871600308815,0.052257319159798254,0.6641822500700617,0.552910049593789,0.8973584351844752,0.6753204704063016,0.9427014180887525,0.29746246556820255,0.3063905520156688,0.3638765645492352,0.0909369846904784,0.603668303101968,0.6731293702402426,0.9377742735274811,0.8666654021839412,0.07422474632354126,0.16411602967411132,0.7689945717717578,0.207462046162327,0.4005334096440175,0.5088004753697017,0.47106554355493646,0.5150143104419869,0.6896457511800465,0.05899314802832689,0.9315633807234557,0.2599574604626945
Cambodia,0.6240089729292272,0.8819763948867657,0.43090661717732026,0.1537201945654173,0.1397485743029817,0.9961933012751526,0.675415282856078,0.8839449975717515,0.8968207364081087,0.31472157812197754,0.7461055915978754,0.31199416220885756,0.677958728920088,0.2926358552323801,0.31613092583908353,0.11768154995217406,0.4294063537919798,0.6909918097139619,0.12057764331934939,0.8973816184364798,0.9077069870584757,0.1778939343780226,0.5597986258199047,0.1325757108789951,0.7924864760952378,0.2016595993570368,0.18869952658494338,0.1635657559112461,0.5427530357320447,0.266569817042154,0.4504881110658503,0.36465837820390834,0.9018272475830575,0.17780617414982958,0.7260934164939754,0.9255883273910133,0.7672730745573052,0.7154859524986888,0.4307884624482218,0.874417033181377,0.5406373380346865,0.7371273756348343,0.2996834260719098,0.06631969602914856,0.8091073207570622,0.9505814992509721,0.08294828392328124,0.5660268591731514,0.5655129157393458,0.013265627057834739,0.29077856971896443,0.3095097039111002,0.3452659116875816,0.2138594792524039,0.33814156707601883,0.8783634471472036,0.17661168189464538,0.4725030460666879,0.5149258275545199,0.32949535428660415,0.7112001538654082,0.7194299398562559,0.32310520382539076,0.03406291993449517,0.9758445924498151,0.22460381507050464,0.20439561506616544,0.8948790879763978,0.8100058147416556,0.13181521122261652,0.5342485701481281,0.19307573011179635,0.22245570451191987,0.8958837717827418,0.07757688659383044,0.9091700924775142,0.07804960060272159,0.7152831092419264,0.7528017046281764,0.31133415374666673,0.8338016099992771,0.3233235758159786,0.48382639702058106,0.7970447798906511,0.9314674455692348,0.2701631955762813,0.8323005800033078,0.41393770248577155,0.6475930079117007,0.8623034183701143,0.1390734589070738,0.06123268139517435,0.5127606244126279,0.8194143626011579,0.14289674207428482,0.397540405550317,0.19801046760647578,0.16382558788175172,0.39094935853516743,0.03434192007042547,0.9344454861690836,0.18708554966018387,0.3886759637843762,0.6957199139659597,0.7831800751430259,0.1668629887691685,0.26187382188498465,0.729644167082674,0.25257727608489045,0.7902095437513718,0.43124369408156116,0.942623463204848,0.6409127540491543,0.9701433249401006,0.49944269100527616,0.15839859452224048,0.8813671312015436,0.7886877431759013,0.6723156646062113,0.9737319091527734,0.8611876821421074
Cameroon,0.8994664492142377,0.6875909512720066,0.3384048684300568,0.07282519049366365,0.7258566780707795,0.5561916563115609,0.8441326918290941,0.3836045596046046,0.459330215996826,0.3072050590403853,0.6255939855282369,0.08633741639078618,0.1555337812548262,0.19205647733787345,0.23480478199342647,0.037350053815155326,0.38195463136367946,0.9974559420319918,0.8889402069368287,0.7815907654119315,0.8571403616558609,0.45469472429334723,0.02556291917344722,0.9028051069692672,0.6012407816780218,0.16375092071869324,0.3873728473515512,0.6520305863393157,0.3504672092022082,0.9874433936464074,0.8604993855692425,0.5143239477628289,0.32955375718138935,0.9926064833616645,0.2242698450036964,0.2937451335329109,0.9157410167091241,0.7219660101370582,0.09172190118812673,0.10520576701468842,0.08948811740221141,0.8661365426001539,0.012280281188864817,0.5286897954557308,0.22976824139920293,0.4245482822386407,0.1444839984420947,0.2643115129070238,0.7763129378798225,0.732678657432213,0.668402390009304,0.7504092595781358,0.6915650539881003,0.961394704641708,0.7144181549285071,0.555896626296178,0.5547782699940992,0.2924620100061065,0.4109535368363074,0.8659271977945525,0.1734636178404576,0.9108186538205946,0.3984396719483809,0.6930490580850915,0.17810146630332635,0.7289727005688413,0.9182165170848469,0.9839303714833564,0.7221493636106271,0.5370598713655881,0.5737162469609269,0.37971767988885685,0.09029074349447308,0.46978531568536375,0.7236510722749646,0.9984472188439836,0.8741499774758945,0.5064235329128622,0.34744897799933294,0.8738672446018965,0.904592265259901,0.5521831498626504,0.8031883839467509,0.559302539517585,0.8132188569954902,0.32159231844856184,0.22257639641503713,0.5082034957168454,0.9964310966850003,0.5585565005966698,0.2915161561264794,0.7294538045460708,0.8635167796682737,0.6255290742737212,0.2212255251336661,0.317774129313824,0.7245727528197783,0.13273864786862632,0.7808805624449194,0.8505833726028132,0.25244783511614055,0.4166714631488141,0.5257158839602819,0.8285544361590941,0.22489950326864228,0.3714298726114714,0.2955647240981588,0.5773003003548586,0.9231786961859598,0.47285209362395364,0.6487124210196165,0.8338067992390338,0.9943306270117127,0.33890380705446244,0.28997968135078056,0.24704292768014557,0.12272093874218559,0.891052537704307,0.5654511913941991,0.4243548782460095,0.9150612885064644
Canada,0.2578081508092045,0.9201663366846601,0.4913273868947321,0.07348962374234391,0.721604134903129,0.5705928114696065,0.2761573360378058,0.1179082464826251,0.8190946288014882,0.8500448567287915,0.331983801267816,0.7842708313853011,0.7861508843937557,0.07351034825121128,0.10674914939051583,0.9202041716357509,0.6381903580733019,0.18055517089727002,0.32459241680592865,0.7683239848234389,0.48484393070515563,0.002635918524422909,0.25547668194770456,0.386325821207127,0.5002588582206815,0.6581251705887711,0.5605513612638913,0.699555998360021,0.6757877233574603,0.7136412154835775,0.8445754112434671,0.731565535777007,0.5883333311902341,0.14004474952613655,0.0829189879996507,0.40769803060297316,0.2265744285852781,0.34608559570424946,0.3934051584823961,0.06814381356917276,0.672703871802451,0.39953475311190034,0.6872430637434102,0.47718717528970267,0.1777710314298938,0.32863258920315874,0.9343408068424578,0.7032581166166643,0.8561733669082491,0.631394202126191,0.033438707921148336,0.0567624748386909,0.5891546780072828,0.266396594791538,0.015824969021370983,0.7207296719418337,0.3905910721772785,0.4427055539928051,0.5812518471866528,0.35706505152867873,0.8936033587364355,0.7707085491979722,0.889283830116274,0.7529792524108022,0.6896789929576551,0.9252109890956137,0.17629583620365485,0.977312624534402,0.9188373656436388,0.030317446815084748,0.558818914165733,0.7340275125396716,0.7796848803771789,0.31359285177901197,0.9622529688948768,0.8482202224425888,0.10987878123590733,0.6904789981157529,0.26300555216442256,0.2570614727579197,0.6153389956422797,0.9598950721789036,0.7298883794383001,0.5298288112611022,0.9329608428023534,0.7351670156852448,0.778742155294092,0.25779272870849,0.14371586127790448,0.5114276515835477,0.7537382448368307,0.34364626432524603,0.6394864467466828,0.4585281704452068,0.18072806439059508,0.6516529437110811,0.1722795678337724,0.44035348598323143,0.41169097842398694,0.33757385529446216,0.4285325789879839,0.11339177749751506,0.8062642404046513,0.8589867369469434,0.9787877533452908,0.4567360490001693,0.8994592348788375,0.30383894413410684,0.9791224790773803,0.01704536519141553,0.6220894520766354,0.3530999113209583,0.9876194994600429,0.471618802714483,0.20730282649639098,0.25923387923926944,0.9177767031538122,0.7890570218102761,0.40768457605165664,0.8346753074372587,0.691109162888554
Central African Republic,0.9079249623318335,0.2796007839532987,0.1756108819829112,0.27051443540907893,0.3596316303744006,0.7417471198495902,0.13456482572583672,0.23045479364814803,0.8879490614990104,0.4158615613279224,0.029181132582341562,0.290004066722761,0.5353112090276204,0.4590980810336758,0.9803987916048235,0.04509052917941292,0.678151493379005,0.7415031228554966,0.14176745059304285,0.3450286187559096,0.417917378970329,0.9705724619731898,0.39893775358175987,0.33568836231323085,0.14440048833920427,0.499541662830033,0.025068926827301774,0.5292504261047366,0.5922829849532468,0.20158969644749247,0.9578669971245639,0.9159613298396405,0.7940475933772067,0.5653643627337923,0.2629708499485348,0.41951771844106844,0.3510241993552594,0.19264203965429771,0.6936345222804188,0.034245233478823356,0.29901366902091486,0.7173681525444054,0.15211504195795478,0.15863332983742273,0.04854423554225806,0.2061352617314247,0.9099907389074375,0.21153011280674305,0.4920751419423569,0.5787442014207268,0.7675498591865817,0.17994548380369735,0.19694310291751493,0.796714786035543,0.4590447723160602,0.3734013758752742,0.8889166490421477,0.6256818339061143,0.2779777762399305,0.7268887559951349,0.36245045296246337,0.8329476672358036,0.8811870812249134,0.6455480072065811,0.5620159447757794,0.561231109731697,0.12618743473973537,0.8524944036370161,0.5512349000638698,0.9807201741097138,0.1010266632384682,0.6817943908737326,0.8075061463206612,0.7619530910573491,0.04860372003493141,0.20492865860595855,0.8656519856739876,0.2146062634659761,0.5960829797603294,0.16467933296606196,0.9246395808477654,0.16174710740795606,0.13767728726827166,0.6527607445419248,0.28896220970454856,0.13803353244126615,0.42165074022290916,0.10550932191486007,0.8729935395688133,0.9935275894945321,0.14603503232731252,0.5736497111977145,0.19329719186761807,0.35769661634715577,0.1753229429116009,0.6605638869168118,0.7315997044030924,0.5267269640718826,0.6384097934752995,0.8443257684291188,0.37440828522213077,0.39078201157524917,0.18844323541029595,0.16797784263331228,0.24623448345591137,0.32400439978118634,0.988482655415288,0.20928443108539518,0.8760435864502881,0.33504277673215754,0.8004233026423028,0.3345613013552665,0.8691745920757523,0.14070725552089192,0.8031287873916384,0.3903559652524624,0.13688499247839458,0.7369624979857069,0.5231718167672875,0.6061607977246404,0.8046830592444004
Chad,0.2825618101065507,0.7450692385050834,0.4713314269713752,0.6322824552075981,0.5282090936812711,0.17359369293195615,0.879241342879676,0.2848671028813582,0.9325408180836947,0.40544915773593027,0.022316801150546017,0.854873220115736,0.15922172962299963,0.6937217719011515,0.03917719735570935,0.4131906812207249,0.8721417899944763,0.17682265807447062,0.20329991609375686,0.48458691293637246,0.8724583042047039,0.8568494860869588,0.4776983317969685,0.08028385785850645,0.37602344686344513,0.7216393533062986,0.19114727001167353,0.04092746651512813,0.4974937435036031,0.2898892487253173,0.5676631724106567,0.10334639746004837,0.6572817479763362,0.5720396772285522,0.06137585786103539,0.9977511841260106,0.9060457034698495,0.5729470140638067,0.7559649740875305,0.8646904242638651,0.804973158209896,0.5208925508231,0.7188935867503492,0.9671372645246541,0.3394181221096356,0.11203177393997177,0.6771996550826432,0.5703666267311417,0.687725316003188,0.6451946123458524,0.6832943479957176,0.6542187902217796,0.9089491721155458,0.45216786786012,0.9607313241411782,0.5007320069288542,0.9667158858665827,0.6215230740169932,0.5290441030227369,0.2178217950916772,0.424620606896318,0.0028387539240339876,0.6046369234203943,0.35577665758382415,0.48158771797010813,0.6721456907600764,0.9634049563801595,0.7967927255551012,0.9496937014025572,0.522496636111989,0.17718818163590133,0.8643475801735893,0.07849055737931232,0.3491051511078661,0.6947690805461423,0.5027175427011041,0.11014537151178572,0.6383602026965747,0.4896078391253732,0.5586100545109529,0.3937191579070861,0.18505320609893072,0.29406150024424293,0.9229511750748953,0.9251537597705627,0.6501439774181846,0.14582967938277025,0.6393457231017949,0.3582490962042455,0.4062695987006364,0.5443524217488159,0.15139023533701268,0.03892578427568061,0.8899792277468483,0.4421204931705086,0.7043521431457319,0.39866897994739714,0.03150042954193566,0.09390123894413738,0.3021619585656149,0.10577210049017749,0.4217056832385525,0.7075644948355402,0.6532446445348716,0.8596892532507614,0.3234227131784063,0.21612662818919215,0.876006433155972,0.5936222563556652,0.9324325663389785,0.6637232763062855,0.4624202962276003,0.6335964964210692,0.08011553098156532,0.3756775826001759,0.32774091270002026,0.6558123084678048,0.4529203363415253,0.6229870960395268,0.8660380353042542,0.4138515156266278
Chile,0.4451916288912484,0.13684189341391084,0.14420361071270937,0.5996160084964347,0.5426458482996969,0.04287899444450083,0.40390439622434293,0.5633630538488619,0.49878488527057696,0.1398122121565223,0.30456908006700023,0.5117253827282001,0.7483686137835022,0.06718572948631307,0.8902988964537429,0.12207244057169364,0.8279888892105081,0.2969472555003714,0.2137267823509793,0.7206609556158727,0.8814891334873279,0.9170877684802466,0.639380209568636,0.6338841549003018,0.31803289607679264,0.30933998007219754,0.986010960691306,0.9063234640714968,0.6507064441131237,0.9880056576798957,0.1888193047152681,0.38485024714472105,0.402076448390261,0.6654786367522675,0.5271903156738353,0.32080383925118416,0.894268413551701,0.906933589249469,0.12781744524841943,0.3008415592596322,0.5088951612475052,0.12145210705931608,0.6896692882161783,0.5342347461196175,0.3891172979900337,0.09203094444505588,0.2601868541279251,0.11238417524105937,0.7485914189121962,0.6351065842248134,0.6013960109185936,0.9642682401604992,0.8236965605926047,0.28469916675029294,0.2184261630992287,0.037703264026291095,0.9406247335971198,0.9788561938264358,0.171820268614167,0.20736449860129946,0.3842420711442145,0.3577486394903556,0.29806209364103564,0.9641706091844829,0.30085632807175744,0.1155097362889076,0.5562425604065977,0.7208209698394807,0.0004684770846470343,0.6928799359558051,0.03978573781199968,0.7717891786998472,0.8566564468403896,0.1740142365611218,0.6095330837888192,0.4491451378674265,0.48440253030753955,0.737357471139403,0.9834628577154101,0.0985353780382966,0.728461539184741,0.4874109988269464,0.058048565289694376,0.14576422416835588,0.765784774715272,0.1138504928992149,0.10008065520548304,0.018774247499069197,0.40617271121943277,0.938545578637471,0.8669960005233694,0.07184168867362062,0.26008851452314785,0.2747779569775941,0.9518007843371008,0.7268632277040072,0.6698929503923496,0.30423991167900255,0.15662368631670454,0.13434820912862366,0.660368206589278,0.017092814790226618,0.5530811000578674,0.3966357558311916,0.5003033536640752,0.9032645538221828,0.14693979460282902,0.15712403283170295,0.6309358844148213,0.34624987015739317,0.35423679912663664,0.7633335214863386,0.2234372832694399,0.6752608531751633,0.2979908724545788,0.4747473680497135,0.28541753126268454,0.4070036531227059,0.9794821861654768,0.2619482276248475,0.6141301332505251
China,0.05943507584411467,0.04888573832096754,0.6757681859118237,0.5700390072631754,0.5608016640362401,0.9487953831563978,0.8010963283342594,0.6766188725176987,0.7703997790697318,0.6725970833629404,0.40940790160678264,0.32890734155785906,0.5847614590564691,0.7543084395924927,0.4468329191169015,0.16383898251186313,0.37787862412212825,0.07554771561420826,0.9270472288824904,0.666504450261555,0.33342091612891644,0.8225307495714635,0.048449583016224484,0.24950379667893785,0.999840699577167,0.993829596953122,0.2898321785225454,0.45502037091170455,0.1062625463115725,0.0951556783623988,0.06311092195489754,0.13167873572456534,0.26294188599934487,0.6929533464514687,0.6080368595421628,0.1067134814494285,0.4135356622931895,0.3233608923651349,0.14910366003005315,0.14961172428425518,0.49454128777333006,0.44438289683432675,0.8144660556377298,0.6782991311888901,0.8082375099699985,0.7232026411544114,0.25274325042196555,0.8828315222239514,0.7531115864669317,0.8173192592378197,0.6180233826498067,0.6340971315860754,0.25666554598015356,0.2370181805174708,0.21168418591156157,0.8110691919930174,0.4421693947431453,0.3304786702465571,0.9872770795213873,0.27568824937596137,0.1908778648365136,0.5249522376002138,0.6847161390554051,0.8842241793623602,0.30307009509911187,0.3263012730794934,0.8400843795879602,0.5442397141649222,0.15394132625831514,0.4344693904340886,0.06334669497021361,0.7485016785688695,0.7988382839467396,0.9368178623075151,0.9399231055471525,0.7564524881995179,0.5058395496048589,0.8828618795246584,0.4011209813094495,0.1457521493588404,0.43288959783609815,0.06337517456544228,0.536198171425397,0.3873948886666564,0.3111067334632466,0.12180790943072795,0.03588204947882356,0.40013420246275366,0.27341690855597756,0.9782641700799085,0.5249312221604402,0.08842683042104715,0.9717097631187774,0.9157943387075037,0.933097320472668,0.8826213556523294,0.5496673607815221,0.28566287826543557,0.3683202102289288,0.920840653275631,0.38446270721109677,0.7425012116749782,0.39918540450585993,0.25022571473615296,0.11329129916947189,0.9567711144542203,0.9620543414051876,0.7386709336939322,0.8617021070281702,0.3002403689841149,0.43825750682694087,0.09033027782305503,0.2810639988567677,0.4346394400175959,0.21134904738712967,0.9061707887601359,0.9566943924281887,0.4833174463475324,0.8898408473221567,0.5350549887295775,0.8742697832783048
Colombia,0.5643160478190745,0.9262055124598049,0.8324603669271217,0.17578682776490273,0.0030502889133382505,0.11977748878020955,0.22504224940110995,0.9544976597870853,0.018578667934478155,0.7567883759656718,0.23089197471638256,0.15126512067850217,0.43407745538681797,0.008192346910104842,0.7479051973980678,0.6021005108286346,0.4877992638302906,0.5676779205873725,0.8940499732729249,0.5890981550836099,0.46318217779615467,0.7789993463066759,0.7058039915054705,0.347239554295518,0.015051848237553678,0.7264851219253131,0.8710863716900725,0.6032997528703729,0.4767647074267126,0.2819526072056536,0.22102126770269337,0.20154509842579105,0.05540129085448753,0.6717202989466318,0.10882917607350784,0.5778917423914138,0.6391111107621508,0.14246831638200885,0.7498099789900939,0.861164370515948,0.9598762907914529,0.6045235629761299,0.48089333738916196,0.879366188484547,0.08426734410014358,0.5050853726645091,0.07077628407152858,0.764662831945284,0.13604522815561404,0.4847032625318375,0.0975084069010802,0.44435739862163925,0.7025901077396732,0.6162056983562679,0.8639209009788181,0.5154498277858941,0.9144993029360159,0.08134556130199022,0.16688131059812583,0.15916578118277047,0.5349970933343088,0.8547725664192904,0.006478084157367392,0.844470083252015,0.20745082173053941,0.8860338621346916,0.8687454333942494,0.7310063793646052,0.09222966114082742,0.24293869338668517,0.7689714909957824,0.6252361526861101,0.9867950366272819,0.9910347919048897,0.7216904166515844,0.9703098703221743,0.5340144747284842,0.9402107258692918,0.7488577396491827,0.008508105997855453,0.7823856931091755,0.2540201986187436,0.9415343427957489,0.8737322542941232,0.4732479743381457,0.5752102150869458,0.4274538188382643,0.15093849360695,0.4223445120648799,0.8781342607279542,0.4791753628731483,0.02534461248279718,0.1173755276668732,0.6249769229226766,0.06290106237050297,0.00258813477753006,0.867035257507052,0.9019467140698445,0.6925784340058319,0.9381978912099868,0.5999338754684092,0.8103609078110189,0.6103929104641387,0.45597493763520947,0.8965090951833564,0.6364382503539335,0.005681072844521573,0.9646433805236642,0.15335748602822175,0.506096882231508,0.3885816778101432,0.9489876760447095,0.43283082960219277,0.4626650710891623,0.16693734511878655,0.7459989505878721,0.9382208543278223,0.017053163769778612,0.5797215032901704,0.8281104339434769,0.24449114422778084
Costa Rica,0.642293638875092,0.7855485594346034,0.22584455650491164,0.21377563244124353,0.9132999056697577,0.2987478540488072,0.5606498700951712,0.4312235702856412,0.7008205371684344,0.898898094985276,0.3931112783822952,0.7320085387290676,0.8162173046109397,0.568613507867258,0.6247876588656325,0.14576104928765787,0.07745629910965557,0.7716287896236524,0.010084754554055997,0.5086894425169527,0.6972016691039886,0.6650025101544677,0.7488873344290877,0.9894831378476326,0.9112955925874122,0.6197699226158215,0.45438357476460645,0.5732304863448837,0.7522482779589897,0.9299206080402501,0.7767726974329234,0.36950467423867084,0.20680726661124615,0.8607923119015983,0.015280760767102164,0.8963522223092192,0.4517770779975637,0.9156017128748032,0.01868964024254216,0.7716413293210613,0.32769314019764406,0.029216715751152922,0.8376003659015654,0.5494704308257465,0.5421611241017805,0.22859490383590952,0.9975343048350289,0.8794483785948138,0.39221575575261614,0.7330891124037447,0.4650477308690607,0.06744502213861914,0.21058623527084985,0.8855011230584487,0.9768666064249123,0.33947802785610603,0.624130414112799,0.9302659202752235,0.8069015338779743,0.29325824346819185,0.01307956520568987,0.6274599427526852,0.9222486968401423,0.10275710719901932,0.06257358457272577,0.693643086295975,0.7624257340555806,0.3269541935278616,0.920297988425292,0.08206229933534659,0.6663026223804248,0.9758125320143706,0.35645468613151887,0.6225670142355806,0.8287445638562986,0.0813820535848725,0.892660671457768,0.2564754458420244,0.6382541612365127,0.9925643839328179,0.9067380616892621,0.4278389531161878,0.8498116154304994,0.8857116568118722,0.4914269930991979,0.41206173561905746,0.2119870979751236,0.7016891023772703,0.6586352023821859,0.48665543010988477,0.7169278014260415,0.7835340755921323,0.695054762635536,0.8177111000149964,0.3598447445852462,0.40381439977787703,0.006687341308578398,0.4076809174067677,0.7893587970055385,0.706097312616352,0.5335942292295449,0.7771489919368106,0.8830001097738632,0.8010196093581077,0.9031045769438908,0.8271499305214965,0.5672822508704694,0.22472772662589247,0.518157177708962,0.6075146412604332,0.1240427193021687,0.9035928679353152,0.985479163640858,0.36226995079139757,0.5843532933680069,0.4672681053017218,0.828120736757567,0.6560837585549947,0.5861376763483445,0.5618178663755614,0.3211472598430203
Cote d'Ivoire,0.14666098057218235,0.12697818092484614,0.75030828463439,0.6302672942778069,0.9121864583996742,0.7214614436177067,0.31256831335843793,0.5360321078654349,0.6749897884275408,0.8781749986256756,0.7287137497277791,0.811830701112746,0.7823454269220668,0.9993935609373201,0.7405827704329662,0.4266735169608272,0.4185815433542496,0.6567626601454051,0.809332370614069,0.053315478592336096,0.9477680665046915,0.2573992863082254,0.9201142506574058,0.9121800917726612,0.44067862048376816,0.9651363011942764,0.9065011611275432,0.9264797504829859,0.04349898360021698,0.656857821401264,0.8396794559696199,0.2200978207551867,0.4028881537910143,0.13145010415792024,0.9783152343660556,0.4521384524943487,0.3762390330211849,0.13820634680353705,0.5516072196299967,0.37639692559851023,0.9921035825987752,0.2982559283105637,0.6736372551920558,0.9848689868010704,0.0507868558257496,0.35739886212959726,0.7442810568666287,0.04475152431917806,0.0815091308025393,0.8437109918208516,0.7981029856768536,0.40745794688240944,0.03674065876192967,0.7375544947072249,0.20783331144263217,0.4426898648901735,0.34296642158393276,0.2958180731649387,0.9134912577043803,0.5833082081451164,0.9978705523605665,0.6970555983579533,0.6642020366384469,0.3237507633880805,0.9550068121567612,0.6660320064079704,0.025738426508701173,0.8901059160989094,0.3515526392064786,0.3093945968152818,0.5237895985262034,0.13820769540331057,0.98733297335774,0.5520024974031573,0.9321795979029704,0.060697645579707915,0.025736671344694595,0.6112015960431372,0.30629662948665703,0.40475542709541157,0.7111663421266005,0.26124777755586304,0.7156397223077479,0.9248311381496876,0.854531981123771,0.9410008717326633,0.23702525381632888,0.11296192575302233,0.7287700198228704,0.5166801787339173,0.9376443775169463,0.37118447773971797,0.3374620351628881,0.13778191853532828,0.4758326713196641,0.8089301377012731,0.22651098129664826,0.34128279352190827,0.39941444021996075,0.747286381144714,0.44984909215934643,0.28433527291842275,0.25687778966216257,0.3979284481825883,0.9768644007504068,0.6258785028594078,0.9106294730558545,0.4767736397583521,0.6752695887821106,0.6101756105062173,0.18026308231528376,0.44521479631908434,0.05319060115728791,0.8493775470255014,0.6937506185688525,0.14695423912559447,0.6558719803360792,0.3377275498679507,0.8890441428023548,0.3602628861921121,0.048066368773789
Croatia,0.1437495022350983,0.22626651437786682,0.5151994128197931,0.17556743642479977,0.21201700816431368,0.7979003823973543,0.7743518597179585,0.43526926130575416,0.7540453488490703,0.10574752196769766,0.026357505415124494,0.18494783355293798,0.6337412876080969,0.25449621178223103,0.9300408891706016,0.10010365891804662,0.29481464407886626,0.08550715971899259,0.9973060842263137,0.47415523658436953,0.004887483593026931,0.584537654732633,0.7675162414005062,0.1687852450917755,0.9057236362463331,0.9851899904909641,0.31565750276413185,0.2751648225939216,0.5037695914875987,0.3425515825536619,0.150588553775434,0.30462410097047044,0.6903752588489843,0.5670414781251487,0.009186964684943733,0.7431309096020111,0.9032404827854675,0.00921850141708258,0.6721254603070854,0.9257921331552272,0.10228036402410645,0.14948198583794647,0.18781577607951605,0.6900094328235081,0.14204605921702418,0.019196464600234275,0.12028344293676929,0.0658760060400696,0.38339276094734587,0.5247287370131517,0.5259756919082476,0.08780827292312987,0.013037366674541473,0.10100746016457163,0.5668041840055854,0.21176297476953965,0.12331120763183512,0.18715949157375134,0.43023724425856846,0.5918975538127055,0.48140677085645067,0.9492355351913124,0.3173221193227719,0.6218990967229848,0.9319968426774592,0.9809410679006003,0.6152082183265598,0.20859065585579328,0.20193896729012462,0.454141832852175,0.5836248314930298,0.45279031325158015,0.9031982626237401,0.5339421564386156,0.7167270072285865,0.5788884169658243,0.324658882587035,0.9475615063412773,0.8790078929864332,0.5554798949083253,0.6140238189800917,0.8834736362508496,0.48715896924254276,0.07728996879913552,0.4445383777812354,0.8206411640723912,0.08721835522394505,0.4263158922727308,0.8798409302815154,0.26052585656074234,0.5802332260047016,0.4787600356649022,0.21076644318116,0.34585984237381895,0.720701766958286,0.12599343327697599,0.978974695050744,0.09674847764228978,0.774772912739541,0.1859151264720147,0.4883917229582786,0.5757836207156586,0.4298055101180914,0.7500550483314438,0.8484794070122925,0.7761356663548112,0.24288044550590426,0.5140560455113251,0.7876853764656901,0.5150296266651033,0.5706943508320225,0.859161400929328,0.7507418347750543,0.21366841417598392,0.8364562039017498,0.7253097373085771,0.5956685408557744,0.8711974727749369,0.9659946915153322,0.7494563825902031,0.9866100657732537
Cuba,0.7738667792214108,0.07747328804168341,0.5083780886743914,0.22580224747842226,0.4034128239364714,0.8435777360837136,0.7565412305241052,0.045416091517940016,0.8625119208114203,0.869129127970124,0.301237551880871,0.8017065794108313,0.17517689206872344,0.009058307441052627,0.5549941062512717,0.5331517395707687,0.9852177503424576,0.24938733523710133,0.9489139628525219,0.755443113190063,0.39412426552323465,0.4771226340242245,0.7126272714887304,0.5445734795522421,0.059271237494215034,0.7634574665520273,0.4300534767489743,0.3940257715116423,0.654532537258552,0.9530901134438894,0.7376245952632704,0.5400647718672764,0.470793804517289,0.6510184090056748,0.21906657734462565,0.6905545921140578,0.39413089095099074,0.3200282671280922,0.6057905025146488,0.23243136526982466,0.6217295142742857,0.7939661535903035,0.551779370945715,0.41707614444004515,0.4728100767079437,0.2984938376438654,0.8895141625615908,0.5922006935134708,0.3330613174865892,0.5881078989361421,0.29053744211608656,0.3976453800771962,0.6469069326372979,0.9043672660340314,0.5188373710918126,0.6679872436275741,0.27586726469942335,0.9552076483085151,0.46928380438475026,0.9655693203288432,0.5323747282584546,0.009359844652783611,0.9410555798311119,0.6112042639949248,0.8092745353582229,0.6579545445811462,0.8616394639758884,0.6788833146352468,0.9687808082209631,0.23825054673226975,0.15748817132403847,0.5955445791768341,0.3108352516995887,0.0428174377563757,0.1826412349289831,0.5285033460907809,0.9562195772597287,0.9290119566781709,0.4982282107115793,0.6102416437887418,0.9675924476228506,0.5711417371030442,0.010015464685705133,0.38395334564773353,0.8436554207753205,0.9059209832943577,0.6750945597971574,0.46313815514565493,0.2817988449766089,0.7068856141961127,0.27614677293108725,0.03672013451407763,0.20272346992606183,0.3140517613607753,0.17955005844661354,0.7449305234310866,0.8588417621178137,0.1680210842414257,0.7921208350373719,0.6217002270547847,0.4726803266093551,0.6656334750782915,0.6857382755366956,0.9398738723691205,0.23866813271443543,0.025426202802028564,0.6392146079697412,0.5088883562334535,0.7788768751505194,0.35344545301258423,0.5361730614200182,0.14715217061916808,0.4386995078008933,0.11451736468206875,0.6309981054792176,0.5457977013538532,0.09670328233427106,0.515569077952438,0.09499996375302433,0.6860568595616586,0.16863693590817164
Czech Republic,0.4431386706852384,0.6446482292919615,0.3244777580240179,0.8883850908329198,0.9084653971160779,0.6034970469400397,0.2730184936397455,0.9710620378857214,0.9257628099460535,0.8183041189649624,0.3777389037228658,0.7665195611040352,0.15111695039890438,0.2716607123144118,0.8409752811245459,0.7427553964242478,0.8548615035508762,0.6995911188325583,0.8800144870531886,0.7226157042513225,0.4488599906012277,0.23433598016177626,0.1298715913839188,0.8710571684270462,0.9552344160905966,0.6340065934824933,0.10836178093161497,0.1487937576788576,0.17452467010247774,0.14573513872629906,0.14628151986635174,0.6971203683128409,0.7154844704749167,0.9275154578025315,0.9483843650261085,0.5245899857255204,0.8967075909759579,0.1846081345631666,0.10791421689516545,0.3768618751144165,0.9416286567180011,0.5639878558423094,0.7777269749113874,0.03595306340363924,0.21692700379861707,0.18913806544497813,0.5193148731517641,0.9771453607270503,0.5578334398738896,0.10900818752923969,0.004890008223422226,0.3619579599265941,0.8409891547590906,0.6125036347045232,0.2640316592206604,0.9594273778767315,0.1638064455532121,0.014137230135487289,0.5558853141460521,0.6201628384780465,0.3751010115658743,0.4463844930816616,0.19479648032012598,0.4231839408751943,0.6864043190571064,0.14961588996560438,0.3437095929187858,0.8121102561159932,0.08943643037694216,0.9548742144114132,0.2725159358382442,0.9903586310468162,0.7231753102247007,0.8271277284164721,0.2642016091310596,0.2288875044418478,0.4903563440830775,0.6270515636457121,0.3259656480551568,0.2710198861762202,0.8714986110488432,0.5167056945560786,0.9261083237576778,0.02496962126686153,0.04419271831438343,0.6499683968412178,0.20706052119062013,0.07480914288415152,0.9285944556567068,0.7856885226120021,0.9925073982886792,0.33158819103384674,0.10735277172017943,0.646056228303009,0.07740574923163401,0.9130461806645465,0.8584557547213921,0.5282005813050574,0.30831512749645906,0.006523433496171349,0.0598607491083647,0.6304411697733067,0.9842132469482033,0.09747973031533053,0.9897564369382817,0.9371381916172146,0.5600094792597619,0.07182720442917379,0.5333406285449575,0.10609203093138087,0.9424511214643613,0.3959770204366361,0.4153793289500133,0.21423016087158164,0.5140077003730625,0.754749580823321,0.4767395495917095,0.5776180394524703,0.8460274403135568,0.19335196596325765,0.024907997697208195
Democratic Republic of the Congo,0.8486489518407824,0.6351634393525912,0.540658666438577,0.18000275480206263,0.0671942187240554,0.8984171817683889,0.4255109778935202,0.7567387716475961,0.39224885921977715,0.06795716777067518,0.21055020049108275,0.5276316551674233,0.9773949916520338,0.09592485843961651,0.6903228884934044,0.9862025621348441,0.5813521692648778,0.4828048399112874,0.905158122906457,0.23429971599039823,0.030692270986938608,0.5788854337143714,0.704933086235793,0.4679835879792257,0.6526880685827694,0.7844288269730945,0.6707373252333312,0.7138730742466202,0.9354784041984945,0.03645263360513573,0.45206749207004515,0.6119011726004313,0.6942046046226766,0.22677467869611212,0.6848287129609169,0.15745106092181416,0.5618752559774651,0.14927325376691658,0.3310515625903758,0.4730423742644174,0.6009213661341174,0.04684099156172761,0.9933334904662827,0.4318181946756029,0.4840794060968705,0.33105190286952535,0.8601627173423919,0.14479656082832537,0.31243350987331453,0.507155581934169,0.8174805825593194,0.663358124157809,0.317656460061865,0.28749692777384694,0.08428722028799773,0.4795885726609983,0.6318662758055305,0.3161532606170594,0.07640268134364447,0.9758191207990418,0.16346986024707444,0.9134990933871604,0.22734215107901312,0.9614715910999867,0.4398369220178483,0.45767935999806897,0.3031413981091293,0.8549743787949099,0.11678353106464556,0.9899873102667438,0.25175769811587245,0.17732347564977968,0.3040054194403846,0.47029401990716657,0.6197231715440455,0.9424142212347351,0.7558330299616113,0.05317823832197166,0.2293850641324986,0.2592227956875405,0.06428010623558578,0.9753541100428165,0.929373182855382,0.5990690750516147,0.9627327431546028,0.8855802575767069,0.02061362140203904,0.8271039292758015,0.39477234013217943,0.3403125802855518,0.06746530927576366,0.9370025708538035,0.0217060603291106,0.15960878833084335,0.818216183053394,0.581393528580998,0.6414807809752625,0.436636739814386,0.9452405714192811,0.6095198321694603,0.365037282052483,0.5759064493617722,0.9890177596503722,0.8358191147410647,0.6566592039163006,0.9118807427828417,0.2385767124423922,0.9475432084751505,0.18697799463658005,0.8379442480024062,0.8768538806154162,0.3419852467308089,0.8947000159943754,0.3687475699099332,0.5744137020403868,0.6555156129046169,0.46809590486520647,0.5025302453947882,0.5181138760163175,0.9944760339674952,0.8676868920258313
Dominican Republic,0.9914253618580084,0.522729605750975,0.2806292314010733,0.6868663691457692,0.17984012479092615,0.4345525796770313,0.6295167641936595,0.8388661990226337,0.08877601492361942,0.5028789983293134,0.5919441183327825,0.8214337850738662,0.5980616330840344,0.9824854200490716,0.7757802158278795,0.850751800481832,0.4402393118183906,0.43109019185534436,0.7649820539551735,0.9771061288721201,0.06233468519728169,0.2896165002566301,0.305446223809836,0.787500025914699,0.4318400392430134,0.9577333552975342,0.14882177509076777,0.8872501395045176,0.4661337294379516,0.15667399438155905,0.6230023011082156,0.982776926114389,0.5355227541506157,0.8780551741364914,0.3942626519873803,0.8048194426229429,0.052747689364698425,0.24599039562433134,0.2953509722932367,0.29549319903358306,0.6314617133202887,0.5521565828918087,0.0073802947327136215,0.07618001150734188,0.9843400307273714,0.5754526302895275,0.4198035871814648,0.8215243027494812,0.651397424992796,0.36205372773499,0.04158200276420809,0.04719091141559739,0.5236285156260091,0.568743011478932,0.6191360164551006,0.9602381454965193,0.9037927250827749,0.05064789831143923,0.6625038552964023,0.10528731690357551,0.2969604487951554,0.685459626008748,0.7836485758540299,0.7335603768627843,0.2649008273129758,0.05367835748183192,0.022057859208330588,0.9911569342638122,0.4429613731184159,0.12277142550210174,0.6279406932649865,0.24430044011732976,0.014122318536000655,0.3328933422361987,0.9211283181444726,0.3972160832571858,0.88116380350914,0.2028712394691765,0.3182428738393752,0.24163164662479175,0.4931770071193343,0.4825206231151633,0.9735904268230541,0.20417334005268206,0.3139943097933231,0.6307651253461269,0.6233372413578364,0.9325938418355866,0.9247485048606215,0.23335973490136352,0.874312101411726,0.5984348945559911,0.8692395413326718,0.9170247275957409,0.11595020825975388,0.8408446747546906,0.06020507976457301,0.4254423392366651,0.22406259523702288,0.9018528966081737,0.5861483643651553,0.39601733281285556,0.8478316958763076,0.419180757179625,0.2022048121901745,0.12352422545448138,0.8645968148173736,0.05394246335117758,0.46498804020354645,0.4390962725981091,0.6866858633403748,0.6746341695807795,0.8287875528232739,0.3186388705760962,0.5281925916533631,0.7406476824073136,0.8618237646543009,0.6722424239427995,0.6303254631175659,0.8416929714578512,0.9131813005170427
Egypt,0.8663172048114963,0.25111711255068103,0.7969246269210046,0.3306926283186592,0.7801218842573832,0.3696237963272009,0.6482862622840965,0.25052595995912397,0.08870239992961149,0.9519386208197176,0.9110755576489427,0.013983569257244755,0.09931520500605351,0.3821551394353774,0.9571006661343077,0.6958237137736801,0.2625768547447651,0.7887902827451392,0.9194202875070543,0.6584254047080187,0.8540082918427143,0.9235381350347799,0.35790535810976287,0.7920712379383115,0.6382115573107272,0.656022768973387,0.8486242283725484,0.21979471073784784,0.6336217252851395,0.44109886723761804,0.6357580193151289,0.9837369574743218,0.9492457604097289,0.5432143573876492,0.19861911193101256,0.9503954065679092,0.005182279057684758,0.694863498909335,0.6290558954494118,0.4176036975464543,0.8845453461589582,0.23927498969136762,0.45982131899537304,0.431181652402312,0.11835872165227013,0.9484605495567963,0.8464548142370233,0.2578440206102278,0.4423489727041753,0.38812051691087035,0.26050560704954717,0.03590798618417512,0.6243898235891435,0.3800032486621673,0.49007982367273795,0.33195359047967044,0.8320921710241882,0.12209901718646021,0.9378717972946642,0.9803414966490411,0.054318184194004915,0.21546135651907683,0.8051822878811055,0.23766985986468991,0.7453139305090736,0.21770029036215333,0.02780357205065631,0.5233271389037484,0.7996425419253552,0.2064010060605379,0.7984534736689893,0.168900887101314,0.9298415589809741,0.263984827007804,0.2866704588438618,0.7319441722024237,0.6340583861662569,0.5928231721528503,0.3425383286337629,0.6121943906036366,0.7680001895348945,0.2214017340959218,0.22927668371080345,0.8112889121462904,0.6848105780666838,0.572646870499077,0.7605444613302471,0.4169923337393051,0.6711310932107823,0.9223672374227825,0.5430766235475734,0.8774639568454679,0.3084350198363238,0.36357159664788796,0.15385457657405888,0.15252326553615636,0.07022058021517474,0.9100441140010908,0.9825472018632064,0.22567336375912883,0.4451508478940922,0.04397472999960339,0.48009388138300046,0.6924005085918075,0.46507894858702414,0.08794948532800917,0.09244062740674863,0.08779646216909731,0.40125676035641533,0.9689849436669721,0.9916117558147334,0.8441574988394036,0.7339229973024495,0.5250891873823458,0.5845028829835288,0.5842799918917168,0.6795215266661438,0.5730627492322812,0.02418890229373072,0.7907156475496075,0.7841434871326802
El Salvador,0.9825692520001577,0.31666925366602816,0.5099469051695629,0.8257459919422908,0.6897307196636049,0.7298804562263789,0.2781703628318001,0.5205421450158526,0.8418710614138004,0.06377778093666353,0.4225437945329368,0.6021332870596364,0.9501143299112664,0.5910771530231891,0.590364059834615,0.45944100364605434,0.31394955865979246,0.546100751409576,0.1664250999414838,0.2148776697130671,0.9293164368540358,0.31741463849396057,0.8393326612648256,0.3065782856793826,0.38855158969031733,0.7210717871412017,0.17017708737627757,0.16691449592222796,0.408023729543346,0.6658837910043728,0.7328233649839068,0.9129442376281683,0.7026695080210891,0.35144723312088755,0.6452623750645428,0.1166059227858619,0.9496962946100944,0.08368002735254298,0.23627504461251725,0.4504425719346534,0.8700261530340528,0.2128079423684437,0.9653356545537071,0.36697404019355795,0.9210816224360506,0.5168279204717434,0.9500013636370394,0.9768046916031511,0.01913937415935596,0.7571530748572702,0.9897550442667338,0.379708587451582,0.2045388736588618,0.09878406435929687,0.03993233816279684,0.8652261518490637,0.7994096619194666,0.9429895928365387,0.006761524128666263,0.8935443221517532,0.26425866933982023,0.0752435494259428,0.3681799089490625,0.8903992144205453,0.5824808518523465,0.650637478246437,0.4970859543437717,0.4949008636524884,0.7744254280440437,0.875755522733418,0.4405143321804925,0.657363381999135,0.64916353493989,0.8313110484951235,0.547352799618911,0.07690500618142071,0.08194087972794728,0.9940393985788623,0.052389571144330294,0.514634650790493,0.7712764528795684,0.8559612519910136,0.33337225708704854,0.9461500830948216,0.26114952971786753,0.43529333269475345,0.08628737737309433,0.1319260247530063,0.8749246702667549,0.46068349854311097,0.6988567277549005,0.7406298141069784,0.7211219289616048,0.016164023505051306,0.57987373465229,0.18920468344523667,0.943198603486017,0.42848965676183015,0.5861319692442668,0.8039163017954116,0.1465102768047054,0.830113806847214,0.8804162501224658,0.3656376007452663,0.803963906220448,0.17559119820515956,0.021429960394923286,0.9550134461289643,0.7630002784599221,0.14961670407104866,0.12157914389595847,0.6954631861182606,0.8345559709140383,0.5823396790501894,0.944684210689288,0.9144014669007763,0.04238620577433938,0.7685223892463249,0.6805717980776468,0.8379088664099202,0.8216393957606292
Equatorial Guinea,0.020940603897212196,0.4251698638356406,0.8220624377844062,0.8276153374085699,0.8772384861493714,0.22078213377371392,0.9308657135440176,0.08157146733879195,0.16795344728018013,0.39920462915640686,0.9465460450482901,0.38712089462506505,0.6350220290048673,0.6908520721466305,0.8928135695288467,0.41256807962930875,0.6138632897500147,0.6462842063054602,0.735510952863272,0.9615283326146256,0.21747988520595507,0.2100443707907459,0.3443055662132569,0.7968388800596755,0.09877239764481216,0.47020032780712606,0.6716608696298846,0.5981885712998714,0.45320826114655444,0.5937091486326674,0.7519517379262431,0.013824832876242032,0.7425523081025154,0.8713783603049352,0.64935966383628,0.04673296194535537,0.5947916560497677,0.6626628268443805,0.09584239133012684,0.9297821120802731,0.13741523602739358,0.06302863386311319,0.2391303942264228,0.7459106482708451,0.7235270508320232,0.6814069025951391,0.6981772861811498,0.4674983804115994,0.9530402430852827,0.8498866340760232,0.6806029964565006,0.09600919288496346,0.9847910024084071,0.456250847224171,0.6930454725841192,0.24701369286390817,0.0690584996509982,0.9115260771681992,0.35529600192686595,0.3182875071437803,0.49584238149636506,0.860380407172422,0.30281978047781266,0.2982761605337677,0.5001401914036404,0.020070421488121326,0.9801364540541211,0.733755801231586,0.5452456178579089,0.5804822750392982,0.25473858384997705,0.5849469271279177,0.2955421035692807,0.5666374257520277,0.8535005706437159,0.9987696743315235,0.19258622249034374,0.6209576722277194,0.27775504776233073,0.1857541851458735,0.3986905052317674,0.8690669292444868,0.8101446876509747,0.4050030480534522,0.831403662108579,0.2111878237310848,0.18131965436319375,0.6237829751278134,0.8070045267100386,0.5168774016247977,0.6001954758015194,0.24293623291977307,0.7477124111261663,0.9857289900289591,0.03543353929199011,0.4055881877696659,0.8195072770302032,0.09310425232662245,0.24698494662171067,0.9503717732006857,0.283130453187294,0.18406986237867806,0.6036936335234664,0.500557793800441,0.6747127525659937,0.14173834226789184,0.6408487808586167,0.3386966789407534,0.7747955614546878,0.5335610103284982,0.7772620971764814,0.07648361391446457,0.052433972488782676,0.12116464950869976,0.36260755737651396,0.8821690160096387,0.49338348416089994,0.9182066437262253,0.7966308399856679,0.8972084026424999,0.9786806053426155
Estonia,0.20004570578890712,0.745898861621593,0.7982115057172972,0.15722106978819494,0.2573261729332412,0.5313826444137598,0.9726109283929941,0.2604930498330663,0.652144014566621,0.28690859914616407,0.26935444504425843,0.08109881227722271,0.9172526469844686,0.16717621862340404,0.022591438192754332,0.3069642029623456,0.28117364123208144,0.5555100082152569,0.2894933140277338,0.7146680185433818,0.8795304293390745,0.8897231491353171,0.7539194025088924,0.4402196704310465,0.2216026188933643,0.19061800596982814,0.6805484536824764,0.7918511204473868,0.29786270505295787,0.000747936119798287,0.6773210242558753,0.7102466273669923,0.2667920515590432,0.25317745927600077,0.009200473052850433,0.8433046808852566,0.3985027145723806,0.7473274984634997,0.17384657369208245,0.29678544501480597,0.1128824954248766,0.4907206353764535,0.4927798209660508,0.2035875478395388,0.15491314009592427,0.26317959475905084,0.0014237817147965126,0.8793461577387998,0.7875830407253077,0.9726797320483368,0.1697932661417355,0.9421200375415124,0.9751104758752318,0.9336365239266895,0.16375562531094412,0.6870813497061392,0.8425755481678648,0.12823797504237078,0.13266402708490155,0.616550355998898,0.5689259179910243,0.5148354109518403,0.6584343642466186,0.7300030449803521,0.18529531340900351,0.18649515134205674,0.14340742167749054,0.2827229469903515,0.4200906716976881,0.0811431898574948,0.7049966052299556,0.9455610512122689,0.9813521937747453,0.49826666588781654,0.3842223193845492,0.009329641203087435,0.27020673297333886,0.9970892078190013,0.7670504875790969,0.34183449259368404,0.03959180437623011,0.6170101738783615,0.7994817886357154,0.6661860675689278,0.47855586305248166,0.21307867998749952,0.48677559262633974,0.772835630623406,0.44727210400414374,0.25385645261690737,0.5971100177888776,0.590824133875118,0.4013595016752436,0.8756632568393561,0.030353863491664135,0.15917315907512342,0.5043086567918218,0.8311178755725505,0.022246161945071563,0.14114149801409093,0.5853027446599512,0.5143260199557147,0.19111199554178215,0.22187848960232615,0.2961911410110629,0.03434864885906297,0.18435557801501168,0.056473192701946506,0.10693917093297933,0.13840390130017666,0.5228854784864909,0.636960584691323,0.6375670730348802,0.44784938032370947,0.2969428923856463,0.9449066822413656,0.8557176499279885,0.03132721739824462,0.8909579590316572,0.29945219836180226,0.1448607602988119
Ethiopia,0.6674712177642685,0.9193278658423744,0.06900952949391326,0.8320372788724408,0.6410631969031997,0.45933083886595616,0.27010522241898827,0.09888454712949157,0.20169904257509963,0.3564404578125998,0.40247727926174914,0.2499911714331109,0.8051570787570929,0.16722436781276184,0.8437270064172394,0.7463214604362521,0.9083953289365323,0.6209844033150826,0.8642874362235095,0.6472244396612755,0.2120038383986662,0.6189922326208847,0.08958342921541207,0.5777991070020906,0.5399776194682645,0.8995770493034564,0.49945306419776503,0.26032411051364657,0.6386894309329564,0.5864834055858171,0.1804653896039614,0.5851088147802195,0.7579106106732834,0.2732808761162292,0.9047128324528161,0.9703193825635182,0.5168284822913909,0.8211239872557279,0.3064657259624872,0.846148448403293,0.036024309995090875,0.10389650728893851,0.7419031840920146,0.7236913457561011,0.034599416660664795,0.5556160053572021,0.6135422512039681,0.49458614142449375,0.7254750594198208,0.0887912854563665,0.03303700741111526,0.1809590746737344,0.948600709590799,0.7978378680866565,0.03537179773113508,0.44784928709171046,0.909245610938044,0.05726448590650868,0.4180947060836304,0.029364906750097952,0.39288502007190673,0.43538601963990087,0.051986969437119,0.8816702120250954,0.6549756824238268,0.23007322041461653,0.19857023963414788,0.8304193571540635,0.7760314789025642,0.04171102334646504,0.1748814486559369,0.48829603296321433,0.2824917226830982,0.5799646872520398,0.9730173828940168,0.02484583394839146,0.9064496545546399,0.2097204351801225,0.2021783374550381,0.9407703508298444,0.9496782763331404,0.28373570233844636,0.23342223172230248,0.7574420334885528,0.1615727722474093,0.9262866312258962,0.9850185497391584,0.8116316204919933,0.5376273829870446,0.48252587408528824,0.3775836751785102,0.9968490485209939,0.9343968575906638,0.7893583690375632,0.09887196443252044,0.9492743025372615,0.47615663904006233,0.35973185427123266,0.292371153716532,0.3382507878361519,0.957730386553227,0.7559993515234086,0.8855538874839531,0.8195500150520976,0.4208421686340563,0.18250566578439675,0.7545907319616703,0.6513425995447079,0.10741572243981312,0.2807678716274532,0.6102910675660783,0.503942651659762,0.326280043176872,0.10590033416376254,0.738430531625783,0.5854074692023268,0.1795306663702434,0.4102867821302988,0.49311136753815465,0.9419695559816589,0.15147911222815924
Finland,0.915261102045274,0.08705185450355424,0.9604973719124301,0.752140885636452,0.9761463680394509,0.9238762399320076,0.32251659255852716,0.579868268786559,0.13744510058542558,0.49357046609974986,0.761829007762265,0.4212289625749549,0.15182436478102324,0.29222027286173025,0.5280594755836532,0.932550999285891,0.6221037425558723,0.14776931104088198,0.3847178754658337,0.6227852494883277,0.14995415061231554,0.44396225992765614,0.7046251941557378,0.25632246883624077,0.5023845008063285,0.30227013513848555,0.15332074028383114,0.6077370228142323,0.9745693362053578,0.16153158125295353,0.9162014911670558,0.1362554781304829,0.4157876173127151,0.8147467012487457,0.080363273338115,0.05453525107598889,0.8769206603209772,0.611236082758497,0.8511203645251438,0.5345791645689488,0.08491684559872181,0.5634662553977746,0.20039903026589534,0.9517744867937774,0.06266835091423817,0.9869334448556534,0.15698051795560075,0.6886072780953957,0.6208860505456543,0.9610545386734101,0.7538256366993097,0.10852948622426228,0.6229686081520553,0.6393726689136124,0.08354114138422697,0.6219994446722072,0.4714855856862278,0.7542677957888406,0.9561875719070129,0.19305241196689016,0.43663133999036186,0.009123344706031045,0.2685391665249621,0.31042259968137553,0.5985382043232211,0.002387965684312876,0.4091987010714436,0.12861690552416627,0.8397747569165662,0.867788001831871,0.7535997294558212,0.21071601069351942,0.020184356168264528,0.2174352846682257,0.317631886759436,0.2633817742082841,0.5667839094127206,0.08452657931637464,0.8877427942160511,0.5464001629313794,0.16255623757409488,0.8863283730726264,0.4008136598734017,0.8076062692990532,0.843486106837252,0.41518599357565633,0.5463273680158331,0.8477162126688494,0.46229598384123216,0.7364632277838769,0.7400800794755323,0.9570845548320067,0.5670805800760873,0.688519691218759,0.7078694638703464,0.6435319322081968,0.9172843819672328,0.3285070316299742,0.5157776230175423,0.05940303559703264,0.8182423142975516,0.09598292007879916,0.8350339624301061,0.43135115562143234,0.29154444174062355,0.2899402682219273,0.39289920814201174,0.003894311278026086,0.2396136335397372,0.09424002446848712,0.32457185931138777,0.2512801308391317,0.785175278776226,0.3826571667295182,0.6240171039904573,0.13403832097812907,0.03537376646772372,0.3101358225503479,0.9313662455542233,0.35218222263627286,0.9187541890217079
France,0.298280608464928,0.06706976057842984,0.11796957057340207,0.07950300054343695,0.4869551230659054,0.6022286935526826,0.5237175896485854,0.6650750426656634,0.9837459997527545,0.5140227383733261,0.7429693172761004,0.5075283214643572,0.7773539158623335,0.21862920738973524,0.3115101179405061,0.2081057526724438,0.2981577186024602,0.6318705791439837,0.7540467624059101,0.703545005388957,0.6464788951284524,0.7617541055727939,0.11657334391806651,0.4078980940291411,0.9295764109955789,0.790924462527942,0.24295608403211444,0.5043516187451151,0.4169469964234044,0.40294335318771557,0.7241352698730299,0.5622783675521529,0.5383542278267701,0.7297024294926515,0.3745938303779871,0.7731380493907307,0.5504574593166908,0.053082977860422154,0.34581071902226956,0.42843199306686686,0.7429438635692674,0.4692966779976372,0.2976748193239881,0.1110889108570734,0.9829367687329291,0.32084641608848075,0.14201171533826618,0.9828515654683695,0.465351714198755,0.8367248722471292,0.8645206181208135,0.1419706239037266,0.6548078929820635,0.2136097607586247,0.38157789708895273,0.2182478517228168,0.8228644093277983,0.5469903311859172,0.9968042776285172,0.7518591648692399,0.05614968875787274,0.47083615791031797,0.7952855004902885,0.8902725759382513,0.6358873075562648,0.8543338878075949,0.43522586944718555,0.29988427203512014,0.9476412583533436,0.18128087770561052,0.5099972145693845,0.7567758015920597,0.174352736184739,0.38214892634222386,0.9802049933218265,0.10765674670241432,0.05939159942796968,0.9378812770979678,0.19308205611581752,0.5912104714895872,0.9100402250300682,0.7919780049146394,0.48178336543740463,0.5622129989644499,0.7774189082258403,0.0972290216463153,0.26028026319697317,0.296764027290532,0.8555977614447676,0.8042569716687611,0.9718916751766895,0.647101522676063,0.28868199783951265,0.7240512052754843,0.04132685786931101,0.71526802855213,0.9410697613361199,0.8524697429874282,0.42604904365628204,0.8181192288564137,0.5592862417216997,0.19264628157590347,0.12470203044453443,0.9535397236782195,0.4750707859636999,0.5372892798955787,0.12685972878134866,0.6937858642713726,0.2837186385111965,0.3668837578058133,0.8729315786170329,0.9097853109261674,0.5573384777063248,0.599880712810588,0.13314239641680203,0.6050925632965004,0.9847848675417905,0.47749615144098034,0.17373354583065959,0.031794805448203345,0.39353768631165054
Gabon,0.5466456223544096,0.9613077290518041,0.14622971390613515,0.3383640551793854,0.7287731523529751,0.25014201700467253,0.31864322210645346,0.727507483213262,0.8054485247479715,0.4278553747285265,0.9108038556323653,0.39185990372645574,0.7782999606308802,0.17073372282475774,0.5845669850386699,0.059470717591870836,0.7497995952159884,0.4316398723029998,0.7722379351471044,0.47387797431715506,0.3775095189774086,0.7345914601773195,0.624169291343713,0.39464119240524254,0.8206920904022454,0.29953605398841654,0.7174216389897508,0.1711239564060537,0.9121858724648413,0.4306644448733957,0.3500703008674796,0.4167566932911039,0.6783143677427586,0.8081351632738198,0.04574352471671517,0.7302718812538633,0.30366649704712956,0.27481895149006275,0.350593040804436,0.17240733514671647,0.6300288995347345,0.04816289397895834,0.08788820196354252,0.9835127314813455,0.4264809227868275,0.5440110696497016,0.22256767882653006,0.5849093627448888,0.42715296842504347,0.3576952113979618,0.617553668267012,0.6108954880806309,0.11137542655596722,0.22957878528180842,0.4150449358652367,0.3067594075716774,0.17007326138460832,0.5907235691527681,0.050872741868273175,0.8202073389247992,0.3299374012238131,0.7773938835056982,0.6220880431824769,0.859565653946481,0.40435284435134833,0.764116156063837,0.0731931642607323,0.00036542420276153287,0.5175343130917026,0.6849313744354274,0.09286460538925623,0.5028607534343322,0.4934235742180475,0.6015048875844257,0.8271428573513714,0.1061421204784424,0.8636796240383456,0.17035730870658206,0.212857683204275,0.9098777861558679,0.18283846066194243,0.8076151039004631,0.1877602185059295,0.5875362943412354,0.963801968823514,0.2909877972904462,0.4882514151280145,0.0006851401562293358,0.44858044847680834,0.743321309382387,0.17463988020877308,0.021412914483059486,0.9831096689130134,0.8831047358545275,0.30899480788166733,0.6468636342709617,0.8551860451064928,0.2288816864946145,0.8695543028105545,0.6392483345981423,0.6847881161434896,0.10732300002708117,0.6618203493240383,0.6466344095808872,0.9990100285480956,0.5069725014486128,0.07912358859717383,0.9295100618560328,0.25982717856086557,0.3444915222420525,0.4349077631471864,0.3061103332080819,0.01305317443207532,0.9660563428452078,0.47845828977774596,0.704072573683743,0.07455188252276146,0.8967792601772657,0.784030299842499,0.10641930929664678,0.3577810612880167
Gambia,0.37516545264076795,0.7999424795725234,0.053730620183822464,0.7858594475803394,0.1832592329304329,0.8663555286751213,0.4498206019890548,0.7570193751443779,0.711295028623575,0.2825136706679783,0.2918334244582207,0.7216317543780927,0.8419894960887492,0.9372273873390699,0.936055583351406,0.07070871122469846,0.011101824940052407,0.7581668803307668,0.2416406944877939,0.1623600826925311,0.4196885563861412,0.2815744972903732,0.6766241516704417,0.7482154311358113,0.9212000095240749,0.3903090897846926,0.9434363940094497,0.8499144098658674,0.48290373481494886,0.6513644063271279,0.7414223476667522,0.27746936872265293,0.7013170611685743,0.4754762561418375,0.11089442556691964,0.49586037013575046,0.0033944416364529717,0.5819051749527145,0.4889074927267416,0.4618712767887362,0.8821724449738505,0.7767546622253554,0.9561947965369211,0.10291129056729376,0.9428836559749691,0.6397213198022302,0.45973650621865947,0.8000650128236064,0.33583786546500427,0.9971730966756561,0.6708053936407999,0.5932020020788525,0.7325279929414831,0.39294181320186294,0.44253498434911287,0.3501922802477939,0.6774909971811796,0.7934610111936165,0.1232672339280868,0.9101532508598802,0.01083784329604831,0.6705585415183027,0.47684922150690623,0.6320157144155212,0.198164342379901,0.34683608166395796,0.7404984466637375,0.9477538746553168,0.049238292913737935,0.7300385514669077,0.28647427314103946,0.8245839040004045,0.5998490407424352,0.8518838679068148,0.7945446852463555,0.565574412445261,0.5106951310832729,0.12225421499316103,0.47505586334175764,0.70136697392309,0.43758626679930435,0.4707456301536461,0.6076251998285858,0.4703752529787426,0.5630995491244235,0.5090533772142067,0.041859501867885895,0.9402540296095971,0.5718321223380513,0.9289137113304737,0.3055497881404464,0.026419913370847592,0.9875931927665926,0.5977284932943845,0.9317926070370677,0.8554939830076198,0.9928317873554412,0.014011790199432106,0.2789808958564187,0.6517933272193969,0.45359042322976206,0.1773681161401961,0.2368211058022328,0.46942265432649466,0.8776377628360043,0.560130535943487,0.7223421267181277,0.13023033011053908,0.9773928878110414,0.5129920892279295,0.27668102763474056,0.12829234945158519,0.9821385228506383,0.9278003837269083,0.4048102449222861,0.33194720132653344,0.16173875289118023,0.3503620789864379,0.10210570464318525,0.5451947562625987,0.10852326765131803
Georgia,0.6767856935324396,0.5870554077540057,0.11421451773126357,0.4391050051986539,0.7720625785530779,0.7706279352200436,0.08269888312500939,0.8027608801688226,0.8551431140790026,0.3771587053780717,0.5640681586347783,0.8739188674005084,0.28596667497770356,0.09107489288084814,0.7639690179962526,0.35949491504223774,0.9629519435947752,0.6539063045636591,0.2505430172370662,0.17352417767874406,0.4881302854017022,0.6130555973639916,0.2954097658540067,0.3771786297066059,0.49810037083298975,0.4005310389003003,0.17924196719535834,0.19668873906283546,0.18257902097546885,0.6014554830036455,0.8014252581500305,0.8239955342460414,0.27876109469627375,0.1888054919979325,0.672930149079121,0.8917057459591179,0.42634808911884126,0.3607781249133204,0.5713157199587018,0.004156865980872171,0.5313769777088696,0.16669134791681295,0.358076882247084,0.3185057596284089,0.29185104121096206,0.44024922377752607,0.39393163312384694,0.25390504620207854,0.8356132825896063,0.04816198465654997,0.8753025997913155,0.3993521571638443,0.7313425530884612,0.6078470887094065,0.8242995216164297,0.28748228991529845,0.8217052731744175,0.1855059746214489,0.18008396679002803,0.5199794528720301,0.8742753416982727,0.4185452474058826,0.7677363147806219,0.8623521798861525,0.33330112568268566,0.8233289064510821,0.2538919161881128,0.7024834365725652,0.6875078988358829,0.14170531783245666,0.4326725452979836,0.6373464845083389,0.6169756685429152,0.8434957511615832,0.09755686294919452,0.6475889952303969,0.2784704263579322,0.72582683497371,0.5424372407666096,0.29938170890555216,0.907354185086359,0.28352896016832974,0.7486468358327846,0.744702787827352,0.270457980954398,0.17064594621776885,0.1820393909560789,0.5607754352283053,0.6064507139609988,0.0032249147955644153,0.5684272233347327,0.587638759445896,0.7876459829246412,0.9128594476632662,0.2495618851950836,0.5431313500182049,0.2558492392632824,0.41690426076805764,0.008756023909111676,0.3466116774024244,0.7052067367541514,0.10961738874015536,0.8730010625567937,0.5698074807126091,0.7772705868240284,0.6486611464884264,0.3075743132109743,0.9104568071877752,0.05265810455942854,0.5550728552137454,0.9053325383431975,0.6405180999758052,0.5889428728159942,0.3570719544530142,0.9910998576409604,0.35139135157158374,0.9736187008510138,0.0016914335308058082,0.4482124957109246,0.29005186749893297,0.664943069231005
Germany,0.649235691717743,0.9823017870103826,0.7662329966290018,0.35735107946292166,0.01943031234358006,0.46117915576793456,0.21681666139453937,0.28550844774451256,0.5314332126246896,0.432001194131995,0.25890421283565246,0.8427376568592441,0.7928271956984706,0.5135730275336677,0.1934711507966571,0.2899255574038623,0.8988592779361851,0.15603894248718342,0.3594854538080088,0.06109394908763632,0.9102227348290696,0.743771559552822,0.22488981271281905,0.8238510685699885,0.5820280779340905,0.6690079321953493,0.20131538690864126,0.21518305411164096,0.017321438886808593,0.47572493697262064,0.4903462119886529,0.8357747823151562,0.6374306938375531,0.9130392606948722,0.7340201714847502,0.21090064473570647,0.0796983584343689,0.6952444619438922,0.07185013957435782,0.3913841345287713,0.49157704734647,0.2687250595640567,0.4074693078033068,0.6867477100140352,0.3742055566719925,0.6238723405917476,0.6290088336084737,0.8772690068587735,0.9692505023714352,0.7243901663333581,0.6757702227586676,0.6663523967864,0.899835491876826,0.7593691441619743,0.5932642550328744,0.7784228914893127,0.02485665263681014,0.8822393553941984,0.6008607077869514,0.4703400612150591,0.6192626759489696,0.6388879147197577,0.8702147521329693,0.4407111283246623,0.6783249451293323,0.06372128607119487,0.5745877775200633,0.07526489106007661,0.7533722188053316,0.3529413629660454,0.4157384117728917,0.7714004989711908,0.9942940084640569,0.9784093428577608,0.8470159227056293,0.9208162210156661,0.5513821358230087,0.07317328932814604,0.5279766799272491,0.7257385723424697,0.5174757327493287,0.7336136219571365,0.3945267143739014,0.4989632467023225,0.5530002481230607,0.9745045685312698,0.13257028558126038,0.25292384537008883,0.5465136394384901,0.9704138381039158,0.993335740958694,0.8975759341489215,0.46664593259016174,0.34295846190359525,0.9599008190853067,0.8542417988739238,0.795203747031157,0.4791856373880484,0.8959999409026911,0.9883767792046865,0.8884043736438756,0.27814853378097515,0.9164936802497827,0.4792554297338322,0.23331074358714143,0.4040538092454703,0.3537665277331359,0.8782711372846452,0.577525036485008,0.9737208368236862,0.3051121398042187,0.032879936132330756,0.2177030863927879,0.6767273524926402,0.2825779050364726,0.8218050902872926,0.8252302182142892,0.1233341824210249,0.050762338083334524,0.8477862586573337,0.2534167402862505
Ghana,0.6920234417780629,0.08860440447816575,0.011839524748452623,0.9233545118195259,0.4602141580616984,0.9346540588214307,0.18389315350846092,0.4359999262308223,0.11910231538746963,0.8463507259492122,0.6990299714698874,0.9686050686328543,0.745102960600041,0.8636713366189925,0.4010904181574527,0.8099971375699564,0.962202105853938,0.655369513564666,0.2751659168872673,0.3315052214552614,0.8075680181915209,0.4733717551235841,0.4676993206941913,0.37852288484372076,0.43322659318258117,0.6465536868547547,0.7764790746090195,0.898847799455021,0.5314009957473508,0.16050300752265856,0.7679541519267113,0.38101576522379077,0.687966892238641,0.45553068765155547,0.9783317589627722,0.7540935177069577,0.02385246184375156,0.11629643328289285,0.5947417834904305,0.2692242230828559,0.2091601670741734,0.5168050100921923,0.920532407219332,0.6610122847364731,0.3469489460661215,0.40053412635369945,0.6969814495109686,0.491732009014341,0.407052295029512,0.32167404848652226,0.31088253989529846,0.12039776763226706,0.279739603244769,0.7131122356883167,0.654805447711922,0.33822025630136987,0.669878653284375,0.7881959440962963,0.5422277191516576,0.8105603403411602,0.9474812941562577,0.42804761014343196,0.2913907986228763,0.5075000059871758,0.2501936106779602,0.6393359675188677,0.16309106407737417,0.26024726297699663,0.6360750835711411,0.3165050045145835,0.8581978056648784,0.7522548354226866,0.04580700276547278,0.5195479751145399,0.9152515098804365,0.7707421338808524,0.2978611004883771,0.743325473853732,0.2584340231227097,0.655984015441109,0.9948630804922248,0.6633988486441287,0.8183163928956393,0.6177953618287835,0.9899342866182107,0.8592781160650408,0.9381163321950499,0.8910127501911013,0.14042839762420312,0.06773116019919978,0.42106326931542637,0.6745251942129594,0.021346976297023534,0.5472101062198724,0.3199106406770871,0.2451333708708887,0.9730121772722471,0.8006485372008435,0.1682855707688139,0.2077256626414623,0.6405327803827972,0.297629717399713,0.8286362427570649,0.6607990478674771,0.28780669662282865,0.002456225682933022,0.5300904389877802,0.6145861167903509,0.10455713298520986,0.036320792825667136,0.54261408591183,0.13371729715067227,0.33999693875701387,0.8158816138760211,0.5699567148174254,0.26438332322314184,0.7176635021096742,0.609931137976939,0.9401076346458822,0.9939655819489794,0.5034282423013888
Greece,0.2635615095547694,0.9768130525193374,0.6464681995670947,0.23431041429073474,0.18389421272392492,0.34111799824891265,0.876420946205621,0.8529795394199988,0.4529340159033649,0.581976159330413,0.5450158183322827,0.6733803647171642,0.5362175427638062,0.47174128301888585,0.4653473121338465,0.4223361774087463,0.9845298932256722,0.7334879784872784,0.689472742052452,0.4124802975369213,0.5556549116355715,0.3441369535225448,0.1499683423046313,0.4600541746032436,0.17682120500821075,0.8402849126426913,0.25537586470655915,0.3882765202486451,0.3810087505620857,0.5930051226147404,0.6570231833496353,0.38668881534572097,0.3430219233424677,0.8127762456892204,0.5125140493726537,0.5037563548201885,0.8316361470394196,0.09550419279533873,0.6399729823963589,0.45652839769671305,0.2287784714014779,0.7421632105470682,0.4308836955213623,0.7268150058286756,0.1835838449342162,0.7884613407112031,0.02868290483624969,0.06804373198571145,0.8745592390126627,0.4238150423865653,0.17661675664213472,0.08149570345355961,0.5483327796369182,0.03739768413941047,0.7032113223177269,0.445235032092149,0.2683629733186995,0.48281111810706,0.9757567505587796,0.9206744068437533,0.27951170601950603,0.3751391090346806,0.25448380239093293,0.4421198874102029,0.8374712145737495,0.132175519616471,0.32625224819870746,0.9942245376739633,0.7352374454910671,0.38240250633478534,0.1377265032127709,0.5255849290863083,0.32768655800120805,0.09267128020413373,0.5265758857705753,0.8477656810345554,0.9369081647541994,0.24960797714777727,0.7798995406613287,0.5353057609862838,0.13667513246923413,0.14172031309649513,0.17118506979028736,0.9071887826327524,0.5829147901334897,0.9734132213936437,0.6941948420551944,0.12730841782019697,0.5375283071924849,0.27932531218325696,0.7144999599823201,0.7880304988360175,0.6074233525361803,0.19821313167821686,0.39833367372514894,0.7693497967450158,0.30366108897384936,0.8733812982750695,0.4662713101511877,0.4562597324424691,0.26690563610401963,0.13744497068828143,0.8764349670295049,0.9639152729640806,0.6334082203448161,0.6153015868201908,0.5800228822352607,0.163136573772508,0.4708589536256065,0.48837388517675584,0.2608530605299487,0.5574982526548319,0.33078786299808427,0.1498724870987208,0.692936307961225,0.28412538489943817,0.8187546526652367,0.8627876055028916,0.6413855227369294,0.5139114575098624,0.04799736044958769
Greenland,0.3610371658596444,0.924612143810859,0.2544180264368726,0.5116644390779278,0.9567330813977135,0.5831109044583044,0.21026685713074522,0.19448436749416098,0.43811350234135604,0.08444075554291908,0.2099494539559278,0.3982235965311073,0.6042518033672761,0.48446234121674936,0.09768636971626854,0.23732539752118642,0.8331008117229985,0.5376918128763798,0.37602273572849676,0.49152798896228067,0.5618037578718834,0.41213566236258803,0.17076223720062256,0.10713707032990427,0.4815328117494072,0.2336788151991861,0.16173757639353492,0.5547094395878731,0.4552969874573417,0.7824056801671211,0.34293137437355237,0.30290604606564764,0.8646738057056168,0.865014231441741,0.05419990157557697,0.6610964247405375,0.3682666426577791,0.8952354956366094,0.4747705809794479,0.0778344365887369,0.46255236656011356,0.9593114675784036,0.07287468088689097,0.5007008034301124,0.23477973783090367,0.5215303256770858,0.09962806454256501,0.7863507592152629,0.1483859332046985,0.04295967083790464,0.8757773056250286,0.46590236669544915,0.29450431485339423,0.2604537644394329,0.8593234926325516,0.3011756601544887,0.1357685355400149,0.44666063043799675,0.7428093526562212,0.8182482068132555,0.02923163630850001,0.7504440959469761,0.30066869946613917,0.5238524007023707,0.5450492549897361,0.2527302545244794,0.464854711360945,0.3301541307280391,0.5525125569186363,0.6457863570429498,0.86536506908803,0.7626397386781315,0.7914437543792984,0.6497990595479385,0.9237424674750718,0.490323423291518,0.6754034705669927,0.33908466138232096,0.8124791222894504,0.11351456402924587,0.14509891805599962,0.7644372808692225,0.29789130143546927,0.36422427345145947,0.903162063101765,0.3592714412920849,0.04732302563513968,0.7718078433357645,0.24133688375206708,0.4897654674223645,0.06696409659140345,0.6011865964106247,0.4222938084085758,0.61645317768933,0.06780492737985078,0.5386850186055904,0.34902271816889063,0.6345570579068323,0.7846025820893471,0.35647495277233976,0.911618709262974,0.8804036177426784,0.6710998696078125,0.4285174442068794,0.14704405427825606,0.9743068654516119,0.5145011372918862,0.20979094558204758,0.6917888429053882,0.9464099051877513,0.8323887482871032,0.6090485620628708,0.2333452115401332,0.4948747792861301,0.25451212948860136,0.40226497709013964,0.15464155415282987,0.5104121774057868,0.3966159436357275,0.9158756693930321,0.329892684342488
Grenada,0.39985471681377327,0.4939792153033873,0.8143940974786126,0.2528982569898821,0.36970392168772503,0.513949528710403,0.8198798355077562,0.6668567580263648,0.4063605911280742,0.5521864384448346,0.8991534311435994,0.08913032753769978,0.7498925116075472,0.055269532630409346,0.8015540684938386,0.9054148214502885,0.9161836554912718,0.38076110857861756,0.9188486598233847,0.9033091380659962,0.9132535973932084,0.6010746340608988,0.3199468609058522,0.5696027530131025,0.5012606028470099,0.9368078107239091,0.23667102974069643,0.0932637439953169,0.2977770535664348,0.1644139133282796,0.17998021607102332,0.4165381868335445,0.5603636113088215,0.29023542251734646,0.3187215492869181,0.7476063469001225,0.9539413291057928,0.054385872151509695,0.5361346480105059,0.8843984313309781,0.6395749253240122,0.5485941935419476,0.27288683023660887,0.3331920093474753,0.9223781751976983,0.6496761433970301,0.4723337410463829,0.2449339810682949,0.022507633635916346,0.007415267342745002,0.028159134907608352,0.2167878578180158,0.7976137995227637,0.20434607231565205,0.9219184499355197,0.8039798326650117,0.366152136533509,0.7651738707846426,0.9578311227193963,0.1522369758395018,0.30092080013289113,0.9858148139999877,0.10863425151876926,0.5751024872995617,0.6864578928853468,0.9815480604118253,0.8774852016546264,0.9295116626296532,0.9151075783078959,0.19782527086432022,0.14196283740978632,0.11973353630031347,0.6591866140747645,0.4629113843041409,0.4847386216489217,0.9234804845660578,0.31773029886772497,0.8347601243165089,0.5756571510803034,0.2589233786543552,0.32218812114124473,0.14406816216230633,0.7260281083750949,0.9540218517811915,0.8652159508523687,0.45810702865691433,0.03565043487292907,0.5374904298875542,0.9296876093730132,0.8740890514114475,0.08199038890838606,0.3747142931766636,0.6513082542990632,0.4866317582467602,0.44957298434036286,0.8856926931039862,0.3243118638414616,0.10784182934980291,0.8979702647988955,0.015288219704050254,0.7863237073756104,0.3744869717769944,0.7135246981468562,0.5409027499455811,0.150845630415116,0.6472987884343224,0.30081911912432413,0.8898424039956968,0.18203467762351244,0.5337402707854894,0.6437860846839273,0.6401346902651606,0.11320656810069107,0.3253990484206868,0.9507298136870846,0.27400421713721734,0.20111916247701345,0.09592204920735337,0.5701351343523271,0.4676491165329353,0.1357350429305615
Guatemala,0.15177423307645488,0.17115004369212927,0.3238555015420269,0.9328710057170996,0.11284252016157448,0.8375788136610048,0.10748598405842535,0.2513425480340773,0.4023577122390274,0.034702741216586785,0.22640647296567096,0.6093287737507003,0.37917255443250963,0.09538456318383759,0.5505196710982636,0.07124728380633927,0.40330710704994854,0.45836352289670956,0.9816527556620491,0.1251720069294251,0.9915185047834326,0.20595010960527127,0.25839708097873837,0.9610303544862897,0.914624860672261,0.03989909055933705,0.6857667099726504,0.02770759247540977,0.7775280481330505,0.4370073170337765,0.2343484899260725,0.5484005240231452,0.3718404007542101,0.33475097788138586,0.4057287617619648,0.6239089707582477,0.2506394247857874,0.6802998330700882,0.1986203802945239,0.7965576271898956,0.23507862897893417,0.026514002106972745,0.6278050878475496,0.7637269581225077,0.5088300407369161,0.8626711264795717,0.39531284054040094,0.29557209164800524,0.09520139078826839,0.4608381033908634,0.9387204573981185,0.14886920469494447,0.212658387189948,0.40463929639141216,0.5808384301852343,0.5388546923324974,0.884688931797696,0.43974805745789813,0.4900532880754591,0.4590575307638798,0.2821266312163243,0.9813736836217155,0.23285964863893327,0.57441301259006,0.0559180578371522,0.8890719651062592,0.9731041248720815,0.25789592961567254,0.3152855438488237,0.4294967686602381,0.37070532986875593,0.6514005281686752,0.5745002525657358,0.3741372429984008,0.10910459155940566,0.9064324564913404,0.36392811735027764,0.4491829641305505,0.3556998694888446,0.461173935975299,0.7001434986916847,0.010640793644833169,0.2799929982962087,0.996013174315086,0.3953207249673233,0.6565093775925965,0.9368624088525135,0.8139143448998429,0.16279066825011035,0.7128928549763154,0.5231123301856314,0.32151242766592436,0.20049470406221792,0.2845668170065304,0.06750648682668514,0.6813349721968112,0.3283874897357464,0.2529152375674668,0.26719346002972433,0.9982007984653674,0.3450303993381312,0.1767558892970914,0.5659451303254671,0.0318008190995287,0.23555257744548475,0.733987480668465,0.3939283284387235,0.9971437964692945,0.0019687317044743136,0.04284813223127548,0.3257329490298979,0.40887888712744747,0.9826183988527403,0.6191172121736703,0.04366277579464484,0.7881879664147634,0.06489372166180274,0.9310312897518997,0.26408024507960026,0.1908609077137119,0.4622439303469761
Guinea,0.24621078050526524,0.5778053970864835,0.9167589370956643,0.9682801093974727,0.17724419010988868,0.9577835346722798,0.697268526203279,0.5336279181463981,0.717552247131386,0.26624258466277384,0.7734177607253768,0.9454156722217396,0.569021957707065,0.14525998968875908,0.5527128127241789,0.2686359564729208,0.48845798269711593,0.9794130578682239,0.5689116433511899,0.40074238314996735,0.4008398029941622,0.9049234894634749,0.5564572247808571,0.5336228922731241,0.590737288620926,0.07916247185089831,0.7997168387042046,0.4578686757514009,0.7989350256769464,0.11597815356168717,0.4096607376476208,0.1089930829571083,0.1618160890624124,0.1510311345160853,0.34057704753946294,0.9231505847824824,0.169940345533256,0.2918427860775695,0.5528495666401491,0.24099139815408332,0.053832036350850876,0.16361806599058948,0.8371699260501034,0.6275457756718037,0.8462096040482597,0.8635845615344262,0.9832147935240051,0.01616717590865746,0.11431072219584082,0.4975972616166643,0.19384987494240147,0.845938429635029,0.710790494679507,0.3596153740507675,0.9440885378947297,0.6418708491657237,0.30521330841727,0.7828266295310561,0.6318057910600445,0.8351323016383398,0.017647644904331683,0.867927346539966,0.26099833953654883,0.7455034579224765,0.1911672677571904,0.9958587621942149,0.8425588341209578,0.1359032335326359,0.2572751768255007,0.4498590685882856,0.197503442781378,0.9892497027694651,0.40934413008508874,0.516559346957652,0.22882744426207402,0.2811982936538877,0.061066475286709165,0.05816574412448694,0.5966835265174733,0.9197876532584869,0.7321537273394761,0.5826124323218641,0.2705335215716841,0.7620024413436107,0.041018415657919194,0.37306636950684147,0.3584835001395824,0.08110736450792932,0.06708241505179835,0.6994671232842649,0.3801760466994968,0.43873944327999737,0.1564203897625337,0.800281440008241,0.9288836815653643,0.690354746187567,0.24914222083803206,0.47221319929074423,0.9617195010876448,0.1937075576799091,0.03987860339707838,0.9727496906216526,0.7090795902714215,0.6631404548641424,0.8130981108212956,0.738119148492735,0.5075265563775061,0.9585975427042385,0.9753292536116456,0.9036301334637787,0.35657980590786065,0.8243177823389317,0.8959035812553016,0.05315751957948256,0.4416637773060744,0.7496167070825572,0.7596667616208616,0.5760666521146502,0.9719689430863849,0.9884018102770142,0.05375040840238998
Haiti,0.27639532274212664,0.8716455524858089,0.610935787217354,0.8368729506487553,0.7130641802560088,0.2851387395538074,0.02873983618557341,0.47048907458425493,0.4116511414547235,0.24047831190734592,0.8054826484270189,0.18575593614160713,0.3944165052768275,0.07401351122699884,0.9029477890570202,0.693649516055567,0.646131474614866,0.9227208455664505,0.8417382763037683,0.18955380436632607,0.9447946745552549,0.19704226000654623,0.5989197813503303,0.14549164722116015,0.7520544364170989,0.8745432693664182,0.6842533888614006,0.4519792343528114,0.1003480560259471,0.22436115858051286,0.39807568924160874,0.5385595983583088,0.05501288842527541,0.8531595357358263,0.8214580389281697,0.5032739479221234,0.555151001243061,0.2052821416619368,0.36736201219250586,0.7267017101433711,0.8579285642678753,0.5890235211046698,0.6214393285151844,0.21165496919994464,0.21732368690636872,0.631711069521495,0.5962594396919852,0.8301370513324853,0.3032718610652464,0.11642312096239538,0.6385755872328149,0.7263343955188863,0.25049783831975847,0.3758101217205414,0.005474712818012484,0.11139931512296941,0.055729518571464354,0.975008890034297,0.04778255370251483,0.020210645315708153,0.811521722801265,0.054669864306855276,0.6500360973612631,0.030240635494820922,0.6259976250525127,0.6076548509117781,0.37213960995385653,0.4200363220510389,0.863511020760808,0.8201240419324072,0.8104644216586894,0.7546315230236359,0.8499461941986108,0.6426228903835228,0.35152964600319137,0.19432042489107382,0.7185486918930265,0.015232577654355706,0.7913499135243904,0.8133688080358122,0.4293309565547475,0.9154013483129902,0.12159177895613504,0.39009160136872,0.42401801960423025,0.7837039345102834,0.31923921038944114,0.8536576722191125,0.5635566022366593,0.9026213064517655,0.35596791157084606,0.3153183508624937,0.7709871545348883,0.055908206061605736,0.49220682494023105,0.41717813035858997,0.27190454525059815,0.29801449245371614,0.7441783868854303,0.16498207368976048,0.9658945380627216,0.35053447277250904,0.025445293715751105,0.6958778350593247,0.6959090342211149,0.25409326295232393,0.47168304557260243,0.5664206681032337,0.48492871990917663,0.41885812793777144,0.7426425033539562,0.7953190506040421,0.1316203305270125,0.41838052724870645,0.41673312849128297,0.6043466373333317,0.019671410580131665,0.6345872666109801,0.16200565834207692,0.1588652542989233,0.3251865574244861
Honduras,0.06330505546607679,0.5846390523734349,0.8544850330207592,0.1300698561995851,0.07331537395069565,0.05417852465189832,0.08925984171870682,0.4193657442719575,0.3418906831475642,0.7233151505016712,0.2699582729703103,0.0927469859545329,0.7600137942916245,0.1503609486926062,0.5645099713592047,0.3023894524347823,0.2945109225630005,0.023730643762712056,0.16780919792999494,0.05260234004926112,0.8259072265771785,0.8303416262607521,0.8493241696626177,0.15373279493988767,0.272766906831756,0.21693568416820164,0.8887888538231665,0.9466091001467644,0.8682689040110895,0.5461924641014214,0.7050933025895412,0.04067513645396115,0.2754096830564058,0.5844773193055042,0.8242101844584611,0.0197014161999981,0.3558274591937195,0.3819368285775414,0.5798945050201346,0.9804707850478505,0.6117504780980713,0.04355475021492383,0.6047472650746647,0.3803769618963344,0.025840642091661703,0.6233480773468898,0.8575352582755599,0.6396463877008575,0.7124140086662204,0.008656752466526307,0.7614145538263923,0.11526465118177032,0.2778360724187371,0.23123877476512777,0.3146598575522933,0.04650532212397229,0.8143129672805007,0.026190611121067686,0.5394557083737715,0.6355449248515175,0.6946615096402453,0.8869799341888087,0.7347056191546576,0.6933252718236411,0.5054736471100948,0.09010059500021528,0.3289084088438554,0.9502119513604012,0.8442035251067233,0.06366929050064951,0.5616690143981485,0.23797797514631447,0.6484623817619547,0.5614936137722981,0.5029974650430223,0.3888511470803603,0.12556856056707122,0.694124396961134,0.8685693693156926,0.5318350001291201,0.6483865472219282,0.21626430378936612,0.6606642012151036,0.750458591733554,0.8666765180006188,0.25554460860089445,0.3427305148396852,0.9648007443748462,0.9903140165429214,0.40913462507521836,0.1398715853866539,0.9351352715557872,0.015016237776745212,0.8190767412015452,0.365135020408645,0.7767888601491102,0.8108790594123367,0.7872028921124137,0.04905963329101137,0.18510303761741997,0.32544608856005475,0.5937721253065272,0.45912594909018956,0.05708814388703265,0.14382971788339827,0.7010570982542761,0.43834717564009285,0.05395558789847321,0.38803117636650086,0.7344328204798471,0.7431872225864481,0.1789802803579813,0.37967046707654384,0.3075854978204433,0.780260097874738,0.2575063758854804,0.8592831603132292,0.8861760213624974,0.11018934985900486,0.12040769368799953,0.07741124880561723
Hungary,0.567525525477448,0.7491288017404918,0.695688487894886,0.6196734398858331,0.9539005122530122,0.7173928310311375,0.9410217719647869,0.11026273309212697,0.7842585676952228,0.2896871522478497,0.35488042856393276,0.7383119559253019,0.27456057355850094,0.5257865174521364,0.7964218030049975,0.11056465796148218,0.6147683763347199,0.6333125134607507,0.21729859091940795,0.4737840625643508,0.6162263177237087,0.7042516963556287,0.7028327393700663,0.8958758874645468,0.5707650321103569,0.2159539870793049,0.2753686430610991,0.3375513217569771,0.1740527471054245,0.5275184410333017,0.4299446182120391,0.9442888775779699,0.47490038086270336,0.453810776186538,0.5449035215038938,0.6875578446022519,0.48881542632779085,0.07028955864349384,0.49312927909380655,0.2977656439836269,0.7029271908189272,0.5627934744171006,0.15672275360885346,0.054322964537793506,0.47869926112421357,0.9128826303805446,0.3055539027445626,0.3803630023298773,0.859316163519547,0.03534060930794769,0.9307932623656974,0.8836035911764293,0.2656124659379381,0.9241035314043115,0.7351666255719985,0.525502297739981,0.6009996980304242,0.17434695422528135,0.37131228419809925,0.254999533067388,0.45537718737538446,0.14391708327292563,0.9809733484513644,0.6134603596812407,0.4503242867773496,0.9691235483924863,0.1576974049234221,0.6892277110472566,0.25333408568924554,0.12600219170435611,0.3703303094255975,0.1515840377879517,0.17771214499983434,0.3261976483496195,0.6138222697530777,0.8085954488432483,0.5234727204054365,0.4039156292344016,0.511881074531215,0.36995458148389815,0.5257662202586924,0.8032463571411932,0.5078806544067919,0.3243930363367432,0.6302232083307794,0.9775557186583557,0.02188415430514945,0.34122342145369233,0.3554808829057847,0.5129159701075455,0.1986780272332338,0.17613057755280903,0.9771435416121874,0.15004776199993064,0.885441885599403,0.0627289357290236,0.07281729562522554,0.6878175508511314,0.0549977082881532,0.339952475036147,0.26796537541274157,0.3024609761486907,0.3013996301908032,0.8172179112849645,0.3821368798260413,0.7399132352666592,0.9414096402549706,0.6644010151336789,0.9450379057815049,0.27266316707504157,0.10647622365988851,0.6042124764564367,0.29578260041918325,0.26891673523088144,0.309459305368191,0.9472171068214197,0.8518768445470012,0.8357011954820559,0.3919414923515404,0.2548656145587559,0.49030947280321613
India,0.11688799289545149,0.978008728140588,0.4381207160641968,0.8665230876424662,0.18621435177475643,0.42203822971921345,0.9839406798703852,0.886254163531258,0.4153962727116972,0.9738182074044984,0.34404558801954177,0.8091806592265115,0.991325118446654,0.6378011027439239,0.7903870184579971,0.04487248671718702,0.6576417590740258,0.14594681569863066,0.6242050279882146,0.7435865025704542,0.5108199239376189,0.9128117153002351,0.12500903521037843,0.5871935018655156,0.7394447325870936,0.16095619330485944,0.5231127452045987,0.07820157481641388,0.5022193642362127,0.23690905349367963,0.8851727641389305,0.39297901402998614,0.7834430541577144,0.9680069430307559,0.5025019899464113,0.2795668706827711,0.29783346861319926,0.42835327084721164,0.05626287943759256,0.43323243025017977,0.9142022343740854,0.6979763705776743,0.5316953587144421,0.444469556875718,0.6198899102254509,0.87372023069298,0.20944872898385558,0.3191448976969976,0.6401596348287364,0.2953819440362667,0.00806372193715088,0.5473998089323617,0.445782762338098,0.5351062354504583,0.5728140219312241,0.784574037121568,0.469092499535517,0.29098983423912306,0.3511906403216214,0.4939254918052388,0.6943314236070338,0.7196893068573929,0.654072345869277,0.1200476841528394,0.9158671183484881,0.7985515245292284,0.9772939504249881,0.4998243475773363,0.65585585840658,0.13412033523233458,0.3435388917067508,0.5723576763276712,0.34975635547509587,0.847761213305799,0.40833561240133376,0.08916228808112525,0.46498418848355016,0.8791022945302863,0.8305869346921435,0.9657406262993173,0.5796478519385472,0.7231132362164768,0.5959374942853939,0.7041597155047987,0.7027597009542053,0.3435544062274034,0.9500324942567275,0.05928278266591391,0.2613863526972684,0.4847189453963747,0.6797469891941532,0.7847922974296869,0.05845277907162638,0.8844889924891892,0.42826795051617994,0.1369440270745904,0.06594346907359017,0.7004122550848854,0.5464386810094157,0.6918708631132222,0.11367221578217968,0.9067651318350882,0.9100422270442666,0.3648052407877206,0.5657118785119706,0.8283984062318552,0.23017266429146566,0.1886184194568279,0.5988177599105677,0.8062331209258214,0.7210798987352942,0.9493573039367127,0.919748051024399,0.315269830114449,0.9218810398316684,0.5844400219151555,0.03090382196980279,0.3140715696838591,0.9275246025403944,0.3036023649076799,0.6440235313033763
Indonesia,0.30664430099167206,0.3073964639437744,0.4791232517056089,0.5751804397721167,0.0654872491782208,0.7048384045071118,0.8533534136712463,0.3621277805451253,0.5221881359082924,0.6868748031651835,0.3204087466601385,0.5426782490827612,0.5598429426606046,0.45057836230133974,0.2704700405165792,0.24258304917377416,0.8195289171522943,0.7212761889513057,0.8890264960364352,0.5122773946281112,0.827986233185092,0.7165221983269602,0.9367745986375865,0.37735181086326985,0.17984893801476398,0.6425308549199269,0.6984001492864405,0.26232088198499326,0.9181231299796299,0.575360248014295,0.2199831943983933,0.1342004481504253,0.786788779598007,0.3016971759502237,0.9905092758729548,0.3709621438181129,0.6709836538128443,0.8232650985255315,0.14042246653874269,0.5014290309968222,0.28359762387920084,0.06305772463437986,0.15694029939900112,0.42145742639241024,0.45712532722348964,0.163530664644152,0.8458992373767751,0.09820660464921538,0.8539179128348584,0.3117684705903768,0.11884223130298266,0.6317461049703571,0.0347917950300618,0.8849920336622705,0.5657465252321358,0.40477294444145584,0.09859199295469723,0.616382657290911,0.8131744460084045,0.40255206819304046,0.33032797691472904,0.7452353377533417,0.08545341746511792,0.23071637979785808,0.6356446646283144,0.740924617826075,0.6696597898832534,0.417189072810195,0.6444066176201345,0.6187489190911806,0.7303359620113914,0.7432046586884222,0.477962902934837,0.897584791215787,0.9570570626586337,0.1355858926527771,0.20057209285741961,0.8391116991286726,0.1625468258070284,0.9724776245436606,0.23328253708144298,0.1569171863226424,0.9350445906453502,0.9805197869511365,0.7715597222704496,0.1899759976140194,0.7353868888117979,0.8710188545103055,0.6998063988730711,0.29238781559921556,0.5250524385656898,0.35244873417195255,0.3073019958289397,0.7541295268016748,0.2535299908822236,0.38466885130279926,0.6208456800500662,0.9485019611477999,0.9973163582461267,0.32678464853099587,0.618797140578032,0.16210268856048105,0.5963567220797762,0.16561283257473391,0.5096256741170163,0.5769654697753802,0.4864660221469139,0.46629241202896976,0.9972781036656246,0.8295278743578107,0.5321162542767597,0.15357866949536247,0.5341314143350976,0.8068622143621551,0.8619112209932751,0.6005297323512937,0.5998174111696987,0.38444499923594233,0.5542965594785353,0.8954119154095043,0.8381779385875068
Iran,0.8964094468924364,0.3340426656134605,0.23187819441857316,0.561710011838756,0.31435610654786694,0.28927435290660264,0.9935802440318422,0.38587895251135607,0.14244434348578283,0.17465182891673925,0.2990839094517461,0.7581598497703254,0.24475094876853565,0.9064303508193158,0.9465512303093513,0.24799205863368,0.9075245742929051,0.6981712276032874,0.5477021564953094,0.17944728214580552,0.5066185027614328,0.013832368837235154,0.18534595653122754,0.03584302307153997,0.5110240149849171,0.8872538612055803,0.20882938950908025,0.016086561108967112,0.735145173779976,0.652697988940342,0.7443988451062882,0.6074600114940101,0.8770545476614909,0.24516264319851733,0.01994895433425148,0.5268988856904031,0.8871723032685921,0.04130052437823284,0.687792331027781,0.8319729497502416,0.2201137055656457,0.27076045007700544,0.47390608953629865,0.7527162044965973,0.3826163464653367,0.9497123802241348,0.84599816603108,0.07141152772818282,0.15877007224499562,0.02266281913531254,0.49569942475377493,0.7722909668176835,0.4897289430194077,0.8064545116445397,0.8812384902858481,0.8035483291590013,0.9987921963705824,0.4902291926381168,0.8754573690116807,0.7292186034117828,0.3632917863691333,0.32307811840745504,0.5439485396441337,0.7045695419925593,0.46088328613179297,0.7587921979149338,0.5913224237228117,0.8983873690321013,0.4042567240107675,0.5314310813684062,0.9131412748401367,0.6905954837396525,0.9530966698756997,0.5854517147376069,0.687262343979338,0.7951985417940938,0.5968239496806214,0.6678324881217136,0.39217926066742403,0.9441244731928234,0.6797563587582712,0.4649294509460721,0.7587567859638397,0.650209569638354,0.2920562346287938,0.9175357727307918,0.024805799780339366,0.4672969857338066,0.643412422063819,0.9312340430936351,0.2242829009588041,0.8205156416796748,0.354292768421155,0.2908866550324767,0.865710197163246,0.8428567899983341,0.7914608923268784,0.28355554419321927,0.20022442597124424,0.51915921471558,0.029167771533561204,0.6011950811495912,0.2030928168490499,0.4842990563530285,0.7032568594317957,0.36929713623620397,0.4204130457534927,0.7468068188215607,0.9757766920156646,0.26843651348607334,0.3965660612932397,0.9776276398855174,0.8642741116253909,0.45830056027478505,0.5540421353068731,0.429139850592253,0.2968906194713061,0.07184765900584345,0.1341714610538035,0.1927515279970008,0.6602288836118385
Iraq,0.1779508212237042,0.9554783802676993,0.8057758087952775,0.9939634806801197,0.6684019443390495,0.5073493107630977,0.4495980378801161,0.0901632035376222,0.6802074701184114,0.7976684944053759,0.016684511221732423,0.2006636965803621,0.7570204109928306,0.8643431465986342,0.35647823188260164,0.6454145488529474,0.9386231160561339,0.8831436148298394,0.8208515027993996,0.7927692577326522,0.0036291660716002427,0.7065972980502359,0.16740111709323757,0.2837122345710348,0.5790674234587292,0.1395098676572155,0.2919554794651045,0.3155053930306908,0.9844801471069405,0.7530443170143686,0.7332271196451532,0.3650807676848704,0.7319538049960055,0.3916505293602467,0.46338741813617,0.7295014099091836,0.526403560099034,0.4889426129388281,0.3809297209975069,0.08481853928408667,0.6985405887241866,0.15511506198072,0.6593174470167829,0.8629788732671188,0.1303562310617462,0.8060580410845622,0.3673355447881269,0.5928871488023787,0.5460453924031542,0.9520141806944341,0.9718283670740444,0.9553234225091137,0.038737538240928515,0.7394715803148213,0.676794694635366,0.24179478501508955,0.7320256609526208,0.41314739567490677,0.286988180700657,0.9591163385538373,0.07800549161694059,0.9921656187857698,0.384196959480678,0.6059260069055925,0.07043828860091661,0.5193509952667534,0.7397079212306605,0.6215410573702292,0.7452828139123744,0.5655106417292359,0.8577179057039788,0.046344114283342175,0.5598182657403307,0.6639660321417393,0.461052827159245,0.4208028280142593,0.29615661239621927,0.4749649918064158,0.5707765656037217,0.8176492339306575,0.09515906831859,0.32916543890183236,0.3437595154774561,0.7505109844056581,0.8676384701078984,0.8409728442569864,0.8530163114083734,0.1867642081348624,0.8439607373656692,0.6147437078326695,0.48658078618904044,0.2881177740817279,0.35745518549838473,0.46437213426443513,0.044723716493756394,0.6297227815882642,0.5799580092247253,0.11617231723065435,0.28410756891684197,0.710552026884145,0.6977349430197457,0.8003529401159485,0.37947253713193907,0.13210297087303668,0.8852101317703697,0.9271130294966202,0.5049758208154597,0.4782033620643511,0.4598677904755627,0.7269694975589922,0.456527689144406,0.981971846931627,0.40486882557791726,0.3547527139020993,0.738020076276816,0.40479224900377997,0.31195173467655324,0.43486053799121116,0.4046878987067968,0.232924148357591,0.1294938072720534
Israel,0.7017482189136512,0.5455172163009996,0.01370895608661804,0.3260635597582573,0.9665242976202759,0.5718651073408896,0.44705087233472796,0.5339216067747268,0.8160252491849694,0.21797716170633474,0.7907827420521145,0.6838372950873935,0.469276508014161,0.7351772055174708,0.5215485072865957,0.11270931752691449,0.38765488164062667,0.7375861005030552,0.55093809748789,0.633947189459196,0.18417015330089792,0.3382937052984194,0.22475845398754557,0.0782139017329001,0.524144197247831,0.5409692871434655,0.5185537302549734,0.8085475123439348,0.8477191808074259,0.9547022606415969,0.2790006039148223,0.5074536305997955,0.1357932451259528,0.04838730878448694,0.3616593109936006,0.11517129878237664,0.6466405630010075,0.13755154043663764,0.8907401832825735,0.7002089769400337,0.7137028346770686,0.28283293474546545,0.028424599768112846,0.3583173806604325,0.22266081979135255,0.02581965923453211,0.7460669861165239,0.3972295974418102,0.2191045214606716,0.08261986363246931,0.31816654904000485,0.25770865634427986,0.04611173056146756,0.8729753574451996,0.0005902037726257525,0.09522702001469108,0.641562145464228,0.8692891951706854,0.005741608880576066,0.20328659138208793,0.7247284045192,0.2828870528512514,0.6241997704614822,0.662640188226477,0.20395090237355473,0.4734409253979769,0.8927108050547171,0.18793268383517292,0.5585926214117698,0.20032664488923357,0.18069016924796022,0.44742582722307944,0.040652421997059096,0.21091201216156075,0.18264611604789815,0.0012070887378823336,0.14852064210740423,0.08597289541076691,0.6694527390922386,0.5361519593191756,0.014583833346939246,0.9827928960653649,0.5318100123215312,0.8527465295147132,0.7453337254442425,0.4936413604820319,0.8122522697849381,0.4926150335054924,0.6210566671136475,0.9761982742006122,0.9434069673030586,0.42581303613576715,0.10472550617198861,0.8967324638790768,0.16515107865066547,0.6802555514430771,0.08837200523463828,0.9757429535413457,0.6207615544177979,0.16051323882724122,0.4434329210917273,0.31882504199227024,0.238309033116051,0.8044456186258022,0.758121701569777,0.7315498951392893,0.6216729015457116,0.9166930622167354,0.992987424688969,0.6288303608743938,0.2796405558970424,0.04062128738029824,0.935865767444572,0.01886969273093453,0.24083958953808926,0.3329134990918179,0.4725670425688041,0.5066697816302221,0.23023154596744178,0.9888316157003307,0.4977427938311959
Italy,0.8609377180753092,0.9303272189288859,0.35442713162946116,0.9021053183364051,0.2433405785247359,0.9336880086035144,0.8916480674154847,0.016340194982550238,0.19997377359681034,0.30816880705200267,0.9623051732946056,0.5693555332280733,0.8935229908026449,0.452436660442736,0.10736235949755091,0.3028671814094107,0.19006782400363176,0.2825710041612357,0.6035136050774357,0.7655224229337394,0.1674010285997959,0.29278204400774177,0.20811079776067654,0.21810102792084307,0.9842474639858505,0.8257137139107714,0.414056621237464,0.49751232817595914,0.8448851939349961,0.8899991838297518,0.5164571791687788,0.4315466082576346,0.9330449462734234,0.3178545313688811,0.04037195168137897,0.16738104622009586,0.0833524999828843,0.6872741663141562,0.09074654551868744,0.4282188880402532,0.39862281593419613,0.5471130084428536,0.612749707340585,0.9117698196202173,0.05562853482736008,0.08335718631255418,0.13775509774138162,0.9290141430827373,0.22711455677255055,0.670418881407816,0.47227476397081025,0.029641825842932956,0.02021490021286365,0.4098375810638484,0.8980161990371751,0.8731849798713673,0.7755449048053695,0.9539897274865402,0.10902197770649114,0.21431595512679802,0.4620116483136323,0.029088483475204985,0.5256301443280132,0.7228506896745263,0.6967914163652476,0.4650131683776627,0.9689397639957423,0.7368952951508374,0.6500087961697972,0.1251828425018372,0.5711142109039821,0.14556217972536023,0.6947021880099251,0.1444293828118397,0.10764647796300608,0.636846648604726,0.6530800732475046,0.04682721677332513,0.14049069268566028,0.7427500419375226,0.42174830454519663,0.6227976556181403,0.006106869484278299,0.24208723534136212,0.29510783102030747,0.3791484861338221,0.0684791081762437,0.5246706537037348,0.678889961708061,0.7321433326605119,0.6374431768977272,0.4547633675636106,0.9454890689110236,0.8944221417899264,0.14693960777446136,0.21354694091098636,0.043662873092780385,0.6066430624091671,0.2648081463616305,0.67511469456334,0.319560770478599,0.8206762480829367,0.7782935518508838,0.20340560275031383,0.2841676796755652,0.23082108457563388,0.7240526508274994,0.53443086079138,0.49421068507116395,0.6478542303380985,0.18855189301452346,0.7163078518278863,0.2716309298619659,0.24453903371430663,0.6062841678913393,0.029107274751544954,0.10917415038693223,0.3040289890333,0.07745604959959862,0.20158076664937397,0.0063360764168264305
Japan,0.35043940979722166,0.7226940183770004,0.15109228839981048,0.5619771327599825,0.006762232073342811,0.9485846515959143,0.6047254239068803,0.3980739181812457,0.0750054801572283,0.3417066644662361,0.09862070011329016,0.35622493309163716,0.9911014527503889,0.7615447642072911,0.45820802491048773,0.7915487310387505,0.6411332504854252,0.6725747610130847,0.1803248905237308,0.13490316532421143,0.3077946775275996,0.04000264874658033,0.6740011708635627,0.21869090045988837,0.7077586356878084,0.7668941912713053,0.7251409370318715,0.844873765027583,0.9172830722500845,0.6041767296041769,0.8792623277016453,0.9677374066855317,0.46819569393430627,0.8861563114467734,0.9348299581531004,0.49496436362398,0.12192529227319349,0.2466965763296658,0.5807259186117208,0.2906497331176642,0.155851225265339,0.7614082062381234,0.00993555682023628,0.8311746043394874,0.7112602396643566,0.10615024018611308,0.9950741236717692,0.9932894140627047,0.10918994861696096,0.9280662029921352,0.3621993366066034,0.4290740993993144,0.8025085545399003,0.9784082241002089,0.2561484436569683,0.99855753105428,0.48931951700321064,0.11935962393289445,0.21422821926196478,0.5696625410345338,0.4942594134446754,0.5258670604511357,0.12719912401241662,0.9329009397213348,0.7547834108821949,0.9209661194749731,0.24070254036190109,0.08298221179939702,0.168211699949966,0.8016873616558398,0.939695527472459,0.2978453075356685,0.5705501122911049,0.7629929496570402,0.8383169350757836,0.21646816863395002,0.3372968302821069,0.2636787177985995,0.9437805485116095,0.3175233134914546,0.27525822198424,0.12717592399809474,0.27499839637001766,0.18337046622806064,0.147763027714938,0.02294772238270415,0.4247470651730616,0.9204860510351618,0.30962851367106015,0.8990768033361968,0.12559300977623822,0.8208536594753566,0.8996280774259043,0.8821541682911578,0.5831634251424654,0.3323180897498911,0.3374304368006983,0.7290299995710713,0.5879869075556287,0.2682350338928915,0.09152246769158079,0.05527083530527388,0.1282709579097765,0.09787332430236295,0.6388871008577561,0.7277748526050376,0.8642136683519682,0.7202993898996723,0.24782323997464684,0.9525299578169547,0.524787495262629,0.6577996407611938,0.365119071677508,0.4433270150190749,0.0017515052021730426,0.36914016850065723,0.8471024083419584,0.0689911221304298,0.9752722659797171,0.7323670398473958,0.5049797824733828
Jordan,0.8418377931240851,0.6359029770660524,0.034477646038906906,0.5290990182102101,0.9600364475502603,0.5449885349750958,0.20949060665382735,0.9415349247450707,0.9159414063016431,0.4774038786576007,0.49407118599792166,0.09228519035286908,0.8932191398495217,0.48195978660338856,0.5255641919638454,0.02135019674875749,0.2305328872171869,0.37435208993417823,0.8530160876590787,0.46777722350351536,0.5445382887799257,0.32273109352605245,0.984310599980359,0.48833167245100706,0.48412451463271033,0.42940200526958816,0.8615922353296526,0.1911644309680074,0.5139850849366882,0.02705148372914923,0.12716297067160043,0.04153186441963452,0.9113363566725025,0.3646960574659771,0.4123687862401255,0.8780070376700034,0.40226931935741395,0.11040648760810423,0.19172653323623234,0.2479930839724852,0.46957963179505346,0.27247854563212925,0.6129099202263204,0.9065458942682335,0.909514657713384,0.366118949236123,0.694364637111626,0.006138609036426934,0.7008897635828627,0.43107234996615174,0.32398882762893,0.5640453270929763,0.3256115232165284,0.9479265540456633,0.4641808537265365,0.2602471044230108,0.46899091786938274,0.6788414846332607,0.040845419472664735,0.8245336569933975,0.4307282515234312,0.8712544279922784,0.6493599938730724,0.4358555034475988,0.9693313360837483,0.2749936360227163,0.5240121158224376,0.9007584608847703,0.008193380841310272,0.9520028310413455,0.7102766171298951,0.22046549101380952,0.5263922422832983,0.1296631988995497,0.6455773143111686,0.10125281571636313,0.5405588743598292,0.0057088528976553254,0.9967335811988343,0.11917945599704649,0.06304643411141597,0.8849474293107922,0.16046911128013963,0.12503772605007601,0.8271818786931999,0.14146889163303755,0.2627138087544494,0.44037574699107984,0.524431804142748,0.06785239374032503,0.9051124056733453,0.9255879386073056,0.0764441193062132,0.5445702713864401,0.9931759240191722,0.9432002481268599,0.8903167848573361,0.29399916536624104,0.42581384716146653,0.42259795854296356,0.21853865193964972,0.007317608045286583,0.21966332872546213,0.3159953643299458,0.33348828433673083,0.5190612571532258,0.5717005329914328,0.8724820191523524,0.3610611853093598,0.05203721300796771,0.5106808558360548,0.0357398202420901,0.9022456664329365,0.709508075820136,0.01888289854478109,0.3797959040235689,0.7300707471609309,0.7799470736673009,0.47945125235255603,0.563261398619402,0.8930296384749877
Kazakhstan,0.6266041965032587,0.8034238679968966,0.9407926190172472,0.9493665143041266,0.6943031907679376,0.6151462637639205,0.6751768404399789,0.33269838234882576,0.5302832730759575,0.43207298889028156,0.8418921165088146,0.29856243282511474,0.1806382162496285,0.05219158632652188,0.5386733401182225,0.03904936987805274,0.57879935866207,0.8941217311723891,0.8656957650491452,0.1316674378675401,0.31696984287786634,0.21218701774776405,0.8598134702144444,0.30901226266511683,0.3859011470548791,0.3105113173876284,0.30228854396901406,0.4400427894051202,0.8050008091755734,0.9635212748870572,0.020770309478840954,0.4754484668421948,0.17940662198614543,0.48341201166985714,0.7305307215252201,0.41509521355620793,0.6490126844697673,0.6984341691479689,0.7196902607407761,0.14504781913682685,0.7530268590049569,0.06829592667902484,0.45144590399195816,0.12444381696061302,0.5363047067052724,0.39874164260679745,0.8635903322826981,0.05324521754361233,0.9224614686842693,0.7940911677785956,0.040882538606744845,0.255744559587734,0.8622134210742562,0.948329495490798,0.7972742608645954,0.3437740995309877,0.5637589104951908,0.4084513316033146,0.46685506712749136,0.44538421718618326,0.31223564276336646,0.017568399426393766,0.031797453738592996,0.39057263313151525,0.17913511665367898,0.728057568424049,0.2169059574410418,0.15473596602441475,0.13471863768276982,0.1810282267211214,0.9413128107658603,0.1428293168468756,0.7086775493497957,0.7240470128758884,0.5222200681207695,0.03825942476016053,0.7759659358318524,0.6631545904017533,0.6473439236842238,0.6365256357398557,0.8131572388853171,0.47934962076800003,0.7848807958218171,0.6265832461812137,0.21863987818023523,0.4715856536904176,0.7746159615322378,0.9746810965521635,0.010166011153936005,0.9725774825588492,0.0930576093825668,0.3540700607238788,0.3930680492234556,0.4617381581776254,0.9283097701071171,0.9405273078698015,0.8806801465739081,0.8774696475715694,0.27858296244060576,0.5696408357468712,0.7273968836598874,0.7275378022285163,0.8233407024708737,0.11596490353749833,0.2749644316852433,0.29648974737827394,0.912098372936433,0.4094510498241444,0.8255348804926026,0.696644945803686,0.40998154395391406,0.19455558743976975,0.0192281073448769,0.8516929715761722,0.23661548383200526,0.39670077853992747,0.5015190705468534,0.29558860852077284,0.3673409494983705,0.2940422534587339,0.19970186175564952
Kenya,0.27642613236608216,0.6294454298096941,0.7644302722714126,0.321834027326102,0.8032519913328305,0.8056549623279292,0.8640144885599172,0.12027085852855302,0.6949847551180275,0.7183454634390875,0.6247388576763004,0.20556354579948743,0.07342881263177725,0.561218642206461,0.8555550839474009,0.012487780044012076,0.39169261643455533,0.4233330512130711,0.8279259820244445,0.4085902390966516,0.025026793914274315,0.3012911686518238,0.4740619195659661,0.23293034031566862,0.24727686780792668,0.5579980964705676,0.8355760276732478,0.28838078270101186,0.019611335558512133,0.6694534784983731,0.36095533729503404,0.20543614763488005,0.27469761113753755,0.3843015594489195,0.9943448195566326,0.654867024673237,0.46639862925485354,0.17660957565055713,0.6865649299062008,0.39242261454720495,0.11369623167572795,0.3735828857243517,0.5426644613872623,0.07541953659021228,0.5297099680400361,0.5639294962789942,0.9370320253937268,0.5274275263451239,0.6950169723456703,0.17001662017944064,0.21364138519909603,0.6141801718548707,0.6561567683646076,0.44865074539967786,0.9964853270541372,0.7485015733824085,0.753883199490462,0.6813409410763429,0.4335339377457813,0.5197292268914853,0.2305034593933628,0.19621751611230587,0.40530319808704607,0.2069604137713028,0.9948834064476612,0.3207735419410155,0.9102050534828282,0.22492041107266547,0.20170098844373008,0.10198626152312262,0.27869332927760737,0.13791970658379082,0.6148337022421166,0.13973457147979962,0.6397243272592618,0.6090241185723289,0.09808285013525408,0.6717875538684763,0.3010543465577509,0.43068513716685963,0.09487289457416703,0.41756831172681963,0.4192397258784609,0.8888712688531306,0.1309705027278978,0.9237384664239996,0.7527815153775449,0.581506119314498,0.5276608539065358,0.34141398609191054,0.3835415399975326,0.43691320195937644,0.9318824337186842,0.15978786927469135,0.5790395684654802,0.029736968286623533,0.7183997530589596,0.13650034385506726,0.24992755824352542,0.30403621692902927,0.48782541373873234,0.6671457485580145,0.01788254718375415,0.16995730656685348,0.9190003899900743,0.07774313092535401,0.09186436104423379,0.14753529820713285,0.8893897038816139,0.6787676846435621,0.38551320598986194,0.03056116368986661,0.19762530811897827,0.3453356534512595,0.8854605810113175,0.051480475984697516,0.3607115944559439,0.29527682025125146,0.5407459813040802,0.8384435401804632,0.5113799193408537
Laos,0.6999019487712759,0.7018622836179466,0.587201188793424,0.016722332524235495,0.14182925962362114,0.9908721266542468,0.32422876357829267,0.8040662789413126,0.577289855825984,0.7389969753120129,0.7795094625654871,0.6643944767307249,0.37517968309664973,0.7718212334849126,0.24597155653820213,0.011858009552761395,0.9302264977185404,0.47254640692386995,0.08296849050822297,0.49312637550408467,0.37360108148179527,0.1463365714901238,0.6568179000821904,0.33391507986623403,0.1276983923666679,0.3233148241030601,0.009789790825150968,0.6730661340899241,0.36672927712054115,0.656240451080946,0.576372746948912,0.9792468804168853,0.6012916890689836,0.7068448048565984,0.773075639146367,0.5676049211930548,0.4540987132341572,0.7104729365695295,0.2905845212037177,0.7570270691589542,0.14419538338141802,0.8926896364499821,0.19124486795062656,0.11130085215447494,0.30335679362992973,0.19405162945777477,0.18613959066531793,0.25654295024329943,0.48928297320969416,0.6542064542868542,0.6880437210226806,0.5118123258486912,0.12836821614704574,0.8883035957389164,0.6752511945644586,0.17428276455927105,0.755791265247814,0.059161407480450734,0.7021393256965826,0.913213079291426,0.882194292813898,0.044073616832250195,0.5977555552832458,0.40787951805848965,0.17133476603229536,0.7607175064151075,0.3798788710473855,0.9444545227759369,0.8081608237825062,0.6159609904905679,0.37340743833799883,0.1512808671071333,0.04176028743083515,0.42732917480850574,0.7279817325834628,0.5447590192227143,0.7813662458577282,0.47778122425452896,0.3159824149175443,0.7344051486222207,0.21784569767941764,0.9929409505503577,0.7394927308990821,0.8833927380579445,0.3253407145613354,0.285672394525351,0.45391047946243046,0.9249393801558499,0.23451306989952747,0.27615670923607627,0.8150590959416286,0.889912607466315,0.7583283006244455,0.42018345642770794,0.3164892972033885,0.3410436073034616,0.473246820352734,0.7576099948925221,0.49212649719534574,0.7003911522429491,0.5709361135574423,0.5139175090138605,0.9879541620375614,0.656983943425259,0.47615322127629245,0.23460091262733185,0.6564750906734323,0.921923980209961,0.873370667128952,0.1508212317908766,0.32188320152259076,0.7346078119199391,0.23205953851420258,0.44206285261031064,0.57873949413969,0.8637401646088588,0.3047268698266109,0.37342988363582097,0.16838107808318137,0.6720802811133377,0.6418870156808077
Latvia,0.2473943900467841,0.16307777438318305,0.8463743047277988,0.9995010211922339,0.908617691430217,0.19476367431661112,0.85285121476677,0.33478819966151674,0.052111303032612244,0.20299408969640753,0.05521069184632266,0.6504603350265925,0.605419384701604,0.4959947501120301,0.8512299435126298,0.10017420719889547,0.46263255089844013,0.45213702144373324,0.6199906303097157,0.03604953945710543,0.06164275409211539,0.9929296876397805,0.8164544878226975,0.14030867179796758,0.5967329950063749,0.32515545307834604,0.17002986016063892,0.879856898604652,0.6460230705496756,0.011063530573800828,0.8253903704777924,0.7829201849394511,0.33731178601974887,0.3292006535918538,0.22411192508912992,0.40445850244703285,0.5136151069340921,0.8325605442961386,0.592588369011801,0.5487191764447448,0.7438296872058378,0.4316196285999908,0.0041161895467578535,0.43808835163708415,0.4191268678475687,0.05281722893168228,0.12008750822671521,0.5531051346569344,0.4133467816066311,0.6242236275142831,0.1559878780204217,0.8557911098510153,0.6684726898446022,0.8406366790904043,0.6891235223061727,0.2624478231313363,0.5084582198283175,0.631770760404368,0.3654647402318987,0.04241447561022571,0.04302909200507932,0.908159921305836,0.807179096619065,0.04668614356659184,0.6558541500210647,0.6150699173917066,0.266394715222222,0.6633156296714561,0.37381360929508345,0.17792733344292855,0.05606754077175191,0.8234586733657727,0.8802323140049902,0.2725777953905719,0.9956179956767391,0.3234836821370859,0.7670674862622432,0.6188507906610058,0.2609820287873157,0.5587267763645575,0.21540945702682934,0.17795248072654535,0.581330382646326,0.9063146070041516,0.8598826936957085,0.9603731373474461,0.15049399939983532,0.8546604403889613,0.8962303956379731,0.419595659320253,0.8151384905691464,0.30067517079366834,0.20568846227199367,0.6918343370976008,0.550807929806112,0.5952161499798209,0.11158313796132846,0.9933304867369772,0.16076202424266484,0.5471110345281314,0.5243865312294388,0.5901285668563434,0.2631072483080571,0.7255992992004465,0.5031961927283826,0.25328182370589414,0.7691447277476082,0.8808300000056298,0.6455254070388028,0.20074806758510788,0.6031357669718571,0.8966823126967783,0.8849958616493254,0.8941365342132096,0.2868893618685041,0.7420280385634614,0.6249409325491931,0.18737025248790729,0.1864701116587324,0.339170574700825,0.04357449676220393
Lebanon,0.3441411561976543,0.8257606004417279,0.6823605876422008,0.25578937839565086,0.2974660291240233,0.8897887603865222,0.7769759699610458,0.2945532848437463,0.6668048750087694,0.16757744480781744,0.6322977035317081,0.7179340104390614,0.8638601694397476,0.730696544576885,0.5012207128450374,0.41379210088456153,0.5478317865302519,0.4914397480243683,0.09575753079961646,0.08134926010790666,0.42018917528505906,0.9553636197953885,0.7232207060769796,0.06290769475701885,0.8644873208723233,0.19427006174104322,0.41713189080625024,0.734708421775985,0.5207525585987219,0.9092976267396666,0.42681676284539094,0.9532947223857714,0.45527305103902904,0.9345749497362373,0.26732871473597863,0.823289068359881,0.15351608727406452,0.14160818286204835,0.5665077289498329,0.6378197443679791,0.825959948165238,0.7846190317056284,0.44979876019319465,0.24244722173562572,0.4490299509574631,0.8733311292961973,0.5475485215211621,0.12738956043264404,0.9135095033807606,0.3064633945753322,0.26388626959565076,0.6852022458178332,0.015059227181829726,0.28505366572246704,0.03692509511959852,0.6427403520822272,0.6623770177494593,0.41472308670707847,0.3881982568988164,0.9498179514700127,0.29436628032667045,0.940029552888115,0.422786548967677,0.8829189075660002,0.3263854946728343,0.1721908651121834,0.9548762617324785,0.3883349208303487,0.7371095552516437,0.23274404752572575,0.7985253397482364,0.7594810622802135,0.8474457681873581,0.7568017323512024,0.05694381030810991,0.8496675608671189,0.20009681143537483,0.5147465634867944,0.9074071870223251,0.6992935425928698,0.21529982466198894,0.6844868481762693,0.5622859645171727,0.18957378088454924,0.8523438790379407,0.5676474108201063,0.5243059633610795,0.7957428029466286,0.47772703221410073,0.6973162329793146,0.9496927305898397,0.11214477494361474,0.0763120213827635,0.19093638387967404,0.5891579154085085,0.5452937914169976,0.8606411764357524,0.6706129068865493,0.778054048484459,0.9957008326901216,0.5721577251752273,0.18009666234058574,0.9424690759852694,0.045560049119713564,0.21990969747404054,0.3719527099783273,0.338419285481941,0.30356281992898415,0.05996487122430105,0.7417117074845331,0.4827366807954516,0.08780993490458255,0.5859223097074676,0.17657212956507162,0.631307903165677,0.9073469576883093,0.8369736406832751,0.9027302154469286,0.4574229230481366,0.8951699331014554,0.05558987214071609
Liberia,0.43462114184913914,0.043420710516578365,0.5493463760840049,0.15586665363977048,0.46300765892992435,0.49382618631710884,0.5029355229167976,0.9150287156466925,0.28216660994427256,0.21840657672124342,0.6440670540158686,0.9191178028315746,0.6348845734664543,0.26268465318822554,0.4753412024358914,0.7810496307181276,0.14549549628286074,0.5910472332605199,0.8005105734352013,0.29917771510496616,0.763162073345131,0.17214620492530708,0.6970762207830122,0.8271186114489912,0.919637347169689,0.49145176177369354,0.556141234310551,0.07649390010387846,0.9580676922764894,0.541712385415102,0.02596907846520735,0.748851645163517,0.0005979176576665912,0.9266844068186557,0.924908825681533,0.09385425120665813,0.5094211807729109,0.415428520348215,0.33572613669743767,0.9609337617888702,0.5356026828499583,0.3906269111727201,0.10495946976343529,0.09626237624097445,0.5645279474482106,0.25148957493523993,0.7096831490607151,0.32136472234758173,0.40671604014007134,0.8482816565474324,0.5512932264379086,0.15293247512070296,0.6777048516805262,0.6652256038451205,0.6673535251423837,0.8202323061033573,0.025335803357709685,0.7666641551545526,0.3031793145120343,0.3483207319889743,0.5842553964684667,0.11534914711227617,0.1623295672333086,0.2645954406296229,0.9133017462471653,0.5127673006755529,0.3204346202478583,0.89885536212398,0.10995956114434546,0.1206240382267586,0.9648362469407501,0.21629911745174202,0.26994584993269666,0.5984063703144074,0.7683910935378291,0.36671481405945383,0.787830750121955,0.6283636209513355,0.37824642293081157,0.14679465906906763,0.9008133271704293,0.5377807589570318,0.5305041916486727,0.46912173180959904,0.5488005809415476,0.23819621517614054,0.33410238728223063,0.9653380278583896,0.7085585950795318,0.5560174235476188,0.8674593793852187,0.8186297097620104,0.6798112933856253,0.28353667495486634,0.8742886692163709,0.6664666400165664,0.6355504802503975,0.15222877823000913,0.48970492027475576,0.9743011917717941,0.20851206079193096,0.5809034566938863,0.8162947001667528,0.19811953014879047,0.3851693073027831,0.266162875581751,0.5539979234498033,0.5435942532522164,0.36881612966054356,0.9516379871486533,0.8238765250307306,0.5485258416918075,0.5799876288554849,0.4085507471630827,0.3362816141907784,0.545269546564733,0.7916112423098813,0.42661700296437277,0.005115473613875765,0.027907538210743432,0.7994310339232583
Lithuania,0.518425489956403,0.4370079890484695,0.9702757223294249,0.8494094105090924,0.9240954313106016,0.7178556003760074,0.9528375016983716,0.7435844088830567,0.06561163693231986,0.29613784272577703,0.6957814265657254,0.9015871095621653,0.7818347784687951,0.007263259883414475,0.5649147601747746,0.6542307724347541,0.26225247606290414,0.5532627002968976,0.5096495612035089,0.7955825550973307,0.44212488452376253,0.3327287420549099,0.5300055165298327,0.32572295371083704,0.8695139438363146,0.6694879744012935,0.6159046983702465,0.06636967773858493,0.14698667461010384,0.07571434902804242,0.2529582805219409,0.4752962421295641,0.3304431499485728,0.02495550806709157,0.03075089759264693,0.0926117476724242,0.07705504360192483,0.6161928707158184,0.645110379008577,0.7526099994995312,0.8754601624624778,0.07449649447212381,0.19485690313631276,0.25699259943755937,0.835950089795236,0.07835811844191076,0.24107956421185006,0.6419082981503428,0.4969393968650463,0.08041244944955628,0.41687918360982545,0.4862458757778777,0.4456895368784731,0.7548630429405844,0.6927465807703849,0.7799791506338569,0.34387215692978057,0.2736928568892756,0.5852280646959999,0.9739985146012904,0.49081655866576734,0.5031755370646096,0.39751445182156153,0.5072383885255692,0.36925577753164884,0.701493167205912,0.28577477842872656,0.11818868325349907,0.8071824717662082,0.18863987297964624,0.8253740180334816,0.09855091269169625,0.14925073808459932,0.7580278833593581,0.8213510030125798,0.912041210388743,0.5381543203364932,0.4169558870829415,0.5342867545978869,0.5331880559851722,0.28830736543405866,0.24186871787520992,0.15800860383387794,0.15708762636866835,0.6755934094663031,0.8049756041482269,0.22670726558707166,0.5820626949745729,0.03320765149755445,0.7154504199361021,0.3418498682814227,0.6867057979045175,0.6908280257167694,0.8223787910680119,0.648912735942913,0.07025848671232005,0.004730461122181007,0.15441800615419043,0.11459262093251577,0.765205998377935,0.9794539596457726,0.7753053247783619,0.6092074015694336,0.9256952191802703,0.5146501876455108,0.40904747256854657,0.2335693869314811,0.8562940908265855,0.7371909720685106,0.7282469156979438,0.38957233873126795,0.8921232055415637,0.7661145464471963,0.0762642489290134,0.6516218010509611,0.26892521884632525,0.8673409909192045,0.9713109272860833,0.691829783812662,0.7382034999606171,0.478123396149013
Macedonia,0.18823136927243955,0.3083664045718939,0.010929536302648257,0.26802256052419826,0.9976866921506076,0.6998714891767256,0.5047548986749656,0.35927356386468834,0.9389222841263346,0.9296758469920707,0.23409883819846933,0.942312345861374,0.7673546273017265,0.07688858553158828,0.04265765278719491,0.35679135344168966,0.5984554506174578,0.17184930153738776,0.4917516077943711,0.7170152471620176,0.9323243103539337,0.5690311388833856,0.3193038016216343,0.7608473840261927,0.25372469960829735,0.3359563903925106,0.8646138567210895,0.8211565753904233,0.38761533497973366,0.02583583962703717,0.8782005590620571,0.6029630362273668,0.6626888882506107,0.007398290740776692,0.7844495205640494,0.28851798562997966,0.5625683874669348,0.9976489888764192,0.06582285964533241,0.47621230732088093,0.4890713409129651,0.903783563779402,0.6719267142787141,0.06367217534660574,0.881313760710356,0.6037678728153419,0.676835829616737,0.3592904686600701,0.6303434535524498,0.24301135822312536,0.959059421732611,0.22178101305985531,0.07499458091544497,0.47806788162514724,0.6181060995462275,0.4842992685205334,0.12823949437338933,0.5430331488750377,0.01553941835599526,0.6863182651473658,0.5800800477674182,0.2951200008420971,0.4902900067473406,0.26531327578437536,0.4507321774651384,0.4127150413852062,0.6412591686791801,0.06478003584478753,0.8530428360746563,0.8671873826621673,0.6691626963215499,0.08983021154457083,0.8667471093736466,0.566833153775607,0.44454925322082184,0.9044627280878023,0.16400234675563985,0.7584086476861172,0.2906125365796345,0.18051962351746365,0.8650456064905613,0.5762267269557623,0.7031843282016385,0.310383627270996,0.9576751937552392,0.40228938267787084,0.49578585666694186,0.17093468836982117,0.8293484170590925,0.09939181321050994,0.7249502709306128,0.5731632475907705,0.2909717340506647,0.09541150862537451,0.4411662762504087,0.08491571892570793,0.18476274972220208,0.4057807983872511,0.8201686619263983,0.10933018240206427,0.2143283307529139,0.08899931137133354,0.23583507197987807,0.30357077979709157,0.8044029903277075,0.2874801281870769,0.26762719023027426,0.09843529876848456,0.8792419595705213,0.6734727123202934,0.280422586285629,0.3827984815502724,0.32291195303664433,0.4316000209831975,0.49828910550468086,0.6506981143732655,0.8194456801057713,0.8880432427806595,0.6928506395545787,0.5808203772243935,0.28901773375993167
Madagascar,0.2150422467172428,0.29054995471237055,0.1501215514891615,0.22349087284362645,0.8645292112695165,0.8229292746054293,0.9626665399730829,0.005373235965137391,0.9599225873796345,0.7532727586508994,0.2036766522937259,0.7093453356120797,0.7537864098818522,0.34282049272430215,0.2982842384428934,0.27469692552482294,0.7784214734389516,0.8878998683772596,0.9436435061916312,0.5560749611155478,0.1753974639655529,0.4916907091746573,0.8721896011944089,0.9456197471614173,0.020640319666006546,0.12537345531346789,0.6522109621916478,0.20205914649573842,0.007835750154009946,0.6283063433066427,0.4497667056226966,0.7577510473878387,0.6521584469654849,0.7889599595925498,0.7216011294330815,0.9456618154612894,0.4228271275230199,0.9408284653866877,0.5814414098453076,0.9911876185669938,0.5945235180363889,0.9243163629906532,0.15309512508660983,0.5223248551890862,0.5387569314467378,0.3379470690823906,0.7859524053887476,0.6524531484910279,0.4657124952826869,0.18659306170554812,0.01351102488320044,0.8797742204893167,0.021668400696030377,0.17477172694634835,0.8164728136526401,0.2590243198426414,0.41111493629417317,0.4152358212715844,0.7747115012390833,0.2861727193766266,0.6396750871972705,0.6959247405110816,0.14012896745017456,0.4332220959496045,0.0006199070463019929,0.8280591995589498,0.7204738522610896,0.8843483019279491,0.3294614627026333,0.8134828927513438,0.7513571952901281,0.9534400142708874,0.19375927080256083,0.11527969788084913,0.6880503419195015,0.8153023452491611,0.6645872985494223,0.5252371265611713,0.211172320383884,0.40188275046280786,0.680683393852833,0.5130129736231016,0.01307600205120818,0.5486342579254102,0.7769169372177979,0.6841037705881369,0.09624642009259066,0.8153250522679073,0.32726879806286113,0.40285714165188724,0.2161936134483149,0.7509299491173321,0.29159340706820147,0.5690715514348016,0.21610990617587789,0.7486526629223018,0.3036189031478944,0.3046077504980944,0.3183377386060027,0.4919897017106678,0.37418141109685843,0.9853062611372037,0.34630478897926653,0.10494457793218559,0.4651286047961589,0.06277114164480557,0.6556568061793983,0.06473435304743358,0.1476244224948441,0.9738092427307881,0.14715911772841583,0.6133593296108615,0.6213111481007649,0.8399372478326603,0.7434060846712863,0.452547849682991,0.9330703255766596,0.7786503673449219,0.7338881885170289,0.7215028765249463,0.5151301886923113
Malaysia,0.39885514158302804,0.19580105982186802,0.6136014801292781,0.6326163188171458,0.19073864251490025,0.5610211859565158,0.7481397370614152,0.5301951773588163,0.3870695682927989,0.42318745272579616,0.6036083158897261,0.2653240057112677,0.5793265107515901,0.8207768721679,0.6445320186069419,0.48275807709389884,0.8543345646239469,0.3808351243848799,0.038893489138020376,0.8576728888340418,0.7193828788084675,0.21602337743442968,0.3303254019755967,0.6540320335254718,0.3787116315524638,0.49747779997464114,0.661926151515708,0.9999829098592112,0.19711842166086657,0.8675679666726249,0.8675346204246479,0.7608134777043157,0.4419816906174616,0.7991282444604332,0.3771836243011436,0.6469355309250306,0.825592015645651,0.8889218506409583,0.28090302938284506,0.9078650409999101,0.37376214308532685,0.5702302152207979,0.17839838769734928,0.019238435216214267,0.40263586530462503,0.01639144959885086,0.18615302707698234,0.3450867733248515,0.39243237137105713,0.44080652214082605,0.9802851151933,0.21124913712459947,0.08489992137900637,0.9471169268174549,0.9031872993316576,0.5651419643980137,0.2050343600014387,0.04862684305759557,0.030152091643028678,0.12650797827908755,0.6313151100202636,0.9279326462674252,0.6385069917892665,0.062124369685548686,0.6219396984207712,0.44617393537119354,0.39008488296319865,0.6150696566864097,0.453259681073494,0.1797150351724125,0.2644430999413251,0.9772705722028419,0.5755413386443022,0.20563820285574863,0.935210958102147,0.6110589732039851,0.2573592380549067,0.91280597064548,0.20629939135748665,0.6441086736000291,0.3656225710502713,0.7550713876347934,0.09411163670470646,0.5371042390298537,0.15506692912857178,0.16062238481044377,0.728035385938234,0.888512356147138,0.8635771984090636,0.5042654321289126,0.6770313667841119,0.5729165010622953,0.4469213154670514,0.535769362235564,0.29079320960583677,0.4650802760718312,0.9731004650670478,0.1948203718070235,0.7084442784521965,0.7593194498477507,0.7213798357826319,0.36343253143484755,0.4379233178273735,0.7946502822975746,0.001918595990767602,0.2589017271681786,0.06532824346794042,0.30701667673169697,0.04657092613706382,0.9735050347230132,0.7923055794795695,0.6694935162703254,0.6990755214862505,0.7666410847879211,0.3520760957471063,0.4536377459310166,0.021985882013650815,0.15901314070517314,0.5587124117103435,0.2527038521361099,0.023875893881605048
Mali,0.9797176619765083,0.4927751656278615,0.2774202419555106,0.6578390963672353,0.4624346497228281,0.9141736513234453,0.29751346034345716,0.2018411356743146,0.5702337527755986,0.3808961080863774,0.2464159707455097,0.7007801938439868,0.19979517456313645,0.8168956718185456,0.9812566887346628,0.5997045680643163,0.4120245294356881,0.06961319765402008,0.20359269476277764,0.4641015469907148,0.42734468204661424,0.15367901699155484,0.8252193554641747,0.28297033339768907,0.3637557242588241,0.21707671320606814,0.09659740636989955,0.19014605628449543,0.2061552955050847,0.19256253309942217,0.44232305902716085,0.22292009789502532,0.5996532421423729,0.2108425079356544,0.2675913082859043,0.9613064770442178,0.7886754959940622,0.9590505407558666,0.5133490175838727,0.5971778041127102,0.2742776949458312,0.5001477700588676,0.31803041509438346,0.37552072471064757,0.5033216180428112,0.935453776066037,0.9298805650924175,0.08248588203121276,0.4981095499401048,0.961863981733385,0.8669307315881396,0.7920061188246055,0.43986867583077427,0.674912476295065,0.39069875668058096,0.30111977077230834,0.532869365870479,0.13774189754269317,0.246108848913971,0.778764174738805,0.533425272700531,0.11830841892983934,0.03831750777484888,0.782084226483324,0.043516772025263384,0.37309048318315896,0.2584094401129977,0.32303015635923993,0.1570247605535725,0.5483458400441708,0.0364931609023994,0.43870261159789103,0.09910082951944277,0.5167455050054426,0.45662130004713775,0.7507337127231558,0.7364675499982313,0.21176007747185133,0.056983134664516544,0.27567024388455386,0.6054141918810557,0.7483434612496648,0.5100851226247408,0.2363878212151197,0.5374551824180397,0.9586409244691074,0.37495018054477913,0.9860094425249826,0.9417634717190523,0.8665581599063785,0.9196275151884716,0.5673487537142196,0.5328690423989079,0.3514539564948329,0.4072684685651181,0.6739021716197372,0.5473018695614466,0.08750715712113788,0.4137262371195538,0.8683585287891589,0.9863522070162388,0.5047411654308428,0.09539982944311132,0.061381748413219084,0.8709229165200437,0.04686576655707664,0.7706751154997068,0.13676613509889513,0.6859477843187632,0.6158680305526592,0.08368966435941771,0.8749644726099826,0.15742409037719707,0.43002078787045084,0.4472985265178009,0.5352502501717227,0.45970393089402806,0.5281962599875292,0.6536101648420604,0.26453846658093694,0.4095049007614092
Mauritania,0.25862072653112056,0.6904250971195482,0.6483659323699912,0.7206188614030437,0.2701412506748191,0.5932388780448765,0.8561065508307012,0.37310461381743754,0.1869214258566495,0.8599898527472152,0.013027598637072368,0.4004088695618252,0.22840030608019102,0.04314161482606238,0.0013156709282317047,0.3897073338823446,0.23614461528796304,0.2608498606249021,0.3563636335921382,0.11043456540436147,0.3399789615607197,0.5562609529048079,0.007967872588359515,0.819106699158486,0.3365693136971495,0.4285785599762938,0.07843177557555647,0.05343542429933934,0.6531883193157989,0.4758639861368563,0.5228278676704031,0.6079788647990528,0.7800163466225621,0.3882419237576519,0.8638606218858439,0.5630164343621564,0.2621416642199643,0.9810736346258694,0.6126145561852208,0.04259131947322381,0.8394765709588792,0.17061711485646536,0.22795139885941385,0.3670986239968834,0.9086306534251335,0.056760056921356106,0.8760660442289967,0.14724137728622078,0.7907291396168488,0.9088850564775953,0.557342270079354,0.33151659574667003,0.8750713307240551,0.9328908708177843,0.08199656745822748,0.8571255177649486,0.2996699180165677,0.22709774450958187,0.9550298432205232,0.241872582767385,0.9090625994507245,0.5492887436682765,0.9810036133767531,0.29309144741496873,0.04067096477158605,0.5824203833613508,0.9898764399561983,0.867614504149244,0.8457812755941596,0.4094591253500285,0.32418030380636353,0.4012454460055713,0.9978317115278666,0.15097758491660462,0.023738254082951604,0.17614224786851185,0.9541863000642783,0.8657628072273046,0.15296651193985134,0.13576770346931666,0.8058858156512878,0.1388074726815105,0.5288042956863797,0.4711527302734455,0.5427700390902378,0.44428641213942255,0.1084792708854827,0.3625642200499063,0.8202529493255846,0.30095697641092944,0.8220750043772369,0.8147907513743143,0.3345524251956655,0.9168718640783171,0.5895489766232788,0.33865875243458055,0.2925612837446322,0.18984940249033322,0.28643226371214703,0.8957192651348183,0.9540816095028372,0.20000309926484938,0.20495503617947186,0.7094294246193722,0.04085760579606401,0.16992925792957048,0.20493697234800134,0.8710757900617129,0.7895504344706442,0.4872733314985269,0.43285520681844847,0.6850674714388145,0.041317408018708535,0.7900071784732993,0.5415579696224221,0.9423627876180114,0.7382787422974233,0.609678665602985,0.8963273833671574,0.4770268604927126,0.9299500186454701
Mexico,0.23231904212358745,0.9266719718342303,0.007021282907080706,0.06702708110928768,0.14997279712805134,0.9207940209388251,0.7075837123761932,0.252822119646117,0.8139461332875239,0.17231828548995476,0.908896313704124,0.5002752742140295,0.3283372251401191,0.4533366955542788,0.5198038429514916,0.96299110605762,0.6836024902264406,0.05104269016039331,0.3277003073554793,0.4504054829978378,0.21619491624251108,0.7734281949476628,0.8177471146678411,0.6389754783600646,0.052736320712780116,0.22316430145099453,0.5459926489585095,0.9768037508578964,0.7761642893716157,0.34404537194392204,0.14228523122426373,0.48746401497511205,0.520431779632508,0.39972549493689713,0.4657442640533984,0.05015265454057405,0.0556499800311796,0.4526972058358595,0.5802796163120556,0.4400077983022249,0.3021168188554152,0.05920756290032303,0.8395484203103553,0.5165418026745229,0.6482430451547734,0.1522849206456195,0.8499822995668666,0.33832841425761206,0.0007812780521270213,0.3143548976382372,0.27451316616859744,0.09840686237795815,0.7509282704352659,0.9664181858639229,0.26070095680134686,0.8812297131896074,0.14118914517556835,0.5494844514597027,0.39345383517905397,0.7467355972595081,0.8887337675225703,0.014479623570625266,0.7808593253826406,0.015363315529088428,0.8602430001521273,0.010274133173735045,0.7353540678054633,0.6518573622465132,0.25195460325242347,0.8008579359945028,0.19501016122167147,0.5401332029762467,0.5272035944976086,0.44934467987462523,0.07805981398314887,0.02179823554881022,0.6144454410453163,0.9955478581470791,0.15489068224558022,0.03520693823003529,0.6565648674688013,0.3858560883372162,0.9830119544686823,0.8622015927567764,0.45949796999031345,0.5982109163591102,0.4342003148386805,0.814866833727651,0.08573424448105904,0.5855027280833457,0.1325631566932305,0.07385967567820306,0.9766363522045167,0.10998717503930888,0.7440339151066212,0.9348157499356531,0.9294666991547248,0.7483173200644132,0.02316500243338948,0.02056523489222528,0.06808082684082617,0.2465092754642031,0.19894322694186428,0.9773960867613571,0.5375485565875084,0.7886575243750127,0.19182901105283356,0.7094120200279906,0.7008057719058595,0.04617599629695224,0.6584755143996754,0.28023683501026986,0.6043566419994921,0.29893966648841586,0.2812986961749725,0.997539541664486,0.7925993405231928,0.9139344071196929,0.6385316371907116,0.46362649000613876,0.9916147498782946
Mongolia,0.9333547567361001,0.8179296103032841,0.4750190115023415,0.7269066417951711,0.09781123288657656,0.9098190937278251,0.11277817243689259,0.11563594404110955,0.019166588832434717,0.8446586804703479,0.07709935395667178,0.33356798120237574,0.6096360532181314,0.26694812767027576,0.23604218475059913,0.14182007337114122,0.24854085976384266,0.34407516799366034,0.5712726255125464,0.005668650908021933,0.66417011162334,0.6958236666770995,0.4278207503907562,0.682007184963932,0.7489490833369893,0.47493521684372675,0.11256108498633577,0.46645425867338675,0.8077821207873492,0.20344962929001775,0.5790810987043109,0.23326719085836944,0.4854431603031715,0.4982642818503671,0.6956413976026127,0.18357499928464138,0.10002051736618112,0.5950051638494127,0.5327416494661155,0.5463492729275319,0.7601199446003555,0.8432436799051989,0.8905229043549053,0.5940365176871664,0.4497192874028899,0.9868169819764276,0.669831385784108,0.9513379817895387,0.8714878451666668,0.22517898076298437,0.10572604788910456,0.32271069604255165,0.4466736432079288,0.8012043316303833,0.9767974311841459,0.4169654244652279,0.9224874204467984,0.540168015628069,0.22495292656781507,0.8942863279141866,0.15313935937513912,0.8583914072406618,0.5263267916879233,0.4895281894163619,0.8840066837125388,0.9575512073990903,0.005688491145220853,0.7639020890019446,0.060851379630658786,0.23250099144762448,0.8545606219238308,0.5773484153687525,0.8696277643805093,0.9269758018837264,0.10335051119734728,0.45122910029146035,0.5716496138928978,0.6098211238255241,0.551894608648374,0.5411856328520265,0.9304987089640759,0.2874587642328096,0.7482780155732041,0.358756690374891,0.5170887665485526,0.736191136448505,0.0715981784080123,0.8038614848313572,0.6114139008046466,0.14381144220867637,0.021697892486508663,0.8629864028441637,0.27665685391139183,0.9989512488064989,0.7000858569585502,0.3722565811485492,0.9048809226685697,0.4966730843348316,0.705004589625382,0.6787375026750914,0.8173190281397209,0.45476764815314097,0.8896633063078366,0.270116362045311,0.33062904689894634,0.8749114697057035,0.5059627211680849,0.4264303580569887,0.08776466470909561,0.5437908671429513,0.35541149178460785,0.1717703199924404,0.2827412449413227,0.2411173863157955,0.30324940027823644,0.5060206720618792,0.30248512468470135,0.27169415872688196,0.8469285183202316,0.4987224430779167,0.8482872202326128
Montenegro,0.30505053780981206,0.28320110712212376,0.5452338915758133,0.352545292993953,0.47827199892308725,0.8307509084570811,0.1558938720569577,0.14952052558106077,0.215619643359233,0.13797659965845133,0.7233231194152097,0.14077350808391187,0.2676608749944701,0.44297324454046716,0.2676157356743811,0.5386795616559812,0.0964603479637649,0.5136628314409801,0.2174740338147393,0.8542813880972628,0.5063567343352864,0.29010845174476785,0.6681480718568464,0.7725742245805894,0.3347331716279136,0.774984078200025,0.6945407928225545,0.6099838469818636,0.20925878643131823,0.9995926736429589,0.9550434286280698,0.9359346996379532,0.01044360864665983,0.9630756253730971,0.2033719703583775,0.8813220204802924,0.5399953065342787,0.2364865769134581,0.7492469433263413,0.17854799084478856,0.13072513696884458,0.867705082668501,0.3621164978178535,0.07880871171029125,0.6934082286313877,0.49332090466858314,0.40652056061334507,0.5398178570713937,0.8877387314511591,0.3422914014443653,0.835842353601476,0.17929748280632474,0.3762929405403459,0.30813876688350206,0.04984774892627797,0.929707871532597,0.5766048560118874,0.2583093478592525,0.989238999573679,0.1582146050309281,0.2550114387716347,0.41553985345153277,0.4347385251984405,0.9721538582643611,0.8456043140757891,0.05896748994780321,0.15781387818222736,0.9659246266844378,0.05518658346832872,0.22078650834732738,0.22907552086438376,0.10438620054813552,0.5329986280555568,0.21528111594605193,0.004861898079566385,0.1136673840512642,0.09450462331003928,0.7854215216210099,0.9548313821965303,0.5572497577279535,0.7631729719021837,0.05312214303144802,0.16744666158354382,0.450675634704505,0.646850969472734,0.19633478511337032,0.6206965601005775,0.3206757618454761,0.29422220050248304,0.18615286493808603,0.5455989630611882,0.23088541261631457,0.07932731506494628,0.46586563076594467,0.8573996131708835,0.39397201238270196,0.6945709741948702,0.2567543148918038,0.3168760031092994,0.0907809574401457,0.23365576109842967,0.4346024531663337,0.7573180202343133,0.3675772038644546,0.996946807342534,0.06777127638355285,0.2565100549011199,0.9008927445760875,0.6961030093449192,0.2956969050093896,0.670391812352496,0.5639299706760843,0.5773270792261231,0.4647808127577574,0.4185872017079828,0.8066886333962996,0.15305941433135584,0.29229753441985085,0.9272779034405256,0.7161134363073813,0.3424784003539143
Morocco,0.009442982830576985,0.4243850495096946,0.46166688703190595,0.01989016596095905,0.40081596779151685,0.24073687985865522,0.6274114676050175,0.607112396981666,0.9928921214917139,0.11735409880310632,0.9450041514092518,0.00017790094650971255,0.32839866131352935,0.599721935451126,0.44000731398958526,0.8431373107937931,0.047338496217792736,0.4719043398453897,0.21591370221074813,0.5654773949840523,0.5752743787678459,0.45093060530489715,0.4593944826050912,0.5724847022462424,0.12989108140668548,0.8664682486956728,0.18717620743325558,0.3281999675021944,0.8348246220889901,0.1962776646751323,0.6244194816883408,0.9364176981824359,0.9855814004368214,0.4030718056265795,0.6044073362478248,0.1490111169439099,0.7090970274204509,0.7135743773954563,0.4412858077180961,0.07916636329331128,0.14173181128033419,0.6435257563297422,0.44178545710047634,0.7886376176616622,0.6499529158296296,0.8190429491932933,0.7167690640025423,0.47298204663201815,0.7695085637216748,0.7650070618706047,0.5842014359252228,0.9275748351371692,0.17863134535993763,0.7015391553419255,0.9141144783377488,0.5128165272440943,0.7820724414931319,0.8728753819642009,0.9035992985363815,0.7297591480291029,0.5940964566078194,0.30560695553300155,0.5594802931374269,0.9143417339155119,0.7871023586008881,0.3513860278315265,0.8438652277636137,0.8193759817882479,0.3824148265896241,0.6808710540892601,0.04117780058978093,0.8320715928555954,0.0074085094742611934,0.9121864717616808,0.5837622809368167,0.45403247358799037,0.33067539482045727,0.7151962557529229,0.2841339363222358,0.47377387064337084,0.1709470418747061,0.8805760071649038,0.641906290146764,0.26308641707331804,0.6540704304189071,0.5499698759171927,0.5387864285002567,0.9306601663930661,0.017665265681610087,0.20350891817603467,0.11061705679752054,0.6683661893366368,0.03091155609640972,0.6384442587816235,0.29546001971661995,0.5456299220942455,0.4890210875594393,0.652340533827315,0.6083398994494918,0.30692463650189994,0.4338953767440067,0.41832361263308127,0.2789011749765632,0.7571182898025413,0.7503098613421099,0.18919983744568236,0.9927481417839146,0.4566568412037276,0.3102257482795995,0.6237024513289494,0.4770404536471078,0.9999493997030471,0.5644488027094088,0.024284474567581094,0.8191543095692181,0.3473598539888363,0.7929659350549841,0.2314242752593022,0.05762957930532797,0.015767994983483136,0.8001727334433831
Mozambique,0.9855813182485474,0.35484083233999075,0.9732305843723336,0.7799524606045493,0.9509312149809139,0.7558260587686552,0.333289771273521,0.8703111659990903,0.7202122681838884,0.6027925385280425,0.8128391908818706,0.5527904080986954,0.043106312829124804,0.4286824817164414,0.27725284430505215,0.07287492917134786,0.2805134443322954,0.7800645476078033,0.5216388733894096,0.4138956759132808,0.532497845658293,0.9550704401063356,0.464699126012893,0.7422652552904785,0.6895959724846902,0.1546368329893123,0.22241748744991374,0.11065549790678408,0.8301979951231768,0.5203584730625075,0.11619699805752837,0.8514874510254324,0.5443091745828871,0.9938881903840893,0.223350546652907,0.6931703746555711,0.3462998784484288,0.3388090959596829,0.4127899165133976,0.7447116055562664,0.7054231529667859,0.10750556552424295,0.45472395970730173,0.43476089254198025,0.8435435674160188,0.06643028486532887,0.12281204342074215,0.5265607320105998,0.9076392294009096,0.3710379509544651,0.7274298585174713,0.548625878571468,0.13052819324227105,0.252812691908747,0.09619687014252398,0.47001310666809337,0.10447821586205097,0.023443932160666647,0.8183236333164544,0.889259282426384,0.7843167724229093,0.42903512892040974,0.21278409491914874,0.9110709590210224,0.37009661933506677,0.3499501339563359,0.8465395376018066,0.7241295344941837,0.065300787452654,0.4012357301104852,0.8211591100755454,0.6880426716691143,0.5367598306678287,0.9396587109736626,0.4505985122029815,0.440100016594528,0.5686701447291574,0.6273992159853556,0.7207454753702842,0.7382715196748114,0.44482985361690675,0.8450687703614223,0.14835644117267943,0.017550983016702437,0.5360714521807746,0.24930892996211707,0.22624623138609,0.1225157783845835,0.6811023348661998,0.07997529641071155,0.7136025092860704,0.4887838267962449,0.6929670018009745,0.5483116077064699,0.3663285452036392,0.19354754658968276,0.16835229363882254,0.37691398606527304,0.7477331854821233,0.6505286785325589,0.20728921513341136,0.11984110451782781,0.4174521041736108,0.8484341866770412,0.3551533002776939,0.9380689922149497,0.25147013175583843,0.39396047354717567,0.7870490952739297,0.14987680853364183,0.9477437235819797,0.7179532921669809,0.8443631255085922,0.564901693701924,0.6462702675854419,0.04484348493965651,0.6406806854454093,0.09361652922478059,0.9993347836762368,0.18854944165315646,0.8940317520480452
Myanmar,0.9353904996935386,0.08514142957268644,0.15662224046877404,0.9072421578971473,0.6009727880943737,0.48269267498427304,0.5984825659335212,0.19157837142512235,0.557842123091267,0.3484404635305872,0.24692721019655106,0.6926542807740391,0.2557068056880831,0.600425635278639,0.9790993770112598,0.462808708012738,0.07701802135351288,0.2802873460237846,0.8468034297764672,0.6666702871906345,0.2642710593742066,0.6494980684534848,0.8541400004487463,0.6713471123291657,0.3693793689269008,0.6397678299290236,0.809702278250499,0.6525784480188939,0.25156585007411636,0.37749734459264506,0.03654670387601888,0.03449864979895645,0.705764826743904,0.8499326182187998,0.823818193676585,0.6196045516530068,0.8907893627526647,0.27276451195619167,0.9159080809884014,0.19804788276008634,0.4363134403468366,0.21433893497503276,0.30649912917221067,0.3165924747879949,0.373394644596328,0.3507642108489927,0.24008020159996202,0.09986328813141387,0.055282958051179,0.043096738077988084,0.6829949681341051,0.6247902290846319,0.5932051661276485,0.268208695283889,0.9431356304900668,0.3709807152757556,0.5674654460340819,0.1941888009869399,0.02092418977320798,0.4211198238211189,0.7282582376511517,0.19646709520358796,0.4517440609077439,0.4656580255042234,0.20649568630641169,0.049038826989626694,0.11942315472737874,0.4351755099639829,0.435191303246778,0.283886524465915,0.3417796941622391,0.5718802215553304,0.1018424077242629,0.9972471857497469,0.790441828974558,0.04675599429476163,0.297972475744512,0.07895678477526136,0.09889813693383676,0.7766200678568183,0.5993610047227718,0.49392495541831416,0.2280656540807614,0.926615538974071,0.8664265016764187,0.8701665697090277,0.6490852209935006,0.5477513586795354,0.5861517974157429,0.21577751861673278,0.6649474763746005,0.7254895280242648,0.1591164877557203,0.747644662787746,0.47033437165871506,0.9633548203559316,0.07026261299108305,0.3028909776615827,0.6969498880059959,0.43400391545105077,0.41198612232124354,0.1193908292475847,0.020274301175950082,0.665674947541922,0.9617090024414582,0.9736074827653532,0.9986480027652431,0.12145805394762166,0.4203169175420629,0.9576484499668637,0.39662013640670224,0.24218992650939808,0.6863914176245579,0.20720024991148622,0.24670550702951755,0.8682162180520316,0.7409200963146443,0.5583348374308272,0.8817140184926721,0.28762413969696976,0.5162969052763152
Namibia,0.5149258824618924,0.887342944243778,0.06618026119431142,0.7187349041367125,0.04395828950109393,0.3473849307607372,0.8205976174297082,0.9866113394190494,0.5312607396835825,0.9571738745374757,0.6030456636739518,0.9043717053499165,0.25634159519399735,0.7411261695285652,0.64020936117079,0.9519279331941892,0.4672082339837391,0.05142431121311963,0.8897124067850581,0.7005781678898866,0.003116841425416572,0.5846458972853968,0.5407538829758486,0.04671380539278136,0.32845874950272225,0.8964174040138698,0.9112406484125621,0.8518335158373601,0.1577699512297258,0.4151457661074658,0.7397220625335295,0.7500497165789489,0.7370362986058734,0.03064982922872983,0.7336034665931251,0.6285945327166097,0.21686517099626534,0.5046204331390712,0.5933977445039507,0.8977038217439167,0.5977635324871046,0.36677571566163747,0.18021971680202142,0.07932018450402756,0.010489232367815626,0.28705204395678663,0.7455928371556618,0.07383395036625817,0.2759839334557803,0.20408166220903246,0.8386297775819521,0.9834681394230206,0.6784966414489658,0.22547796034686485,0.8777376730996054,0.729562764399878,0.9517628891679956,0.04219505189778294,0.8769937943672917,0.24477878305433098,0.4609064543961814,0.7122685554152185,0.3990658253196582,0.24394856389374497,0.9471442813235489,0.6603297636930366,0.3441075386082424,0.6296283464249967,0.06923350171617304,0.2825442830562306,0.8827939831078893,0.07107115890801152,0.9733699582873975,0.7262441069685709,0.21640143913010557,0.25050112295221383,0.5507461903312336,0.383149818057393,0.9943300649297334,0.02143990590564948,0.6068265082781884,0.9830421122817098,0.800252595220712,0.9690994480933866,0.08959622194117245,0.4727247010346135,0.9569417158657083,0.09030131520047446,0.9784123365831603,0.2466906762280321,0.06459085786197061,0.554357660985552,0.11531451265806225,0.47370238816583343,0.6090060531125365,0.5435193420073011,0.3389558955941827,0.13811940370437337,0.2825439450595081,0.4116855283659645,0.43072197797543565,0.9782737582059633,0.12426232589996211,0.8373946930784978,0.3012179732539666,0.7985113237495831,0.7986702042359062,0.7270703471608905,0.7794064127822738,0.6738622555031973,0.8635596265847096,0.7801064053697573,0.7979828534627016,0.36132197279919465,0.5728759711069343,0.6607425384441717,0.21619524771305443,0.10386301049404367,0.1410322056860015,0.10031770733295631,0.07280795521009242
Nepal,0.998105092945134,0.8102533940186942,0.14081409982742743,0.7685429803994771,0.44197351428163745,0.07137224687125898,0.20267239289297934,0.4312751409689918,0.9186438254303285,0.5257332877906231,0.3938881770723398,0.3550664768681362,0.6156930453358395,0.8734712600595904,0.4711473018943012,0.5515881140337721,0.642899360209115,0.22750816913738026,0.9089707063785722,0.7274788738234494,0.18813017730664217,0.8766913182653578,0.06658111311089321,0.5619909371989671,0.8696072224280207,0.905714108850695,0.2549478107251998,0.5421527956999138,0.20935102058416388,0.207873104186848,0.5509089495303777,0.5018192918101354,0.389197510953994,0.5451217100249618,0.5629688650483393,0.19826862923937794,0.3437144060937348,0.6650848464249796,0.25735709813605867,0.42439273297153224,0.12369465092697896,0.22701801694519697,0.039117175610014265,0.7891872179651792,0.9655255063454063,0.19384263222332554,0.8054070406208317,0.8220905165545996,0.988060374742196,0.8041241417912733,0.9011913884465189,0.7170828600706253,0.5075508168385131,0.22458252438392767,0.38522811476093854,0.23918701132411235,0.9442575952171203,0.7117752712870921,0.49979717135279367,0.8430114098460255,0.9039381674180709,0.9962768062657958,0.056928100875096255,0.846783713698775,0.7569607164729693,0.5338295800936745,0.46674184709572963,0.8157334863742929,0.9999632308942004,0.2821898249894429,0.6481061197412171,0.7609469363664445,0.1634597366679461,0.9470538329576268,0.07795189108107659,0.76761385174352,0.49762244607881323,0.18516839404858743,0.12228898024837631,0.5618682154471047,0.26043791575548847,0.10329033203184912,0.5232065557492446,0.43967767657865775,0.9402289633542242,0.5790205891764383,0.27199209926383683,0.8428840691137797,0.7259157127444936,0.5742043098239595,0.05998707099206302,0.5220881613988628,0.09519685862223526,0.750699503323749,0.17077382483532288,0.8671054662449182,0.7071058975813133,0.16191914981974664,0.5177492015954558,0.38329337442366684,0.13242982624127098,0.3990939220070825,0.25558002034860294,0.9512014234035666,0.3953408707011977,0.02889657466482831,0.36253896024990806,0.9022567103217235,0.4647364248860304,0.17914017676363692,0.9279444707164674,0.22984783099953454,0.8566551951044685,0.660238242428616,0.5340752501876995,0.8075061275753046,0.6970980003458014,0.9813984445378405,0.8445941806565935,0.4903154046292292,0.3848318737029094
Niger,0.6807006166115069,0.3911869493122315,0.42578394253331764,0.13154178204219769,0.04712068981885653,0.6283512075189673,0.24560267588182094,0.956660452795462,0.8839057686101282,0.7680553723598599,0.569403187588774,0.5714675395242587,0.5467814573083553,0.4774816914913693,0.21894276827598302,0.23782418605939337,0.3442605288697367,0.2043838024344562,0.48411342925861434,0.7613332738532077,0.2492268567864493,0.6770346576551961,0.905688039290786,0.8516128999823084,0.8511066513184621,0.6584354453428166,0.7253595400245968,0.18227078331490254,0.07790190088100823,0.23032867228401976,0.43898793272043213,0.3272447952205719,0.363396058949083,0.16396488438805146,0.26983205671638943,0.5432854249155316,0.4577541587884436,0.9358430252312264,0.8094271872514955,0.7458719680197018,0.06451368101168098,0.1741502993399764,0.9489066652955508,0.36999038353115477,0.0946686232042756,0.65265954327766,0.6907949914144862,0.44814622578894303,0.35154778530388175,0.8694662107045696,0.5458111004567768,0.6027661938835911,0.13818617668901056,0.5502400730063752,0.6350887265764897,0.2514915741294804,0.7731027139575013,0.41658742675879956,0.6576899772464737,0.4332710700945962,0.16723469594878837,0.1030127858155272,0.2475406710050554,0.7079058809126545,0.44113712950336537,0.10455380460631869,0.8788007735891548,0.07729353514670467,0.14308677789935043,0.553811641600512,0.8035580731668805,0.8805426083811332,0.2672805735226377,0.8414272811768582,0.6468443949563704,0.4124716046308893,0.5604041325479298,0.17333759249230551,0.5077942094677207,0.31016073402275735,0.43421756443685666,0.4447338137847736,0.20990311981283616,0.5781997187422057,0.24922338782632492,0.5795104301325086,0.9175048475597746,0.2770092430782838,0.8072703644658009,0.07963449085846364,0.021315400749356228,0.3042567812831104,0.2592461816608287,0.5003378421694356,0.4545381177930433,0.1860936176799195,0.26151909779617133,0.28309487055369476,0.3435216269249324,0.9996139914064792,0.9326062690858471,0.5378194031834387,0.4107666897260539,0.5671412293869025,0.7838513430795189,0.3091238116493773,0.6758650698986061,0.750096254242328,0.259917380626149,0.01425245818543075,0.6328755311138784,0.05289037253159823,0.3320657906022486,0.1258592577210067,0.8455946738647577,0.15207214779697387,0.6467387454411154,0.7558357531618236,0.9486192644323432,0.2878255911890155,0.031532411392312
Nigeria,0.22649317501294397,0.7496614381591129,0.9098641341957808,0.6424437169083441,0.6808865060315632,0.5104943551160622,0.46732367213938353,0.19668774429220404,0.3221044587158629,0.290013878709257,0.9199607761539288,0.16990016636771432,0.2684181757294597,0.9264688507478351,0.4143571386213485,0.2224018741829863,0.24658676140814895,0.8278441356024256,0.5210808357709501,0.5465202872621054,0.121587341462147,0.3260703184136783,0.7071879689556896,0.2680898249433895,0.8482281404258553,0.6374766221365429,0.8886614150580758,0.7014593857914246,0.808639100108442,0.8918425314186134,0.2786249103557681,0.6276305575073506,0.4509962781795619,0.5569866240127598,0.8538660945695651,0.961840544792944,0.4631661250240442,0.21036091345870056,0.8049348972618529,0.07920220608582551,0.4554135826731587,0.5655291465746713,0.7604622417354348,0.14382084752214075,0.24181195381973963,0.49551973421159934,0.6866810161341501,0.39027582293116325,0.9046225154138287,0.5197671609121856,0.06162298659210075,0.8108267599994043,0.4391321034841428,0.7397829808763957,0.5335150771127967,0.6833512405607821,0.8682724043460538,0.3566160741949349,0.6422942554904022,0.9612436224283393,0.07023381316690802,0.017779458612385945,0.4195465539678145,0.0003452850907306182,0.8193764535480287,0.029350101234553394,0.12457574645200942,0.45149085455854343,0.6400596755592669,0.08228345493895262,0.8213560791706264,0.3257839602677889,0.4909804006903631,0.8279745715198066,0.09306974660616563,0.6805073171168746,0.5443566081450495,0.4244618081070849,0.3869108525468584,0.16869159391817867,0.5852394944859608,0.47424157596014727,0.8020252637600281,0.6620053502969839,0.6217121750555755,0.16614555990436808,0.9144564780070833,0.147365177217618,0.43907209649604517,0.08520491182156831,0.5412619460498674,0.25354076802140746,0.7944080488742888,0.565446675862208,0.8891652449409158,0.5708582976246985,0.7261671000800489,0.160628247496155,0.8784808081463519,0.8808770942778387,0.4736730976981871,0.7292176046021267,0.24204102994034737,0.723266426836563,0.21641624312394148,0.539336874780693,0.9429742804555471,0.1575106708591274,0.33760190285050906,0.27726156577973304,0.773731204594875,0.6094252723599285,0.0029976421262298825,0.7321009804741339,0.3196496559214965,0.3500772772593198,0.8722796216704195,0.8426691581220205,0.3988811831247777,0.3543778176938448,0.6800082060469574
Norway,0.02328379557244098,0.39884058432503633,0.7884220534025334,0.07989533015616979,0.725114363207827,0.06493799395633593,0.16472692482525841,0.9314254232196091,0.15716592634605697,0.4892656607836736,0.11379359871317218,0.5155074279796111,0.2861469819561234,0.6411320167736846,0.16594762612396163,0.2920769289723518,0.9550403031049286,0.7855403370892778,0.43139083601340544,0.02661315431043043,0.32703663071666755,0.752316256873208,0.8248539250442958,0.7079413248855623,0.5564825329112908,0.2496662942000446,0.2643757144093942,0.06755060818545211,0.9360843774694131,0.4370926304339289,0.22513254915526393,0.41268607824753334,0.7878496729309182,0.35654052296618377,0.527440209732537,0.5026277842079813,0.19525920316918077,0.31342362949104186,0.07725030790693177,0.8975846765309732,0.3126487500942464,0.8730706960708486,0.542135424943918,0.31866870377203016,0.40455867274490254,0.9704868969721843,0.3936292337344328,0.22630614040118446,0.0008045346107726781,0.3394732659520776,0.7726588811252894,0.17056162989781287,0.36744929339779775,0.13549106188244486,0.20286981261920312,0.6585933381034494,0.1642939018098526,0.6584031212595863,0.5700956059643439,0.9272254506633546,0.09798529939095502,0.3941727028696673,0.19786294790383552,0.9245480416357765,0.2499245304288671,0.5921849305705036,0.9393882677273491,0.7896810510695913,0.5352302522716647,0.0736814242770022,0.6346339368420575,0.7961401984397813,0.3053975005098982,0.5740189990348143,0.23827245257155916,0.5458199036377248,0.5450575440477679,0.8853063165414219,0.698252405350459,0.6030160536549495,0.2140165179184974,0.18102592551485486,0.9651820101907368,0.1758521976334465,0.031245114910955385,0.6621392198434274,0.7883666366336392,0.14886853453868587,0.5169306827654438,0.7743307489115738,0.8856126211228101,0.9705136029143114,0.11746025516989544,0.15288525049275725,0.16533217863187533,0.8292827300921088,0.7921223543385317,0.5070500967127788,0.5671397542077824,0.5148939160729779,0.9378354627931356,0.41384738488929596,0.6787130758410665,0.3791700437221628,0.5846335377411768,0.6702602376086452,0.06140742192095516,0.07765176637546212,0.07050880667544346,0.10771086450852063,0.24548121022421632,0.20446102000536226,0.9829714099883309,0.7628253455195044,0.3018419628212632,0.6751589678939487,0.30594484101264696,0.9543889904631239,0.12249288804501623,0.014556689243862553,0.09038025056357568
Oman,0.9711351809587936,0.956249768500193,0.6322902065477197,0.9011499869055205,0.10010212096585736,0.7816776001282274,0.9469105203663322,0.015988342469487438,0.6036523388720937,0.41094644163171,0.5684503719421382,0.29965957197922444,0.9809725734994997,0.5393148786665217,0.030971104733220733,0.35433058620474467,0.926670729547011,0.04059124566375283,0.7961454805282717,0.017000202352639993,0.5047834189650704,0.4562854480778271,0.5184132862794003,0.23084353841140326,0.9354326518465785,0.8587640716590946,0.8500808022512757,0.7213129312187583,0.7117849261925319,0.1746258950684102,0.21636007960142978,0.3680492299567214,0.11637005429494685,0.10089145949873268,0.4465548315895601,0.7944589598613112,0.5386014545434475,0.9398091641848343,0.2412149205777393,0.37962085756122443,0.6891194850721832,0.7833220262813757,0.4914294031423395,0.7143374920444343,0.08564990878157297,0.04055999003681221,0.8706609598039711,0.5012129583499049,0.8456957365281302,0.01815869749847787,0.11431795917330201,0.24951599390481827,0.44397678417634057,0.22097286159336382,0.05062271403438823,0.7230617661414264,0.6495402758486054,0.7078585727234231,0.21174253613707716,0.5268267427665588,0.1395029856816017,0.9425531098882559,0.8127733878769507,0.2691818838091946,0.9001419656251405,0.45828744989984527,0.9550168405277315,0.09486485480277207,0.26829628617068746,0.4213006559624728,0.6305582344602422,0.7373686134673902,0.02987512247588331,0.47872390545305465,0.7796514723323618,0.570932670170388,0.2797278870297385,0.9367315014853281,0.3900734966415368,0.5873886240139369,0.18621822176789526,0.6135638210795252,0.29738552728504253,0.6272982719030493,0.23874429023995647,0.11323779989497262,0.8598758799959898,0.5631522468683152,0.7515912894842742,0.716336114150057,0.019827172959762773,0.5287363769404971,0.9269891274991179,0.649044038451691,0.8502165412711375,0.1042611734430654,0.5626455823891698,0.27786456067348897,0.10460123375618613,0.0064764708807378835,0.6752369923370559,0.26822912290427414,0.9519243712461447,0.8632696390022138,0.06926805798799163,0.7165060188093797,0.5471967172975127,0.13294080952144927,0.18453137470177527,0.6468194559827884,0.9986345646795843,0.5117700406389541,0.9521268697812386,0.06955467111241698,0.41092296330258293,0.9523630685995561,0.515454691895368,0.7506452585599699,0.4306193184288203,0.15376770572307952,0.8734447903276602
Pakistan,0.5425448671753302,0.815677026072583,0.41479642541361117,0.7669735711312696,0.5231192674697823,0.21417108180729694,0.6338511808725019,0.8371412374530403,0.03441293587859917,0.1490009102423564,0.05931935677221667,0.6629009613643175,0.37327552020890575,0.3946646845886117,0.7233584976851263,0.3122977891099098,0.11047387084606164,0.7178452326616589,0.2895020476751421,0.6696922771422763,0.9181805980132836,0.8798503946873892,0.2774583032286291,0.6864628289441794,0.31156035664489723,0.5203262839266716,0.9605983422058102,0.19657599947964877,0.10969085276906088,0.11491027184286218,0.20040470015561818,0.4359442614415403,0.20430635007376519,0.4127547570375204,0.5712255929360213,0.04883125169386082,0.49735245046238397,0.35699055712668204,0.3648764872244321,0.292712742781954,0.17119553132920362,0.31210822023477136,0.8933941422799745,0.3075647383304526,0.8302152403437727,0.15994093487142058,0.8777683158423623,0.8117451600070981,0.858524121058428,0.09467842719068209,0.48269409237289707,0.5081017658001564,0.8620249381190579,0.7253565968293854,0.03109687160975705,0.3276467205030893,0.37626507007811105,0.765166215086058,0.9839155313137122,0.4519541338307357,0.7681836724594787,0.8197395828943763,0.31729817222852363,0.4820999814035676,0.33936518030418694,0.5791710233646009,0.05776284430687284,0.18669212267521518,0.4458423573088137,0.08496216590886307,0.5247243859707341,0.9418677855393631,0.5822146847933496,0.970600228321116,0.605334282205105,0.16450578926903348,0.9825197697089462,0.7158313847785437,0.9243971859473572,0.4499630167473928,0.029869725888503784,0.4923786141401929,0.27754088307125246,0.38313663168716583,0.13103451581269043,0.9869578185378222,0.31020468626580566,0.32014682630735425,0.9978901046683614,0.11989126544036988,0.4361053358202299,0.40178262792149566,0.9221792627164563,0.09194358383440526,0.9810416690283214,0.02128995480733853,0.1813258993390322,0.8077312111258403,0.7516067133841073,0.9661740832463082,0.011863468769668595,0.2364696095940304,0.2957346329104936,0.6786863119913016,0.9455883528001244,0.11668213947205686,0.1884588525552735,0.519692500301288,0.7920931725285499,0.06719633130683456,0.7732205876540958,0.18819212218211512,0.6138511254657365,0.5691109601476492,0.6953329561902358,0.6943058621476264,0.6919360359764897,0.9136527557603649,0.8995418923052054,0.8619856484065131,0.3676087999709038
Paraguay,0.8019971649839226,0.3270412756412514,0.6647707514277896,0.31855194200409687,0.5107464092410163,0.12521337971821755,0.5222993665630136,0.4880403134831168,0.6675281818616073,0.8470025333502588,0.3012975722443708,0.31646529007936264,0.014456729401851498,0.7726291191744203,0.9442835492857343,0.46352517116212644,0.08185176619878298,0.8403359242814535,0.9272711849288579,0.946490911611015,0.959517044682316,0.2839746116203927,0.011142326837475625,0.48805100956137615,0.8256187865586346,0.878896165953558,0.6214174730348704,0.8886132393507356,0.9321417489617935,0.8543128913592439,0.650774851463264,0.8538690932645286,0.24470343300013064,0.6005859443296591,0.8441419052419584,0.6189511262483989,0.6106494635962604,0.17623914821071696,0.9781728446678948,0.6933465161377521,0.6230790840662965,0.7479030884850061,0.7527684221421461,0.5786433121479685,0.15352901662044516,0.14797956830419334,0.5866457619537074,0.1223598691866905,0.4388337529130759,0.9168815551755851,0.22041565787743744,0.7927630587583377,0.485404413477324,0.06657257690282081,0.3444787896947491,0.6335999487862783,0.9465336338437728,0.7556240899235674,0.027597377373161147,0.8573554319372451,0.8048672260968956,0.026716142743218763,0.9646098398699708,0.6319594371040367,0.7371023136911681,0.365021306429112,0.2546112575191517,0.4413257595770158,0.8305245853924116,0.222915530165129,0.8692404153919512,0.5866773913631116,0.44075836331793283,0.09334601302365952,0.7530485731952713,0.09094049269893467,0.43097121019121787,0.23677781780435592,0.4801269153184555,0.727066485775934,0.15018690157493386,0.5382594870887468,0.7059442769312636,0.41903188904083755,0.10960312881951662,0.4096301443321386,0.585316855835614,0.43842735156892,0.44826001048498443,0.9882157490170508,0.5235632769471056,0.03542809081019627,0.2611514497669516,0.3852507539215553,0.5456476829149889,0.1437347493348894,0.01388660888336013,0.9748253100856602,0.7503325465576703,0.22768327892718332,0.7446418898453596,0.4927382974466179,0.9859093050012767,0.009975398288339377,0.44934293052177865,0.46291171609068893,0.6297444740284152,0.9079300920101038,0.06351324547965231,0.786133050310837,0.04782734460613258,0.2944828519864532,0.5597489238171405,0.5353219354410585,0.8676835528630595,0.30114922312716086,0.31666746301104853,0.6477103118749608,0.27649297037130394,0.507846239552625,0.07570174024531406
Peru,0.49360264438234536,0.20452212062656194,0.6296020022126277,0.9155767346807072,0.2864738265643191,0.21237462047015288,0.6705625129446207,0.5357421199409071,0.11608498028892666,0.632721597912748,0.906624240703482,0.6330400794493879,0.9556412391059899,0.006649111830540844,0.6066772370659175,0.5524590545114342,0.011907825447013631,0.6481698420465505,0.704230820909256,0.9415006041909119,0.4304244807319888,0.8604742583595247,0.5389997429860472,0.060092144947893944,0.16834066099054357,0.6616865402393991,0.28107480244852634,0.33678875137618647,0.6879006700290025,0.31735952286068336,0.8627828488728059,0.9580221026763438,0.4374982392388822,0.8044771117598709,0.7723834087687291,0.7183808050213315,0.9490891180731991,0.9524666647045125,0.9076722933481881,0.05628824720350134,0.8958529744925678,0.047970706040691535,0.1538205338640355,0.3790877648759614,0.4934927880821388,0.020396688788416717,0.9746514853242221,0.7845259750457761,0.07075552574810628,0.2693539470265087,0.924831778764432,0.9795316673629674,0.1951592726154906,0.277610573196732,0.8835556799857841,0.8577667907911473,0.30638149493195976,0.8070369197520173,0.7847249131968304,0.39362645075665037,0.7740947604134111,0.5728094394530164,0.39793905416049624,0.8010614344121223,0.8980087559619822,0.7181534012296302,0.11068000898077135,0.3151387535428719,0.06473552219085199,0.12037087568893023,0.02895114919306041,0.6929229590556837,0.6497156473659182,0.09624871936870305,0.6176078469504138,0.6823376420232209,0.3460566376349453,0.923987051286842,0.5177201899597819,0.02857036688795278,0.44293720343160925,0.31687473166543145,0.33571179756243164,0.8733597355160015,0.4215742690761609,0.07548262276519346,0.9871072755463938,0.2617864568907743,0.10003680770202794,0.456813815974799,0.08083749246452099,0.054337633064890256,0.9120845383519977,0.33460338223777575,0.26707061889898254,0.8729807317267123,0.5115318706054258,0.9339872527094543,0.33142076093326256,0.0076961430384100415,0.7374940533379203,0.6552686914448566,0.947697859813979,0.7384123231286674,0.0011675009961026328,0.42102289704096096,0.6979174670839319,0.14783227949174615,0.12019006998599135,0.4710049736269173,0.616101157017613,0.42261735391433386,0.07819828953495878,0.21290648419987934,0.8640161313884663,0.03536070016141157,0.6987904688644987,0.33630112167717086,0.7599510486583636,0.024195033894024442,0.737739670489128
Philippines,0.96984257351798,0.7012153516648854,0.3907559811205952,0.7254156380155553,0.8348708285235075,0.8350559538229039,0.6284881203225288,0.08039699658129995,0.021697524255787304,0.293005125424059,0.7658371816692089,0.0640131173722931,0.3231993780205423,0.1272930970664461,0.7558746215637586,0.1345078681828027,0.5316399987470287,0.596635304848527,0.6971421952608865,0.6589275389264202,0.2236045791708816,0.42722212026882744,0.2866303505686758,0.6677127411065964,0.2986278540849784,0.7426372931988187,0.10599479345405782,0.6654515875447137,0.4394948899014486,0.5226153766203381,0.41355166606368954,0.9346452906623177,0.9504987944458443,0.8712615064213007,0.5323034745018699,0.4447922601216754,0.7335683449512478,0.9269981624864662,0.6800612055189345,0.9151502544463154,0.061704115886356825,0.31598801644944396,0.3474051409924932,0.617121702750668,0.5359717190819407,0.9917775518896698,0.03305093048755137,0.38451465478316316,0.6710322290788093,0.03577679464686856,0.035093990041822454,0.7758868323782989,0.1754479733090144,0.9219561343900345,0.15572881741558386,0.7443158273298597,0.13717082181421347,0.512270649522488,0.0831471050034982,0.04909139211008329,0.4575868661600587,0.3336429804256279,0.566265618677479,0.019076373302234217,0.8263279849609892,0.4053950293222398,0.40266148710065974,0.08280333314757815,0.8338012005496348,0.9355157223366976,0.6416432658621456,0.7648612901974149,0.0030947363764926017,0.8411168635921353,0.24563343908556,0.46578362166517573,0.3007725371484741,0.45473807459526794,0.5013939585569895,0.2197160056359544,0.3822105528193023,0.010708093626455861,0.8434431239551989,0.20360817251777974,0.6270897845923202,0.07696645710418615,0.7108315294091573,0.9170362041200147,0.38183552629739026,0.10735794712956082,0.4424555983271341,0.43838731996833846,0.8418937378550903,0.8445764999325531,0.01148238825643988,0.4062257422958895,0.5512107924091256,0.1147973825522125,0.2687736715417034,0.8867742552522144,0.7457197390602456,0.995912546125184,0.7866240388030777,0.8735904797797559,0.8751248836418501,0.4008510782501655,0.28701590138751465,0.4398956010890216,0.839617343627595,0.5669865242855742,0.10643354092750723,0.4364087597969277,0.24504980807583776,0.266100675826729,0.3424148661102734,0.0677136098918204,0.8050538728392242,0.3341370630506203,0.7481922932271082,0.024984849632285533,0.4925616874968406
Poland,0.1945611836293898,0.9715635869686141,0.7747417902683885,0.005925519383661815,0.3156034182599894,0.8872835411376517,0.43220228601041333,0.4840582560218958,0.5049921472611242,0.1946767822164559,0.5425434160562702,0.6246886911221985,0.9443461808158508,0.23694219490124502,0.8665842941251752,0.500536840569679,0.2008701457284826,0.3674428894452534,0.6743611343261298,0.21247860926555462,0.0022827063911053935,0.4123688701637659,0.8382157697242949,0.128529130616304,0.40007893598737354,0.9995713685851559,0.02227734083159949,0.729538035454333,0.324444355630937,0.7270084908480912,0.7289021538682604,0.6075156669200771,0.5797735967425361,0.03577609474176324,0.5196388018312196,0.19027624475121907,0.2998309070442643,0.9431459648317239,0.5164924543864382,0.7086785589774058,0.182099149196426,0.7788179135592096,0.1832535491597146,0.6143497103701927,0.12604278628454668,0.3721817173057651,0.26984782879860325,0.08659874246839949,0.17687098920568856,0.5113745859261327,0.6071300674972985,0.21909806498455853,0.523785047533345,0.06619522514371212,0.6328487861556862,0.7379184941759764,0.9766882883465884,0.26662860383970677,0.9901309306630893,0.4926356172259012,0.3433999016021564,0.8628918326720466,0.3298352992373521,0.02062088059606748,0.42877239788714794,0.8602706331512708,0.6385798231751072,0.5552724311298254,0.8975319895249785,0.6372359497059343,0.9780149148905057,0.3570289764360747,0.10879163820176296,0.4423021935741106,0.7963481100122531,0.31232919037866946,0.6716624840282314,0.4599757296153104,0.7492664207804002,0.8810664693114014,0.1940192285381378,0.7111976351301026,0.6621883724884949,0.8184830651714686,0.5395477758790728,0.8246754157388425,0.7670858906953144,0.3593051057597412,0.10297272060671303,0.7590478750796392,0.9006416413731381,0.7518927179942311,0.6822690498309011,0.8320212860979322,0.6580411186833763,0.6222330817669822,0.900172001644126,0.6035023957107584,0.20733594247240084,0.16532755485899786,0.5032359047867838,0.8087737028049174,0.40304643063025947,0.4936296277308142,0.47869956368726396,0.12389756237549954,0.9564495040220724,0.8649356797027313,0.3694954827503846,0.3326551227642158,0.7521526830673694,0.18331445682466985,0.13135253237022626,0.24176562617369102,0.20917549050169648,0.35752728504191655,0.49097198797126906,0.4414895893013401,0.11860513115433957,0.8852476412675307,0.561625866365986
Qatar,0.6814494174697544,0.5064654527910212,0.4428574059612338,0.7680348339671073,0.3937803759512669,0.6477969170236615,0.33431646773624546,0.6614052761658884,0.16511201151968857,0.516966697065981,0.5216250149199418,0.8034864605073955,0.5456433592614692,0.7449981934189377,0.8209268944125463,0.11645131344230708,0.43065380918865537,0.07547046896356446,0.9137032810696781,0.12018099734729415,0.9160055964420009,0.8918781480490878,0.07696783159931431,0.5972411615387365,0.7585232960869469,0.3166944403416192,0.6043156764732964,0.36266614794123,0.5405134157386986,0.6593828973621847,0.548023771249671,0.5953493450507351,0.08245231891974802,0.8701807360922595,0.6893701700490726,0.13808502831742175,0.43200308253403197,0.19679766508512442,0.9329146370499712,0.44531570428095435,0.6182868829988711,0.03199316104622851,0.2516191793878719,0.986615717124715,0.20451664026939176,0.6894149200534021,0.7483211415298371,0.8958388440785693,0.3173687391646324,0.961256965057566,0.8186729123393325,0.7053137429299879,0.49333797158647397,0.413209121193457,0.08786121837013916,0.3810038435604003,0.3906858559640566,0.9558092426599752,0.3185390262233584,0.9732502309240589,0.6790693433665419,0.9999077688198447,0.689654319789377,0.1539439785908544,0.7538328488308339,0.11885451286208826,0.03125404080727756,0.514179336842854,0.6716333400567358,0.5622754871321753,0.8462847811046994,0.27399885017679937,0.9356433328854926,0.7015522717650226,0.5291633644122328,0.533177746690224,0.2668233999585977,0.9408916226235967,0.46253109792874636,0.7009535024816763,0.7829247660121463,0.8590286657274909,0.9195687334862358,0.738701619047558,0.7874570845750525,0.28942246567136265,0.6488743183767491,0.4079111427552965,0.8397170944621577,0.19080491704344993,0.32990498758944775,0.26844790214854786,0.24583274912476516,0.14899947663253932,0.17304482449504444,0.18987040602973637,0.0031987430518147786,0.3333836867894501,0.29355007110964393,0.5217829866100535,0.34591299802027853,0.6493952553061689,0.09320985932686665,0.4660628977445881,0.11992655232017346,0.7090487533873665,0.4352399868253305,0.2835254345292265,0.08315603974036223,0.22372853271864546,0.9820512628174145,0.04045147798151627,0.5639895142747012,0.11974525529475644,0.7242263703247492,0.8116666056331554,0.03334496991674518,0.7720271278401767,0.7530590573431737,0.2968741074764101,0.05257937997314133
Republic of the Congo,0.7467255187668304,0.49532980408769545,0.7110159887998106,0.39085998481576056,0.6150310700275824,0.46466344005858695,0.3355095279179473,0.5395689752397237,0.8325192045920821,0.9005453551311094,0.06524381577822935,0.6820572246991435,0.7927757688102904,0.9417505741513454,0.3945013947326276,0.9816100026230977,0.3453601405349137,0.15965442882443592,0.793095277347199,0.23077014461055467,0.6570179356019588,0.44362650878199916,0.9628575683713487,0.7695568924601319,0.27842713260477203,0.011712033198988614,0.23459594374922343,0.8438226446441166,0.6927553294311727,0.9086351006421719,0.2218106245539453,0.2556291058911724,0.8599784504269398,0.17169993167424114,0.3917558653569039,0.34880848282416743,0.1506374445446289,0.8906299674367971,0.19483319348537365,0.4743880606312666,0.7502921280934952,0.16726572316349242,0.5414363705447091,0.087819763133819,0.21832324575054407,0.32798947026274017,0.16839197032493736,0.36736073848032225,0.4031478607454715,0.7576820712728312,0.16624350646820762,0.48833522819729147,0.10797248022779127,0.34137581427377595,0.7865525046490417,0.7221743431870481,0.3548413719260769,0.8870462963733081,0.0061937664873992215,0.007266196786858359,0.9498579275409466,0.8380275550165921,0.843516281295934,0.12958100513864423,0.18351215230429752,0.5717924626790281,0.21159202682719203,0.49315967436865304,0.13404734200466928,0.1654973903875555,0.7386006330338342,0.595711891150895,0.5530845101767929,0.350739814948959,0.21200617576369307,0.24770942486318548,0.7507435329241743,0.7504748098127494,0.47774198098059817,0.5161482325248832,0.9291768102860557,0.9546958847752679,0.8091099013451907,0.6739057955195253,0.8941477655547013,0.5613842049946846,0.3599997827621624,0.6007325153757908,0.3059877629428819,0.9593234677998818,0.7990194893825521,0.003224895290466212,0.6748555055483617,0.5073511384292249,0.032889968061360575,0.7503864299291229,0.9691047606531077,0.16267090699089382,0.785482083746532,0.053159399098568816,0.2618119377660789,0.020838783401128214,0.11014735215004567,0.9963133141358055,0.35939264036915786,0.858254926266717,0.19620956008866375,0.5552528193349932,0.29884022528308674,0.4036329181509406,0.03314528836191244,0.5283985996005341,0.3285351175622835,0.9307473931657807,0.5232238027561278,0.7588674753350906,0.8359698377685307,0.880162244326635,0.0005387560960112836,0.21033582312812726,0.17980384123629278
Romania,0.49969690937531763,0.3299502154205055,0.14462743238916143,0.1116590218984288,0.115508909770076,0.5379043350096375,0.3503391749355901,0.5058136387724521,0.43132624094122585,0.911615539773906,0.3776935530882184,0.24753563304138326,0.8568081409205663,0.23480800931239165,0.20265055047510916,0.7753238070813013,0.8062909762482973,0.6846995016209187,0.38886581499736594,0.7041039364080646,0.7149140013450164,0.2418570182043508,0.6185558571328353,0.6379533098836329,0.29055039866481547,0.9292413372895094,0.5700362300138159,0.6056843538591049,0.5136207782758921,0.1063731922957144,0.1605825406480086,0.8680232804960986,0.3269768243402037,0.03773733231202592,0.8807448081199203,0.8734221012329816,0.16227882412436545,0.7134601090825217,0.7158355327403139,0.3881810255076854,0.491172830444476,0.897117895248407,0.3024832570967233,0.1616409142154137,0.6774298216784703,0.0429441322248616,0.18026423906317812,0.6780889551456722,0.7662002065519162,0.5744149853739574,0.05406291472583358,0.9204324951015457,0.18864980626399508,0.06479954116405795,0.8802412580792657,0.08312237677268686,0.9636839689166244,0.40881397325975266,0.9139375995991417,0.3763591870308568,0.12726297662897046,0.8623400677213912,0.4901277830985079,0.08603729114983594,0.5928623085650583,0.6584073264464896,0.6153697260531992,0.12366800714821236,0.9492054701777832,0.44997484532450305,0.11628188560071706,0.23344473594968806,0.20804451376114874,0.8506286584866878,0.140956990134386,0.7930397573383238,0.5417218482158134,0.73479797546045,0.5302761254306652,0.24045300687899196,0.0324794491503434,0.15985786749403286,0.009800712847374493,0.22606165985997984,0.6568242343031562,0.2709065744197997,0.09836631439788124,0.84543314320636,0.7696582249622334,0.6191436738604568,0.90081873559236,0.4321420478172988,0.8774569816136154,0.1124625477910357,0.6946016514560335,0.6190061261538198,0.0166135652790822,0.5349705918315415,0.3808858265417936,0.09631974242272001,0.749254441608708,0.32643351542025933,0.6385005507239054,0.9630586375596141,0.832345260202693,0.035408520235644,0.3811205173356762,0.8617274187505269,0.23274203972203755,0.1673648009377936,0.9844349769361804,0.24036845055265588,0.890700826119283,0.49873226983342456,0.7334457108304933,0.8329167237130042,0.346919421804014,0.0890331847448359,0.9023217793012851,0.5284415446977149,0.9827259737425375
Russia,0.7490002222358257,0.04113606501260436,0.5243756648363764,0.3113717389773324,0.25821860547267594,0.7110328037233364,0.952175175665592,0.11248178431852096,0.6675348250153758,0.22686656187613363,0.5270226789229299,0.17254082704977936,0.6454402685712854,0.5452577815249273,0.992667719470976,0.5277357837876431,0.10305498266208757,0.7041206207397263,0.4106468865648981,0.9355557702723939,0.7085075798053168,0.9760233494969826,0.5860866725357738,0.9679400515899238,0.9603796527038042,0.7058386467319496,0.7449600873512584,0.581734757970286,0.12277538903280538,0.5098527399433573,0.7433887888385186,0.03579704610748302,0.408865496421259,0.7183991935432779,0.3812967223813628,0.18836120293411518,0.7820603398731699,0.48465512012609413,0.02081996117800411,0.30714711843197906,0.025161731762989192,0.7863388084987314,0.018863604856186877,0.05951233789735777,0.6734476280867618,0.681281996593074,0.38460525701866,0.30636786693541074,0.21721401565540777,0.40682602227649944,0.49926749391255887,0.9511977700756072,0.5590070778095819,0.5768914738743024,0.9855803779317848,0.06784711878816563,0.2968405984931207,0.865302080342212,0.5185486828339471,0.5010004246279834,0.6710237051604959,0.634186821287938,0.6681521922007647,0.8213414390674778,0.48144357392213966,0.4200225909618124,0.4519645352092969,0.28284478103089794,0.3112604494186424,0.019100691363410305,0.35499250259258963,0.23674248682987842,0.1533257443694913,0.5107020995622186,0.06514723570977676,0.6947563871194472,0.18118789870837804,0.7663668095442991,0.41509490380719394,0.33093281685218,0.5993523697527301,0.3307191368670259,0.18086632729789365,0.7605504023975864,0.32749778469632296,0.4368076448496534,0.21855666794134687,0.4535441074677049,0.4745202717439464,0.38698329570770107,0.6486154503605757,0.852728961335544,0.3734514133304513,0.8554509309400188,0.9884960637000689,0.42007893673004904,0.49351204553463857,0.057437141472393316,0.2827107299251147,0.8216072318162466,0.17513250331663632,0.9007671016064557,0.7288856114859856,0.5708269542975057,0.21544806828255514,0.7056398015819784,0.3064627840877938,0.6690042616043438,0.19075228443753234,0.315341929535776,0.9300818289649357,0.47350139343074094,0.96620744950239,0.5782707053217302,0.9505083312869084,0.9522887247567888,0.8740377335373005,0.7930014239815714,0.2729295670312424,0.6527520900072152,0.6559562942655209
Rwanda,0.9520795199261968,0.14867651721361996,0.5472208530611977,0.4463616597637926,0.5337236328080129,0.13868993049890577,0.5328812629944213,0.14330058564550052,0.1600779806570236,0.969663603756029,0.38802651658615184,0.3834100407830717,0.9918066275604046,0.3488661772009244,0.28898007428048733,0.09671580413969172,0.7071996956129558,0.8718800113098832,0.6349097466892764,0.32232767195266565,0.6538822739185104,0.8924468790667152,0.8263443397107055,0.5022302919208466,0.4358318617670557,0.06576563700512694,0.7820181565859765,0.6324298249715857,0.3777209392908526,0.5422357209856739,0.3851054213219798,0.8689867307911401,0.9513161750556043,0.3016438733845259,0.8874518952494616,0.6520922373807039,0.5680977200557025,0.51798683860209,0.4864236785047543,0.31846712206443006,0.9784393098250708,0.29614798650011276,0.26389960969932724,0.9170897410249844,0.8047375246371836,0.32873230262116204,0.643056879784771,0.984461186347047,0.4162528300231271,0.8174745071952509,0.26503547348565826,0.11875691152992907,0.9166604814289913,0.5019761775942312,0.25772354976102596,0.2816497375585485,0.3280737097546148,0.9928850623947209,0.6683926332683825,0.8154004623199644,0.5559514366305222,0.19706307185630545,0.41214753177446417,0.581722161424182,0.7281993974354514,0.9629053190731524,0.9071130127731273,0.32880932935199747,0.2033163175729561,0.5737848562858718,0.024724232362792975,0.8953156709032797,0.0393736564939412,0.24673720771331142,0.6955402116949392,0.6498404315823646,0.9591478587484175,0.10409145308040946,0.0916028076995068,0.2595881562289416,0.3291224908774272,0.06448108857726487,0.4592777029946451,0.30502879184358367,0.35767870360039367,0.21972846485341824,0.695825654833366,0.279900543651888,0.5013131711124307,0.6168993839272721,0.10776759441686845,0.8913117581235102,0.3607498209092752,0.11749299516138256,0.8537026438996064,0.8505596497290686,0.3059995564853141,0.7231501383835494,0.584602911326881,0.03688277239695159,0.8955668392916376,0.21190516782556423,0.2854096124368536,0.9367021208420461,0.12448848965365833,0.5584095070990076,0.15062359125789782,0.7127680628082637,0.7558932652132302,0.26174639683556933,0.6843783614554281,0.993445887446608,0.9317182904918064,0.2975498501347206,0.3190320346388251,0.5055211724558297,0.7074359723957078,0.7907823826051816,0.7050254781433676,0.1191070408921876,0.8152233066282258
Saudi Arabia,0.8365289653155904,0.6210097109568555,0.6795125076713816,0.9125929834392195,0.574517388760375,0.20380332578743954,0.37427814812909943,0.7850315911616316,0.9112068061904142,0.6830200024695142,0.7004334473122074,0.025839056211701572,0.7932240943994298,0.9527363170368215,0.507743459538659,0.3845357681686995,0.5712915337721043,0.24910359512463054,0.6812639793107861,0.4816797221608705,0.847542259345173,0.04424834476212114,0.4844578075233732,0.29235728417464113,0.41712203962985295,0.900541504833675,0.5812251368840623,0.2867095413716939,0.4120937031792353,0.8564814765800588,0.18068367560820775,0.1240079965339409,0.046086392033077295,0.7315603579457798,0.833072452676179,0.38357862100059303,0.23107332426606497,0.24838103868524486,0.21174770200286974,0.6411395605551468,0.9137585816510745,0.721488674723491,0.7294970744426007,0.32357138879031033,0.6875623881995659,0.4016603722660562,0.36534762607956384,0.09237486688093088,0.012703774013057667,0.7173534095102874,0.534416557473861,0.8948905191552755,0.6460419835419795,0.8298129052653984,0.29014795499934576,0.8814849668108775,0.6070715855602888,0.6882994088384445,0.4902827413473869,0.02153481470649965,0.609548514250435,0.957646361789774,0.792451040922778,0.9729058115048481,0.08310695755158481,0.9470182147966698,0.7535659669127173,0.7667091180586423,0.6686108503850824,0.040920052746525326,0.028227971438272714,0.2789768495110956,0.6823467160155495,0.4511336029346604,0.32534224332262995,0.9175880194676035,0.8163039310257749,0.8806243808591674,0.1893108678032216,0.265317489374288,0.5289412732182269,0.8994106822392957,0.5753990748223957,0.5245455293032663,0.5877388101606508,0.8252460903483212,0.39945679525626876,0.1703911174444983,0.11645685461594324,0.9664363855060365,0.8459434889614567,0.330012295476911,0.8496224784650492,0.5938655325339044,0.9179990180240786,0.3091610795819294,0.6675415664571955,0.04968290967212663,0.888186840482488,0.6232764647216859,0.19567431292933202,0.0005681812377074102,0.3476587563384874,0.597213423890526,0.5860500578548707,0.6867279894620684,0.9981932616024104,0.43623829828462446,0.6343587998798064,0.10433249876906958,0.012334648350320054,0.8861799894361057,0.708085738537686,0.4506036549965974,0.36355051695564977,0.2594265391715299,0.0698153183880641,0.03503588710662553,0.6036207718459046,0.5009848234424346,0.59609026926453
Senegal,0.9029317075957285,0.5559759147678375,0.9657026569884092,0.46579640139773726,0.13387819896166764,0.7372920166908022,0.7705904727804777,0.7199582070365824,0.18657063872926138,0.8141271139119388,0.46091661155344177,0.26885284363354744,0.9326160924687887,0.46080454690500716,0.45208324929837773,0.20777636389415677,0.23041069590953844,0.7593849117405743,0.3158117173601107,0.523998025748552,0.49512737522185046,0.987020471874038,0.71980140453836,0.4364674041281301,0.35872857634719235,0.4823463213508432,0.06316229171602716,0.8172469490938162,0.43780419858578523,0.2666041289931711,0.05558902225792328,0.5117913481683172,0.6082721766508679,0.2080952511190174,0.2391099998205104,0.2530335372170023,0.5876609796227402,0.21699172397931388,0.20991444428131345,0.736118152068734,0.8478069710555216,0.38767312183626945,0.7486631361229649,0.6373969951719204,0.38342657998887275,0.24557597728146907,0.3261933313451916,0.6920311165724664,0.4956166456291058,0.40568551381062135,0.12292376439091279,0.048028348133472565,0.9007475178434656,0.43491699924297744,0.011992500492927993,0.9974550690375363,0.6953438214442516,0.03475818708895273,0.3629754663427619,0.20738953009582284,0.4859680739722927,0.08851388300194407,0.03369090867534197,0.5693232512505609,0.048236236128563204,0.37148378455644127,0.04101774690567872,0.6532838642018444,0.8649689370889319,0.38950592789392335,0.8535978503342919,0.2919312628387397,0.642182153248599,0.24947233507136912,0.5771358047279616,0.029566379316723457,0.9048304962877645,0.6948924779715159,0.887127809459412,0.13747101303556786,0.9128758565904216,0.8172050098659936,0.9542374192158066,0.15192969747074703,0.48585893892217047,0.5696703799628171,0.6131268042248345,0.08247122460022527,0.3869321610225265,0.6999082949573888,0.5182845832169877,0.20368719578779937,0.9975278449647567,0.1391406259331538,0.3810370418561919,0.6044117664585751,0.2660042516357255,0.016048060387915508,0.5709108835583149,0.8054173273385923,0.7386544793569029,0.4597086641426916,0.4602382352621148,0.09224087730197761,0.8380556536132574,0.945244848869752,0.6281104312501992,0.41700865945802945,0.24100615081765253,0.10298683799010033,0.9915359601640362,0.12188779018141516,0.1830633027038323,0.5613574703055568,0.6766253667887162,0.5328807358294423,0.30998848508585175,0.8697910974932973,0.21965900410621908,0.7903847961460554,0.22135456135335552
Serbia,0.22308293504736454,0.4065971466081496,0.013483306804939033,0.9750051117256004,0.733915858519378,0.06896677340971313,0.3249666826400335,0.9122523695267053,0.16734598084696872,0.06171292698511488,0.5911212093099375,0.2803145307397088,0.25318280665327886,0.6789818259500887,0.28462048538077156,0.38458309815210456,0.5638576213268415,0.9565474127189069,0.9280635576436121,0.5603954760435852,0.27943359899314557,0.8008617888249296,0.09333092980937618,0.4102639143308078,0.3204410212821954,0.6685803755078071,0.6817799971234215,0.44825530893091836,0.7164475059270681,0.0012547973815786317,0.08717098975415827,0.9081856979019856,0.992881388635591,0.7798705461436659,0.09343088719118342,0.11663252304533966,0.7830344091200292,0.09012033794383834,0.8486357837273487,0.02647646013172278,0.03947755833011446,0.9817571449293698,0.12016179259542592,0.3423884206036497,0.49604316483660027,0.4914384586916838,0.307973582129352,0.7798310543647932,0.8836085186850896,0.8384880768246745,0.4945075092541029,0.2652779022561911,0.814408082848008,0.5760712883323384,0.5311363165117295,0.8651822324171442,0.8686612356731385,0.8233909268017213,0.6796285658790974,0.8406818756836973,0.24073981894852692,0.7565584904218592,0.6992726088609718,0.8222390056254826,0.23118409028678433,0.9732878340833109,0.15825430577647492,0.8326869985352222,0.10335384626712119,0.15099571594747918,0.7547163097509039,0.22460443540324004,0.5053249774256725,0.3341586722304474,0.6902260213059264,0.4512932972302981,0.5349142087461235,0.13198777059927302,0.01173012164148124,0.03863679001170661,0.8423131566148966,0.38815406174738,0.910003860705626,0.257126640794359,0.35326435705937775,0.26891739847111285,0.005251658374227142,0.30807934025739736,0.8884285134172974,0.12825086527877128,0.15254762432207425,0.32661151808786704,0.6329767828252469,0.3493933571409161,0.5177414941883728,0.914550931413076,0.5717347860300558,0.8827260834630457,0.8900720983129907,0.32709694890245566,0.2845193647445251,0.31756083170614413,0.07603661605905587,0.29208871333306363,0.6426308968578274,0.6125653074823724,0.8490606145340678,0.18391524274873894,0.03515578147301712,0.9177882772381519,0.9834587957944422,0.4528016742893648,0.29541164672615294,0.8880418557209595,0.17742418058288156,0.4071717474501315,0.580180352213925,0.9003850068735348,0.5938935784512047,0.02516949222341658,0.580598951790343
Sierra Leone,0.965984155991985,0.28315140247510184,0.968017204858372,0.0654767575834182,0.23807686990876042,0.19200204415929556,0.16979053603703442,0.15381895821244063,0.7477355466710075,0.1335953419926874,0.4496748575343583,0.26949609616839665,0.31817449646687457,0.5553380247203187,0.72459733091914,0.6883133647975129,0.752192063040355,0.9096736427727837,0.7615451731742815,0.5021291609641751,0.8858896869883653,0.27679608257789823,0.44748268746248443,0.03612731661966817,0.5494278685373114,0.035835042302023834,0.05808543418786216,0.8729364760610687,0.9720461730023066,0.629839192116382,0.7418789124628431,0.8045886000698718,0.27912190589001507,0.12931492199862715,0.3425781560081079,0.3269712785346929,0.44067056136388894,0.5817427371426936,0.3880479292789315,0.6243234938117258,0.1286576717022927,0.7922132697361964,0.7153862697867275,0.9498463575730165,0.2454998182273158,0.5302462620828453,0.5565664987714857,0.8495543346625933,0.8725070886053264,0.08704886832188508,0.013119727188715014,0.8848958354171385,0.3415274891467788,0.39758534295318027,0.40473530629802723,0.5453361735927006,0.5134068885825338,0.2584838104534578,0.5073452945419866,0.774221139204523,0.2724559948405779,0.790954577618531,0.1556440385962653,0.9256631086111387,0.5903614638817275,0.30418586412467186,0.16342010925008632,0.018523726828610032,0.01592919966684392,0.17813374599334075,0.03439337547875443,0.28267377679827166,0.834108070111551,0.19213025058404465,0.44100553540710763,0.3184582745093343,0.21782199199834784,0.7249267717917641,0.6426409057785053,0.6040930353022067,0.8696544614707044,0.38554869399970415,0.5762317523035548,0.38562390246886047,0.18450169348419998,0.9164599772682439,0.24061624720183616,0.5741264540127886,0.11694268040809774,0.10024099102539508,0.5108121584330969,0.8112811652335207,0.8196093713934828,0.6560785184807688,0.6577968715493315,0.14574472092502777,0.6395382796953057,0.9232799687178295,0.3749984216259671,0.7380762863583192,0.11422183513204931,0.39601720454439504,0.23842610442642131,0.3106525025709215,0.8821590568904432,0.9043557738374575,0.849706385281807,0.7513497528978981,0.9936023958261663,0.1731074060704363,0.3497067837143486,0.2961681217722665,0.8554492113714285,0.6083154115064529,0.788661376841275,0.1758594596715064,0.8264481938187144,0.15305365709297258,0.9696425477344894,0.5576923080438898,0.5861933783627691
Slovenia,0.8353051572755519,0.14022813729539785,0.5135595469091453,0.16239427257060568,0.019025277414747688,0.6812102325000172,0.8382763937919234,0.24820297976925443,0.4945375622303655,0.8368417477640157,0.2796038898429549,0.6147019110151619,0.3659403295990751,0.6566950296087543,0.6222208299008678,0.6390690423040772,0.7417560536586578,0.13479514080090094,0.5247964529782428,0.04949077647819633,0.865652603958736,0.09681618864048225,0.15836304192026507,0.3532918763463131,0.8617695193627671,0.4155424696549951,0.842648550737344,0.7947652159330102,0.4191048190423633,0.8928952853260606,0.29295596539412605,0.1472023180439238,0.8171262856998946,0.6317167194448747,0.5422231276480909,0.32438218002043995,0.6661977488915849,0.0657385227006364,0.12137550873486691,0.6190953418870845,0.47840762210287624,0.05080230607740377,0.6167996203013257,0.30219354953111643,0.9766958588996478,0.3927098881495036,0.9273317578086707,0.5334877573649751,0.6368273080456092,0.4383441024347937,0.0613422335980881,0.7792331564055449,0.2392770177625967,0.5287538060629684,0.7657306209253557,0.775656477103427,0.5897603752182302,0.10069288574773771,0.39598904119602396,0.030133625730844993,0.7367701134171741,0.3121547488588654,0.7680779895305595,0.49989398100485116,0.22460228406763671,0.41476920831269803,0.08763115669461918,0.5822188443606985,0.7118893568231232,0.5257853445393472,0.8154479841731115,0.5751408184082495,0.7243786013382588,0.049521068312221916,0.027190259133843875,0.5002488656840912,0.8557600198007218,0.27548789993793743,0.15966319244093008,0.613438630711316,0.45330451395645155,0.041652085269888395,0.7216199016322837,0.16775296408706508,0.4114045550664258,0.34327671702053075,0.9971384047017945,0.2011112277502638,0.5046642403640312,0.421010182513746,0.41501223043240754,0.23393078143304147,0.14777322053840536,0.5721542441972027,0.543580516515791,0.23931763975909126,0.005990652118561202,0.08479857597978313,0.14550037872327248,0.9892871088767081,0.5937511208662202,0.6470635029423394,0.711193335101027,0.13623827819722978,0.23673452815038099,0.49298723670432365,0.7016861085146778,0.5294475863215958,0.3572269161907855,0.7685497138934059,0.822447569505142,0.0112965072836676,0.8503840611979208,0.31189219895784726,0.36247387062561265,0.16010011753346698,0.4672749603160684,0.9520774652491075,0.4798105880389204,0.5447833615824734,0.45703870563561966
Somalia,0.5093251449556695,0.6037744399429803,0.31776443269450527,0.5394037113316617,0.03858619359461268,0.9188524452534086,0.20197175870155082,0.7513815532440339,0.7281924762168274,0.43404222059034736,0.3076728974594306,0.8965341535722291,0.8749313061421963,0.7031248044751965,0.1774429696450649,0.5379436144193269,0.505924202863401,0.47623952132605163,0.2995562173678499,0.7171482584220823,0.6402161815818664,0.9367029441225473,0.20320931033667944,0.10782632024889671,0.42088303814789585,0.7947560296859801,0.7249032761018982,0.6027725446868963,0.7537016187604946,0.7501977888890597,0.7887957923496972,0.001254798803648316,0.6067754186747306,0.967635896931074,0.489719553364642,0.37232364460631096,0.539615868875538,0.8778914766152282,0.8770890301709112,0.9667344098341514,0.1942457462065782,0.2608175272051728,0.556858054957073,0.5591165331991443,0.3037637847736212,0.42688548421456995,0.4801857349912657,0.5986936130727574,0.3483611145915514,0.5304496750432931,0.41969081409466946,0.6622526545532279,0.663811222026736,0.617074300014163,0.28966582817619624,0.7632807395177201,0.2876934851722438,0.3072941498000181,0.031039583320753517,0.24095349654741238,0.7853979437518185,0.5655439162364342,0.13513869820291735,0.30323371881157024,0.5529372918340959,0.7029390267187376,0.7945253460165221,0.010606578346488593,0.7146487195795375,0.5868310633986012,0.8895696781331627,0.8705039801727397,0.33628623298338944,0.34422009459158587,0.43987246350356357,0.7084284547886754,0.3962590682888738,0.8299785196336807,0.606027395109061,0.4745145387043824,0.0157067804749218,0.3228779152291773,0.49841286339636337,0.6400413047078873,0.08939070344042299,0.8114667452150867,0.8353278716199843,0.2286510255753339,0.571055061001287,0.7133584249579894,0.3683431974594169,0.8927323787653816,0.5463908325277388,0.16419744381530488,0.05453519248905847,0.04420508214865293,0.3216140333110804,0.15061843371923578,0.6490538313199704,0.9354798525062497,0.23099037337243877,0.7088834578359493,0.7770801758003266,0.04517107690460398,0.22745454713693236,0.13092924151256424,0.606606763627562,0.28810030641766127,0.024382233051494007,0.9324944333285481,0.05882154081376012,0.5291807587142255,0.700892362001754,0.3295048842163998,0.9569999622455648,0.3585925493415536,0.10474068124398317,0.05711683447342719,0.5627255673595761,0.17662466594893722,0.699212523073911
South Africa,0.9997169403251793,0.6192005048853542,0.18420331358004127,0.2347608066934328,0.12481901142304774,0.2645648696575138,0.23593910095907955,0.18370270408330025,0.8201802179652186,0.2752085330906243,0.7976209422274015,0.518005171095295,0.8818822798810855,0.611927552403618,0.043645989676824315,0.7488619569564959,0.31950207343392945,0.44359251823248746,0.585026594269503,0.49756307064538774,0.7070132391499228,0.767286951761282,0.523962172007611,0.7631761555563499,0.3563108346825483,0.23842238747728062,0.4838329509676955,0.5822932269168254,0.5712103060368636,0.06122133241109862,0.11089056382273299,0.059397848931488695,0.007681016012227482,0.4926762726903753,0.03512342941948965,0.5913800643170599,0.24126685366227818,0.18073922628970052,0.22749557569469858,0.15370636164582085,0.6595437688374035,0.7559106089300822,0.8909961039341032,0.7406865903651326,0.0922062023200243,0.27987675365471887,0.8627527048146937,0.7769714664459437,0.9658723468339717,0.13987181982668784,0.1435304500159802,0.1217623595850651,0.7137032205704146,0.1933322174392278,0.5858798021499819,0.9195419806654879,0.544809079312867,0.6356806359665413,0.15314937153621233,0.6403152797928621,0.9483200955962185,0.8086374730979305,0.3706316507727959,0.1807731657694761,0.9467445542400933,0.9450925698432545,0.904364659874837,0.34114747163944725,0.27404742198997556,0.506569375610654,0.7237671264508472,0.24102356921068824,0.25474922596227334,0.22556084716433855,0.5205638833625786,0.9045097371046655,0.9480703837763852,0.7815974238382378,0.4808937662408034,0.8707269207682551,0.1430250610566629,0.010377607343275752,0.7108746991144977,0.3747017572380894,0.7265654273676464,0.13100085570944509,0.9522023737266337,0.9350038434598301,0.17017765542718644,0.7021609593625829,0.28104725759976956,0.9543832652940806,0.6117882374079904,0.47605516764771294,0.6596162957706236,0.5494787649140701,0.16372154579390208,0.5727428085538503,0.7827304569061746,0.15605976190851234,0.09165945536134035,0.9983077679107439,0.433989000084291,0.35868321792211144,0.8547482884827643,0.5646727758044259,0.34971191206802454,0.7969499366796219,0.19519204486315533,0.6158252650251748,0.3190448921985187,0.1760171323908618,0.738276564676163,0.7319967878978088,0.1288888981758851,0.5408691842431017,0.947182927832895,0.5163068217026603,0.22774556730456297,0.7885126528091626,0.4994376310151295
South Korea,0.9138968206026037,0.3593024599920964,0.10481481912109714,0.8208080255126448,0.36070229777367,0.02038462250699491,0.05821128329610015,0.32790125255139824,0.998370699100795,0.6847383651441086,0.3719830902454889,0.9006542058244869,0.16409802184347988,0.6523416608241688,0.8592847126171445,0.9920038351943296,0.3753626054289303,0.11735121434363027,0.26236675214059046,0.1951179495531984,0.7816741518171625,0.7755111175095358,0.5089272370156328,0.9974561966509905,0.16171284457109814,0.583586343043585,0.38962065228581133,0.4918074656299968,0.08821191639485537,0.15507240929084387,0.3554787677011092,0.719172411279122,0.7945304789789421,0.10334395496599746,0.19688806744704224,0.5876575579367784,0.5869223343579238,0.13276895729683236,0.7890492730309621,0.013001515923144802,0.398671540598048,0.5910103359983286,0.03723652083554563,0.7104920385100855,0.7501302700113486,0.41544345229782964,0.3569497427187246,0.05090646476491789,0.23880569684396458,0.3179894762596722,0.5506826335895413,0.6680213292367592,0.4863634645582755,0.007589807279706373,0.941668564108455,0.7194223875401935,0.13437192305151957,0.5296767158566902,0.3277978775493715,0.9314058331849507,0.27430820166170133,0.1578921014157616,0.7986607619373168,0.7149312730943551,0.14960108658728333,0.6397660211979903,0.15919317618084905,0.23230279410662957,0.8597092825492008,0.12152497307963372,0.20616114666376073,0.5473880189078348,0.4814634808233844,0.5013013916917876,0.436704861285936,0.873140579137481,0.3121781008123523,0.868262042528161,0.028446971624734307,0.09294785026702979,0.8638280484763367,0.704459200376996,0.10353979978102046,0.3876807829176342,0.9021660512718945,0.4490098469007674,0.09324450569314446,0.691780217569288,0.936392792445417,0.7281379090711082,0.39604944554458554,0.6705402073868951,0.28553429669968555,0.6515805534361452,0.38824585668746336,0.7323912676714516,0.9651837672225727,0.5688611253183267,0.24530186760958284,0.09613075981998309,0.43490569599442686,0.6308781665456454,0.1570031237696392,0.5669165005127925,0.34463919163254,0.1282722219658129,0.7952979887517834,0.841059242675106,0.2549010835002524,0.8704380147542511,0.9371398503010924,0.5514194594946914,0.8569341639121638,0.318018589290891,0.5829175544711103,0.007454017350692954,0.2920492725168635,0.7532546613990355,0.730911694612533,0.9844054017982026,0.2486178419815923
Spain,0.21500522243455722,0.08783585532840099,0.3626380568377171,0.7583885757621658,0.4609879822795573,0.9692915349720714,0.8225974217297183,0.18363123103677803,0.796378488165398,0.7287613628066167,0.21255901068947736,0.47998463179742834,0.5379815266518481,0.1743518172975801,0.20268750590303775,0.8412848465920796,0.07534575024664669,0.9821249328024043,0.45517711140651684,0.2429601082752092,0.1562108993663418,0.780565112646997,0.4169212628933725,0.6878362090530237,0.2066501363629032,0.10113918630605145,0.34475352611606336,0.8568353375020189,0.504787905892003,0.7414442894849974,0.449878494434787,0.9434568247207498,0.7336325795993851,0.37414263905018097,0.5068431707094512,0.6997884986516105,0.19030304884687532,0.031202131542436007,0.8790845978308863,0.6313390215912907,0.7884954246834407,0.276859501269177,0.5014366835452795,0.12177335558545366,0.5684930698513536,0.0009925869028613032,0.5263993569789719,0.29093538307379774,0.5679771861707117,0.17355095291918343,0.9401891653100025,0.013484271335006737,0.6902061358924726,0.9372916913798737,0.4991088775605582,0.21520924913880923,0.017036044692480323,0.08475610158325775,0.6178867314413604,0.5767995788996861,0.3702190917278154,0.4999825206180002,0.3111753274654294,0.19150241491684572,0.6928578743409866,0.8191943424599274,0.9329119068540186,0.6971285309792966,0.9077295220337852,0.7623443770503313,0.7715256942647102,0.07273333899424306,0.17143479310687493,0.12195340599857052,0.7734669346389467,0.2636655430144753,0.8071898034437197,0.6515031825237094,0.06648458499293797,0.3104109839136302,0.48034408839876475,0.1256925820076924,0.48889305089182544,0.8004878057910608,0.5961200622647158,0.42489051719962945,0.5054282019384548,0.010134971814951377,0.9358759162511864,0.16297797746092157,0.9415692174637618,0.6534932112508139,0.6776329936012098,0.12732502155439696,0.2250230039097847,0.6564360505078743,0.4197158600849311,0.3450336645461063,0.7656185256858604,0.5030548432571028,0.06941583667493056,0.5919577859429801,0.7187054966951644,0.5704218457722487,0.571250366886544,0.24936749797039715,0.370402657232873,0.8559042684074971,0.9719527064424165,0.870566583554187,0.9621196313664601,0.20722275261509693,0.9261936029712114,0.24894982404126098,0.14433569904600652,0.6260051088579247,0.48963463334273616,0.23761086036896784,0.41814681408678966,0.6500397387234867,0.7712639449467252
Sri Lanka,0.5919576373166968,0.9650302528383699,0.10293341800212186,0.8901949971086854,0.6237428692303141,0.5436273203883933,0.030551897599420008,0.14409992144808448,0.9753862415417629,0.031107358898218807,0.5536579125818615,0.8453121821211507,0.34421676400836876,0.37834316807186097,0.8838006170444024,0.7612803425787196,0.30700508408577787,0.33629341311377725,0.3714344683032583,0.5953881045911718,0.05861140406538057,0.9907755248435558,0.061073337820674145,0.16310056707284992,0.9914423367295375,0.5785330422476571,0.12159455835936606,0.5633947301676473,0.4690887562943846,0.6895920018963042,0.757055741751056,0.2826326150767533,0.2305086300882916,0.6305031423327571,0.9780777252973462,0.7238120904486816,0.34372429818950323,0.19068992296406273,0.15280049059228928,0.12181415280178509,0.6806040114508688,0.34248186967151395,0.6734856191949256,0.9952856423733716,0.4267099871504141,0.732121586331147,0.40672462610478244,0.4098141043497896,0.03943676656322914,0.7562053276668791,0.32227815439217633,0.543942555593032,0.6200111639440138,0.9640354661950636,0.2561071843547722,0.36938755758249686,0.6227733226907715,0.6942027908402153,0.9640501138968984,0.04746834555995161,0.6410040321779703,0.6622343057891732,0.6973932760725875,0.023740905329991846,0.3181699051407685,0.5769416384231344,0.6247592043321181,0.11568481631421723,0.7020209396835768,0.6007331236900808,0.5171949165305276,0.7851963652877159,0.35654451255477193,0.20414458156170168,0.6399922282673799,0.4936353664758779,0.007042484839189789,0.1978371408118409,0.20550003723986043,0.15960387275169985,0.5020561668630454,0.3719480631607994,0.5412565042457836,0.6082677270617278,0.41934831317042076,0.817989438484108,0.9161145511001219,0.04929708675766675,0.5637194356451495,0.05498509384017791,0.9586285926940751,0.3075571268430768,0.5378418778132925,0.21534281268317246,0.3283330046968216,0.34207994641004047,0.18772645735118065,0.8372194323728145,0.20358302962338737,0.4948463634659692,0.5810309424433876,0.5006093530195073,0.042436573352420126,0.7202139276392272,0.5909832883774594,0.27459289715489665,0.9610830541206749,0.9376083788063528,0.944788054229758,0.474358944173895,0.517504687458086,0.7573090018327615,0.5071562469057231,0.03939874072596983,0.418447711054601,0.6170695692168843,0.0739956748820585,0.8321396176774066,0.49117732735577413,0.706207358715574,0.8359230308139008
Sudan,0.9348771770630337,0.9550478906000479,0.9197512075277327,0.35501894493842534,0.9319479640584653,0.10115248417083256,0.07415551138048104,0.10820695179798556,0.6002663365680403,0.9586912565919269,0.9829502366887634,0.22413683904313852,0.2964284801050787,0.9821864127699574,0.1944005629187756,0.6994803321758548,0.8676193238829434,0.5084547333320948,0.23688661810262168,0.3256939452858695,0.8567445996299514,0.6670956011834075,0.6303142828930519,0.4722286060419929,0.42073992819362227,0.5575172043854029,0.3501124669156962,0.877016209003015,0.08575808467098134,0.15366216214590023,0.4454625308709773,0.22713548715857002,0.026761734510546753,0.05662107752042567,0.12163213849626497,0.7027452373513005,0.05572625096997552,0.2636828330292995,0.7193682241392426,0.15799208310060453,0.37006499510678437,0.02528504597543435,0.5299470107486277,0.05193313957729506,0.10059494582336226,0.198995643157459,0.9247176681094864,0.440828231875675,0.14802415646129408,0.8693803401027559,0.6236652351806192,0.09225152847721674,0.1408333432793598,0.025308610379987218,0.565129711949214,0.5311459234243868,0.8113808460673267,0.31186320826290015,0.4647028994470206,0.8124549182161385,0.45736864154764423,0.3448716603523254,0.9153698300468639,0.5644511197293008,0.7217023707424839,0.8734796673226743,0.9415936639464076,0.5232443191966301,0.18158731341520096,0.2547474109959663,0.454283011257154,0.5666435453168609,0.323658600039066,0.6126762321561986,0.8410472029001755,0.2565648708856967,0.34747160046675973,0.563828222956114,0.6705249979582396,0.6175071732602668,0.9330710284535375,0.5811908173951875,0.12756268995749698,0.31226372867846464,0.27689452422260485,0.010898382554490271,0.517044650867912,0.6463046875253262,0.2016061997211288,0.786242909309967,0.660028175432285,0.03415843060795709,0.6173752465646791,0.7915767406868237,0.8576350152514267,0.18485698760489333,0.3470182087259137,0.14595558381572005,0.0675696549886039,0.6296935383615686,0.12727151843109452,0.4052210653949474,0.9105481250344658,0.6435477669997864,0.7263456432419345,0.25159165597866495,0.428204838582412,0.6452650978403096,0.5300065036539917,0.40415398990461726,0.8624963245971304,0.36958292936700365,0.6488356207664073,0.27298690241664647,0.9159870447099784,0.4201970084196994,0.2644372039066283,0.7793366046222406,0.8343002604754245,0.9803576191485751,0.24585860626288236
Svalbard,0.16206957988106385,0.710812387404891,0.8538942279359969,0.7485096770581615,0.3023224563617608,0.26546236356921604,0.9404415678010384,0.7256744169551382,0.5938471513468627,0.7858891314825761,0.9287253592026324,0.9095652402011327,0.29363087308467195,0.847561918087337,0.6619384177721801,0.8181038131405287,0.1912696336645655,0.17902276822926133,0.3300149717698063,0.3022658048404947,0.4090457160502192,0.8884191015625953,0.21428347409290438,0.3972322295205424,0.5545798816645178,0.007235602308348743,0.68209157264644,0.8590173961929265,0.26215421249233284,0.6997608336378642,0.9207621447637989,0.7642580846522871,0.7394552982850089,0.024666765836630966,0.19813362791985012,0.1802574918637474,0.5030229134235926,0.2480543171982159,0.8875489244330599,0.7054166704740277,0.8175401963850678,0.701476620178248,0.0658299250295955,0.4336868593682659,0.9851726512771236,0.9726800008154792,0.2663979240686277,0.4783891321181273,0.9304086408979807,0.93555072531774,0.20010517434690833,0.27924754847137223,0.49602875007604774,0.759580259283622,0.18487902353571273,0.37595684678686647,0.03509672147087339,0.5715326179620192,0.18614032197789754,0.8796706689094761,0.4298392684692772,0.8120698869500895,0.9871354494944927,0.516949471614941,0.5694829217922669,0.14127357224345338,0.10553564580360997,0.8528132280474028,0.881106114437888,0.8325681820571712,0.9845407917870189,0.4670262055562714,0.8921824730595342,0.07854170140869032,0.24070632191904884,0.6134771282039047,0.6632095455284466,0.722353996105764,0.5785256941923062,0.16045475228862283,0.9797341263673823,0.8313743750954766,0.7710898064837449,0.40243483971113536,0.2278481316309524,0.5212703210882774,0.5842214752552308,0.28203835808114275,0.3735458087781619,0.4609058152094204,0.9696023722267537,0.3933365701526108,0.20677679502207558,0.9955523863249502,0.7153513858365588,0.4248876888362384,0.9095249916079168,0.7310042463569989,0.39149477878400685,0.23858485202045365,0.05631319410687985,0.22706448846913374,0.47090107567267514,0.6120031451149531,0.39640068925341143,0.6751994523532167,0.6257736340343951,0.6394024582380471,0.8694530542209368,0.47505757759108647,0.27303092314381305,0.46652613500524376,0.4005767194653814,0.4217110232699437,0.5084835605985529,0.05358324412299342,0.8866995299589585,0.9028361497811217,0.16126017522842961,0.6327910953506966,0.20396819177850944
Switzerland,0.628852852049113,0.7627057304848999,0.5127542746692343,0.455516100686728,0.32825106912062063,0.6395613190364424,0.8212456813476382,0.12721799891409447,0.4261850600837833,0.7901046031241757,0.7503620644314037,0.08985328050732311,0.7071112150941535,0.1794517456948681,0.4529311074161241,0.2719213075712601,0.5927437519744592,0.8085516226348507,0.5637944663520369,0.9490735412486325,0.7894068801365162,0.45702807612078955,0.12857828114590653,0.9451466715061165,0.06657858353169843,0.8859123878031363,0.25539065283063145,0.6593415564718424,0.4632411617878065,0.6664159768323609,0.42371326668047393,0.007268869024627311,0.2486197841439005,0.15886699561966744,0.5502486018103385,0.4060455409889271,0.8003570764199758,0.3066774544258656,0.15315700602837967,0.23325524935480024,0.27671940230320735,0.238934528937922,0.1144949382272824,0.1301831209100922,0.8294808725433153,0.48721758337048804,0.6763101003753372,0.5469336903261252,0.601774908757218,0.5545551675298207,0.009937172035956787,0.4730089163063207,0.9585777279394108,0.084155186676377,0.9288427046299128,0.6777968164569393,0.9729663739130952,0.26940219260594855,0.03927954896275965,0.39945211455193863,0.7234689525248791,0.4667472996254244,0.5314747245225635,0.688208615122011,0.5070787098229621,0.08450014442590448,0.7209202757653984,0.9281076311208194,0.38592506140303795,0.7325201677145663,0.43359573325253953,0.469869771217425,0.0742697649849573,0.9557849998067579,0.320496082422556,0.01911296220024672,0.2455785600305549,0.9192753846748452,0.10080287220118289,0.9586487662963019,0.24068955988364416,0.27434939163319016,0.22893297630592424,0.8092290596628422,0.0994682937294955,0.3222786795473642,0.41075815851805575,0.6156345153539228,0.7096358689826059,0.9405575167630246,0.20312137197919766,0.8795033038630683,0.9478147061447443,0.5132953060273223,0.815409412295009,0.9011428592005197,0.48803998264082427,0.1370384736732423,0.5417849241608208,0.38572708682946355,0.9871371932181479,0.4430766355986143,0.2910797869282634,0.5699154606332487,0.3661184341453464,0.6173454496292028,0.22127408372897994,0.5923972435659628,0.5677342544531991,0.9995520043804134,0.12929480974453034,0.850979559122828,0.8938751377179495,0.3814630093006025,0.8247196348653338,0.5448447611779874,0.15543776809915866,0.55891537477439,0.875144639914455,0.6670511580496437,0.9563266167884538
Syria,0.904461711700772,0.5067092004430127,0.8230369627523233,0.15874860068870744,0.9382364574700628,0.6525585802001203,0.8819421350769655,0.3311403955707336,0.2847590580045478,0.7406065986255063,0.02337454412573814,0.6436424963754344,0.44372696044204085,0.037195769156485925,0.22601913649060335,0.8826988205954909,0.351211439290282,0.9567866154938397,0.7990883260493775,0.18316518865207765,0.053713621158601454,0.22749870545190498,0.6958057126658425,0.6584997759585625,0.21943114802612373,0.4155368989641678,0.08089588129840097,0.46210694266276975,0.05119122647961849,0.33005045646085385,0.4524456955381766,0.057990647477208834,0.7353801045358677,0.5563028372059697,0.7654745884655135,0.9857532689922577,0.8228221095511109,0.12622212878378103,0.40953713512545664,0.9629489416732626,0.7424486969550623,0.5784947824099955,0.814261152611303,0.09076970178584465,0.5652732017633666,0.8245763976125122,0.351659643647226,0.6759787169892354,0.6548172457994005,0.7956154690974843,0.006740792546694796,0.7663876589820409,0.9231410131982337,0.9650343108872455,0.29400207747369433,0.3871314562507514,0.37790239963935834,0.56667380113468,0.6593972355915955,0.9335876015320075,0.7078405590430173,0.644907893624788,0.4118613996457886,0.7036028062527622,0.0694892080552284,0.8851536565809303,0.18181547637633055,0.9770892649682293,0.25042213237690714,0.3728543765455232,0.6939833276032297,0.8852043175869327,0.9496344190586561,0.844149883737542,0.6439406660794725,0.7322035371235309,0.8569717198978333,0.6348974665789439,0.6324423102945573,0.9230603931262913,0.45699258046728364,0.03915818589418629,0.9910709186992201,0.3427575524064842,0.9506493980767659,0.24198625647594973,0.5960792643661217,0.6288071900838565,0.053840258375523864,0.1552296919621009,0.5233088024807268,0.3086477354585123,0.7735070844745202,0.7672581462606548,0.19453677198129316,0.14676963947604005,0.21258185786662898,0.3666026248598345,0.6084951561716049,0.8251947248951914,0.4021856441112529,0.4957457286063879,0.9725199420897498,0.21145104914242652,0.1001820952034439,0.13306116507105759,0.24840309311404496,0.9863790418332687,0.542638839219096,0.12717421779814175,0.688337574959488,0.6591205250523546,0.7130578325877315,0.6420923094213452,0.5337346079793818,0.09369537912878778,0.5154228497983638,0.965913957171714,0.9120977695864234,0.0327061681470695,0.6761384850678523
Taiwan,0.3778674290460686,0.6901899855208051,0.05340530646699149,0.9932465685967684,0.5883038717698083,0.8551671380526481,0.09836199892748632,0.10364633211604124,0.694065708977438,0.09818827650211082,0.3357901119180574,0.7814854543489893,0.45772281186444963,0.6339529590142078,0.7238680568873911,0.13066581908392372,0.28270523592856067,0.5134776463878072,0.3722860485034072,0.8530286008561706,0.6999666001112632,0.08811820081557309,0.15120377095522064,0.6221307439599842,0.6455340106791219,0.5583658394634055,0.15041622593850867,0.7358669891597795,0.5785623980062801,0.8678443805646658,0.32287102223096587,0.7539124255957295,0.2215087292134188,0.551429617050112,0.5369294546227664,0.5989504255504314,0.806609424558763,0.07335641398209869,0.685849596233704,0.2521222875077127,0.2285740133720523,0.18932444389203507,0.16352085087885182,0.42011370543016113,0.5738277616787665,0.49798270506143516,0.6465708525579908,0.16249880959630292,0.1406837540389595,0.21118069798600891,0.8412452520192696,0.5975237421765597,0.7213087715807962,0.5711732374639231,0.023320509689327307,0.48769987029013595,0.0321623055512924,0.039001869412491175,0.69668736692259,0.4822754156274054,0.8575482513962274,0.24954062023200085,0.1932168687374125,0.44253920991489704,0.8541605525480251,0.5380987221037908,0.42146986446792445,0.6741868602498238,0.7025916596886033,0.02596166662589161,0.8184225703270237,0.3750518720972661,0.6490272569943255,0.4770051430637896,0.30857476515210236,0.592864813817488,0.10548361231954295,0.4009427327719921,0.2782294035830629,0.9075188752905725,0.44483010088856156,0.1978698008130405,0.099656812653248,0.2087103777044561,0.22567553127779882,0.9739912041821001,0.9836102265058537,0.7929913073296024,0.4143658587226361,0.5845591607121954,0.9748482491693405,0.015675180731337002,0.7281750666059622,0.7783921901904011,0.7597248562872244,0.5669305368944878,0.29212738092966606,0.6615658706512276,0.21406488785151967,0.4906433654866623,0.3112938678053764,0.9556458535722288,0.9694522347701217,0.3489138827182324,0.5613981995497419,0.508769446805882,0.21344806976068975,0.8731427465999955,0.8355467502120607,0.04303706503853166,0.7055589262455522,0.43218662176774936,0.16246327087052048,0.20758389961775847,0.10718277970136214,0.8123883669673124,0.003010313434080758,0.5385790492351082,0.9176581409409067,0.17488204117740258,0.916372230600454
Tajikistan,0.403829001630686,0.5996847078876404,0.10378509165032401,0.3584600205270323,0.963471394101801,0.9532467513043981,0.8454147413933777,0.16827220765788364,0.5630072625253842,0.5427203908288324,0.6734180276745942,0.39949184297723084,0.796799967884056,0.8336432222261863,0.585446150208208,0.23131363526052195,0.3698408936373513,0.21772259083405687,0.6393551563297091,0.96744014810844,0.22029881422378805,0.5119137376965451,0.8130487693802337,0.8868883345060591,0.3523308552612986,0.4526549631301666,0.6479332398923324,0.4831800869259246,0.26722379402003094,0.9468230807478588,0.6636699080928563,0.31600766860202645,0.6330519028288998,0.6760193593351634,0.2950750252424492,0.11929747140133995,0.6156214468807506,0.3321630335098209,0.6525689867231701,0.1963245574362602,0.678110432841765,0.5976293262754784,0.17416788275511386,0.966103548616336,0.638765715269895,0.36501959174951126,0.4467590512766014,0.6367919709325022,0.8907045862973029,0.9530074578583881,0.3924390616288965,0.19234519744571932,0.07608374015206265,0.06445992852057891,0.27508100060988283,0.9449403859781824,0.8830032253255391,0.09598933645140595,0.6668667269122777,0.1037122160751004,0.5327076834143837,0.7417089554032678,0.9892126744033413,0.4250390471854807,0.1899432974699049,0.41147850240891415,0.19154728588338055,0.18205060664008854,0.17436235794075583,0.2902647797268686,0.24857587170500595,0.007415646642073281,0.9811076772587037,0.5381782624701751,0.907790746298758,0.17990316622527036,0.7174881856890335,0.8199201230916853,0.7094659133778483,0.6224402887218872,0.7225671712233164,0.5525784639668516,0.9889962351223821,0.4278525773572658,0.6829480232784098,0.4829323509915021,0.5588983304071978,0.9364969242447855,0.220314764580958,0.4727193264106383,0.7467149294980866,0.11376201715039069,0.6288219087748175,0.7897245164764672,0.8602775668221748,0.6104570293102348,0.9865635550517693,0.7904222853201758,0.1622874353340341,0.4627813336338997,0.6983399232728219,0.3492206007848785,0.027567048115671122,0.9183869087589686,0.4411152019973721,0.07944627167582263,0.5187736462825173,0.017870635397331247,0.8617688708341149,0.5823823710526919,0.08241936187797716,0.4713544575397597,0.01937437956003607,0.2914957588488605,0.03560560908844557,0.5805778300888196,0.583769357516288,0.49348771677212033,0.030668459543415905,0.9356079973710751,0.8986144060817134
Tanzania,0.15151030192452808,0.6855898109750382,0.22567613423051114,0.2627646926900542,0.40288744468705684,0.05227350240565276,0.35421374482535295,0.15478040476433474,0.6021742067707283,0.6532460699635386,0.05417104585688004,0.9229668349475986,0.6215061135890121,0.49778543008703136,0.3677943527344195,0.1741343106958515,0.6206835300691516,0.6778955525647634,0.5719746416549124,0.6774489599481531,0.5974686991590946,0.8879772389417414,0.9265636347093709,0.15381153218753196,0.1288285860404228,0.6364174330294996,0.0658008166368903,0.3543133387051163,0.05994363623061594,0.7704542575224853,0.2839622986454229,0.8268334244070203,0.6242388358847829,0.3454720724344691,0.39013541886672876,0.04295671711592319,0.010261904189659776,0.8964408280685459,0.7323899336247081,0.04762272200596229,0.3014821620633217,0.14487934575912353,0.9552662448114727,0.8629430215992465,0.3377116364420042,0.03574879362036343,0.7157505231517325,0.5895637261833606,0.39488463540938945,0.4795148211418979,0.24694576990477868,0.18467043512350323,0.39984621554577415,0.038927795852588876,0.6249942110815531,0.10206340938073943,0.07270711467464452,0.4579741920680346,0.13345078572315527,0.2281034635382485,0.12445622699745795,0.9038744717889708,0.332365578175542,0.7874071825142246,0.969193934668571,0.7433579004877136,0.011120113814086952,0.261398983623926,0.18088961554790084,0.5672315439528367,0.8589717949092426,0.3851005706640799,0.09748549044743615,0.4210627142702231,0.34849355997226705,0.5877207932188954,0.33919362103743333,0.2022177298545892,0.20844937028708865,0.8468774840803657,0.6672122271377114,0.21124212861037994,0.6505058772811996,0.9599597237847892,0.3430003641836026,0.21303942950134291,0.13470867762633687,0.6132891362674284,0.26645050945965354,0.3642763689453823,0.9039037615740737,0.2967763043219668,0.3770000152151862,0.40753759082149477,0.8945740044086244,0.032141143891794566,0.43227184141619657,0.58103528656299,0.2422799653589196,0.7715273878621022,0.6519380745569734,0.6933368044283487,0.04330767082645004,0.07168019907922252,0.9791184037858169,0.6702305931543199,0.12287082953184536,0.8770713956921542,0.6769363342680796,0.527375935961615,0.9990631448163717,0.5503735564097418,0.1299422552860814,0.6694612351446145,0.5562293212043288,0.32779768038115364,0.49105029606628836,0.07267986208835242,0.37795047296579076,0.37406898594409155,0.378087893230574
Thailand,0.8317701097410524,0.3316156029436408,0.6999200563560498,0.048004720224991804,0.6487853727750896,0.9849620295115276,0.46141347669513744,0.2700400678437733,0.03423527412850225,0.8305165775022998,0.07174153459722532,0.7905774692614157,0.09201579729611697,0.2241886934517573,0.5963313946585929,0.012317322456114499,0.5062321928824683,0.530249034879312,0.45950816422891094,0.5290682372488056,0.522431398940208,0.2009701067444214,0.3581768437364319,0.5790875891505886,0.9114909618883891,0.4383746270582838,0.9707563624211287,0.5137202374032064,0.19521892021732457,0.07485909130432578,0.6492326112719554,0.456172587788632,0.48460701834601094,0.8109674506303599,0.5032327190622087,0.7527166755973693,0.17688988249133153,0.24556996500246409,0.12615675146402816,0.548563596983259,0.19616467469313004,0.258092703649606,0.16061957387562076,0.7128619081656373,0.6532340138197499,0.8259529313693731,0.29440152346572923,0.85656856992026,0.749293944903352,0.24700216175871448,0.5958737495896443,0.39049586375025513,0.8573335904708224,0.6291097351661247,0.42786192484390906,0.5267113861554902,0.2846934613669113,0.4863136523389706,0.41993655564981514,0.013778057681924083,0.5159135764509126,0.8746900787690505,0.8380381192575498,0.0058892074857487264,0.4057530968749863,0.6566485033168191,0.7070766554002246,0.7827726617096661,0.05721133430884495,0.25339651262793006,0.1165906574563016,0.8379848257893379,0.2689680091209461,0.43097429326894987,0.4174453709742826,0.13998240766956438,0.030781372363719917,0.7159223982455762,0.4172373339245109,0.3840978926610885,0.06330691791824528,0.9034144441979207,0.9683668185654446,0.17733016654571543,0.5118085133803334,0.557857146260506,0.8518649372121031,0.2423656372059665,0.8462636538193059,0.03970649458058839,0.6297257008214965,0.3421971453952951,0.156103783062289,0.004038926406861543,0.7899106409753845,0.2701533666165472,0.3930002080528937,0.578763013589603,0.6065395521294181,0.48902583960211254,0.24193351955833275,0.9061481033405736,0.9237398604606322,0.5441696373775285,0.5561150097774066,0.6790932496374525,0.7433111526167093,0.4865949193195278,0.2623217237417337,0.2175535017140129,0.08622498649340193,0.5542630255733186,0.08577291272716403,0.7106024393893028,0.9359755977507719,0.055543920011927206,0.11110610072849081,0.7745781416390805,0.4931936668825768,0.04194278804631335,0.6676786239319553
Tunisia,0.5919818864529404,0.2733058424567255,0.08042077186106,0.7752256302204945,0.19705579696394981,0.5505976052282306,0.0669270446518706,0.43885282096567213,0.844543353717074,0.825311344360805,0.8088110146002557,0.03325590630251363,0.3346428765581394,0.23441338628086128,0.1222048199117548,0.28103042326747785,0.922568513007198,0.5249169554202544,0.36936100604600564,0.6386706251186915,0.0974886703988529,0.930717767133149,0.7744512723997021,0.1798784272245897,0.5048762985428605,0.6507908833735813,0.8801393405696804,0.9175347553308272,0.8735753441953915,0.052103300523885676,0.6791411919159075,0.6327225399890615,0.25630217371321806,0.9784412472701961,0.6198223175742994,0.884232198879436,0.9366867162748583,0.39522856234959847,0.7982675831588685,0.9666829128403811,0.463403187373127,0.6519630327672918,0.4609662480061355,0.44563499937509055,0.5672485449040954,0.37832594190062185,0.9048231157255405,0.2629871406531623,0.1584269623292447,0.35350744324284233,0.9343958883342821,0.3234896713115589,0.1781210196214683,0.6978482477771796,0.8851442117916869,0.4963975501072322,0.4556907913903816,0.3896316653689562,0.10399372051420575,0.2977796230466102,0.6527373023487633,0.670085761628178,0.847024258900938,0.16865393562391784,0.14533696907795568,0.32724658037776755,0.5778128313959799,0.7574138105317041,0.16723529650567548,0.5610287227782413,0.09691932734367747,0.8000965515556873,0.13076905157112384,0.07727117783170323,0.9099544779390871,0.4726092057328939,0.6430541811088792,0.8585372004624086,0.914204623352485,0.358079531083879,0.42450356426199265,0.08178126617835901,0.10131216300713008,0.09518160151846933,0.0038902663011156635,0.2800475223848279,0.8235311508331578,0.4415151223439099,0.7468982554578397,0.6736633004808686,0.8968492543906805,0.6015549971605405,0.9980754359412831,0.3984857116135193,0.33901896103987894,0.7642888452181197,0.776858475509805,0.4180303324337902,0.033203001639711904,0.6879551528132538,0.3373021330403654,0.015156132083957274,0.26025554133219786,0.9671557421397811,0.30280430136140113,0.22564249412952797,0.3627858232625165,0.20056256872372857,0.10818083153681624,0.5702722145928284,0.8107715615381296,0.07744000446001398,0.44587290102892196,0.9013599469206184,0.010433366589918447,0.34355916811000764,0.8221110323120396,0.35861267544751485,0.8217517946781285,0.4124029908297904,0.4668814406339683
Turkey,0.12067499141781768,0.45938707516938926,0.8849177583569671,0.6897424590175129,0.9005596206776025,0.9727260021107498,0.5231077291457341,0.7306631065730914,0.9044119511517692,0.6738361200093621,0.4208756899429814,0.42582579545912524,0.28092328576293313,0.9680836958188253,0.5454876741649864,0.11698362721908961,0.8474661174794249,0.9188588591210929,0.005708604199123779,0.121893014763929,0.6593890771737788,0.648926268271475,0.23289038681273455,0.021214222738674127,0.13895853399902458,0.30776548199851816,0.9924918571112286,0.9763266315965735,0.01023798725897751,0.6951266821713392,0.3695191717187587,0.05567616798992914,0.4199101103976304,0.9200776091821261,0.9163006518330075,0.055680415352085455,0.17159658720820814,0.11515948114931784,0.06829303744733073,0.811062221666562,0.004478426976683658,0.4651461197367194,0.36720207148049366,0.7945261349667435,0.3300592938160648,0.6726274375583673,0.8598677936674685,0.045675262103526904,0.31804414154855254,0.6661273296464508,0.10081124269238628,0.3911986198668759,0.3337433010662134,0.7456698010844288,0.7398957782945753,0.9134483781249262,0.810768935254376,0.24470549533321106,0.8085940718984195,0.711375600340016,0.1830611837888998,0.5803878473245974,0.2585163034402683,0.7208805073281173,0.5713764593112824,0.14709982427368928,0.7837067771754946,0.9121335268800992,0.2951146464469152,0.9469029795798314,0.46017045757498143,0.7235033023560603,0.8803076477600232,0.27445904259203846,0.5144715289806263,0.6913439980053552,0.11279148397625038,0.07569848588967976,0.17178183511473366,0.23731327301909166,0.846294756173037,0.16384416012301817,0.5201763101994211,0.5607238711841152,0.1292084243001851,0.036598126489042704,0.8656203808791756,0.8824190474291971,0.8058965849682865,0.34113690834413946,0.048385958506340754,0.42039932805775326,0.4079980607025657,0.24121069024478103,0.9698615105318366,0.9304961077666892,0.1690637973730006,0.2575263244204715,0.7581271935521441,0.5440657688899423,0.10290470078791392,0.845344645336279,0.19522537393788664,0.9856384406960008,0.8909921248675066,0.5654139520724009,0.20506324814261434,0.9791187653236313,0.5384975717913204,0.07015255549860955,0.9113985498696568,0.25071567251319593,0.38481751838877476,0.1907067044815265,0.9420934336628135,0.17145105215644063,0.249918262573799,0.4740298827664142,0.4906129162699203,0.5544916997204252,0.09618028944339652
Uganda,0.8653593966050247,0.8881320809060166,0.45334559580937306,0.20514857719640245,0.5983119851898706,0.7539862833714346,0.7674871370524748,0.08090091150907952,0.5534800913729818,0.05027747991212361,0.6388962769068919,0.19576221039977948,0.14296418628624252,0.7050779780416268,0.48526641457453634,0.35274374924931506,0.25002150480806906,0.07096138771270077,0.5888392254551044,0.007307206696839708,0.8658505239039876,0.27724554338916474,0.41176078854782905,0.025338136190791838,0.07889515622392518,0.3235471829768999,0.8849923142828781,0.26582054885005346,0.6388525607221808,0.04142524611645004,0.6680763103609098,0.3908608440347585,0.418207154088594,0.24357935481723414,0.8508974631071101,0.0606622566124736,0.3340085391787807,0.7601965105205282,0.1745368877829645,0.295415826346198,0.5739192994678929,0.8106889587807672,0.4225978874406294,0.590742477544845,0.012991682702352625,0.6309655305894258,0.38651106953063585,0.49906940995972104,0.28509376458016245,0.6860394156592334,0.18986695694069666,0.6676748391707198,0.4826917447525336,0.03927571108689032,0.9226359634023891,0.36976805160856563,0.6230851417591019,0.0625426788797051,0.9922186843745905,0.08275449101628907,0.9573556717080386,0.7216544016817542,0.5608572023714824,0.24974078453672,0.5206696028002955,0.3878168186288341,0.5500446712812835,0.20464854444369673,0.4850141883693273,0.3209666411191652,0.44221370687186656,0.9737726440927399,0.8088480632383771,0.028715529961370723,0.12230831032743006,0.5237440963340747,0.2887090283670154,0.5857733320410162,0.9711296138723727,0.4569108404426696,0.47576161200354583,0.2176672376489005,0.3075121806351926,0.4331783954138775,0.905915860938406,0.5127897102977736,0.5077855936024842,0.07535115056829167,0.08414170147356648,0.3865084585346944,0.8113809731581445,0.9372776367249981,0.11803414768023646,0.32251264565938,0.9304632372903123,0.8206960387178415,0.4983963946094787,0.4291566365987023,0.9435890444124058,0.19193849807289198,0.10040419467580053,0.09101173926612804,0.9154833922599568,0.8059441847000411,0.48232271858411924,0.5771207158601858,0.6619949453797023,0.916329315519489,0.4709088476248925,0.9098131444360549,0.7253009514009959,0.31669811580486984,0.412365427823282,0.8939720239968615,0.6211714305715633,0.9472021978662318,0.4437015378749918,0.7027804975156171,0.03106054593066221,0.038297176117274234,0.21930487114106445
Ukraine,0.4347823745736318,0.6561965876978638,0.07979673011009292,0.18984300428211676,0.6044444994753628,0.7880948750330046,0.7735761653099757,0.992029036136622,0.49047025955927803,0.3610454754173764,0.946729201598993,0.9226492949724265,0.31253094027283257,0.47812027161301773,0.9033662133582339,0.6368234978200624,0.8036912235466687,0.024350323818610242,0.4120331964824214,0.7223642654447257,0.13428050099516087,0.08395373695012587,0.08001159665293645,0.8599307444961838,0.989780375783472,0.4467513666044568,0.3290185262867621,0.3021957498866298,0.17941561773321812,0.00011699826918432077,0.5815627424656854,0.24780671636489138,0.3980967076880033,0.16992578397375835,0.4394522892478132,0.2809353620032895,0.061510658204506186,0.7279596631591514,0.14002173477325686,0.4827832328603401,0.27186529925959635,0.9885497966431054,0.7976113067983901,0.39619640723186333,0.12983348626211033,0.8262625375045377,0.9162193321555209,0.20816474690300424,0.2551931172041283,0.7158381750616648,0.2575042557255396,0.3885702343271553,0.16190077097245847,0.3712107079075426,0.983678470019741,0.5266624230803676,0.6201847327192608,0.2612025135511499,0.3690584759155997,0.7820374759553439,0.19826310238886424,0.9699736700573005,0.24389958256810973,0.15709752526240983,0.7309107924881199,0.20845076318325262,0.5657481737945302,0.4495107907821768,0.6544555951921062,0.30405246676081277,0.5111135992654513,0.7328039591133219,0.014758549912488927,0.20156053955786757,0.44376118999358516,0.5438885794893406,0.19854271217641917,0.7741737483135733,0.8026091251889292,0.3680632725303633,0.5777141433638855,0.5013057496828247,0.9834570729994532,0.5336103445411191,0.1216567480621531,0.3122658607832214,0.5729251043429071,0.44703037854698635,0.5026769079471576,0.7238986731945113,0.9456385607033516,0.70948207536271,0.9879070165683127,0.34658275638749736,0.06636549444454443,0.7014246460637337,0.2360578287427877,0.11698218260475302,0.16201770308414642,0.016079315732287047,0.8489330664945235,0.2146267439321513,0.15651677027770483,0.39435546871290594,0.4558115603437195,0.8775485720615276,0.26360790596463823,0.3998829820032329,0.7949728949917112,0.8819359062791444,0.7196303322079857,0.1641509608253926,0.03508784585673452,0.3614196041849026,0.4977136381087194,0.9645194171627458,0.727690153152635,0.16611647920351813,0.542747035060071,0.1638335119389529,0.8301328151278121
United Arab Emirates,0.2988567262413431,0.8791957140477403,0.950111004539981,0.7597270231213576,0.5104782559850906,0.6925131811420678,0.389550610631647,0.13392286026951916,0.4294409498885462,0.3164945114244304,0.9424962634072476,0.9945235636809576,0.5664993104162481,0.4461552970100212,0.7831440364552096,0.5117697544138917,0.27510239898214395,0.29387703022038825,0.9807884580124425,0.27881946386289636,0.8888552026576554,0.4241989846720452,0.6255397154348065,0.6706711525273275,0.5635778263439819,0.25700826903695717,0.4475688594312719,0.05525737320278146,0.5682076365757238,0.47174787252621,0.3552409307917709,0.01759694701835912,0.39283401903304993,0.871511143393756,0.4572889463217219,0.32499015642620355,0.43684947654340966,0.8022428439451541,0.6975944128437027,0.726736135626898,0.07365504417142732,0.9565284856881846,0.5490133337780675,0.8669859465210664,0.18463109176584003,0.22377656444869132,0.8471788301290659,0.5097910703646337,0.08077265893049879,0.12526339832320932,0.12063882109321422,0.12539114813125907,0.5176014543993291,0.49384237715816637,0.4269659325448233,0.7008168739400705,0.27409698483875855,0.988686006158779,0.6218524807467821,0.8177433485939545,0.6203668654060444,0.5704221520821637,0.8603209268626717,0.09186500300799305,0.09081891420860744,0.800517096237638,0.4368053755752721,0.4699095306062694,0.539286615502686,0.21823306050961655,0.6215425432866136,0.4149407314070863,0.2906210763511913,0.4159986022327451,0.6046707593557641,0.12358872023260115,0.387649105172436,0.7617748186036261,0.5381730030778764,0.9285306026808001,0.5892419607032574,0.34201531864699697,0.6341950818795753,0.7723854714459523,0.9800941399941082,0.42755850587436606,0.5448018677070494,0.443044203591758,0.02317981298390226,0.7642389674420459,0.8235842614758795,0.6593754024958043,0.9850495705953598,0.15255436562122338,0.6817216125865972,0.8449886778508368,0.8117985783148891,0.5982536533743575,0.20544584881242067,0.22494769627122047,0.43900384104578827,0.10786189180132266,0.4134124750779703,0.9073725834561882,0.13027555088882736,0.4611127751891071,0.8506308856178287,0.5887361410190817,0.5421456970420532,0.27093639188679286,0.22522251892781242,0.14773723216524304,0.978796992153037,0.9759093937712314,0.1484727036476804,0.648825983882504,0.48014718086049923,0.3053386966017746,0.23155697502730532,0.9925076673413421,0.3211511106058721
United Kingdom,0.7815585765359132,0.4207035173547685,0.11370141878444573,0.1429198881377225,0.8710682137981283,0.07974725470825528,0.11065364197078276,0.546141231436749,0.7487746136119071,0.73251542232981,0.38149724660347706,0.038071713721815836,0.8283580009531419,0.4795943620273905,0.09558221974054326,0.22517862761749186,0.7735723282551906,0.33586689062089614,0.6197797881414647,0.605046973270957,0.08605038657730657,0.433509520081524,0.9476587671075158,0.05276534691858803,0.3326869739364674,0.5626407738544553,0.2226463075267835,0.3756652762518117,0.7326860119457049,0.32941548428447764,0.25546405597405397,0.397100008661014,0.27217051195040354,0.9855398297644741,0.3387196456783397,0.2928494343447072,0.658857609507091,0.24187026524250976,0.7389545215639665,0.8058427191023392,0.09767741894351001,0.6610848408160251,0.5125218232810678,0.20058198807589167,0.9516322452157324,0.1464108168196503,0.8424381449813952,0.19585053959468335,0.09017652375266816,0.24919660081107475,0.14733569473198105,0.7138689680110234,0.14252927060812204,0.5616481799748899,0.2146432484842633,0.17275765980979085,0.9605572048062455,0.973781550814356,0.7264283910171667,0.2065513431923217,0.7684583914092977,0.447462246588034,0.3111906532282349,0.3697560674469089,0.24092441283925792,0.8975030383119544,0.5187253309755505,0.8620577466499527,0.0004612556933061285,0.9918107966608756,0.9297309993403858,0.8295629803332505,0.7784621243099592,0.25859380762240813,0.9267610026266245,0.925711061204778,0.1166096843930341,0.07413648214265334,0.9667009696126352,0.17078377190866922,0.11287724968745116,0.3034802456141199,0.8117535743441461,0.2662144321236871,0.5372970571405815,0.6814821473372349,0.8356593746768923,0.31810052275980194,0.7060426496036422,0.8678580401274395,0.3048087127810799,0.15370254433141073,0.22685688119525604,0.32288066111388836,0.8865172283508996,0.506900541696316,0.9691426019714114,0.6073375102147597,0.8761068138145659,0.8929046000473755,0.3445122051759112,0.7797101992785339,0.52371779509603,0.0388613895979274,0.7308718989735348,0.22757607897338739,0.7775352571204273,0.9035440647037035,0.6479851735571203,0.7955217382027021,0.1651371938466225,0.012203021093769806,0.6134838274780131,0.10621307392724155,0.28073235718802336,0.21669891982351464,0.4329357199122774,0.10175819096508387,0.12958747658890257,0.6182604218834297,0.07977797449398938
USA,0.7176419876640656,0.05639841306724924,0.11832345689355794,0.42667244812418637,0.06572574167109202,0.10189109830031262,0.17819344950504423,0.5385381270803267,0.8591583681607634,0.6598132568309312,0.43262432948130314,0.2117294737057318,0.9845884835773431,0.08814758887730445,0.3527623146444754,0.775409368190508,0.5741821990641981,0.08748114787195471,0.8268425627973015,0.9380465608195537,0.860650263116137,0.24322428106265193,0.05039849532129359,0.13791395425853403,0.1384787516847682,0.0773237381690709,0.3649985587275002,0.19792917051681025,0.7122288308252603,0.24401560224407426,0.5839383593256198,0.1962941043940557,0.8113094961133884,0.5432262296291783,0.741818525641881,0.5710038268553826,0.7072996443106128,0.1570500136692029,0.5448872749787407,0.8450755146002861,0.8275496112002593,0.7239928553417341,0.18566908553640837,0.9983410788610886,0.5195506641619997,0.5968969924825536,0.18650314314153005,0.6085478467301109,0.19733100064825948,0.6325715279942312,0.9038389606443918,0.8827301881160737,0.18499916607020506,0.6123993280963342,0.20271645367563884,0.17800996176425465,0.7313807409731395,0.8786759758901166,0.7849693533650755,0.3543890773345574,0.005298602492664006,0.13410083435520637,0.5945252222671673,0.5748441434209226,0.3420298112284268,0.4068176299172884,0.10628580865948134,0.6880355888243656,0.5336986495343529,0.3554556033260917,0.9285855131172208,0.434285345894309,0.9912731714044917,0.09587471081615129,0.5839969544939623,0.5133768243765058,0.17242721590649657,0.14477065941474931,0.3722088450416454,0.3264427106999027,0.9720992772484828,0.654669986848116,0.713829349235288,0.13152760453876977,0.6120738893226396,0.6484202340063443,0.3966138991283822,0.1986503474883018,0.48560139392651,0.464864232014657,0.050312108308132486,0.39382538041425486,0.690306672743025,0.8306070027502332,0.6591808812135581,0.29172157422507117,0.7308322844919122,0.4490887404379479,0.7845280416179106,0.9564286448915321,0.9667277470609952,0.23994944678395147,0.20234763214929363,0.8745832171259792,0.6799532578164661,0.27215179557944924,0.3809946472406178,0.6038839560048496,0.48144265950372134,0.14216853295303067,0.5097270646541843,0.056837425880935655,0.37356946192238816,0.5181245049669445,0.8859574130182204,0.397221623731393,0.8385744887060181,0.05172993473923926,0.857413157794151,0.6748153937856204,0.1696561102041514
Viet Nam,0.5283520173353715,0.40422047920255855,0.5749588618612425,0.5724666854543651,0.7770985489735328,0.5206408902900103,0.781985420567563,0.013812094277779852,0.12425487130531443,0.4854463413059843,0.39548503374881083,0.1877946017398956,0.04408015210877825,0.5790426614050558,0.09750785156708663,0.12936974593687156,0.10145995556254428,0.640634344936679,0.1572330933614896,0.8694769209965204,0.2965725543969431,0.9104128543362517,0.4962322702895524,0.26803406082661685,0.9336380522676909,0.9579460669595092,0.8035645469388752,0.27334167977708934,0.7510720573069527,0.40149101459766734,0.01863050703506508,0.09019219245151,0.8072225981254167,0.11731128945842106,0.0135656096290242,0.16602176789968792,0.20949782186842014,0.8453296674464046,0.701583493156576,0.6877498622331918,0.6527737900041417,0.389230171765241,0.8953652862975165,0.1397010249990417,0.5657161132643627,0.5252054931763231,0.8895031483093556,0.7630294117647045,0.5626515922693331,0.011758965852050274,0.14835545832609132,0.4136521055728055,0.3899421438187872,0.5155086841568262,0.9496251846503129,0.08570096199714972,0.06311441917252802,0.09810536164415906,0.6748663756314144,0.9442731201076932,0.27436549502218666,0.42852558442157995,0.8076268783953849,0.7826514443780628,0.24082031299809015,0.840464598194852,0.907160725453963,0.7220389382801125,0.28192441714124294,0.8075291912715814,0.22564332911441454,0.8694211980018142,0.8722512957891982,0.4209825209370234,0.3920124044563996,0.9791254005966428,0.305027890266531,0.6786099834129198,0.8323655348644714,0.7758844165315242,0.6784739129369114,0.8462218271415562,0.08808065569622159,0.8565932812885879,0.35518923946726055,0.44316175874579133,0.10383341286508696,0.2737177141358963,0.820092094391074,0.9594381382242141,0.0391253073521074,0.19730544847627796,0.5714076901597755,0.027521480023916856,0.32744660617661925,0.36254829082047535,0.7051265671378931,0.03173349837296435,0.47623637560776144,0.6174417293180429,0.3047643108099395,0.13415978178117405,0.5268959494900197,0.22211662925196574,0.05339338471775834,0.3626834773273986,0.9543717915183244,0.7203373343889277,0.9351144917844475,0.396262375903463,0.410398870578917,0.693934029793545,0.5577093883033213,0.1291160738411925,0.4003756660808149,0.9993261311944773,0.5502785755334548,0.9507288279980867,0.24319867062206546,0.9548647159666104,0.5825316995386529
Zaire,0.3974817981465969,0.8814572732059395,0.382471954850943,0.11349307950513055,0.950984150544585,0.27669837601362546,0.9167745400859415,0.8941132427242274,0.359681917988939,0.7255489456340408,0.9697932518411119,0.5340194293014366,0.24516732377605088,0.5801494423509621,0.008675593366682222,0.8038715946591979,0.023116059156887636,0.3083001195752154,0.05230348427789322,0.04671021038249801,0.425233686723255,0.3306289623349573,0.8510584701958875,0.5903778779965905,0.08451062672864273,0.11405748741092314,0.42241638293904493,0.8643760531087408,0.3158506177139475,0.07857283943757243,0.36588730052648166,0.2685190338353265,0.906681823921193,0.797593975585711,0.7925302921593977,0.7520004228561709,0.30028422415101386,0.5144654311903806,0.15444977883480238,0.6244427516039858,0.0030842361550802444,0.8936212470323108,0.9526736934579588,0.05294677949673654,0.7516730148145212,0.5475529132550819,0.7873551979005758,0.770606158511575,0.23571023409408465,0.49077287888036825,0.8026341958840825,0.4589197409883481,0.9451011318421471,0.4240383193600392,0.5413822585454101,0.1557245186058358,0.11700880291338212,0.7676728558669743,0.838282997406446,0.11046601288178981,0.21241522465027696,0.8916029462447027,0.25375486993526886,0.28766945568520874,0.3360925888900984,0.7699352092774141,0.9736359610677668,0.44787879361827165,0.2938835588761112,0.568768999033827,0.6234328036186562,0.5036606606412207,0.6208961543830723,0.7903509084463111,0.7667341946496053,0.8609613283178147,0.7843890131623118,0.9622120558262327,0.019940498267905338,0.00019676283802361194,0.7937534266436945,0.7989994253083871,0.09840035259142899,0.45360513680036807,0.8173480503388664,0.34499399818995125,0.08466008264195513,0.4071933567408913,0.25925222718259877,0.12210160082831023,0.11908590745950631,0.5194277558063766,0.1253146138719896,0.7023297629260272,0.17693820391256143,0.049915610612831895,0.7669257180460204,0.7782038989194932,0.49113835707043996,0.055512915198354884,0.027430654034024893,0.9654793404048595,0.770239922492129,0.26485661435476915,0.06073827591357406,0.8114588185290719,0.4744975449998723,0.524025767882077,0.4968899495662187,0.056879336918654544,0.5189965282536834,0.8277180543536286,0.8272549133516012,0.05085022647781001,0.10089451065568189,0.8187278940260083,0.5684662337547572,0.5932555008085569,0.047443314045864105,0.5001312955508532,0.9118216902827913
Zambia,0.2544507550159545,0.5317561829118228,0.943302448320239,0.5246682969973845,0.5586835496066725,0.3600832668595313,0.15931028243862022,0.37907265492459485,0.03604256982805043,0.3473495007729054,0.3807662120705516,0.5329389272062278,0.3694888843501912,0.19669082342194255,0.7503285746989515,0.06891543387869303,0.8243446391825181,0.03576560565808795,0.005243790393417824,0.6571246337623501,0.14421396418753463,0.23466683174458125,0.5518482404035857,0.9256945658163013,0.08421727997424433,0.9275553139665654,0.8594524026046574,0.42449041450144787,0.7771685270877793,0.6766359677779074,0.9063624579075883,0.17607652369677518,0.17891401657304173,0.22696765440443079,0.2628661927806778,0.4253417318720898,0.2923005972846202,0.4238410690850515,0.7526537109713023,0.1969913849710202,0.5594983178358116,0.4632928377264074,0.07532272494783099,0.9328461388707079,0.9226547624335091,0.5563031782131171,0.27503736010313584,0.7070830548832656,0.9354862653390883,0.3910850567999118,0.5524450802955357,0.8257665359506288,0.09366265264405238,0.09916445016007513,0.21185012145825877,0.3299011076425007,0.9051902279706503,0.5708285781350309,0.05536787543019728,0.6525430818457613,0.5346747069325867,0.34856378122681986,0.11727443516147762,0.6863131081063907,0.6015463077621243,0.17465916723722008,0.8426218293223664,0.5716907229738466,0.47816500215328894,0.6073185714458653,0.8299415295368996,0.9317814613702677,0.3234515509626984,0.836448528852128,0.860511597634856,0.3725471096923517,0.7041486311391039,0.43352946572763784,0.31247633556644816,0.9016556066911122,0.6754743616952594,0.187661370347476,0.8355587902921775,0.17725002967268955,0.6489141127123768,0.9556278100532125,0.009135393863277108,0.8487465650252687,0.4019118403862749,0.9683861350495188,0.2196890188602224,0.9721036289302741,0.6517356555403258,0.2812488769749002,0.2057882173346708,0.9510070410443053,0.6780513624937654,0.6766135682941187,0.9532634653053744,0.33721557754992226,0.15552140691652439,0.9886136398371728,0.5528599034449424,0.5439057705144126,0.7592050277431402,0.13083897684307022,0.8804126130081672,0.17563020617322223,0.16004159067818102,0.36366438582935523,0.053166703954648176,0.14379235374869015,0.5213074114564376,0.9969260984183304,0.6974066529517882,0.9609873053581653,0.9052889873477203,0.16573833871788046,0.5216267732042928,0.15094955306756297,0.9905356273237242
Zimbabwe,0.5704723184026151,0.7226735272512461,0.882910314061232,0.1748760254668691,0.03948101980084451,0.8322666936437461,0.893732204634022,0.6670604202182988,0.8570190106117941,0.3901123091352998,0.20546035414750807,0.06311314965338632,0.3209387268708169,0.7381022523124854,0.8550852958649681,0.9738803602559517,0.58809106155801,0.8756544492923147,0.031848211372441204,0.15716159344666958,0.43547848371256637,0.14247101712567856,0.08194266310393039,0.7977256542077683,0.7859394014452463,0.03595769513125491,0.7236666781730865,0.41900659098840276,0.7160375699252328,0.3770109070893559,0.11536145671021447,0.6783406435057711,0.8325605708350496,0.9026015622095221,0.8944176329161638,0.846617573541471,0.49827837327553337,0.01700642345933745,0.4486631986065561,0.12628767462601354,0.9610412066490451,0.9857963218525169,0.625981586825674,0.7093543414897393,0.9696376843812371,0.8159073230557935,0.8783087465783894,0.17248725912645813,0.45247553004145635,0.011618989361448895,0.9322223331184676,0.6585916525768372,0.02108210053764692,0.08170536693785757,0.5045506107101495,0.38272667082670786,0.7801968155534955,0.47262656818454984,0.027870796659954955,0.05341697369057874,0.9074372180916207,0.922640177321774,0.5364588751293337,0.08459141044142238,0.8184221758348595,0.1502932639608896,0.17890545799250712,0.6356883490453853,0.22643671325053993,0.8729397017665091,0.24908390707852468,0.49900544671961133,0.16267983478462,0.2415412061558878,0.8005561294796202,0.05228896625321555,0.7086638673457156,0.9414755356480101,0.29001863646988824,0.18999342402246788,0.2286416710702911,0.06671281154247477,0.14264933769000643,0.9903065722478048,0.06797895694064005,0.43531215193622474,0.25832097849263114,0.5466077924152793,0.32316332695600525,0.5454468522230528,0.9784628138113698,0.09556890117356842,0.27779693352592094,0.9432576514377399,0.8788948385474303,0.37987744550167446,0.01704183137867321,0.3865552293834277,0.1921561381874376,0.35437780100800764,0.2877812097570347,0.2919745170771373,0.7974373088018798,0.31150141094934647,0.3130079013798963,0.12469547155363436,0.5562937097090966,0.04447781063089329,0.20102442649612084,0.044217954018574424,0.24154011492666871,0.21980118966732165,0.3450085838154191,0.7499252635359732,0.6972058817147003,0.8067833798148211,0.812354071837446,0.1398855703369326,0.6515553947215792,0.16364832390306805,0.2823483920766924
