,Afghanistan,Algeria,Argentina,Austria,Azerbaijan,Bangladesh,Belgium,Benin,Bhutan,Bosnia and Herzegovina,Botswana,Brazil,Bulgaria,Burkina Faso,Burundi,Cambodia,Cameroon,Canada,Central African Republic,Chad,Chile,China,Colombia,Costa Rica,Cote d'Ivoire,Croatia,Cuba,Czech Republic,Democratic Republic of the Congo,Dominican Republic,Egypt,El Salvador,Equatorial Guinea,Estonia,Ethiopia,Finland,France,Gabon,Gambia,Georgia,Germany,Ghana,Greece,Greenland,Grenada,Guatemala,Guinea,Haiti,Honduras,Hungary,India,Indonesia,Iran,Iraq,Israel,Italy,Japan,Jordan,Kazakhstan,Kenya,Laos,Latvia,Lebanon,Liberia,Lithuania,Macedonia,Madagascar,Malaysia,Mali,Mauritania,Mexico,Mongolia,Montenegro,Morocco,Mozambique,Myanmar,Namibia,Nepal,Niger,Nigeria,Norway,Oman,Pakistan,Paraguay,Peru,Philippines,Poland,Qatar,Republic of the Congo,Romania,Russia,Rwanda,Saudi Arabia,Senegal,Serbia,Sierra Leone,Slovenia,Somalia,South Africa,South Korea,Spain,Sri Lanka,Sudan,Svalbard,Switzerland,Syria,Taiwan,Tajikistan,Tanzania,Thailand,Tunisia,Turkey,USA,Uganda,Ukraine,United Arab Emirates,United Kingdom,Viet Nam,Zaire,Zambia,Zimbabwe
Afghanistan,1,0.47479616099393096,0.597752622504186,0.9676167241873403,0.9951208758815919,0.20223247194808813,0.9802194253888769,0.13890189065963565,0.3745295841355307,0.10249028903149215,0.8617112227323367,0.9801653020913739,0.44616739777791203,0.87399992578456,0.07937412126482735,0.395731257413944,0.10218800823243734,0.6156006162290649,0.9815342009119296,0.9324422973924438,0.7672400901782082,0.3658797178239179,0.15169965956099207,0.17364365524521463,0.8634053008628482,0.9507173870835105,0.2089015608776742,0.5243081906350968,0.04185773629464695,0.252167634237506,0.09268958486129819,0.3869609972014376,0.12547899532816664,0.1543833563863719,0.9820804207402987,0.5086287920136195,0.0784003329720222,0.01919300703879001,0.17316191602590458,0.2022963734916723,0.6960583672483064,0.706360121807409,0.9868153259668314,0.783664357078566,0.932715406846901,0.34015165766517685,0.00864064055591196,0.8362352524294937,0.5386924261292753,0.8576674573723637,0.6646401586473892,0.12397526261744918,0.43519474982175677,0.30393615087225534,0.6306321834914014,0.7655716081005413,0.7562522408253998,0.9049067732068375,0.2423680155844412,0.3349404953625408,0.13194310669705733,0.47078335090385937,0.3222817521716448,0.027778107236382965,0.8966572008701751,0.8176315579832675,0.27461837748790563,0.592289757912605,0.11069542184867842,0.17324577017697174,0.8608823653747596,0.6758578130850574,0.31725527444461443,0.7865824343461243,0.6801109636133152,0.45894182157813546,0.18200289647517798,0.7803508865854919,0.999695354300234,0.6667748385518424,0.263118941550892,0.920323584016617,0.8512769682034064,0.7348410342596353,0.7451343877460007,0.5075131368353916,0.8795988764253792,0.26301551214193086,0.6309734690343564,0.43378964099704287,0.049828828810245196,0.13943244488922313,0.2589888852195712,0.9100710304675799,0.30137806638988685,0.9300555751406135,0.6650683792752322,0.5947494181404214,0.9802527413373716,0.5084538268561852,0.3627309156104169,0.6929899635240505,0.7200438949970429,0.0015249995519360793,0.4827009946912504,0.044955433775025644,0.0675770593820737,0.5726528275741072,0.2883200079053073,0.557128122450803,0.3925873921637828,0.45542586080664316,0.922400876028478,0.5773134229908479,0.551898879098279,0.7460687544098252,0.7340634483338312,0.9055236859762401,0.6564845967040439,0.2467037547779325,0.4942877958210238
Algeria,0.8360223108846775,1,0.5657316908525405,0.19304584884129994,0.783568700882789,0.6010895512137308,0.8835780550101677,0.05488041503642738,0.7192826817993297,0.1194242889835978,0.06672964732482989,0.24574859874822186,0.0683954369207771,0.24513847668017164,0.2614520460663541,0.5811884235681674,0.5277020802820052,0.29291588721751904,0.28558965442459894,0.6047623437156955,0.796530633454254,0.598821190025109,0.774498025574457,0.0009781104175208277,0.060645097942532256,0.9515073998968857,0.1399461834688448,0.32373217296561174,0.8897808242075401,0.14272595331663906,0.5515558536588593,0.5941969291465555,0.08003372972452849,0.36526696267398195,0.936249684644031,0.1258999856188313,0.4711501119487368,0.04740998282663533,0.7840769811827434,0.9406916545377605,0.07142728388783925,0.960715302933265,0.6333544116899222,0.22515913670654197,0.10212177751346452,0.67079963541686,0.02771681567322859,0.8575300660564156,0.11559964047251614,0.7989331872604591,0.0556322217268177,0.343199150000413,0.44965015417309495,0.14374363913850907,0.5798380780533091,0.30412918526643085,0.9169162106962304,0.8137728677426915,0.6248568929336602,0.6297115321691777,0.32663722310747334,0.26972474854455186,0.9324044731265635,0.9813421059037397,0.2804194284447451,0.12495119869362048,0.12333956336686513,0.1121546665374763,0.5773630859110568,0.4969534737272022,0.7838576768199242,0.7352493462892769,0.42300083190355453,0.09702557141554713,0.46107886421033206,0.2803746905047152,0.5184484237120834,0.7878530029006162,0.3164433918190458,0.1107218265360953,0.6945073156024649,0.8209492689901049,0.6647575592410261,0.04677540873418384,0.4873828080740741,0.011516260955597435,0.06400075449322606,0.7766022672162867,0.6386064765265521,0.2701121980441511,0.6217424462976358,0.7869130523495228,0.7154537040397836,0.7039054281661713,0.11597803281323382,0.8683604931988147,0.2971196827067314,0.22263125781032345,0.3275385508580545,0.19782108115975627,0.23349383871305363,0.107038383599114,0.273347092375432,0.7234144559694646,0.43372007270131663,0.2244814203705735,0.6761190732336937,0.5667285220174523,0.9176199402357001,0.29772277579924267,0.2827216244577907,0.24959740103317185,0.7229420599737767,0.28764772203421696,0.7778010470952446,0.09809028709277057,0.7149895221903335,0.43037436474147495,0.05377951632874178,0.9003741881796089,0.09816799291459177
Argentina,0.893684299702571,0.7763445046367357,1,0.03536192736363175,0.7562297445753671,0.8634419652039255,0.4794741507267338,0.022387248824672357,0.23356557119197707,0.09948897876423501,0.9444865099692954,0.7943200759483077,0.741753286813296,0.15372276955258346,0.42475132780381486,0.36779342551513794,0.7778694966790508,0.7222606786743896,0.7328037675572341,0.10710494756185207,0.715511580839903,0.35999049418245144,0.4339846806426907,0.17074445196131416,0.6187894906192721,0.5893972832950962,0.9849745877536475,0.25475468212054253,0.9561053233864705,0.629097186755606,0.07891168605397192,0.5065221277593679,0.118958861293876,0.2216210044512963,0.15285116835211032,0.8565282805109926,0.7561715882074241,0.3518385952701266,0.18250570086836282,0.5072684993303577,0.9496905952440469,0.33311890598720795,0.3508225994482115,0.8840757852763635,0.1675801147402648,0.4706101298601453,0.2926400420777783,0.6203879282815633,0.4677950918010141,0.45669443778659913,0.951734225660358,0.5782889449917404,0.14380404046913864,0.7212900499139702,0.7986709112490253,0.4375399630894218,0.1493102754787855,0.6715333746294021,0.08609090246722684,0.614066952296889,0.8407512540271754,0.7052170402252764,0.44344581519759585,0.15316503088471767,0.8222737870937281,0.13638424604345079,0.06659993556910226,0.4363541847096185,0.05802233799050538,0.8068828467013808,0.5023423278240544,0.6192803622331864,0.3317304173672022,0.26298539130039034,0.6461912501346105,0.29887399680872306,0.004796841173518418,0.4743753681882106,0.3627877426916504,0.20281421517084597,0.9365073776492946,0.6888144701628997,0.34546918737092214,0.3909833015678176,0.7583183961466092,0.38255797680477743,0.6085179138341146,0.5028486109772493,0.6491408748734935,0.05611335446603749,0.09665617947804606,0.2824781253427511,0.582215501023516,0.32256638365715706,0.1257690766999333,0.5815520387761746,0.3273509641512974,0.7506281352817218,0.2804068438269026,0.3953023161340793,0.1582308548221134,0.488034784705797,0.06681314678116879,0.39999409208188874,0.45657247118733746,0.25008271687657,0.5208083137213526,0.5994526035298194,0.45319936720799414,0.7531665034428068,0.7341032843797044,0.7097659528510187,0.7623762137772633,0.6078664238872955,0.5308009533285549,0.6573203559124244,0.5147115694367548,0.42298718534109525,0.8930667349497463,0.6159176898778035,0.4288663545826408
Austria,0.8003803056530756,0.2203286662425732,0.17277335384165227,1,0.2457346659896955,0.28452102504670407,0.8475132751395885,0.08653730802426707,0.05756371426557616,0.36239577510549403,0.03261120671394946,0.7174256279320662,0.9948746763840568,0.6444002415661737,0.546400442234436,0.03745097596228908,0.9170533878208929,0.430250561091451,0.08309696355254925,0.4117900869071104,0.28644412203135183,0.474839371514026,0.5200815517235582,0.33937949904835574,0.23785158245326665,0.03094155368642615,0.7018777817225889,0.24667435363578472,0.6577999775422475,0.7211807256678456,0.734246187400399,0.7088660018590898,0.16757724077832348,0.7058241305228675,0.6789715865895096,0.873944039978287,0.39570929026449264,0.6419585276306656,0.15997832296234415,0.7023994231261668,0.96683730623018,0.2041018149349927,0.4979136747469981,0.4477746683227948,0.15754406408057453,0.43294236960329313,0.8104011595512148,0.161857610974815,0.9055165662419469,0.3597042765236086,0.9790950452936648,0.6096781097061792,0.281695483584002,0.2762174997293756,0.49893676577956303,0.1565883692559744,0.931452355685828,0.7881536329990861,0.9978879852459039,0.18925060441433617,0.6101820964991715,0.22585360002860388,0.8777658659659219,0.9810054773461154,0.9330485443595175,0.07809045735260822,0.6803315919364212,0.6693550078944736,0.025291952969334952,0.7445583124071277,0.43963491712813707,0.025939613370775882,0.4879198985543113,0.22901424432529427,0.4797296798445978,0.4851524177659,0.17114340417762097,0.10010109920236299,0.5623379892432787,0.6602906289921927,0.8224128789796393,0.2601814019812063,0.7827746698917538,0.3606475493498956,0.4698640999413426,0.38981152056440094,0.858623573482877,0.9276654549306396,0.7414052175469751,0.8271320950406164,0.1179302597321068,0.66891705399053,0.3617688425585275,0.8257571313107059,0.037873775454678515,0.3914987422055419,0.6786759592490966,0.2797703164702079,0.8046215530759698,0.06864056829822074,0.11261482644547227,0.5225803325899492,0.09226067977011809,0.3282855404992957,0.042593971369759065,0.5224843593200598,0.03689362690010156,0.06796669190220905,0.40650156875580834,0.5377163953059626,0.4341896723703924,0.8966957986996708,0.154781276681893,0.16471785603556222,0.22235891638083816,0.8097577798974394,0.5725923746708693,0.35707521070782,0.7282462367931671,0.7817889574440736,0.06507237324665305
Azerbaijan,0.5052771894633378,0.18852586267572602,0.7131116797789423,0.9082093961291929,1,0.5364365090326352,0.21736039232347182,0.9404476225256366,0.07750972183210925,0.18490293512829148,0.564326681956495,0.432332002366432,0.48010381392859536,0.7240853579255304,0.24814500039752596,0.27777992475793734,0.18631819283539486,0.18010253430337286,0.5384127011543697,0.22490078311193318,0.7036396593748473,0.6778632657639619,0.3105255364161976,0.7409745596731929,0.9943181963708814,0.7211659533179409,0.7863639600741497,0.33068873622884054,0.3162298691421863,0.22535711173267603,0.6646402828067128,0.47497825479551403,0.5970601118122945,0.6718718771835712,0.7598868699871129,0.2243930689415391,0.09889265444395434,0.9551440446298503,0.4377305636794613,0.8098530710166711,0.4714790939431246,0.7896860078709862,0.14113203925717466,0.7789834748152936,0.6580289227167165,0.04180359429655067,0.46267164024694873,0.14562232122675378,0.4700259387404885,0.07529982232573085,0.30092616941644457,0.3861054120430496,0.7166295714295032,0.5420839273596153,0.6644522434310591,0.9644687896236159,0.9260398713638102,0.31601168682850944,0.6762265489966257,0.052254743097590706,0.2778584267500517,0.5502289632097314,0.307180227598287,0.31485493308444534,0.6302902048275882,0.40138151096264296,0.6077334929091236,0.5522772325837603,0.6802234013732267,0.2257912336357929,0.2590521510811362,0.5688375385344673,0.6061501888408003,0.8700294409518504,0.5327691584516719,0.03976973498552694,0.1687739128795661,0.5715315291995369,0.4416253916839572,0.1874971377175888,0.8712822290472487,0.005620354824401597,0.8319563241914341,0.1036933033674805,0.7530624405009514,0.810437652641914,0.8466437145937085,0.4996538465987246,0.9459901939409533,0.7082323358640052,0.15043731342795896,0.8997343258865831,0.11552900453161996,0.17378154782612876,0.12637278272861385,0.13246235654088734,0.2938655412833393,0.3826565489765714,0.10445155689164676,0.07230069981998144,0.8907465884436307,0.43819876806797575,0.8440826781502293,0.20299778748600272,0.8466726160858449,0.9734489546075152,0.6436278270810127,0.43429379536943824,0.5394528511166852,0.8157661150892305,0.6909428870304913,0.22871296889025172,0.94099305356005,0.9106792449560338,0.31941851308503033,0.737475629054842,0.3146285137385251,0.35618952808238735,0.3874389739633649,0.14379119178698319,0.5606116634623923
Bangladesh,0.6173267194673007,0.6143066329108032,0.2728741414332184,0.1714459695384215,0.06211905446711319,1,0.6422133524311954,0.34518887858593894,0.23865961206225839,0.6344630353250257,0.25777342816337256,0.03552337830919794,0.7141684357111382,0.859888014966204,0.47836741953394435,0.6532340395217247,0.32966076830858726,0.785607416111303,0.7403754862991072,0.42323430608479407,0.7866784117798231,0.7027637424820558,0.975107757055883,0.1679110059750064,0.07781380779981895,0.525064575188609,0.9877142970030177,0.6716293529964688,0.3968530180639347,0.8178259263253681,0.7887379513293576,0.4004755245606394,0.4410238031546476,0.54633257416277,0.3145866753535026,0.5247559296904932,0.47650990647192437,0.02490227858203453,0.12312116998438238,0.202252576416298,0.33388762663266325,0.24425437406751493,0.5590932959549757,0.6476639208937776,0.9598370709999735,0.10994146089954726,0.5004952645211765,0.057023954773546714,0.4685339450640881,0.16775590426427311,0.48851048553715826,0.8419612147102518,0.8522350486697179,0.2670201405780879,0.5607409089716613,0.7816372008561804,0.14055354756325633,0.1833009000299073,0.2200543876372949,0.9835382803229583,0.7842509361418782,0.13296579445060086,0.7819543172951838,0.0003614184072882054,0.24414035074664997,0.0013996398198197202,0.19761877017943674,0.31930270323837795,0.5668605139283998,0.020955974246125275,0.9123750130589952,0.5257913665612207,0.06408602618946158,0.20947445751634564,0.7859361460785897,0.47019544068736363,0.11481720272746054,0.7388355335207756,0.40111477508768634,0.0011040172146274951,0.9482069129434396,0.5131506381760068,0.15928516901550993,0.7207245903845253,0.7070381982669206,0.7125608658732219,0.8934365443750006,0.9722849875678534,0.5555389312959351,0.1846606798157845,0.5881328848200659,0.46364681720187395,0.6002270222443201,0.7392096868192483,0.8852412727720952,0.5812513329031045,0.9767424470363295,0.014693730701190288,0.015104908464244504,0.3113949124114038,0.7905388290851668,0.6830206609255713,0.502093293113114,0.3575472868981009,0.974596043461429,0.840096157347396,0.047272232226080346,0.44957818969559227,0.23111605141729696,0.21866574972981656,0.9330065773339166,0.6900588548588902,0.42436560954763103,0.14909522876535575,0.6986471092792137,0.2403054447032047,0.459301142261472,0.9801967693416581,0.9953761490888979,0.5960963569450805,0.7361517538799932
Belgium,0.25460624588886926,0.33932517297217146,0.33366220572785554,0.5047373252095166,0.8707056521682802,0.45626760571864133,1,0.27911936469449705,0.638555780261979,0.8781368156443464,0.6005410849204522,0.8517146100510983,0.15672488709630117,0.29431018859294145,0.5160605408592451,0.32338149541080574,0.5202458551217214,0.7747506067100823,0.8895354368115064,0.861390896390319,0.33435017374658527,0.07991421398100762,0.8566788420217152,0.1670859540073104,0.3548166655927315,0.6969117464183083,0.21675872548092956,0.9862071651726072,0.6459167373169563,0.5548719151061989,0.3548420059832633,0.4819423018828789,0.15040302257297122,0.2181657345820328,0.5067594123693449,0.2627382442152215,0.42356138991110104,0.15691147611040457,0.27580491428588405,0.937962498180336,0.6796977999441614,0.7966850338264831,0.42272158970382445,0.8081006451966432,0.7705850707965318,0.18156711958852412,0.23540646467570403,0.9343341259051715,0.6865413428516584,0.8170549811118748,0.9027398451000057,0.21455370844302368,0.8933969137956312,0.48463777593728385,0.4219462333330041,0.24328851811724284,0.2762374313589522,0.5000473653261658,0.5216351764976209,0.7265430543886982,0.05809204076818253,0.8974348760894559,0.39996397783075754,0.13640399409453163,0.12170837650088895,0.8493426280216717,0.7286896315777119,0.18281564662172745,0.10294285575621509,0.2542401893283043,0.25673636240774333,0.8335272428978782,0.39232689191688863,0.6755386008739535,0.008693611780969612,0.7587165336040511,0.5682486848167193,0.3312921748600264,0.5401226727986153,0.6728930027339737,0.4901947539341206,0.8527360783718956,0.8681766421920772,0.30750706619626567,0.32024000220345195,0.9956164701163677,0.09780893021085901,0.935001388938196,0.04419627508351043,0.18680521812978768,0.9751834622818536,0.09421430775665918,0.144947801475395,0.7080563267368944,0.36375633373105,0.900824402730428,0.4412583858688931,0.30278467777822093,0.7829504714403586,0.2746099770885224,0.901251357237003,0.16736071240461559,0.3498513432733191,0.7892504514246428,0.13955697027995373,0.9947955437450132,0.8818632761629128,0.29099051624876904,0.4432340822062649,0.07024189129496305,0.7176391949387202,0.5270977189971661,0.2204481036789543,0.14468180639296457,0.3748378110818813,0.9482093691057205,0.175358783121216,0.23500066570046885,0.8513535740609728,0.14977834039565896,0.10331668535260252
Benin,0.5251061589501628,0.9014059213370683,0.7199339996069868,0.6049490966280844,0.4220623503047114,0.40217811339259335,0.24454800351864914,1,0.40684260491774404,0.24213935544005394,0.0021087538432018604,0.24222948453380921,0.2778348589955959,0.01711151330317695,0.7821480617253728,0.5506051682068464,0.33381904537086016,0.19920678527527025,0.127995590019925,0.034200344042730424,0.4417200566837792,0.4130036872733136,0.5244844246879786,0.33801259213765733,0.516713726157792,0.14580390150714406,0.8607051455525055,0.43973079264564496,0.5725440391409691,0.5413945719072061,0.979840282269556,0.1447600855097212,0.7954938132550216,0.20789544772609425,0.003017393801727164,0.9304817395147559,0.8352762213116811,0.6334205428792029,0.4425525536088609,0.02274522546280755,0.27449234152565083,0.06239105666865641,0.6514919609342346,0.8655678223241822,0.9496763152643407,0.25132416133839897,0.1790954136106363,0.10077508005433544,0.5659689404750962,0.4477577842287932,0.281019197671846,0.5936552939468658,0.287362590608931,0.6797136268128564,0.4432345271406092,0.9461219714300645,0.04866105450774094,0.3008198996809539,0.8037875214756559,0.2831875738565809,0.41140099940638397,0.979651117188866,0.3030318091820564,0.4990199614331412,0.5380865241892261,0.5437848708424253,0.7087672428165619,0.3770551190199549,0.6450641949839487,0.4943411864100693,0.42682854967403694,0.38608601922383545,0.3886439191874075,0.7405842045411797,0.9180543705352945,0.6094149157766983,0.34807195904463406,0.7938508783733742,0.13053399244637132,0.5095168592908543,0.28145640465174715,0.34924395836847155,0.8488806600803614,0.6414344737089381,0.9858866038003681,0.12091608525008912,0.13212418798678882,0.10743867938314056,0.20648981501881514,0.4679670737885734,0.8789594294992077,0.9745078692681348,0.5223845826987363,0.7825639692684259,0.9698672058813438,0.8061600904612146,0.3024707611111842,0.6908056777316176,0.10427656120545681,0.44607457396152816,0.8595469560054995,0.26898697897006907,0.21439114657366687,0.6509366244954209,0.20089449481119226,0.6397645126119406,0.9708258126083896,0.48722106563509604,0.7737118110724933,0.6941239872299393,0.8083632559009954,0.13978609714205936,0.05377852638614222,0.904041442832839,0.3221283563984725,0.5102306276857382,0.23819500496529633,0.62120519252794,0.6137736365485608,0.9344090037652593,0.37655947383914645
Bhutan,0.52233084126412,0.4121562471529763,0.0014317567468561387,0.9135158370942489,0.8493459348726053,0.7498369158490478,0.13887547793852928,0.6551270041724965,1,0.8412650415263185,0.9384112860393948,0.7481504734623226,0.8715397636480233,0.9029022091955026,0.7462467632548385,0.1104918453263043,0.21365184120246972,0.4339722069885338,0.3593610160374442,0.888365134062676,0.329617237664942,0.7277970625563821,0.818997728038174,0.3184368602091716,0.9078577452484499,0.13925066686078913,0.38136713662776056,0.09552551912406881,0.3075164244623819,0.6262047452738675,0.5946654293169373,0.12444970829573143,0.8784864193793042,0.8772336741860789,0.47609574929450704,0.18737831578282815,0.2852956856578519,0.7295129615862226,0.660924259997543,0.23903078260997412,0.11390369377884935,0.48847974799559435,0.597543432357959,0.33690876439914497,0.27564866153820833,0.5129300032334811,0.2869972147679115,0.04708737809940999,0.14683259205729693,0.34729064015154554,0.9694549413391788,0.554131359846614,0.03163836678665011,0.005046355462864582,0.8509198054727556,0.4855838634216375,0.36604698535675595,0.9104861963449472,0.267811885830311,0.3684007725086398,0.7126626961250193,0.3528976170675079,0.6713660086573037,0.2097122158187139,0.996337192919709,0.4251610048684227,0.7855718772173069,0.8796492453513611,0.5044082460634922,0.31385374068041716,0.9003455828578266,0.9492939205644184,0.5692686902036601,0.27263515844884156,0.8956253513556737,0.030824740455878574,0.9711730478146811,0.44386607159546054,0.8856634127390133,0.1780921136922926,0.6103171997249661,0.12328041589585437,0.8180822740452085,0.011168799232185833,0.373800505008844,0.4973335336326743,0.5261300818471195,0.7149121077942088,0.9262463595121293,0.31908093343313526,0.5694725965310835,0.03175984796249032,0.655931529364697,0.7330926201234781,0.053702842491447744,0.7316996432352456,0.7259608041411553,0.7973492991109963,0.07127599646162719,0.48462303630742776,0.03946470457522466,0.5961296004546109,0.49980291358363715,0.011138183829472514,0.4210603782994584,0.442396057223607,0.697665979554687,0.11631645121942602,0.39153322170610017,0.8739960730734465,0.7573904661059236,0.02376539729497862,0.19425068671804846,0.8817364666798051,0.7399640055395726,0.44763775147121965,0.23417163710789235,0.7623606983919724,0.27844027198907884,0.7955308498315483,0.04092303249039053
Bosnia and Herzegovina,0.013897123411606427,0.3646901440304754,0.46170772622814527,0.24869207850577646,0.9945433706668058,0.42785500676678767,0.008644726759324706,0.36463883132789854,0.768630491185341,1,0.13347169887095534,0.9181374194181263,0.3886350077959161,0.8860624898129914,0.5752701363320278,0.2990875000730312,0.9268671219289819,0.2733845292315593,0.03252408741611823,0.9238606832520297,0.48100496105010504,0.17972429900506248,0.3645169721166145,0.6054923052215461,0.7902894684589329,0.24573989643982141,0.5923252015994022,0.09732406738785715,0.2618354933480652,0.08620427143551668,0.4402760848330354,0.6482507784198903,0.4238037833784004,0.14113259063079653,0.23222942059851814,0.43037285034068984,0.6366127420759178,0.479809061048325,0.9327044949479565,0.06677899572805779,0.3155636974655577,0.6725114720047245,0.5049059368326948,0.9083945249543527,0.2411926189026955,0.99224847437285,0.31159383545511055,0.10668443666979477,0.9389898318746205,0.2820957331206798,0.19448268316335482,0.5849153773026683,0.3584758925759005,0.016353838523547104,0.8821807047838491,0.0522034947996427,0.5830179349080649,0.9372481955834856,0.981693456224377,0.13128606242043506,0.9912794721042543,0.9634947840873254,0.1856198436269172,0.15884876678351145,0.4221767849982212,0.16653010881036534,0.7216374510478396,0.8237435104279087,0.2873059056440639,0.025184627217090916,0.19207109421891522,0.8341518546821534,0.8572162818842466,0.34361843220939503,0.9867753748146164,0.5177068432577169,0.08552125367260344,0.7782407391471389,0.4606998036666341,0.3326779889907546,0.48181079368422686,0.17412191056359183,0.21037694514672933,0.10960192551737857,0.5372167104555717,0.16876732571020636,0.9819882651270337,0.40396257557662474,0.40810001462630874,0.29429395796742375,0.8461055506344759,0.9093885514931386,0.796135647401592,0.9638382357805221,0.4604652865403396,0.08187800147121305,0.8076832704991195,0.3926923837463576,0.8504474745094314,0.11417029753371688,0.7904874633886936,0.13687268459839774,0.7804007559396438,0.8430133900546307,0.7866714755616926,0.2910647967724105,0.17907216072529208,0.32735926946188976,0.6617933138000024,0.6124998136927338,0.3244254106282859,0.9996781992178155,0.7929660383322324,0.4407454232038802,0.6607684872405287,0.7998639492987539,0.982224584755548,0.9522569917761886,0.823739182996649,0.30794433912456165,0.7175897408614081
Botswana,0.02537391535774758,0.6263592514629813,0.3026239200942896,0.1763518864492717,0.30894031932814847,0.3359141773268628,0.20717610409969223,0.5968135637199241,0.4360664774246912,0.7097221981879821,1,0.6051592980168092,0.3404265155479511,0.11827398533604627,0.6618465553242965,0.01108708007309489,0.8721536839871014,0.22983342094387071,0.8943872256508896,0.5507391565709898,0.29754775938512856,0.5264026272966983,0.21316172344837425,0.8110598483352479,0.7385031347525188,0.5983898452389325,0.9004960995863397,0.2981325396737977,0.42298556136899035,0.4509449730631394,0.7911499984904576,0.9616307492109704,0.3938384034379363,0.8898055581048715,0.6522078274090805,0.5205508086321807,0.02730499968350275,0.7250855838902356,0.8388484785486864,0.035406100725207335,0.705793897236134,0.014153596863710205,0.6638344911712305,0.9572503019909679,0.6059808918783941,0.18790033078507606,0.8420016993086773,0.8842733009952454,0.8489824663507335,0.9312108078990625,0.42644514678817,0.17560697692232508,0.5354749210912763,0.6435820424279663,0.8809023630799674,0.5765125017319552,0.011011326171125657,0.22674264454326287,0.275003273572905,0.7396183496165945,0.9344427738385449,0.017691232339634988,0.4819761296196603,0.9152929249241225,0.0533292068328064,0.6479283174110743,0.4854925610595714,0.08082182630145185,0.18318272092459364,0.602502765469823,0.7675483408008097,0.48397153859364006,0.7025062366148223,0.29147469654122016,0.8287817987864419,0.8598471100059849,0.9488372051300453,0.8779373829662006,0.7737671457503583,0.08879973980495515,0.552128919959088,0.20751116573751915,0.3299454939423411,0.05369329324534278,0.04556191511256169,0.8696711135992651,0.700299943132506,0.7143527318183814,0.2785215778175647,0.12132709853354229,0.930876515734429,0.17388865049359592,0.11601807921281326,0.4513984952966458,0.9042481202306846,0.6787577091510583,0.035294237864324285,0.19340711072035932,0.34606688807639074,0.9179943970797373,0.19359013787042567,0.1121933889611999,0.25280313074008887,0.21264804286175976,0.5049195084651771,0.09578231113230584,0.8345336301153874,0.019778220779947286,0.846289326536477,0.26834632902049094,0.28942134327584235,0.8530393987447974,0.16605372802684693,0.20995733522123505,0.5884707026093665,0.4416414421458139,0.36725057489057356,0.7558563544859237,0.5100287697270767,0.9536485036826875,0.23108944880223847
Brazil,0.9420412520388532,0.8671361866593202,0.15360109976636016,0.280763615194752,0.9813284173915862,0.7625980622022395,0.1672432938689219,0.8618464598206127,0.4645103642251134,0.3616069305843961,0.28911762435964083,1,0.3996359778041254,0.45045919158022696,0.6916493168443285,0.6606683365269789,0.0636621554530552,0.42072309782300743,0.7711433168829915,0.3462187105664648,0.34532289942281047,0.99419751023479,0.9948376688020227,0.9949926434656318,0.7411543106281333,0.1311811475529111,0.49372290132336294,0.7225944920333158,0.9731655035114397,0.6091027431141147,0.7828387979958833,0.5352744529692242,0.6320579858714022,0.1665160804823791,0.46706896860187264,0.9283963453474862,0.6839659551731408,0.11702655629904046,0.7282263422387859,0.5563623791857117,0.008523431428845152,0.1997759656939485,0.9594778135022838,0.6117747894045702,0.4392590754040385,0.43538597059646256,0.5680788016423406,0.768476842328463,0.11286636659111804,0.9649608858605911,0.994932250164099,0.8618243394714756,0.8378116732254993,0.3785807632856192,0.6375915979315178,0.4826823912728142,0.729788857333215,0.8375629828122771,0.05743323048244153,0.24338224180745982,0.24686020896172856,0.3188626962463986,0.055394225355505866,0.2491426953881204,0.3589706603999603,0.048193661730878246,0.6275095946835281,0.8214160169898689,0.6395096039018672,0.26384929030445703,0.6359754471333545,0.02755268432810065,0.053182888897423175,0.7802886619451134,0.34965817202408,0.8289524815102159,0.3048106317568674,0.20192054620260058,0.17908120890675228,0.23146405218957988,0.3560813221185566,0.27005646952023843,0.5481481496830756,0.5992213692952206,0.55042777624592,0.1932836724545567,0.07890789672146048,0.05453269239334746,0.1304533119709539,0.8526269553787228,0.981201148559025,0.6246004423945272,0.8918680565545528,0.6313782558204848,0.3390850119216279,0.30070572220324365,0.9065400905605723,0.5041165817131965,0.04208524034381311,0.36606715766674824,0.23831343224677948,0.24185377636323735,0.01626548451831289,0.5790077624365376,0.5161698480687229,0.039925305056757066,0.6486662856912159,0.27240142703327996,0.9813792878469563,0.9952790016286142,0.3778809694000237,0.09258100311198103,0.5750444810704564,0.9119026244760509,0.42772977478369123,0.9358336055662755,0.9846685518095982,0.025370501609202845,0.4376577098140716,0.875447498390931,0.9366919543900412
Bulgaria,0.9056833451499691,0.5072064357038529,0.25203735247549786,0.043664550351726894,0.20974773175350403,0.09750059385656706,0.694456433874241,0.8502798897095452,0.92073562627405,0.9137392380280887,0.6009580853393984,0.21402630853781857,1,0.8449194179411156,0.36717784983503243,0.4945123483792493,0.2785279266052718,0.9068071150147023,0.3284796529356613,0.6549134372141309,0.04201710018490057,0.09929138100418133,0.4637045901735738,0.535693907764682,0.9750118927168302,0.46951377529329885,0.367880205988493,0.6756326884403893,0.8514888060113252,0.010024290230043698,0.40972201675947406,0.29430550030420766,0.018589477739871296,0.8413539107811101,0.37898587116195515,0.1476645854947788,0.9211396108154348,0.6051608820287084,0.40090349576751894,0.5235012994248767,0.6684764498353264,0.16164288398491444,0.869683743913432,0.9999685629514405,0.8670349945409697,0.7588129089995758,0.06514271255809356,0.943972793788292,0.6913267063765904,0.5490416300027514,0.14841605786961432,0.5267985753486477,0.9587794180293301,0.4833842297707248,0.032483895364417426,0.1346595788939413,0.843752293646649,0.5291860604191929,0.4315915096592321,0.2503997060728541,0.43419617597088844,0.02532455105055409,0.37850003774577423,0.7219309374580993,0.8316403031422666,0.9968350517933547,0.03538499195744138,0.7193141087720649,0.40618252591660453,0.6698676826891206,0.5309399104333851,0.024847899659109163,0.6654562704741535,0.9630615758806483,0.0553937077010388,0.28459355138135645,0.23675760623545905,0.9729896099858756,0.6963198845304328,0.806459883853566,0.6276097433881309,0.6894121124727111,0.5607175780815844,0.10106542504480343,0.0013307334727373776,0.03845978456093546,0.8395012816267058,0.16063345646769778,0.3160691717084778,0.5521722200201639,0.7526263610220109,0.13307059680949695,0.7628107856089636,0.6884539876193163,0.929617239967152,0.2956925468362479,0.6777044807900635,0.9268168760706783,0.37114765117440884,0.3707795425011753,0.2690426346280448,0.20793644062212058,0.9973660932235678,0.932323357966961,0.5600892159925009,0.12063992489180064,0.5972297072720549,0.5564555680766515,0.14602883661527355,0.47872852533601384,0.5061198036075807,0.8201309513027167,0.6424827053179086,0.9944532567477297,0.7108462711055574,0.27677455780368254,0.9887276488227941,0.40689888424110454,0.9801571293359265,0.8026744425704123,0.5801359463672808
Burkina Faso,0.22256675033137163,0.369885204735549,0.7483463008429001,0.01292083233352237,0.7704382040367961,0.052172135150304944,0.1289709808188615,0.275594726890092,0.166401042863629,0.7256310781744875,0.34662765696232667,0.3544239209806854,0.46479666313299706,1,0.2802582833760585,0.665669046019984,0.7667873479273974,0.6946951762453265,0.27626808343716946,0.8348126387060812,0.9496567666560567,0.926894204423398,0.20900741272490408,0.13902412021171706,0.5402961260719178,0.1835818835764983,0.7192708673605042,0.16912618909820465,0.27590442578540497,0.3776995511207786,0.8201028364487053,0.2788209205540606,0.015325839651086026,0.46568474366022716,0.7169204199502931,0.903143330423801,0.7001809475910648,0.7403433024251294,0.49855003983216684,0.7056151889300935,0.8774359483626492,0.963205598472036,0.5628362463214578,0.1058038761809017,0.09771036516065956,0.6333957963143527,0.6502024938380578,0.6523296728557818,0.10957797725162688,0.043907404007436424,0.8416273993566045,0.425327616048221,0.09642801106450793,0.9438935362617813,0.7299454063460442,0.6494172580478241,0.9972814036867426,0.31057550680931323,0.1700512863795267,0.9314314561916217,0.5553702256282465,0.7488098468308282,0.8597220657931942,0.10615752487833097,0.7216141963015728,0.33401044352377485,0.8102071685206151,0.4801844686675115,0.9600685965742182,0.7696124683361205,0.8071502063388912,0.5885453115828408,0.1440103502438408,0.5284072751426943,0.5374572000084764,0.47205278483248625,0.2570881305368572,0.6965767289739011,0.5360874095611791,0.7673788886555665,0.44081161236350586,0.3936088513393028,0.8074581463928584,0.30625729864840656,0.6736795333007218,0.9536867887026106,0.6797721445262825,0.055572331387682916,0.717861516894597,0.1437975481485686,0.6873424058277524,0.4596593342586388,0.8476152412449827,0.46170101142402864,0.21002488349449122,0.11848733146251123,0.7040711586508687,0.6625727644898978,0.1366156860686698,0.9487416312557718,0.45142479967412563,0.12270815602008356,0.3530865651761659,0.8262156085416801,0.46181002617818767,0.4075533815664787,0.17488193845332944,0.9411638666115668,0.9149408577586439,0.6674995515768555,0.5130070255969799,0.9129318296317523,0.4460954115367558,0.9059987605353816,0.30562367245985766,0.8984818842815516,0.38514849887932623,0.5339174196622165,0.42353654159499843,0.5949132867045309,0.1592796390545972
Burundi,0.2323621769127987,0.6347144958249653,0.8021146843155621,0.22284709047224383,0.7799085366636637,0.36168533948277826,0.7628782830266655,0.6384183508207845,0.5511646820853043,0.6758271300598384,0.9520153121279007,0.3244366971134467,0.845379447188082,0.7346505435448718,1,0.4953575589792557,0.7225769712871598,0.847907075952638,0.11250036841701416,0.3023795744542629,0.9145453755314737,0.7234902575707638,0.8041382619695693,0.84304636535072,0.2226909060153307,0.10237217126290576,0.14352590306426083,0.3912758127422664,0.6896479635161294,0.28296670838773463,0.5196431433028345,0.39650479823759377,0.21259872108521927,0.4494767637670316,0.6070005960236646,0.0665596609433815,0.16783894493299423,0.022737599952015186,0.005623516350464097,0.5832497841717782,0.25154317379121427,0.15013528166083367,0.8461598633047192,0.06253184856352256,0.39602088134141644,0.2085875511891293,0.8066669183020986,0.5411695641344254,0.28204453230263893,0.8795199386961956,0.7958969180199679,0.8351564323720927,0.014178988336386422,0.8591984102447886,0.25696088751436774,0.006036457763639369,0.9179946436599952,0.39591622349364397,0.4395726112249563,0.14830393086554472,0.43508380502165245,0.036448005601468325,0.34327320925947113,0.8553046992384723,0.4685825557841826,0.5536754468169605,0.37624321712616215,0.9298919330824551,0.3175780411018657,0.8900886730102828,0.9099763585317268,0.07980806372924176,0.1789984097067968,0.4421432778134099,0.9493214628497719,0.3510396880615164,0.5665400501212462,0.5715390800496906,0.8071613093585858,0.04828773971895883,0.9974498391899689,0.12404368748471939,0.16332622480826453,0.5146186129599568,0.9070010130847006,0.7986986961569272,0.5074779305874288,0.21732746714870255,0.21045591328886115,0.15628609034853236,0.21269859238182043,0.5891450581009859,0.06628972448948667,0.9978978050046884,0.5894956894970198,0.3268509254896277,0.10418522102040584,0.3823994752087527,0.07274515446939434,0.33133260476811555,0.9266323803609778,0.861283669883539,0.8842637977548312,0.7011550080531728,0.9231142714442013,0.32192976195241085,0.3675361707034167,0.5570873127530369,0.7267533230211531,0.8726705968263404,0.6123238557441631,0.327602520605769,0.9345796814478448,0.6669174526403875,0.8240620319758759,0.8361687468018735,0.5266337178669958,0.6843754206819652,0.6716813117495094,0.608295100581086,0.9744622835176419
Cambodia,0.27233090804471527,0.1492191154631951,0.48630284363983467,0.9848116494386525,0.03323019128886806,0.07120140032267475,0.27531872244047306,0.2044732529565435,0.0017685312986391866,0.9011777952096013,0.8501251986797768,0.1776749674783712,0.7538468497983636,0.9182177617341003,0.478908766836628,1,0.013291977198621852,0.6372839987613639,0.32474804992177986,0.5062652975082195,0.3164220586482218,0.73917626657405,0.1303153400302941,0.642137831286994,0.9697895025446467,0.38345714591859315,0.871399506423826,0.025989791377778793,0.581395816911274,0.347754721586624,0.34390152645935756,0.9676900758762441,0.623695222489586,0.2667439672433618,0.2503178259679263,0.7577883526369844,0.5941422522406112,0.700692350585187,0.43978033204363387,0.44909336748781226,0.6457634057371617,0.006751104984993428,0.41205670292270324,0.5488744618505286,0.1157287773946859,0.09557757733277639,0.12662557460902812,0.2830465541021886,0.5097771010957886,0.492892564945824,0.32107868600327305,0.4302777439105958,0.7300965251563253,0.2905452426855073,0.30222762749412857,0.6657597586535202,0.09304372129207572,0.6525228761424383,0.2038214252701508,0.8943671868948624,0.4298642586837611,0.6553687937939535,0.2710671732472847,0.3103406106522253,0.12014155405148386,0.4322568090395904,0.09804572224443298,0.3121475526947999,0.28973888158938843,0.28854663783767764,0.1450234602038123,0.6204445491104722,0.38955017196435415,0.7963165227530824,0.892512684525094,0.22057490225590304,0.7258251301673346,0.4027974958381204,0.47556173332096363,0.5825993998389435,0.7343181046249345,0.1875087447467082,0.6752957339404391,0.10819015913270269,0.9329262884243936,0.43770024597052515,0.8107348281383924,0.5242884952875336,0.23525989991297525,0.8971003359687353,0.3170595261113013,0.2794790539309383,0.22683743594917327,0.5986785129326175,0.8780884901471864,0.26018716488093285,0.5014156594367029,0.32463919262055374,0.20861019525669344,0.39861271539353305,0.890543440483148,0.27650815700981035,0.5241548835958189,0.5013846041966419,0.0659214137638594,0.06875426642398119,0.5632825873800087,0.280748858906105,0.9169622979347468,0.562595492751364,0.5327582702658198,0.44463882083932094,0.33410220112650835,0.5310661135919167,0.42943882584651505,0.36071967428533736,0.7625593951312762,0.20082621660817535,0.486167161070335,0.8680633417384587,0.9645822245336518
Cameroon,0.9842892677637896,0.2609085051320861,0.4688220050426479,0.871022320047604,0.09925008228920262,0.7145479696286123,0.9799332799159833,0.012261110977356049,0.7539392910788782,0.9441677945903266,0.9456250268317126,0.9674937932102315,0.4121156204734273,0.3508887985350774,0.5513320815151623,0.5648390409128176,1,0.3389624180072601,0.4977990287250651,0.884466675457139,0.7006561642519147,0.09061181529966134,0.6681928656447597,0.8803695456338556,0.5694072786039799,0.6347319205067036,0.9741790331773715,0.4294883653857179,0.37536258983445325,0.7183924975336354,0.8797678100588883,0.13939137883786323,0.7679494068595049,0.779242444539799,0.15835602958126704,0.37407677211976387,0.6670901280442126,0.08042422149856954,0.39771454651510796,0.19540785263161353,0.7916730634926875,0.976958697607467,0.7149010533566715,0.9909357090869135,0.3984905878526983,0.46180268347645625,0.24349736161996904,0.8715334777370899,0.19605986485009586,0.8158050763804713,0.4912562049993915,0.8174581489506197,0.0016634393792909208,0.49175469813348394,0.6572772953636685,0.12455733068039576,0.8908416205177493,0.886207945497106,0.19267692526183178,0.9443159773676755,0.6074888890845709,0.934703440510043,0.34652433492452006,0.865656608709478,0.19446552223448732,0.8810884400172186,0.03951421726078608,0.19821062093756425,0.28442817265551823,0.9869674510421779,0.508696696447075,0.47647744506729917,0.07176973642195161,0.18135993418488516,0.37237001530240654,0.9468455371449042,0.21144077221569302,0.28550969708406393,0.14755709833430475,0.21908193589195357,0.35823038811553487,0.4250943698794495,0.9491417796669003,0.8744014174118355,0.165810153394076,0.022917089386007894,0.02411412115524203,0.12479964501817309,0.18157427984265384,0.2661164685265741,0.24269520930864574,0.6128089634430622,0.6125745233366491,0.6719733391947346,0.5325415174893939,0.6956635408975362,0.8325186569034932,0.07566311396496617,0.7786928484734972,0.4689212699578077,0.7083130610392513,0.9231820297253931,0.7601491345814709,0.42942444573292293,0.5536992003808783,0.4315369578281114,0.983342837383211,0.5035659940548266,0.6224072828634654,0.27587873474244895,0.8381326472765047,0.32811179402994806,0.5311486646890288,0.4280389094902822,0.1389881056366593,0.7780411686742558,0.4659270733846833,0.15942379134906648,0.8269961340823314,0.6114345850867842,0.34914957908025546
Canada,0.800670940342275,0.5293886832143393,0.25284282219817644,0.05533445567892836,0.9570799931782777,0.471825590418275,0.6047412361450653,0.3100078323935117,0.9994481435158324,0.7932622998387922,0.76138887218242,0.8977497868441131,0.4117060750084116,0.36570094753591587,0.916550384097982,0.13334935050287844,0.7545697642785558,1,0.6083553511257922,0.6083106215064629,0.6535052641104633,0.10191520124604758,0.6549783723830176,0.9614010025487073,0.5513877043684364,0.08671051994505075,0.21621318280376367,0.738882797321892,0.35881653866571306,0.8390369228372485,0.28994940510565637,0.980681410276353,0.26266667772546337,0.1454961757392078,0.3366622654965875,0.035373197734440254,0.4647273274756011,0.05876085041479373,0.1234853172516962,0.5042936332230809,0.08989493395521786,0.1653838802931149,0.18549796017460174,0.21120986843508516,0.48027172967749254,0.48448467631649106,0.23933946808690476,0.9133828139723456,0.0071185884174239655,0.7021720240128393,0.054408986981354435,0.41957485287326,0.7792683346448719,0.46993520268596944,0.11087986980945652,0.8560829120026908,0.759299559240727,0.7426830850058838,0.40682665668940865,0.5994346728405664,0.35736005417575734,0.7841076655994554,0.22796707954068363,0.6523847974106449,0.4700870939426255,0.6746632971997396,0.6818095780087086,0.15908632311653093,0.3146474049446779,0.4651223774846238,0.6356195262117444,0.7351029412222294,0.9039238218188299,0.22646065911290214,0.06522572187715969,0.39151891969922237,0.5125776421529314,0.5241259153944869,0.5208296917625707,0.9294690788703143,0.162162443162559,0.37119131931362603,0.1789155025940109,0.2859226372462035,0.6241853213891447,0.8498005650508024,0.7404716169884564,0.2897071935303889,0.64784453541985,0.049629579029490056,0.22753137672886747,0.5958094468158742,0.06989574206140814,0.887042695652695,0.5939615859288969,0.7698298495895881,0.9810266489607365,0.4666698845802659,0.4471596123281848,0.8383693229847742,0.38938401268221556,0.32978320803395567,0.354329400798603,0.8926482659152378,0.19912094107944012,0.17032220427176392,0.9696827820835124,0.13334514599633873,0.678659021999333,0.7210803377800044,0.5564309896135256,0.04284832554960161,0.6792731835786425,0.5088732075939095,0.20059900887709625,0.8273133510849268,0.7892165909377112,0.1935886899601621,0.16263049408320696,0.7649371167130062,0.09180523432422438
Central African Republic,0.02442033072058125,0.12834891963358275,0.4790196866727341,0.37937013713882384,0.4104517450558419,0.0007735932647094934,0.5134807760568009,0.6923703000694778,0.5712315203580435,0.9371955959875502,0.20601793820256054,0.9066831105602929,0.24960572562817285,0.1392356631075422,0.42964081045306246,0.9082756092702224,0.6611233409657203,0.163400166708505,1,0.22057286397829412,0.05163546913023098,0.08312123487501488,0.3964452365340624,0.020296959633891,0.773118248478724,0.8303545361533907,0.6288867588320918,0.2419065997414086,0.9763908022983633,0.12196542765933815,0.3180476291870107,0.0016655998441863495,0.09460733310825364,0.7185906169874076,0.3519259979741487,0.9897762618572736,0.8819616439206898,0.6060724861236159,0.3192841241485538,0.6450760483613472,0.06232156910337283,0.5737187606128107,0.2039901951023646,0.6846467057037583,0.1806040218611077,0.8749585988938473,0.8675307982780034,0.2621334136214428,0.545702832499807,0.8545253261059258,0.05676566683426332,0.6130711537249651,0.4131937048725649,0.1471605183449567,0.32944240160125826,0.9213595097916432,0.9025288195974893,0.6799687622227052,0.6990290233571527,0.2589960260256505,0.6667546962965814,0.7287202660195642,0.12321123641502252,0.8249542560268265,0.06284789456392348,0.5502111885754993,0.5034267185394214,0.4182834228017459,0.9476744121204901,0.6293960304497888,0.8236902899886664,0.3256841714298946,0.5149789115997627,0.5274404726479808,0.2596485005604894,0.8059718270873282,0.08436473639458753,0.9425968017688118,0.8990785909523032,0.01610160767586377,0.38944619271892844,0.7912087990975079,0.17849246504317284,0.6463755056942314,0.7312442816897933,0.24956067519658265,0.32839098436215286,0.4644851956878394,0.6367344741301707,0.6560604663358875,0.9425234935460391,0.23791518178309734,0.6543773788024837,0.05546042382653105,0.39455381354325303,0.9986638718945418,0.5464431343606629,0.6708242031786252,0.9300163156025942,0.7838010641092338,0.7994755662749521,0.36187707766070554,0.16063909671178023,0.17349130694954917,0.13198098682534476,0.4008498998154818,0.9908759556849964,0.511389033210409,0.8977764800469992,0.006658005526570809,0.7629588641366732,0.33404967140811903,0.6972091579400921,0.5202418172272647,0.4797015193017746,0.13194878347800487,0.7470907042557805,0.5086627122882799,0.6814639236699923,0.11357952837309182,0.29280918050410165
Chad,0.5638539345273389,0.489038083419455,0.8827896005583558,0.0777610547376063,0.4963667658638016,0.27308118459100794,0.951012231546711,0.35175044514762643,0.2315921239776887,0.9965016990047718,0.19536475578736534,0.7121099892146073,0.2837783042396351,0.38232692276753033,0.5277567597983631,0.6618075618224423,0.15248192674687233,0.5274485538786768,0.2804723390401801,1,0.519355330343276,0.6085227984213353,0.6913004947505601,0.4734939492733985,0.47550423560899435,0.37075081976335256,0.1341067710275894,0.7098513216609051,0.578204215571553,0.8075169042542728,0.7902501146496259,0.999618506722757,0.3707689585480185,0.6475141014944916,0.2587487260301835,0.5405690856416775,0.6200052188554026,0.1373397256892417,0.5734536687223933,0.8748339992605465,0.08960978956893428,0.437988187772984,0.45830373017699877,0.9219105417295096,0.8666504286322977,0.993323672354161,0.03249407524246983,0.10765298150072844,0.3739915764015779,0.8517950997066442,0.15626818650613306,0.5122058278388604,0.22586395813632176,0.20938711147961464,0.1094243716256259,0.5673217766454537,0.028002683655686478,0.27039130563155855,0.019807515399641318,0.39495826132638434,0.5615146791190803,0.640071366028866,0.6907022463466816,0.9952178644875899,0.9932333308317037,0.14057607893831403,0.9114829893876669,0.9999957220444236,0.372940287061327,0.5484456610002061,0.7274333736897793,0.31578817758426403,0.3455032825233567,0.9112651635316285,0.3935162754640422,0.12918601536048524,0.6101716026833726,0.7996219445565661,0.4421416416990879,0.5352973780389537,0.05021992394443098,0.9683338758295245,0.05418738091383879,0.17421415502802629,0.18620019116761555,0.8973966658970779,0.3063962057606502,0.6709485161943548,0.7885347341829775,0.08325992360194401,0.019495023980987347,0.5444996597762193,0.4077653381500488,0.5218834311780145,0.8330503724073012,0.4195866982152008,0.7975714653633399,0.39146168378553015,0.743955444997684,0.41605178894127515,0.0704176032247672,0.429876572717929,0.8622725721219084,0.4758430554676589,0.45705157711033806,0.24540784040956964,0.49858488531063283,0.673877229439974,0.8026387417140737,0.936722368000709,0.032633783256919235,0.12486128805056695,0.4267733549984686,0.018686648845686826,0.40271112772147066,0.26697222023486156,0.5419883432587401,0.719422458784314,0.37970332916355154,0.8961038393529017,0.9048344687304496
Chile,0.9527826420766697,0.3916544137807286,0.945491256718543,0.4843603714940231,0.7705031449291254,0.7118606287663405,0.9582560343139387,0.002510668072582045,0.021305560058723416,0.4220035325410817,0.11384603867531995,0.904282191321511,0.44572539082701546,0.8157934688132441,0.4092673118755321,0.3073002228017597,0.184424208575519,0.8307000593105011,0.2613667672595553,0.8650439584078573,1,0.7344498394106612,0.6065354353338633,0.9326658324536016,0.9220441728407281,0.55462546547901,0.9902750746809993,0.18124672791383556,0.3148456813190903,0.5813731358827379,0.2946773758533826,0.6483101220832832,0.07974251686911304,0.45444704313823747,0.4157537841528489,0.7055115782377259,0.609085021927813,0.10142097864281008,0.9441956162446025,0.28191166437535653,0.2054878211625062,0.8866328852334503,0.035499174274710055,0.6107434672289892,0.6230889281823269,0.15580319109206686,0.1350565978884215,0.24716698046461616,0.8942319369039172,0.8158786675611344,0.14745430938112003,0.18278922392085106,0.8756130258637712,0.599033225486229,0.029254796866830968,0.6985818404111357,0.38836998150241375,0.056363542121697585,0.1890962257455585,0.13119375497997843,0.5334346632425979,0.7061036359165708,0.43936783433498316,0.15992809705574906,0.2963245077859086,0.2786420308409374,0.907806517143411,0.1602963695711188,0.7104464480147155,0.6817532697407295,0.14057936392910308,0.5201935936319213,0.8404094886957247,0.1852552284790534,0.07070745728390226,0.6143454239123443,0.0677598773085566,0.08663391551731436,0.5284339932362462,0.094627718637592,0.8767885930287136,0.5871768275958394,0.8510740155761181,0.2692524647644937,0.8517910992490368,0.5063579369486616,0.029587423420817993,0.29857100543979065,0.29872017729939027,0.3474557212477418,0.13697119533655344,0.6015230781707851,0.7291831605492398,0.48608736561422305,0.9866404774886612,0.15596733756561443,0.6070662172142002,0.6876675306740343,0.821149133576592,0.15039859376505216,0.3745696962346219,0.20759920394127107,0.6613899746145662,0.5351456793497127,0.6727905467910454,0.0524331837030817,0.10973125261441696,0.058670354443207895,0.44489820137835856,0.1624871754243311,0.1430112608072337,0.24479014301248814,0.47559233084199937,0.8750555933923677,0.9840264390227383,0.6751324211593136,0.5529445221487613,0.6246519815826042,0.17260932308684296,0.38146981688908665,0.7694607890660004
China,0.9367540290740379,0.37843919467701437,0.1644042506855995,0.34556713556356866,0.6514134098578839,0.1198796256642779,0.10226852450563562,0.6733637972390735,0.8168237300700522,0.5639857501166248,0.43431671750789,0.8778479562267913,0.556233065618454,0.3539443220821269,0.22357089565222743,0.20515280323007368,0.0670710659142878,0.793955472813999,0.7766507658694806,0.8678573620548453,0.6722401127237171,1,0.384579723734375,0.07413011817722681,0.9224930673342197,0.5136794579981211,0.6928284232006497,0.7553450520069535,0.24777095094637602,0.9581481394971031,0.3164417971763377,0.06516683437181314,0.45735978624204343,0.5258156905555637,0.7585232686086677,0.9781340062766691,0.8440549190356985,0.02127525562671051,0.6188535489884862,0.6490573261337673,0.889584309966164,0.38093717200118227,0.6974552120853124,0.8121580706064571,0.5272251170742932,0.6589713522654215,0.7390390552385567,0.1863402577310832,0.4556804845072083,0.15846323796738937,0.30988071239867676,0.6239878026167142,0.10622649597757272,0.35229243510832764,0.9785910614467624,0.8495388398913681,0.11378576405306307,0.9432793805949594,0.040629417781915866,0.07446666362679322,0.33627947301804106,0.46047654587050446,0.7594675360263198,0.790461153084025,0.7408511119456409,0.39717984653100824,0.4744820305810472,0.6283306049529097,0.9378553085351359,0.014904170123212879,0.22699206684400375,0.3126359859914669,0.1557051972992377,0.8449768295297174,0.13216125837816484,0.09647792146518597,0.6067363458695405,0.9237566605820678,0.32153761356777166,0.6422598990724887,0.38237218559703334,0.4500380180672826,0.5210352103360439,0.7142168647884295,0.09741955846129635,0.8244355753568162,0.8000415755625979,0.7243082223933864,0.40797419259789913,0.8234037064949737,0.3910512988153917,0.5565516400818837,0.33188454110851906,0.2700114524324322,0.22103585062935893,0.6243065669326595,0.5510668561970687,0.4029738745318169,0.6492475011392072,0.5821612043021294,0.5481419694724824,0.5331066331020803,0.45323067422754215,0.7672020793724807,0.47151345780376963,0.4265251976012906,0.6643785009134706,0.9652599127637674,0.14377000987926425,0.7424775948739057,0.7899983856426822,0.6302276222094438,0.3115971457329145,0.7214539836542818,0.7467898218107413,0.3228022379902077,0.23818269092231337,0.704498043726852,0.4368828243361764,0.6236825005949777,0.3564868667478007
Colombia,0.41034138510311313,0.8985608508940932,0.4276156923040867,0.3580678712400944,0.8715000110937143,0.0920715451926809,0.5928477815458272,0.5098146035422583,0.5856437346506468,0.8436446501828848,0.19719907812986903,0.5324912636241269,0.8197480090909721,0.8038597714078438,0.18223773092335604,0.7163525465090477,0.65393042419065,0.42009703694735023,0.8891531075991557,0.3470477440007278,0.7137013496883812,0.4702360023135952,1,0.0533433960609645,0.876489801703019,0.02440912693350661,0.5296857207063783,0.6699523809981969,0.661083351572476,0.03004643606974955,0.8379505293425743,0.5549042165728165,0.2675133913908614,0.07793219563955056,0.2591417965438818,0.01398036935878122,0.31050034404749893,0.5238311584127777,0.5660155179340579,0.07454769429528862,0.9385637869278854,0.8143658430252771,0.9854332464759701,0.17340312598124075,0.0347483375660822,0.9909032906042018,0.7372176966896506,0.6133134277290011,0.45709957010795377,0.9208714135269309,0.7983619315463095,0.2803374763667079,0.9143021854456945,0.28826016496856777,0.4502151660856172,0.9462243067590611,0.764163635511336,0.9495496016128917,0.8813696341987887,0.7467125790358704,0.9151288988581475,0.4666569945404545,0.8096538584247943,0.22818992348232903,0.7713621433133039,0.7462662486802406,0.4708747188707275,0.501574307867713,0.9706909548945593,0.16032955272837113,0.7880908130531595,0.9558267777067371,0.934605267839639,0.9088406332723445,0.32836499083771153,0.2313644953333358,0.1274412493588467,0.8152242539060417,0.3709070645477749,0.26304734904806304,0.014083033964386149,0.8678592307375708,0.7854712066829295,0.961388612317517,0.8020689172153619,0.656988085647539,0.04172014189791062,0.445986901598996,0.16525740504059472,0.9050448940743476,0.9907981639168781,0.2840473366943831,0.27931628213409854,0.48047194518993763,0.5506112549106311,0.6560143852288911,0.5353416125765663,0.6550966273922798,0.04469168302090054,0.9150666001203716,0.5172453837850214,0.8590312016767313,0.8171439715133303,0.19694021619549307,0.8442443489497833,0.68574374379761,0.5757863136721313,0.8112080578832491,0.6296918114268024,0.3746430141031558,0.30947726502718365,0.8856082760980648,0.7012769830249519,0.8102953684215287,0.4826454889925761,0.9918544517999762,0.2082505942641607,0.8749151688882252,0.8697839749990305,0.9797753694204475,0.6048653735157751
Costa Rica,0.20635263151101946,0.0914060493152552,0.7620527464547674,0.32543524284826264,0.5553923497798584,0.4910258454917774,0.7469076167427205,0.5967362463295525,0.5570138114689638,0.23579115902199954,0.8587678241090947,0.10065375213719263,0.9098430874920869,0.6768850855618533,0.13137165291467756,0.6387345413768775,0.4258127289818391,0.8414501515106961,0.35355932426128334,0.19487583726774405,0.2097850219404982,0.10112295823443718,0.37707840817351224,1,0.50122308774881,0.2075425837955649,0.6794182982729987,0.07828453477913355,0.755679607671822,0.5495618811173079,0.18670592464406865,0.5378590335736146,0.4187039096467807,0.5657102318201017,0.37840762127746286,0.6603089812502357,0.5886830606844414,0.8852287373651421,0.9662561481685369,0.35357769067543665,0.2741281763860711,0.889722026195008,0.8087071943876587,0.032427502293212784,0.7448023284233937,0.8854690499096083,0.5061728274953611,0.049985889917969595,0.5739269467417623,0.6626979647888246,0.2000653958934644,0.734845274183952,0.9059206315243566,0.5315533563629409,0.21473679559093728,0.3270223626036567,0.2269201525119774,0.8025854461118255,0.7606987014201991,0.5861724396766906,0.2987119276227038,0.7668803739612329,0.1804043902535778,0.7493559632908966,0.13688505310426347,0.8680617092255908,0.38616729576575903,0.9742908341321139,0.9612440504781523,0.3104119091275295,0.25572361528862386,0.5205957525660906,0.07247286275130405,0.0022692234560609537,0.876881358902241,0.709829186983143,0.23883312863734663,0.08246523981302734,0.6307900457062671,0.2794755259622089,0.8859451564538455,0.2684547152023036,0.2721375179691826,0.00763106836955052,0.881232967751359,0.6066741388188732,0.20274234811946867,0.19873126935930152,0.6721347616954796,0.8311643979733044,0.43226417450749255,0.5644121799413945,0.9170110018916483,0.43437253519431407,0.35704680146229173,0.40542109397551895,0.3335256957949452,0.0783144486997418,0.04024323129071128,0.21874850319681827,0.051404334810016494,0.21919618806514474,0.7455645351957613,0.02928488240661764,0.40526458904626395,0.23205869736484297,0.047827769623446925,0.015813770231467905,0.838035789337942,0.021143585988353863,0.7490485137912439,0.9749790424224062,0.6272157756999931,0.47497695800899886,0.20727870898435485,0.4215405621016872,0.5068899233799428,0.5864268066458991,0.18860554973812937,0.5598868149057368,0.451807456618182
Cote d'Ivoire,0.5690518081441148,0.6912170012967617,0.3971901965630841,0.6553811375520208,0.49940954401022597,0.31996718344421415,0.12838717731555072,0.31904605877373815,0.7712295727547744,0.8857124943309242,0.979093311230977,0.8492520282121179,0.8417930295059094,0.8324581635234977,0.9428482381374681,0.676472568903985,0.19611263532506062,0.2899604875453182,0.5211140322058515,0.7157764306729337,0.41551237107055217,0.14972479338292632,0.5536910105839714,0.6956507677227579,1,0.05674295454471312,0.04912351128123338,0.5216022378055013,0.8562115938953706,0.05735049521925628,0.35186848128592874,0.7635877576105882,0.3031131322358557,0.7833510824319464,0.04624056734020987,0.5706162569482939,0.13102917961160476,0.09711945123844334,0.44938258885103655,0.7825466069133894,0.4755284855442601,0.7294197390876499,0.7975558799867826,0.37562596713235885,0.256273007939955,0.05473369427855679,0.4629111707906888,0.5293859026054796,0.6541907658389607,0.5609290180019729,0.660459865556369,0.37159450899569946,0.8945008974717182,0.7994384312598423,0.6965877513340664,0.697385005317306,0.18916801453891363,0.3467970036709904,0.8658434616187729,0.09432990970644206,0.8664855139782948,0.4174785366739071,0.27708011539657407,0.2514129246688066,0.4999581561062104,0.9361594709660157,0.5717912806314588,0.3575440199124128,0.717435444154637,0.4334216260755409,0.01550600420476822,0.03948547441012451,0.5758634343674552,0.1924849188422616,0.33448097556495315,0.38191407433771596,0.39361803866047895,0.7921624270165849,0.012747607782941706,0.44291435865783246,0.4465628056559878,0.2879544419097163,0.5303794056993995,0.3171974812640328,0.08361024585740828,0.14157676290894383,0.562582252459786,0.7534157945060459,0.7323611121421042,0.2653481422661924,0.6468999871407027,0.1090486974293785,0.06828501885249094,0.2422502124297249,0.49468924848097073,0.13941453442825213,0.9004267853729143,0.3377521299393319,0.9358899099850584,0.9315863702661588,0.3827432316908408,0.23769992224750358,0.759562011463042,0.3335570303740292,0.015986105379536264,0.7251650410308691,0.8673866492274929,0.10423167953212809,0.13694371690162954,0.7952342266751616,0.8505423262711187,0.27889123714122943,0.5948838601851992,0.5298893203293299,0.22650399400933074,0.8976960518710917,0.13488865261624672,0.8942264182815786,0.8397138255861201,0.2349864011905437,0.10002856790548653
Croatia,0.3155563677848997,0.1641809639839672,0.43452558912774797,0.5555948019633615,0.849497302644033,0.5714664428825458,0.21139362550433483,0.14941650113864846,0.04235667299782564,0.9087771987147197,0.37879473935157504,0.24826187364110508,0.06785588047268176,0.40812746276847145,0.6926181521581057,0.17324569678813861,0.835679254428071,0.17068509412207367,0.6446826653054424,0.8627731648943351,0.6628860680268711,0.7042094034890837,0.6997894744005599,0.02108030303295383,0.24540666854267335,1,0.44485807413004186,0.2615704319886424,0.406624360977067,0.5036421958752599,0.3346552471860297,0.4767465047501568,0.7658516939714135,0.06405485672706013,0.6148309785103511,0.7728000109066794,0.9372715133395552,0.6376446029488955,0.8086494243488204,0.8489903093288691,0.3329324055749422,0.7122494429249935,0.6705268339424293,0.17226164552376433,0.24971300361999305,0.06379898480560853,0.8372722815555209,0.22470427126890935,0.0543344075273251,0.8025307013451932,0.27678543000782607,0.06264897549136206,0.1771784493732308,0.15567976225962954,0.4750144133172777,0.6430295558464898,0.9747414167862197,0.5206688263295526,0.7053496301935112,0.7361074381342472,0.5553889051186727,0.9715865154359344,0.7097856803533662,0.2268427720982994,0.20803007505276538,0.7897643723936271,0.7711468188258452,0.10870397492299733,0.7274807164131365,0.919023528456571,0.9033303829115723,0.42033158250715685,0.5102496237753585,0.7458289029241525,0.3501680003476102,0.8832972534476543,0.9953680909546858,0.3634075822237498,0.0841902331961476,0.11704032997593639,0.777458293418473,0.6845351747536321,0.7054249062783081,0.20963659611453866,0.10168037701329224,0.8267839697091225,0.6108133341408432,0.5302370073493796,0.34644237709835124,0.2852307473360104,0.0021742106169831965,0.6984851561062171,0.6047481117956319,0.28619274643102466,0.8340258670773106,0.389303604609894,0.49073799879673463,0.14629719210670977,0.3335248893298447,0.608933397771142,0.9479184803563361,0.3073640897004689,0.11542354620923867,0.5445985812669657,0.6064224528283056,0.8684411820283033,0.6799319563062738,0.7139121391232585,0.18852861282673872,0.9218766333774582,0.9369500611441594,0.03259028793331065,0.6186374403040044,0.2857011556332959,0.5803454810790923,0.11055194275259694,0.7152870964691164,0.7676368995643131,0.5635997619304893,0.5228720979495048,0.6388558818235522
Cuba,0.12526562586375434,0.7632212868300775,0.4854408342569301,0.6156975153867037,0.6322528074772064,0.3080462084106964,0.32870295294745466,0.35041959949622103,0.10700012986255025,0.6000463009694911,0.29768993190835913,0.7253683462421614,0.44133482849055994,0.6336760025352824,0.9225232834651764,0.046163667625627736,0.6821971265823495,0.21910108867642752,0.8662033335524436,0.8541589755720937,0.8147628557458141,0.09549339650158906,0.4049605547558135,0.6689938800601347,0.17351886830411356,0.6952056284281458,1,0.8715324865938675,0.8895127933800311,0.1298637041319859,0.48186975614048755,0.5039298370617634,0.15427786984177316,0.3257682524974247,0.8357637295449645,0.4305735358529771,0.3661231577187358,0.2297943257249938,0.2174447505695164,0.705702702101845,0.768418818343538,0.5455658954999283,0.30204950889351,0.5434390845003236,0.8258241424008178,0.3862488473335235,0.8825743207178632,0.6981517103165498,0.4749352866740485,0.1303274703461279,0.08135792646600415,0.1518155541732914,0.5817554587435599,0.8671835303164892,0.7452327793967936,0.5658258261381941,0.14814503885049513,0.7781016627531037,0.636546542013789,0.30508940121705963,0.42813706015006325,0.0015040271303607966,0.5741669379618082,0.4122285757605303,0.5369787122192045,0.8566448442847328,0.22116297962895382,0.3260371517760412,0.9045945708321704,0.9220775453408677,0.5924011360734326,0.1877891229674037,0.3684705136176576,0.8413381286854202,0.384605769599789,0.2947471112388783,0.9295592515279626,0.33420791787751747,0.061074554152880434,0.8496795824069117,0.6256030193344644,0.642848415058095,0.9899832756835071,0.011763377695141575,0.3209611970074566,0.9135168958001244,0.7130370721753784,0.7549493091290204,0.432767780915984,0.9978983991412812,0.1542148959061842,0.28949955114494885,0.3773991591665007,0.42855288863654584,0.9171322645547748,0.08279612313094686,0.6294247148186967,0.8281122066872482,0.5414873928069521,0.1918517741792951,0.7990617458407809,0.07473267970113873,0.897799510352565,0.9341234397335446,0.5892016227948056,0.5076794627500075,0.5684436876514937,0.035906034460600034,0.17084911902966904,0.48253577401753633,0.5948975827224219,0.24380461626720584,0.9212388375543215,0.7001171281413382,0.5862663736756671,0.4213401758858817,0.9497725679445134,0.8529004703099827,0.4543651115429477,0.6355407556540837,0.7864795068998585
Czech Republic,0.2751782468172326,0.9339883360276127,0.5655776618588046,0.7265345752250922,0.9781315498132804,0.3469248639186706,0.646437622068008,0.37586041825833805,0.09388384059432364,0.8295512686076052,0.42775352730341265,0.27373027402777883,0.45482142488504385,0.029024941721679243,0.7794048029492352,0.2867564995004179,0.7856546886623763,0.8962427335941263,0.20604735892825476,0.2927036230747536,0.5346132056177384,0.3687132406818433,0.277539435903267,0.35977214623646103,0.5056142932510711,0.20698352799649566,0.6297635713257489,1,0.711788794279606,0.004353861271537696,0.5354705972123218,0.6259668933992627,0.9712294916910321,0.33866529536948387,0.0064516861668707515,0.07793096271048083,0.2018402157553102,0.8608841974511325,0.6816656815243938,0.04559923020209178,0.3205500196150298,0.3397790426818684,0.6909700533594678,0.9031443420201007,0.3727055922498832,0.9599730890764178,0.7869259613524636,0.48773150844771707,0.09994714858419729,0.11058347768551624,0.7708939538451174,0.8402654803052537,0.5121406327931376,0.013742965087839898,0.9696027767255444,0.49064885426935323,0.21223924478964307,0.08998888564522478,0.7023691716778149,0.39926355860658946,0.20393749282300289,0.28468820869706124,0.20991621107994962,0.05977515922475607,0.4796414553185889,0.9476030498173991,0.9249668540698894,0.6112383071087476,0.28635713624380277,0.4372688266798116,0.8761334856067932,0.5365339010036155,0.10167964290212816,0.3913327913657876,0.32271538012277345,0.4308856137957222,0.9456984121107045,0.6568085377703301,0.0736264218199486,0.8423552079824673,0.10043391234343446,0.07898334048395639,0.25717576825076505,0.5288930861647153,0.1813970989462611,0.4299773151307843,0.7746374809596626,0.5303375130415195,0.2348016808497947,0.377146052055529,0.06387541281634079,0.7156453217440503,0.03337154960965327,0.39991582551523497,0.19569151918614136,0.27136595168784106,0.9164770534385249,0.8581700717489368,0.9742640500262736,0.5198768187698287,0.5676670737696147,0.037270910203913266,0.5828793344154648,0.8609034611187679,0.03410596050400372,0.8137154275572261,0.03802423190761883,0.8743137238092543,0.9863206258596748,0.6304194654711672,0.6260168606979373,0.6114276393196185,0.9586222422287215,0.20063999704699276,0.7888382394329742,0.15141100204890467,0.04589265703492573,0.38876613530843973,0.7227197856967935,0.7366168346291071,0.6925414565943301
Democratic Republic of the Congo,0.0356531541621572,0.09751045265027058,0.3130264029932386,0.5474493333901554,0.24061675662879323,0.28246062838901076,0.5629491090170267,0.20850824636789456,0.2224268544333886,0.9429526980574864,0.40252097550139687,0.9907298628728867,0.8797696586093718,0.5503705976487445,0.427640454239251,0.4471554323279907,0.4568351935351247,0.1564284117769067,0.7169932845359094,0.5815997133088802,0.037641683240941526,0.739365045021414,0.09716607536454269,0.5228096149549676,0.6624453746848306,0.902547197135172,0.19134611710547678,0.36730246200184935,1,0.1743500774470792,0.7334672630210421,0.28947803048940945,0.1224898541742021,0.5661206474508693,0.49028299482675985,0.7313183830515048,0.7259945477302399,0.5380312416391,0.22589620841250113,0.31784120812110384,0.9524911664419987,0.03480414757640038,0.7514346010920154,0.5464125321553546,0.01633108981787179,0.14432164644396406,0.7542367065650718,0.2376005614624248,0.6032639941544122,0.3044953655342445,0.05862454330380362,0.6796332382297813,0.2694200083325665,0.5048408158838706,0.4622478587660769,0.18949437801785318,0.24666412298478013,0.9367003924557972,0.8927703436829649,0.19780605422200248,0.952578752751612,0.4730021064118175,0.08058356232393216,0.6359144654255847,0.3526049019787667,0.9573135071742221,0.15552020876193218,0.7679642924919646,0.6000968662534936,0.1739503647914371,0.7385387420778985,0.7883836548788123,0.5581137935724998,0.32027806283396043,0.4574667868105612,0.08748337635392067,0.9828747374479425,0.12762478485453477,0.36172932535524827,0.8916909951154354,0.6673753065779433,0.12214283483575517,0.5672042198295169,0.24684608663478336,0.5051304141295061,0.09538516878866199,0.8776054220327588,0.48468924019063375,0.6584826867473629,0.2279999590612839,0.6049373885255803,0.7313217299575844,0.15121272201471525,0.45674390201441684,0.7947180796039037,0.44203773075581054,0.924322439125518,0.19939428763648892,0.9640136996378644,0.7625214375666851,0.33336824456316116,0.7396666743858836,0.9611357009558423,0.6700897731757102,0.6175218333508441,0.6567692549971841,0.762020393636909,0.24429075171694947,0.6051650068297137,0.972777197164368,0.5978309279973775,0.8762539793109487,0.43662937187140594,0.9322136925773062,0.6272123518095691,0.19892397508953896,0.61755269669665,0.3216938379934242,0.7923708538712742,0.2819382294457602,0.23189838167150223
Dominican Republic,0.31269421378454987,0.6710356428934539,0.7998318578323798,0.3479287279944483,0.9750773038990024,0.29300396273735996,0.4802985331528591,0.4195216300315918,0.8900727687845686,0.890185791392848,0.7459467495689777,0.24891865394638746,0.2210107913691487,0.8074246673272303,0.6028525497539393,0.8617498670765915,0.9371731332516521,0.2711134027534646,0.32110896847004466,0.6183528993418811,0.4802212615005266,0.32404942833541284,0.32304957595836037,0.5110585422836276,0.35396385258869467,0.9349827857440217,0.3437323852638554,0.09042016419180188,0.20378658095070978,1,0.8144877936768479,0.17778724821464253,0.5331274683356229,0.9514179776188759,0.15968715125944433,0.5163442927739791,0.9776145914390058,0.9126238952167003,0.5114493143090751,0.23815205646176862,0.22708454121880894,0.5880755315147959,0.7351517463922815,0.4058572719744795,0.9713922047251121,0.2407967545485571,0.7910298268072078,0.9745981261354545,0.4772139170840237,0.0862963095505519,0.4398880217255241,0.23311835377183088,0.1689953478682733,0.9618981259759162,0.01289290262485454,0.7176696586392786,0.9900148015049307,0.03403383516098757,0.2850587508010397,0.42996945369446193,0.6741393085720839,0.14375075422675498,0.1573855736806531,0.6479759606292158,0.6895999281480087,0.05582935518334908,0.3387748276449347,0.5275676994810714,0.1448302598803587,0.11605454929735437,0.8991688364706752,0.676817131832097,0.8232665843648309,0.7596330288520917,0.9631278268051325,0.013930716551488476,0.16010728412492403,0.8750060250440257,0.8558609678181424,0.4960226666370485,0.014711169232598853,0.7615515532823459,0.5314499132541017,0.05709730839002547,0.3688738036313811,0.9312880427685214,0.34384767672415695,0.04485884925334338,0.9736325598431798,0.11430765420330413,0.7625338032204,0.7818243601894136,0.7807024819348019,0.7235031298003586,0.7196411615663344,0.11507047039069762,0.5007795870147775,0.3440803571806642,0.06242653094348105,0.8008822442662166,0.8058096195884711,0.9846496832824296,0.8767171933909661,0.535775988738734,0.9999288763127788,0.4307692357002456,0.9070220247538222,0.9891383095295957,0.8089284563225572,0.25313090756465173,0.6959593321353885,0.7845402868693998,0.24146111597968645,0.06742909096721483,0.2109212258616957,0.9071422824244467,0.08342627121265289,0.7995052984476869,0.9045983519156157,0.7524633082396792,0.32113073899175304
Egypt,0.03515611490296744,0.2748420582746657,0.9096104895047845,0.8020851369382423,0.04989338253025344,0.43584167863406553,0.6746184055903103,0.10774560231130903,0.22463077451675073,0.27462467381440614,0.29433939862761294,0.0015335027170514381,0.8451314148224929,0.27726907329988315,0.4834836139798625,0.6778398274055953,0.4423974560328897,0.08916300011827327,0.944744982347277,0.6331537098867058,0.5610352998609431,0.34815712964597645,0.01715358100318287,0.7933483271178898,0.8982828025604935,0.9109671806928956,0.6936552893955916,0.1137938161549219,0.32747798753670565,0.1304609656200677,1,0.17045260465703682,0.1802246694016102,0.3301302564878257,0.37965490302597704,0.9233109280538355,0.6930404904988519,0.7879927415154029,0.9524136945683391,0.2343336308777656,0.9068095990054545,0.06247329445568761,0.8836936615783029,0.18984739495300462,0.19142632413519012,0.7306068290605706,0.09392161467338955,0.7176986248131916,0.6764522018772169,0.5357657333082472,0.4749094496648034,0.49844351038116796,0.745149531473913,0.5387602259694626,0.525899590356767,0.6102381741657765,0.04601265464582316,0.4635071662499418,0.8980639053503361,0.10389536012809697,0.32674832432557377,0.8134429164663453,0.1992385298429623,0.43822199250333393,0.9917308956833728,0.6401261036534575,0.5847940277489048,0.16211584185086636,0.25727268715849494,0.8339695409922045,0.6021140367477991,0.0061451588267217305,0.5877552599023156,0.5190881731713654,0.5970050095281324,0.3629310009226736,0.6764547725200305,0.663773246900288,0.9748346744169398,0.03258641932026951,0.8208579369810527,0.6022127557097009,0.005703689603409612,0.2703509230444635,0.8832780088312793,0.04306425199186059,0.904367340202386,0.2736554334064325,0.47244298868176104,0.6489261982143983,0.25381359263121905,0.4336213727111403,0.4256094399979481,0.32772487011002627,0.04820624723900235,0.7098383289346658,0.4390965195253602,0.0672172551020288,0.9314434491427332,0.030408981227297294,0.045649972652809234,0.09921011717435102,0.9252091168664208,0.14123506544564812,0.28557127325460196,0.31326730619058296,0.43637340606992037,0.13772663835359156,0.9629753751694861,0.5111340632918386,0.3757833117091035,0.5404010490328517,0.22016004559681823,0.6686773544461532,0.5362145593498399,0.0764957738454436,0.18662402369126962,0.5999263068931155,0.16269973106891245,0.3191068312585872,0.13950370062788875
El Salvador,0.975572579019126,0.8896761401849018,0.11479885931229972,0.6956873140244438,0.39130289873955726,0.14295258158177515,0.5131615358047209,0.9371626379746375,0.4683325724342934,0.7101918516654634,0.9294466211311005,0.10369386262975466,0.6021002676922065,0.3078599643462646,0.7324104175498625,0.6805698989410093,0.16007019185163762,0.04412733683717551,0.8910765597221371,0.5897142485379244,0.952135853674061,0.7681589201433252,0.1437926942366613,0.47204316899272525,0.3366270448971813,0.03291669026341604,0.6232276355763602,0.8856054053314986,0.9604825690666754,0.5515453639810081,0.19703036646107763,1,0.001805580387618022,0.6710441560954749,0.11406938367418817,0.2638450452742851,0.5520962220702103,0.21445078991014377,0.043887586396428646,0.2587627628895196,0.8863479566669052,0.579895239451866,0.16023921191217294,0.9357914108116122,0.9301352229070126,0.3190164719070858,0.28468300843739136,0.31579342222520945,0.7688028106314084,0.8893612951348083,0.2913715810587033,0.338248220625441,0.2697707364852382,0.05212791548441875,0.0550446284438002,0.8945740369834194,0.7260521790976757,0.3795341417518556,0.3474505658069563,0.09235967386997701,0.3770601437783031,0.9383050407380916,0.6581096667871318,0.602469831308242,0.9648742416990309,0.9596240021503208,0.5846828751310461,0.17849362209312358,0.0781894842980343,0.4561117443491064,0.01544131444171315,0.9183653274636331,0.8375384890437101,0.856627523045941,0.37365144441892884,0.46159599827214426,0.2329808203929712,0.6984112695886904,0.349176558876491,0.026466408050177415,0.8750861828487804,0.25379104030879407,0.4759679023952891,0.8970914401682162,0.3331200256044795,0.10385626130634629,0.1839453263458034,0.8546198293658102,0.6595387689610733,0.33653229773085747,0.8609171289114971,0.41407450527827305,0.13136582123903817,0.03163275744299443,0.05784145252022266,0.7541424680772922,0.450683698148311,0.6395993500500367,0.6820689753181489,0.11432834082636867,0.9409716156380152,0.46884666730975555,0.26282316075436907,0.8937702825547806,0.6314973928686327,0.0015843020692560827,0.41437455990136685,0.6918385940865251,0.5730642986429622,0.24309902070606215,0.21641932791979912,0.04213588578595184,0.1618809484947864,0.07113936899768802,0.3404283256820687,0.6026507056437344,0.04385870802831715,0.5347882647578058,0.2624406047398965,0.5958469110179528,0.7105790524645599
Equatorial Guinea,0.6404120093609863,0.9897177099484598,0.6104115981031366,0.28805263042929996,0.3921303009463293,0.9143363824889313,0.8851156813700984,0.5606740712314225,0.9176941207166399,0.8300939779875303,0.6541982643288531,0.955204753004166,0.46144509905447295,0.535488225012555,0.38929131226598224,0.7658202737629669,0.03514183167370222,0.9759413287525175,0.4045215592967071,0.1323973697473404,0.2662469506424229,0.11628437476545361,0.2085548415159857,0.5089030258806452,0.8839664443839018,0.6436731889614252,0.004997994565554387,0.8764098452014618,0.9815580307641824,0.1925879878658051,0.7315476800064399,0.8644101679901851,1,0.1468309318841461,0.5979861617472437,0.6424862013488946,0.9024992340958066,0.8351560472547863,0.18140618770597838,0.2985658826111873,0.06336830225891354,0.47566563911483395,0.907362044019898,0.7567246663927485,0.4836529232039064,0.7898624376778296,0.1747256213751186,0.3455593915940317,0.8362566496484842,0.7897466100626073,0.5621408212127509,0.7506934130971241,0.9718444612647829,0.9751569947158947,0.22782461811824284,0.22634918961854178,0.840708790576556,0.5426075606145846,0.1313279269300014,0.1476051524273494,0.3980934912898676,0.08230763462698787,0.15277568423210852,0.30324382586080323,0.3142669929939692,0.31952484542444426,0.4505630191056069,0.6077812004721962,0.6161144769117801,0.6203278726098548,0.050602230645607094,0.2512425176034644,0.5290701202878986,0.9488683439160684,0.17950768264359918,0.27706818826304136,0.23660457889996467,0.7603139172064304,0.5462756633663698,0.692349897128929,0.4247168081575785,0.39689923381601455,0.14423470663795324,0.6223081605318563,0.5121356596946794,0.6157270149118088,0.10000594059811752,0.4208726642812004,0.8104806749826502,0.11193587742379074,0.8248307782011678,0.24647324249244962,0.9965061796318855,0.7133500134447575,0.27071018634106403,0.47410624427268944,0.725458794155472,0.17776176541973598,0.6430258216651595,0.47073606138809576,0.2201215864137428,0.007273173012664391,0.5637969903678128,0.6902196545202688,0.7366381098081911,0.3043084546290231,0.9121624903832918,0.7697513241804216,0.16066034566486975,0.29967565538790153,0.9622973448311875,0.6979821242631667,0.3129014613658303,0.9083898773157181,0.14769117948004884,0.7669934657226852,0.543632421593162,0.8115431802262891,0.03841085410286804,0.05991226372494751,0.5051532897555675
Estonia,0.030516438277839897,0.5230647569101662,0.6215467010260562,0.20820862738760715,0.3221527561176858,0.8747257468561326,0.9288674415744727,0.04354042715493622,0.20123481738479632,0.9394985852925736,0.8033033573758644,0.4589490153332215,0.8886898193444246,0.9351498686727139,0.09401312653697069,0.591566383387863,0.22204792956288588,0.7725568420166135,0.28022655996208967,0.2686145939777561,0.2930328244371795,0.27390205430449077,0.31765467320322294,0.5325305977914137,0.5854506854016975,0.557345852307794,0.22503887575859693,0.17719961529963024,0.6458444822288688,0.9997561140069444,0.07300590021979203,0.35170951328861366,0.4230988499685979,1,0.8145531192516208,0.3006667232167377,0.5548559280449161,0.10594978353387086,0.13966767656836376,0.6025606469776073,0.46172817369335495,0.37119743178047127,0.6322934460534674,0.7662119328822338,0.9434575543850301,0.10891760190886113,0.27309580508799036,0.9858220108015409,0.7770853806105851,0.40560320247469894,0.9858540966526189,0.0015295398625528867,0.032925544815818886,0.9485926127648729,0.3679811274252951,0.19737579784011117,0.3394681970163246,0.6063849426610173,0.25466744238517847,0.2757708173656833,0.44233870924213947,0.6256237344789085,0.12049430048198062,0.683033056126142,0.7947028907331734,0.7074676273345102,0.4149844168522647,0.2917677079749045,0.03555910122258876,0.48132991036564976,0.15617305579026952,0.9736222013661301,0.06045581803595823,0.260858374311032,0.3446958076069361,0.5060409656066286,0.7342691889443237,0.49021261539001615,0.386840746961012,0.9918300459243438,0.8107579566547402,0.16593606093666835,0.5117110012423945,0.05423913363333965,0.027375494150685964,0.4669362532413063,0.24488071272106438,0.16593760445870565,0.23916778035855746,0.08727130602833877,0.7333665617725214,0.7158725292100098,0.015439488098505705,0.652613287341249,0.14451635249141226,0.650644767353259,0.390702786227753,0.765065663236221,0.7756777708140449,0.3982339825596999,0.22103764629835831,0.9478212036372997,0.8113044410510314,0.9185104156948846,0.6366426683447615,0.8859392678723436,0.550573575001202,0.021505661949617005,0.9548697279853173,0.3647529979336035,0.3709626853453213,0.45991288596668456,0.35207668649975354,0.9217711855064347,0.6215557097129331,0.38645944510597463,0.33058476608869747,0.7387077889295951,0.23239379908721358,0.7456938796353144,0.17681880055468047
Ethiopia,0.9961621401653792,0.6266288839730798,0.6810140606911343,0.7905321640082205,0.11338051097582291,0.9012850513336556,0.8640801971693444,0.44810274359253355,0.02085343782504534,0.05492211747551068,0.8124082900422179,0.4702503909447018,0.8301582685397492,0.8378281466409049,0.7480397884615216,0.15484900442151306,0.9569240143862937,0.07200554402702897,0.1162412377765395,0.6976002299492227,0.6219513113734438,0.13163495391240287,0.3299215466138349,0.313005058130731,0.84445069035065,0.10414861276757104,0.6057125100104114,0.3238258768052561,0.35375371690131463,0.09811321698388309,0.2707875906436312,0.4952530959703836,0.8328737664275776,0.4073872082241564,1,0.21355218588145852,0.1819914181895288,0.42209321870696903,0.37301942716855785,0.8687046988257671,0.176127609783021,0.47310413235856363,0.3118597196019266,0.23151858479235166,0.1973472371407965,0.09591776363096283,0.8474864544067489,0.3537983738935485,0.9727818624237851,0.6885673317439999,0.20642868977878692,0.7103937445980629,0.6133669153930007,0.8285290513264426,0.22852607265688718,0.02843596520433822,0.6870047667480972,0.5311460113328017,0.8280008345524045,0.9715207099709374,0.4500865094676093,0.13011837987128572,0.28436690545673904,0.25481801736637066,0.3310973160887124,0.8546733094809538,0.9881827796505738,0.29109814232861464,0.18773441208987518,0.14171526396667067,0.35589171518859586,0.0913858790755614,0.3308500312123899,0.3662342377728075,0.6080825579750566,0.6686319290186045,0.8475166305743997,0.4130709102591049,0.9609361652161788,0.4201475169216723,0.9263706200049652,0.5279558820405399,0.22175736596133433,0.899204000390634,0.7154702140540352,0.005915266618598425,0.12603939505916284,0.02828310064408035,0.3411334488232699,0.37530068619303625,0.4087168036847887,0.7330768634427753,0.26008313423477525,0.2526763369200762,0.4248500377388268,0.2975026101078537,0.19099227652520245,0.41676038579812147,0.7101371031608091,0.5608638668784282,0.8916426729579919,0.054025923128844355,0.1999175746246128,0.2542475621929968,0.12083431748087803,0.03349803607397139,0.7913304708651947,0.8885134867963395,0.5858114139180527,0.5000535012061279,0.6519558518931214,0.6206586499232752,0.4466942097676825,0.10796630188599088,0.9311585330503354,0.5307550603597704,0.7093825556662569,0.9092287441775586,0.7905547696611921,0.5982940394308801,0.7351914486490081
Finland,0.35610761266615143,0.915423549754935,0.6215915658046941,0.1894252810928302,0.35273887625030687,0.10227748893500732,0.7069554524073264,0.27413720718781087,0.2957001240923337,0.413852745300052,0.38046841093624495,0.7668304584429545,0.43006921098371176,0.8621136223878891,0.7606239387597798,0.09117808310338893,0.12724797246395292,0.3094143683979429,0.2973655708305639,0.4604599141117369,0.5642268743455464,0.8626602586118282,0.49086451905139117,0.04678706015300338,0.9474829062079105,0.010792580001710683,0.11390436743388865,0.11880466503811138,0.7016775032561035,0.916070203087982,0.8637343388410156,0.18533503979363763,0.24488437607709956,0.7678019117706796,0.4482938953092013,1,0.042647575045398844,0.8778646587343312,0.6892318210025672,0.5264147984724085,0.186461939831712,0.45372077278150547,0.5514664772047337,0.028635364721834033,0.16635718950300626,0.6990159659010199,0.04208663360817955,0.3453427418380012,0.20506593129056483,0.3251338407739217,0.3899606605658452,0.6126722679817395,0.7897262097179296,0.10061285293361855,0.07496838261730476,0.12622393668243248,0.8999871423773085,0.6141167440394109,0.06868342698846908,0.2931263990577012,0.6580333051794712,0.08832370920133903,0.6015738312987563,0.9022019062706466,0.3708587064081268,0.9347062882217928,0.618482970997583,0.44052327600207486,0.3678484063345744,0.18185550195016564,0.5971012637472076,0.7536779281384333,0.310051789618607,0.26315166003483226,0.4322329563065971,0.7543013390240405,0.47915478059454875,0.13440048234943902,0.06903688505034078,0.4185069949861553,0.044269885838146394,0.6228682497761692,0.27524417043398275,0.8011110593945346,0.01460394601042836,0.3592184678614996,0.3271824704594323,0.7486003989638665,0.18618832188110923,0.6910047909942664,0.19498111397894946,0.5378327731250921,0.1359840214166611,0.5884817404255905,0.3170363849591409,0.06526909345372722,0.7561337868551393,0.6452181668062191,0.15981470673079023,0.8495416864914502,0.2968950778037823,0.6169339081283338,0.05651082563252052,0.04625452589716428,0.053199493833275935,0.6457326680917386,0.5813929029575255,0.0737855876199972,0.1909042902367991,0.8541775355743724,0.38787568200852973,0.6652993466035495,0.3700417340636968,0.8005286387304088,0.6306414933900371,0.0566130180463178,0.7189749673163625,0.10755032684776311,0.5096562063246418,0.08958316200476257,0.5351035203545625
France,0.3495980857403833,0.21062881108881693,0.9895203620854306,0.07593100585218893,0.47183370233293453,0.018131648356158547,0.9446026674747767,0.7613867463179628,0.275979325555611,0.8572474250610618,0.3231908997519929,0.28178748037232837,0.2210117507408449,0.6291544762766142,0.6438852023347562,0.012418136998588847,0.9745345959337751,0.8935392913512055,0.6165952196529972,0.7481857490972457,0.08175110556615706,0.2569655635165914,0.5436816976019919,0.8626128261230138,0.6676592204822923,0.957416070390127,0.8721676039485784,0.0048524732614295685,0.05489230257263045,0.18944405624032812,0.48584742922488244,0.13982991964323332,0.4849233328378403,0.6560651325812172,0.08621463646394656,0.12304474043452007,1,0.7236945056857098,0.7534617606033241,0.012314548256762814,0.7475315416548067,0.6884679722053928,0.6046764910272477,0.42212021954785095,0.08740385771223758,0.028219382623730804,0.2404608987114124,0.9029660571612264,0.641349849624678,0.6095802344154662,0.21276819766552146,0.6556187521459566,0.2997308889148297,0.8059772175123491,0.5000327426631972,0.46505893432840517,0.471883373708438,0.46501692399540095,0.42084146837775716,0.44381746463753,0.4954384604459453,0.7064760743269455,0.22070485039243026,0.4214645044897174,0.31655567652871885,0.9729804664356393,0.5350715222207583,0.060854568515784635,0.6381848930380287,0.6355978399377561,0.7222078820227736,0.12300770914309556,0.5349095263760999,0.7092237980925868,0.8396292458988807,0.7524111840178145,0.04857854713112453,0.7848359200438201,0.49306306414326617,0.15548541197181598,0.3498028843051414,0.23049727447858914,0.9423478895557378,0.07809633587081621,0.7276272832487574,0.5043514298556661,0.47050438044319687,0.052961504744690524,0.8308867558231787,0.6805769242435759,0.8858418652584692,0.9243904668643155,0.47222877301130994,0.7814959995588657,0.16208700413682586,0.5014123633439429,0.3088432102305334,0.2494738869152512,0.4890789980614464,0.5472693630698392,0.056094961068933524,0.80287558220188,0.8717116029693671,0.7318330900797001,0.08634289025298747,0.18752256677511947,0.5079175575028542,0.5133520360945804,0.5435166111824644,0.23356285865694215,0.03480737059105954,0.06837218192015349,0.5518610108105833,0.6502367929299814,0.22555644969092592,0.6980806137543049,0.9066564688363727,0.1781684782822649,0.22839658371740834,0.3740300003896947,0.1626119555123413
Gabon,0.8186063485190973,0.6342153972513311,0.14954102852803552,0.5152842173938742,0.910143149235302,0.0891018817251723,0.8998512737214858,0.8225572678574207,0.48652505045550687,0.8080976431070986,0.5472694915765167,0.1447858907605144,0.7605045716419414,0.4870187085005647,0.48818523683006476,0.45909162368312373,0.1070232773696349,0.2947283533663777,0.9665512695176663,0.5699372247942167,0.30851810787509637,0.5012100096906081,0.2575625699767288,0.6983739048981826,0.7110856913188025,0.13787133679837438,0.19388597867784396,0.09025431746660695,0.3709088192130108,0.23620380694012266,0.6150829170648671,0.3844606265170123,0.366819853530135,0.8321838341851636,0.9508940389551968,0.7864040609645989,0.5814422040159688,1,0.5528168934505902,0.6040963366709331,0.23147758700988808,0.9124955914483613,0.28050292711578395,0.6768590811138528,0.14127743659852188,0.7941816434415615,0.17233595774223764,0.9149560205548086,0.8858940666484487,0.818866907669595,0.8825812941815216,0.3483136248275991,0.7685579587756838,0.2714363009387327,0.6297439839141162,0.4776137164849703,0.4369048420369267,0.6005185294279423,0.1242872841645678,0.9844884803257212,0.8745452802067369,0.31885485242220035,0.7733117872030907,0.6652638248879584,0.08137254216398437,0.5285790465356847,0.5710648941006818,0.5396472822387297,0.7942095601960235,0.41626884816737797,0.713518954103982,0.1095183843992441,0.1324082803647635,0.5757184752985839,0.7839334757123103,0.0969387746077196,0.9642995759775791,0.6025621387377753,0.7017279031990868,0.6806496055035083,0.5171888775177612,0.07788733733332243,0.15912885736868365,0.9368613119145737,0.12137880226759967,0.6796818829301124,0.8952191573911242,0.5342904859640316,0.5032177313694348,0.1221377957761689,0.4760163613322119,0.9973861102013002,0.6291128234992427,0.31065900135973135,0.6810512695242897,0.8973232616433083,0.09753897599127737,0.8014088167483009,0.9010414815392849,0.9496494492573023,0.40181924674131864,0.44913705927668657,0.32308652216384437,0.6136002134822028,0.12432765544029456,0.9832027787371364,0.04236661787697826,0.1906726720965517,0.3146027335430497,0.5073899707098646,0.22673839789008654,0.9671542268977589,0.055217600874906125,0.8474804577437963,0.38383721380685887,0.44772510556047695,0.2924931550038059,0.2371550193884615,0.5614324253229517,0.9499226185636448,0.8727288759219617
Gambia,0.5177845380036282,0.35984553342488745,0.14975333237504496,0.4429973848812889,0.011206803189123704,0.6493019347936677,0.6033148594113714,0.4852062191157799,0.35809946493013756,0.685594797831439,0.2354600444535876,0.731942519064633,0.6023628585959653,0.40755779984519724,0.11133981964300488,0.6863944018340126,0.11313926601456148,0.5862980069113543,0.6204158191301591,0.14435488401267016,0.3081828200784932,0.05929494505881483,0.09697158862252675,0.626891558335955,0.3661163321113795,0.9838765753322347,0.1217551867043104,0.5761685155252556,0.4961808527065208,0.13504826918290846,0.1958403868635804,0.3150352163039314,0.2845525386433514,0.5928233022757861,0.14396683442030545,0.19989076650719784,0.1548464155131164,0.6922454673946016,1,0.38438855827622453,0.007574705145921179,0.8218799570593197,0.7534185043217748,0.5219207409352803,0.24555333552089786,0.21907526594261095,0.08423574730190408,0.41688112060348004,0.29499014750489805,0.6642631603235344,0.6906305968141849,0.0695953244546299,0.30811105715010234,0.16423960897780898,0.7780296965843331,0.41288493306515217,0.7938615863334197,0.18367914218714854,0.5447131797642393,0.43187549741239895,0.9645895548900074,0.09448267797795962,0.9902471422515141,0.959968439682013,0.22474325539508344,0.8555971624461433,0.6566125999678307,0.8957302805145321,0.42836445794049705,0.8386769399195626,0.06359770396824038,0.12939379366313608,0.2264207592061832,0.6468461932067033,0.9411630962199833,0.49078609212547486,0.622241621730654,0.7809527684797941,0.8843651097411361,0.4704077057646926,0.17065780994623225,0.7604038756177033,0.8507263242773399,0.5813058057061751,0.9176155267546435,0.8552602638055449,0.30682970557591405,0.7919069091285689,0.9105750608816825,0.6281037417201383,0.7050811844325579,0.016548237149523137,0.7349322308937216,0.3009065751179708,0.15572958437273343,0.7340499553514452,0.7335451295089973,0.9501709990615761,0.8646481882741146,0.011377369174780827,0.6250820002798035,0.9426781480005806,0.6505437456979447,0.05109733050888188,0.6232893456544277,0.3169501782843859,0.014096324279121553,0.9016311273917825,0.7682020783368274,0.477960966070729,0.814839855643623,0.4707505871601506,0.3863568006202245,0.6355817534489328,0.14712585445852644,0.3407801474538913,0.13200408647651174,0.9648422702613981,0.023891543960929296,0.8670356870772086,0.7600880735008513
Georgia,0.07861270844307444,0.9023344688695462,0.4863624339161102,0.8340842608481083,0.37901214940595773,0.7393262620855654,0.2993672471704606,0.03832583407240231,0.06601307218984676,0.8199025282424351,0.1972364116315246,0.25508992906288597,0.11214570813494995,0.34682452055540125,0.5445205838234306,0.6753775289565745,0.3542797700253135,0.15631073102130222,0.07032136124782329,0.3122637166735752,0.2950252100948523,0.5286731766868292,0.8546204455754506,0.7754728765414783,0.02855143184752662,0.0666475857133988,0.3547141536735129,0.3960230079493424,0.25927638215095417,0.6759740248109578,0.5042769950130791,0.5765656054520016,0.05464415090902397,0.8528582821950174,0.4437256025281686,0.3022458298998132,0.9438132641781404,0.35739060405475676,0.33570254877151906,1,0.208528654091785,0.8492778520296873,0.9771907920952625,0.5629755629582988,0.4364735380748527,0.18614041306252083,0.45298618636768007,0.5003076258377759,0.17026189568704964,0.4003133013407536,0.5514773157900723,0.48546996313161694,0.6927163258543733,0.5405644101477537,0.6526225143191139,0.6017788430193902,0.7749655572245171,0.7503561029945214,0.8379796120629721,0.7533191745604166,0.9666073319196954,0.0628391229883064,0.37200001917974623,0.047818292812799035,0.13391721159644476,0.49792664695949007,0.5198624328096881,0.48108443751778796,0.6852504665199711,0.9969398877583195,0.41586652309946415,0.9569334268275218,0.8117577160405947,0.9810859819526503,0.8801121797586724,0.28289671438185426,0.9326905742326643,0.7901642309589899,0.1275203923016508,0.08720928529781513,0.280632965709393,0.7952817319786195,0.9553002759023338,0.1597477012690116,0.6567061912948119,0.6229039919271295,0.008216752426186469,0.39686361420176786,0.4243828024758063,0.18052276122974453,0.2126051142281956,0.11787751958782422,0.9077489089568763,0.6353879719998992,0.07569769278458394,0.6752590855909586,0.3651630274264518,0.2709923617787292,0.918338229062902,0.43078658106490264,0.21384875738666065,0.47615890794958615,0.6540462328578242,0.8278436546935825,0.969631962877639,0.7843416039084524,0.9646943370658407,0.039979239191779925,0.2246018064783052,0.7737026990086122,0.2951131645963826,0.1256201250879918,0.7332974537794339,0.6112673453046535,0.1906746373959437,0.045380698502714645,0.7108614063242021,0.7454689081556001,0.8610839141178444,0.3380752440045023,0.2513311213338113
Germany,0.3772409978719714,0.10661559309251212,0.9712243479358948,0.9138358453121497,0.36464572077536916,0.6619886548370454,0.15374850857965006,0.638156746728468,0.7113340667372426,0.7524367826714152,0.03280191712189939,0.9349749462050324,0.8625320258583128,0.8634526933549835,0.4100307767219995,0.16358626054776704,0.04326324430319117,0.3720533761483704,0.3550782274189489,0.506211397922798,0.3119774797509681,0.08620336461633127,0.8988964850892098,0.07334398853218327,0.26975259930274964,0.06362734302190742,0.8125968395399444,0.6319983576376527,0.23901459353648247,0.6339875047308486,0.5507409680933657,0.6140540885631328,0.48524037975905365,0.8431178382453476,0.9904107373655398,0.2929460162319054,0.2715547875918872,0.35451769073203343,0.6002839161181628,0.2756197302016259,1,0.7803270456554497,0.9364111848944682,0.8550217388817866,0.5048666696073227,0.639760779981664,0.17089016918356748,0.4546235753201209,0.19705747113764194,0.026744199677792402,0.674206874329357,0.11235028316545281,0.021683909854770866,0.6400213366988085,0.8223603083800579,0.7861274190982502,0.02510561610701889,0.02982520400149491,0.18351327267931195,0.8495811204556369,0.6721231017512506,0.23521626562423492,0.8334283678199361,0.6643993474091741,0.122298598033725,0.12808616050850863,0.13361543648787577,0.7833184783481246,0.45934708717851935,0.7402864972736949,0.29698671735255255,0.17961111490469484,0.2370917976361876,0.7695697907880136,0.43287419748392564,0.4857074666804533,0.15959875709926719,0.16104575873757598,0.8598244952716643,0.5545256924586518,0.2586556228680773,0.22218650391293993,0.6603850348346406,0.1392841309715781,0.14290267172128734,0.6147073536538428,0.7812716186623314,0.7173569263902777,0.8955419109184181,0.8656412879268952,0.40638708585556016,0.7921859123075427,0.13852146185359326,0.3835898698654716,0.8637971635275379,0.16335641914110877,0.15578994084193765,0.331609529029135,0.14189070242570223,0.7471290313006334,0.924220845777549,0.9744909610822714,0.7302702647431488,0.5457107399912506,0.6582091573253506,0.033796180617245764,0.013418170317096578,0.9780997625502063,0.8988445245146257,0.3304075023620544,0.09249353135701788,0.43718950573497917,0.08722854619010323,0.05404053144636223,0.5774141724946594,0.9374294506890788,0.02832866391475919,0.5080516504957598,0.3609624421843728,0.06091185026393675,0.9084087289826965
Ghana,0.35968147029843867,0.8452988581380075,0.8452196134877229,0.1260071965194861,0.13816751409084982,0.5132598338419665,0.6451021339122233,0.7923255736341576,0.08628963070416495,0.3416324500171354,0.34767167123034215,0.901941209092837,0.36047244039809645,0.6195589907460041,0.4045230797329268,0.2537825708274316,0.9528170063760965,0.9708408914025699,0.5719284564265361,0.11356701892575072,0.822429706671457,0.6435103159594329,0.1894539376212594,0.022283006248672188,0.9777288897358379,0.38684247682762163,0.7322318837785529,0.7264830345862765,0.42682012407221726,0.4946099227815468,0.2992324734759104,0.44040335483905046,0.736456538418103,0.7761695810892684,0.0759010779925765,0.13381837002012587,0.3356841955471366,0.8563853719820285,0.9155572935688674,0.681010543223855,0.4547997240193017,1,0.8885064239416083,0.5080827828298896,0.8579705782431553,0.7850702238159134,0.5568377516326843,0.6603214474806401,0.9653395153758865,0.5793961842057018,0.41499754703234903,0.21826449715610585,0.22688822993127933,0.12394052277070755,0.17427138073129034,0.686846850735655,0.5647938982156652,0.5847653501289679,0.8042454098994922,0.06831863121961379,0.28264360731358396,0.45655952992381077,0.27909452993628947,0.42703098821280416,0.4001430090378999,0.2870819808491293,0.2569237985220877,0.11293140822079706,0.9915849673034576,0.3051766564863686,0.43997628475498596,0.4248999212895327,0.22590431349951734,0.9242435988117472,0.5845577575174903,0.47912243680518907,0.35968416313456053,0.5961030897509683,0.48334848199574854,0.10344405271181589,0.28678030579440106,0.461298073889451,0.050044873893077324,0.2533274836239423,0.1716411242907988,0.09824078168993655,0.9152895734825157,0.8945200734091764,0.06852050187179859,0.45089209593289703,0.3786428096080746,0.45152229494382634,0.8083908919942422,0.9109476357934281,0.5366193206530908,0.516820693553711,0.7145438853928024,0.8638690774197848,0.1864428396923855,0.7746178967001551,0.6716480030659208,0.049171919778442263,0.07108574732688089,0.9161258123209379,0.5061978049124508,0.9665420885287738,0.18754232327107911,0.4964838149805375,0.6942556222839533,0.095699771044927,0.2384060074435015,0.6338823809731439,0.8401236750146898,0.5557348736499327,0.006900614015478257,0.6659970805294131,0.20008596156865177,0.6147083440411942,0.5858530365521513,0.5505907204123754,0.2918004747477281
Greece,0.05463054845218995,0.33763319044436446,0.19947509361344085,0.5895230561122198,0.03352721746718901,0.17039868004527947,0.4975862805072353,0.9367626799817426,0.7222630241158575,0.10554328281759506,0.31363356569224277,0.9889646163747466,0.7613643387326777,0.844218728067536,0.2724907131633616,0.8851170672549706,0.06567759906008974,0.4582656175861963,0.8977679774967856,0.1273420290789412,0.07774286492202298,0.4384306908899086,0.09980707258829236,0.747936115997487,0.5709340392429405,0.76567776857018,0.8351413415176111,0.5282943300718305,0.42804071388925435,0.06259885463007919,0.656054655606004,0.5547202282295378,0.5522018307153531,0.29097856995008764,0.47107530338579984,0.4052574989784098,0.17491023109436066,0.695994574108879,0.17785054587693083,0.8634500498183721,0.9247307470671899,0.4996557946675779,1,0.7197056246003503,0.8729431799043943,0.1948877905035905,0.28198815821913914,0.46973545260752503,0.2800721120393046,0.22343135137813352,0.7939674533210083,0.05518147784594796,0.5841341516882745,0.3625943258090295,0.6389249218553326,0.4924521129127474,0.8138976358954466,0.48409607200995264,0.07210562800277065,0.009520669521112746,0.7506462611087865,0.5703957459411875,0.04473924135218432,0.40646264595780623,0.3885579830134266,0.8046450576514775,0.12680395916155918,0.45871281305358624,0.027297147828762025,0.28792685689379294,0.8120961772257146,0.6363427012461312,0.0408173711015648,0.4187298875124368,0.7875391887113875,0.06363300272510986,0.908948424823166,0.0065553617578634205,0.2307266360548601,0.5955680926603288,0.28816624889845255,0.32860562928196657,0.12455192067973286,0.7570249333552348,0.5288733205921906,0.4761741252563747,0.6795177722481436,0.27308555998029815,0.03642484303487947,0.5011549255293509,0.6804261369292739,0.5917509638856775,0.9004718972077731,0.2470747398639367,0.33494694750367826,0.3627847289736055,0.6301982333475648,0.0626048393442552,0.5789171283045909,0.427979952471368,0.8054406579687517,0.8119651490041473,0.45540013688504244,0.4910819075585092,0.012864624084939935,0.14232245734188365,0.5194131598914185,0.6016578763964535,0.3299893721568593,0.8675096878428971,0.8191583753776601,0.9861232381007349,0.6871431833354087,0.967676751987854,0.24044314823820045,0.5834609077507028,0.9883228944220591,0.46061642709831974,0.19993133128557117,0.5192774990404612,0.08929816235668941
Greenland,0.15505051090946365,0.5878176931388638,0.06127931741176529,0.24193647217501513,0.34532289515892445,0.2365943461476604,0.18771804382489887,0.13865247191082797,0.7811199903189052,0.11490846519344067,0.45404809949407365,0.29758519560322116,0.2512351501122465,0.7403032497481471,0.45960624118011617,0.7969163644512861,0.37454395640482774,0.34626672098433076,0.43325286303749466,0.1358387675232685,0.8691675076596987,0.6892276057557193,0.8393687502932556,0.9571226367181953,0.06192899822342812,0.9421256199318084,0.9656019177240317,0.6833602758810919,0.17708559959026038,0.8310400904736843,0.943396162301008,0.263780764845723,0.7973196291556325,0.26714907485977357,0.4346141872376319,0.47716459167255987,0.3717863486550016,0.7342631226107519,0.7514281886915319,0.2673172494722371,0.14945873311624225,0.12427391597321757,0.6009524433558776,1,0.9805363607366482,0.13671504713747684,0.7753853656732461,0.31440213602450184,0.6530396517655169,0.32585872112764724,0.974855076195749,0.4616305892542606,0.4608515776349451,0.004373853734177202,0.6599786120201175,0.5200239145762722,0.08680772587459096,0.011876696330384129,0.6524174897344268,0.43459493327439924,0.8117521180249255,0.17402071502248506,0.507415382210883,0.5998596914215013,0.37958391996065666,0.2274931247131602,0.350405287578926,0.4809123529775078,0.9374090512163422,0.9790132702439092,0.22449332994842708,0.8132139541786493,0.05005066580828732,0.4516075984483734,0.0518082543897479,0.2479718560754166,0.6833409925601315,0.7623772674865053,0.09288957026896849,0.9624375793942376,0.09838598209599769,0.7686376037977991,0.7674830478688622,0.022882685285944615,0.9042489682331957,0.7491325265563991,0.57854944104477,0.7673595297277769,0.9106101959576264,0.4973462838831334,0.7687964375435601,0.3064739029228756,0.23470412893035086,0.17963024063975996,0.3593924073274368,0.051719450027846836,0.8614848960502618,0.05366513066901191,0.5253767224940269,0.12463204540290063,0.48406149828744216,0.5706811175715004,0.20945759497282523,0.2909182256243532,0.23190328207886157,0.8196441389643189,0.30064635355089186,0.9617908074583227,0.42652304896630433,0.6959125681588182,0.07957105599098424,0.16507003931217867,0.6130305341470746,0.17638672275228595,0.05336279877002048,0.46210370973399884,0.9482189935872668,0.7971985416125125,0.33873252501146056,0.22213763813809984,0.06289658099857698
Grenada,0.3180349523912914,0.593416436933934,0.69984980029345,0.7927637349644644,0.5283703065883462,0.04748591040532002,0.9699505459028575,0.6895217800422414,0.2902186902507,0.40399861767465206,0.5063715249324019,0.35715086313504973,0.9848167970985845,0.12066621831379953,0.8544472864362085,0.14822531249274062,0.6012726359697437,0.28870921291271134,0.6649770356132884,0.2818919528289059,0.8655094884363754,0.4178576628124391,0.17005101270432332,0.686610620950468,0.32801543973810965,0.20573467489532227,0.5161085017050084,0.2123245869742909,0.3261866891434232,0.86168283298007,0.4750697424705077,0.5427988649976594,0.8607940863514659,0.3118975977081013,0.9035763643837327,0.6233838878084899,0.35957095979078035,0.29756036059074387,0.3053216537525242,0.03980983655055448,0.18919840856448045,0.7897953220201257,0.7117072648138648,0.38314846147136117,1,0.0027850527245186774,0.23966522398768786,0.5162103728698054,0.6228561255870076,0.1969856902240139,0.5959377707022424,0.44164165648212117,0.408046187412179,0.2903558911749149,0.34278444849794065,0.46081627947151993,0.925288235827916,0.08979530212697728,0.6763156019785128,0.5822110388800582,0.7605588714764477,0.6330470333915514,0.37479640965773164,0.0306890162056338,0.46970848704505597,0.3757624493802414,0.7868956857938854,0.1289436261017296,0.3734721553932214,0.3351911878705578,0.9653575434099401,0.9990837166652015,0.6712573967592949,0.8108947481099347,0.7122457063223673,0.9342421744657486,0.9960744391585538,0.6676596139688877,0.3741775234755429,0.7928103771923533,0.20113781596506375,0.5854128603832642,0.6669004086983222,0.21954652432919408,0.9178074687351853,0.8196714999757654,0.4557673215051714,0.6288770774887651,0.9161016565437906,0.17592597627148998,0.33871906350529934,0.8604545807989157,0.48652992109255044,0.3849563555563602,0.8345713682952823,0.5591942482453439,0.02483681107984137,0.35184315199209293,0.9891926555930826,0.07823647622871599,0.22510926500432693,0.07982150346133099,0.8435776242792647,0.030066987360113595,0.8829259384554594,0.4446501885253962,0.580356741742621,0.8405403963658036,0.9331269329317508,0.40620123850242484,0.19560548051153626,0.2677130094312694,0.07586662488957907,0.008559862307919164,0.9890438363853351,0.17673303639182347,0.6609695808710123,0.728128472080655,0.14863008861054405,0.9617101368052294,0.1823252981677147
Guatemala,0.10241549372604497,0.139447252247215,0.21143915710056393,0.0016010148019679482,0.2802892965114282,0.34530294911272286,0.028131644057204253,0.41076317002794704,0.1479770252906606,0.24306306203972727,0.1827773673935542,0.8198845793787621,0.24350231314024207,0.9109239019174289,0.8487192824430074,0.9299363471441222,0.4828412200777018,0.7042769519152017,0.3048934585990539,0.5539075717866974,0.46347214961932504,0.9757123609364788,0.6564223125305806,0.40288978396366604,0.16490623342249988,0.6014154945620654,0.07945566715240038,0.44391505982864277,0.5338105583346511,0.755693254382293,0.8364290728585511,0.31937648302939714,0.4206235086341942,0.40414161626999745,0.5494530135769984,0.492111620957868,0.4813977895413579,0.7926438575151238,0.5507220977649032,0.4992277987312572,0.21405504554719135,0.5089047436959804,0.02829363788624839,0.3684765761074691,0.23515232081011328,1,0.5874365229858842,0.42725291196922477,0.4922328569356772,0.8976097618222537,0.14623327958516652,0.8221383776102985,0.8281215531690043,0.35700175659289535,0.928604084349361,0.6930419951924198,0.08464057350975573,0.22745210701106167,0.07704629477063751,0.4343788829478097,0.3992830190600284,0.11246746763257653,0.6185064299267135,0.6917782783902104,0.6746718324630959,0.12319914083776817,0.4930573120840269,0.2668518754682705,0.9162548119693107,0.9998146469583493,0.24198508904035654,0.05789408527704798,0.2791120691229083,0.9076874001446241,0.3270792187229451,0.9300946554718166,0.504794986139638,0.6416753604858432,0.32775422280259425,0.7820417242335623,0.20030266708953792,0.6491528421035543,0.2987090997567772,0.7490168098400051,0.33178915819854893,0.018056625961739847,0.2894208244026506,0.007806147867317148,0.4469583028575237,0.44983620567760507,0.44748937827126145,0.521867387386948,0.3588043938685149,0.06083211662978516,0.8622215136462188,0.7727230419265589,0.19345540426155916,0.49690200990169286,0.3803836223428788,0.496008062692049,0.8306938890974476,0.6123483165912179,0.43637292542262784,0.513080445143652,0.6748880916102993,0.29863537049301025,0.6661638748777136,0.8423556136481399,0.05220637543162332,0.031994384593132974,0.5106459417991012,0.5644460410136659,0.6643092015168548,0.8548854338288793,0.9171419453101831,0.7514188690332845,0.6967972222447967,0.7890126277467245,0.1561446515109599,0.5515391745777563,0.40905151152297325
Guinea,0.685867184143732,0.020771320604834775,0.14171175375838296,0.4020872324959177,0.15106014333930373,0.29182740483976954,0.4033480758262217,0.8640401909521211,0.08809901945246779,0.7130531484488865,0.4590530211159758,0.6856665899807806,0.5600364742355622,0.7410065321260514,0.9146099949940457,0.5340674717679773,0.7923150094773778,0.25708255930020596,0.08306581744477648,0.10346649282462872,0.5374055414375952,0.4443106537537038,0.7443466862884583,0.6174231696969256,0.0008087675878875045,0.4433457369520626,0.19761224712108272,0.31881570297997985,0.07924769767366291,0.5915443310849563,0.4870441741407522,0.13663212835847072,0.16936346563979288,0.14653246682422527,0.8270396481299828,0.33358529185200936,0.5180277559704587,0.3590013459556195,0.6382887053384422,0.507683156106051,0.7133103083523236,0.5397047457273381,0.7124613568514274,0.5086375949788042,0.2515738209028705,0.5602037376575659,1,0.662757124886685,0.3172366195678511,0.8406459919800808,0.5009953131565363,0.8309799671691274,0.9650120922167958,0.31224676391671347,0.20218479635107067,0.040200368286372634,0.8716239846632636,0.13050915162982513,0.2175565193626381,0.5819129910607322,0.9274949634834239,0.5842654508933909,0.1271245562330332,0.8520513325734625,0.29629438010016074,0.37860976882662023,0.39895426420068725,0.5548751556330508,0.6892328200365601,0.2555454465464333,0.00029512268194986646,0.5897618677968254,0.2634559529813312,0.31438759255652093,0.6422518051334937,0.7735426550953455,0.9914464882120241,0.9508511170492013,0.17901961008118017,0.601613845723796,0.41253126226283543,0.7420788346975838,0.5197875518020646,0.05371721455229439,0.16082333742042287,0.6249205765484187,0.5790531220149052,0.11702574020034318,0.9508977382384268,0.08199537749672425,0.5028422603927037,0.4219691865716735,0.16260710170464177,0.15906345172140146,0.22042920925083953,0.7560821007338622,0.23026294971439498,0.35175746280707754,0.3741973390976199,0.7494776051604607,0.2999530056843984,0.06375040199227844,0.8450444656138506,0.11451598363654847,0.740696811606511,0.23080656149766554,0.9839166991300439,0.38330445572880123,0.8327220163134065,0.7017804113159546,0.7684264968907687,0.5613438350235685,0.06167110425814126,0.4454451724632641,0.12449765198838625,0.6025786257359315,0.4869346093973871,0.02463336608121125,0.9680223202917966,0.9671930892833709,0.9276992371509931
Haiti,0.24227909505190737,0.8957656589794252,0.921117376574987,0.1599137116952073,0.11665204325356515,0.39470232646102976,0.38554010419704643,0.44031235239882127,0.6048844559648364,0.2759111615877742,0.6055226108737893,0.8100105268409015,0.66224042802799,0.5014856822260347,0.642143802358758,0.3303727290792564,0.9137702347400677,0.7197623599557111,0.656390172857187,0.4210629929742403,0.6212381298324202,0.35462390422462,0.3360293623208763,0.3715687714393441,0.5139800820475955,0.3362160311326998,0.03386471052861295,0.44594671984516676,0.7197549104362352,0.31254569845660585,0.7993985269388746,0.472242937420024,0.538568041737279,0.5814514957696785,0.9454637591616781,0.7124237299679257,0.7745669815569857,0.9845746522754646,0.06554604523228191,0.9599125381416225,0.32935164131528694,0.20054009463542588,0.026638221997775213,0.34100588279914856,0.7754600094665739,0.8749337473927452,0.09091623159688711,1,0.7785866484147562,0.9358517113065404,0.8134574970942842,0.5349822019470192,0.10626569619980264,0.697303132578584,0.22555413638169608,0.5077237782021404,0.283617814593921,0.24019657472710088,0.23600213380470203,0.7115545914780138,0.9456414822369864,0.8254385879924413,0.9937630274500399,0.14685147068251347,0.6621105264286987,0.10944955214955776,0.9870422761645008,0.03465385768871587,0.4835603680421997,0.2194930649866389,0.42387037585310083,0.7477712223116195,0.02983308602797552,0.19940392749891633,0.220372702901519,0.8118329544001044,0.16594718206765458,0.8561079186106647,0.9306109789764039,0.3071286116619556,0.33051001492563004,0.5510439003659681,0.9318402758797779,0.5009879362201431,0.8810939586237836,0.6135700525744459,0.3254792015234721,0.6911913866567476,0.6139642237451004,0.11331862264185821,0.7480412831392017,0.1230758677319943,0.9242109937964025,0.1424212665344664,0.5991481133869998,0.31953731084530046,0.33294880873270605,0.036164958228956934,0.44508191704643085,0.28538353158376417,0.9664642243982738,0.6723355838469421,0.12123899763798385,0.9464739411992977,0.037395937963494275,0.806325898627207,0.9649804607772842,0.60774128716877,0.5110376835346175,0.3098937850968786,0.40499130491235535,0.9993213197997646,0.24311223313089936,0.5052378793230345,0.2746121165438854,0.046140456070482117,0.1744149114888549,0.5468313942526375,0.1896547228241815,0.1229745118244886,0.5919111645286281
Honduras,0.6518739793312613,0.5360668426419344,0.154973518039909,0.14862259348420015,0.017813958845460665,0.03783737507130125,0.054165961074782,0.9326806448452551,0.7020910782267454,0.04213910964118717,0.8444583792844274,0.9908969885780071,0.009148023505398228,0.043866361241486906,0.03254805372253389,0.07990599477243288,0.8537577022788617,0.2089552059070683,0.7895182694617706,0.852641637911936,0.9985682339007055,0.9112487387390242,0.12603804031086208,0.35184625093586375,0.21558433976784708,0.8155357123169165,0.1600724965093353,0.10364384910214453,0.8494120367699711,0.126348946796505,0.48923890133572967,0.3917909185644467,0.6468297414705602,0.4522022408416607,0.9521049752284114,0.9712812450296237,0.8468366335453286,0.1628806457608929,0.2249465861730009,0.16525562455307496,0.13821153830094668,0.4522426896413215,0.3903559569790296,0.14084225308284104,0.7902930803099729,0.03119973278559862,0.6051091076925854,0.5029270513900627,1,0.04837665856226803,0.43687180284816285,0.35645787008502305,0.478187906834839,0.4804459878379217,0.9257438894505655,0.9418264564323826,0.35155426603070605,0.10907702365824445,0.42798823867790226,0.2293021497807396,0.7402652926978723,0.7801276816859245,0.22642775100862356,0.6685949244650734,0.06438339707252749,0.8044511787951532,0.5697113088608222,0.5223353826185718,0.6641858417068152,0.17982266468204555,0.4304163701579171,0.3862917529740084,0.069839473403979,0.864232289614568,0.6396028104354732,0.7433208564423484,0.07273572367396952,0.5351197294143338,0.3782991314011591,0.06127629758961972,0.4059855264317349,0.33938972575878945,0.6706142750470817,0.1914508211175181,0.18646501095043388,0.39059238499746485,0.8403711970789866,0.6446803003016105,0.0781416467232533,0.03847391089876806,0.9636271523878461,0.8702058560861865,0.86530226310075,0.9309908324459729,0.7643609896845085,0.1875020839889786,0.14240999282612887,0.23405014500837107,0.36692466285474046,0.6688057708481125,0.6850410928214125,0.8322377552480277,0.973478269791306,0.9761679672887571,0.43449087749544135,0.9781454273848602,0.6923535220812573,0.9495477382371591,0.688982157320117,0.9142777577654732,0.8619638916812988,0.7617085844012403,0.5429840619366669,0.2918057986740772,0.19271615876940407,0.22753839970863765,0.9422220991256247,0.7307683257865659,0.9170611600952575,0.9058380991332109,0.7182026857133957
Hungary,0.3761848781885766,0.7302882858190441,0.7485035606270495,0.652730093279297,0.6339244671905054,0.4297471435029382,0.712038469656433,0.523841747874749,0.6652761663167265,0.8540285739820493,0.9229998907775407,0.1732225767914488,0.669664118410876,0.24545027619814064,0.18442147021558297,0.08661666697163306,0.48616320606325325,0.5284749572193461,0.4473302239904977,0.3000588913814991,0.8900343318694423,0.7829271501710652,0.598614779817458,0.14177101027119965,0.7576767996073157,0.24337208370771246,0.24815538803534343,0.9289066904436165,0.318786708878125,0.7224850819157738,0.46366781815611313,0.4706163158610841,0.7172647837772815,0.4630011407020811,0.8531560089112924,0.5527820398138116,0.8432220872028261,0.44978245629036573,0.7753695225578369,0.14512275777545047,0.8291237802097201,0.8539623308142896,0.7666069940798297,0.0640771003078574,0.6265824811137394,0.923433327622663,0.3927816344966665,0.28002027801049856,0.4029371798411764,1,0.14095887911235705,0.924601798668291,0.7187369654777296,0.8478030501552452,0.3493318948940397,0.6096008280623749,0.6664441419472243,0.6157434123514702,0.8620991806567412,0.29243683571510404,0.7263590476951018,0.8290416359865156,0.6088364418913529,0.342290933157519,0.17959230594270337,0.8975337163816082,0.9398132348690361,0.598521602703974,0.37962158656916556,0.015737022577449133,0.9848388064708062,0.5325933702272679,0.7040647917158972,0.450066497559066,0.2594889762590775,0.5889571518468654,0.5053248812165664,0.8414507189557839,0.40910568941794745,0.23063354802831415,0.6385758460300764,0.3151460599514434,0.18595509866226256,0.5430983553060348,0.8970297549267692,0.833305257263458,0.1913929202875757,0.963342314346509,0.3697882196135812,0.6016891775215137,0.05639626752335236,0.1835394413911141,0.7486169095293206,0.9863361868120968,0.7659765600524688,0.8125566491360676,0.9735211188127764,0.9500440115779761,0.319616659364492,0.29884586791685896,0.5324809688090792,0.8916060396706593,0.9078216626274266,0.9789725628599392,0.6810926522878901,0.1922507579286934,0.8600951286356904,0.8793164305376207,0.877984365587843,0.9012331688432975,0.9884548249914055,0.25469004995350764,0.020449013803023885,0.7466362440952184,0.7995727046413464,0.591967293257753,0.7938152766080065,0.22772578272667654,0.31010949809106136,0.1765081787541556,0.7138241614835218
India,0.9796995263459385,0.3451436344093278,0.574427178607231,0.8063664652413652,0.92831173664304,0.2521114563310527,0.8946374469899097,0.9281892388914017,0.7068497459289041,0.272607998166127,0.25433078380721186,0.49831725898915036,0.39039297097695846,0.39359639978466876,0.01305032480645163,0.7957560545885354,0.9900622532922538,0.3969591484799574,0.8851398200310994,0.19793694074956492,0.6350568771607572,0.4226760276410261,0.4882488328381841,0.17351223042125385,0.24094703104557436,0.9758077152342978,0.12772014060017967,0.5728249375286083,0.9714618748625361,0.7715953437824175,0.6850611629785995,0.8226747233382494,0.010379227677093095,0.727454467448999,0.7959517672323551,0.760769202399943,0.987926206847095,0.5120552863443099,0.9129782886462876,0.8061551859305475,0.7905277737835157,0.32892124936034506,0.7052452234869885,0.1664226069174054,0.6046867971420619,0.7237615778127303,0.8694038024398802,0.6959150838417527,0.014281228355337294,0.24126782314480733,1,0.16689596197629974,0.10637028376721347,0.21978320802272622,0.9703575640177744,0.5494445956140087,0.9070179094210435,0.8771223645550604,0.2831936069100489,0.07563676214707038,0.04012821422812696,0.2432753780522734,0.9607476113173209,0.5011396026459921,0.21924567647343385,0.258199587098335,0.9553738933106636,0.28163097224349054,0.4371499611301346,0.6946019257899743,0.44711120514158764,0.30621766942493434,0.9153939476814003,0.5149369012170746,0.07286964609475954,0.13677436985561742,0.24205668188956275,0.19498882729385447,0.8350923563664256,0.5937337258011921,0.7456273267598733,0.8446502185242459,0.5858922989556737,0.34280370311920383,0.6573583289358087,0.7048443677829859,0.6522257597715084,0.2814931817926898,0.8625559869908794,0.3425977674089633,0.442219499049437,0.3086573080747682,0.7173737796502189,0.8813771768527089,0.8196373640427171,0.6576585489481923,0.09703308882372885,0.016507179294237506,0.49878738698484826,0.24434265319277038,0.9451878330499035,0.9597244444920777,0.4616629011836956,0.5370088666826274,0.9361209195351837,0.5921985125226873,0.7683245462945685,0.4528934285195245,0.7333430282143893,0.8529429291562229,0.1440875699344598,0.5767434164853527,0.9719218241270614,0.8622458473583524,0.21254006644079948,0.1267834845043646,0.918013447897548,0.032345354706635576,0.405266143792827,0.8972803344298736,0.47832958567664696
Indonesia,0.7443622820153629,0.5736059689650862,0.6698793305353782,0.5030464212075759,0.6477423967325429,0.019199005472327557,0.268923493424451,0.3163905219334384,0.8966762833736232,0.31500685033236164,0.7531376204757921,0.6330756881612921,0.3763814611740113,0.9326642673372777,0.506955039290578,0.6488428075967355,0.061622965943869956,0.44282955316686,0.16260919422268194,0.6425629865783691,0.058703046735014475,0.09492744737970116,0.3414209219954858,0.5060354225513413,0.99489725571246,0.10782231232775763,0.351261937484424,0.7988407219477136,0.011938306937280485,0.9819671909817438,0.8224758874525635,0.90196614879171,0.6939366997742674,0.6263335439202875,0.6813146841428666,0.8180454262869952,0.6872579281422564,0.23298574846577058,0.5311169938733862,0.10127553919757437,0.18282090663526696,0.10891785561317535,0.10979491632961713,0.625881373095509,0.06864774568658627,0.5745417106293633,0.6083134088402283,0.9942069737210624,0.11193177215061412,0.7513876105336267,0.5112656458823587,1,0.08370778488490493,0.1906990277754529,0.2630232720940219,0.32647677695026056,0.3462335366684728,0.8487776570634027,0.8785933713429847,0.6745015062225466,0.5906441233732646,0.00605637449932761,0.617917396994068,0.2856936195311971,0.8096611353418531,0.41197420228010384,0.21454111276783105,0.6247007307632061,0.6775169997437455,0.23923386929020318,0.5054542575452811,0.09515823178462901,0.14383315582632172,0.1888604102618331,0.4776570957627453,0.6266873115159475,0.2743555264253117,0.28560074311781103,0.008031032323252973,0.9022823962038534,0.3868665105645328,0.26780824415514903,0.9050290657336322,0.8211163065692768,0.908914092437475,0.5757115216506145,0.2397525600455619,0.9374467431823388,0.6631999701751334,0.23274718136638084,0.7294682572170815,0.10599307538602099,0.6541551899645893,0.5649258873400709,0.4078320564170259,0.05114806782347736,0.3590926783079422,0.08645215357727465,0.5948467208528142,0.9373478920213174,0.1284988894829816,0.5214665483332358,0.5898533878882883,0.8231744773138833,0.5298800968707194,0.950177067917574,0.33723304258796116,0.18385944980598756,0.6452664235757096,0.9211886618678768,0.020122729426641284,0.3765637673033374,0.20197404212322156,0.39900830332177495,0.7038760440909179,0.11156615841786455,0.20519983693592703,0.6127945330150759,0.6401069392477956,0.88906842533333,0.6473092851457595
Iran,0.9324283138765894,0.8621753102893761,0.6225359212110215,0.013349751267987986,0.941169907664072,0.25131613348827264,0.39598464628164,0.6285481935865643,0.8566051765946321,0.16621266005544133,0.9727805509310438,0.35242947929130564,0.833457859910554,0.9991756258543473,0.05807719569218173,0.8541425958235294,0.23826826167474946,0.6183412299662961,0.6727697191287091,0.6388140675102095,0.15084990726725267,0.7255407767565522,0.7137433079556103,0.4847802440629062,0.03257918350315281,0.4686708216410017,0.30258970150098996,0.49535817085408806,0.3903006037597897,0.39792860036109867,0.0842431226249033,0.3159081878849579,0.8299585059949992,0.8631333982164601,0.14425592512090135,0.23297905608754643,0.4233958453921216,0.14105685674636426,0.3755496028850932,0.5951640249063546,0.9629953319719009,0.246571645635424,0.019330108285841807,0.35632254018478426,0.5099739293868681,0.9302986753241754,0.4800150397977353,0.9687220531294035,0.8421640938225377,0.566076771267946,0.011403803222817421,0.42903016195534893,1,0.3618189896088668,0.8504989055813819,0.608745706937898,0.6008268595729207,0.9616970401326161,0.05261166351420721,0.6218237071920645,0.728689544483032,0.017064680612987382,0.5605201012305888,0.43479545350744697,0.6359697020938483,0.6715773718765942,0.9446657326968169,0.45642266901836326,0.6938902242132563,0.9446366068343749,0.03701692266961609,0.3138405412962072,0.8145831434146868,0.8929395778301905,0.7213996874770481,0.09605831767106765,0.5732804126508849,0.8660869121520852,0.25227221594610694,0.13926684245523524,0.11592728581139056,0.14232268872926968,0.05379401855071575,0.08089127002310392,0.04009145381388024,0.5272209321560897,0.13294105647496746,0.2701589144166552,0.8585729950897235,0.07501426090718155,0.8523897507930416,0.470056151314199,0.22594086128895108,0.40100048146670275,0.17520833332635521,0.2973403046121661,0.9481877990274848,0.34386696072265166,0.9533614182186282,0.8984517920589487,0.6125763065799755,0.15787851236522543,0.5085737757710989,0.9820390691827513,0.6936742769087704,0.9090984353947886,0.7048431073732409,0.9446050362488785,0.5642424374905283,0.14001176796497916,0.8885436258770911,0.236261806011963,0.36051966111329725,0.3222366234580607,0.891428812650333,0.14037296424646506,0.5953471785601964,0.39716208425135535,0.42363135878314084,0.022241275286624007,0.6032286786508386
Iraq,0.7977482304259078,0.0904211616195596,0.7729964896843833,0.15342413657403187,0.17482596557334096,0.1752631475234453,0.5277092512223621,0.33032974682439453,0.9439160732896895,0.8376286128633096,0.8065838293849542,0.6586230597927324,0.4249197008338186,0.7874811393295502,0.21504625112539666,0.10038594025098357,0.02958227918449452,0.6873799432730964,0.6059926243243057,0.4998961987723797,0.652427440237525,0.15173447734076784,0.656497742548626,0.1884049827887987,0.5160669483273338,0.13586314351865258,0.48728775234508115,0.2370046543176234,0.24865550558165495,0.8573926017600763,0.07288603193963494,0.1314794330134913,0.40571854320433487,0.8710401549274404,0.17711459161272258,0.9181033266419443,0.30386714651734137,0.42956014162427636,0.3765773798973818,0.8579124204768663,0.4024352101901677,0.05199971564246686,0.8236901168581889,0.9719414357103817,0.2940063226447309,0.7803715544334409,0.17679152880922155,0.7121719083478799,0.5391979819668673,0.628569914227309,0.35793323459038495,0.14316544907408446,0.19709759237210045,1,0.4172807462402449,0.6215914772120317,0.0105821076922743,0.2916098493098831,0.9627065521392294,0.046787342951160826,0.43654136943889543,0.19101727921862166,0.07419826514012462,0.34419451121923816,0.34867921841026295,0.12165091555498686,0.8322173134059342,0.9079106356604719,0.5307974053298662,0.9847763987541638,0.8676786515289808,0.9135996732808555,0.6649296294446149,0.39955174498196855,0.5215445178537083,0.7440238024303838,0.5154853905485202,0.9441150273590468,0.5758442667052787,0.9480076822005581,0.5682441063600452,0.06321367173927195,0.6922152866477738,0.2584213143116899,0.26582556571630556,0.22164914872647,0.8642972509979834,0.5826638303249372,0.36596037340509646,0.7273832699652952,0.28067027505546016,0.17005213837425015,0.4664583030786774,0.49733444656743864,0.28124550104431445,0.6901945207840121,0.533005258094776,0.9956811213614419,0.5484097256362361,0.7054063249672483,0.6467114406192425,0.5762553861862408,0.996601764357779,0.295463939883846,0.14256649253103537,0.775993889764461,0.7614106262896423,0.015176816740001264,0.2203194923231402,0.312581332181053,0.8786723336599538,0.2192228826313697,0.4742756884622982,0.228996502706878,0.8560326473917487,0.3729920069082199,0.5521381281598997,0.949554588776406,0.5152013858733827,0.297480241217294,0.7190492369515985
Israel,0.17112245624852718,0.4132437226840745,0.8262277825213188,0.3809056220290218,0.9695196253394525,0.8503412925647212,0.59733055843708,0.8884129176717478,0.746712018085039,0.2012578668688264,0.9002036809787646,0.30916603704935774,0.06009246540848201,0.6025115646474938,0.73446148264645,0.03757650922253797,0.9813989108476147,0.8389276204403814,0.2884116782894409,0.51759518224462,0.6772600721692938,0.7827951867546806,0.9488409890522288,0.6476243367761256,0.0965425271966287,0.5774768115815787,0.825025947895317,0.41077142852946713,0.6208081815557285,0.8209791192297958,0.869011762973873,0.5076801925249123,0.9258444886482323,0.1309344724919409,0.06563666232894705,0.269683374915595,0.44921735157235343,0.022393946899360917,0.5486403778096175,0.07288722849035556,0.8761027641556884,0.09735331958140148,0.10009950594312489,0.5965119530135794,0.4964794319032091,0.018998791309023266,0.6374282615095089,0.12229240596686286,0.3546589241459335,0.7430480058077926,0.02241342447573791,0.2645810633700153,0.5618967251119413,0.8889100627054994,1,0.8462657839249962,0.9004145518321062,0.8648047411629228,0.4185080837705566,0.435531457358304,0.21894109229857617,0.7820907192444726,0.4498204640840435,0.008694476445759047,0.6379221920589734,0.053390317434170775,0.8917671497799614,0.8711015552421594,0.531491755989677,0.5791453112880152,0.40916618401795657,0.6268661809255626,0.9523363307926513,0.43509018403013067,0.5333772986994465,0.6063221178316243,0.4731718972131552,0.6122826433174201,0.44825715218523954,0.5267480516240625,0.5158550115442369,0.03417642251945996,0.31708089564001685,0.9828919766684852,0.6764837857512815,0.20996770159538114,0.9255752365908736,0.6230498620042312,0.15283254773447053,0.7534373503102965,0.18088359075532257,0.4523067685706468,0.17213126667597867,0.07150517178041371,0.3894768776653177,0.08030948595538345,0.8007709968556478,0.945177252808271,0.027581522285973215,0.44332069041592703,0.2009826525210493,0.7521202246756485,0.9041661282098858,0.8140958346091941,0.512229936012209,0.418966618723264,0.1666453637510784,0.9359792162806747,0.6354932852443305,0.022412894200572242,0.6134367391551822,0.6938539964000062,0.5877390283222395,0.5461938758331605,0.7594015196551895,0.7095692326699571,0.20974608960902685,0.18309274069506631,0.43391120181282694,0.24777282641062448,0.5290104755881451
Italy,0.2493627585509124,0.8476548785663699,0.8588863624292,0.4630883127887687,0.2747117538997573,0.9601812506884579,0.4191777096175191,0.4461103692727929,0.3438238480319459,0.020316546910108646,0.5443780940636495,0.17178387520239258,0.6985250099741842,0.4109632221979469,0.44556940659997524,0.6063831479505114,0.5128669024012619,0.6869294989999197,0.9862497010824162,0.8704165239967052,0.8616824127854796,0.3736317332535942,0.9507255750797122,0.24846716634957022,0.8592995660756533,0.43600216639936396,0.4904023188415513,0.8525566955418615,0.9628514616971139,0.923251201409367,0.7518586229904162,0.23130618822558757,0.6199958992335588,0.6710813245335299,0.07591464440549256,0.49936668745308754,0.7655225273820259,0.2611886910600141,0.8277884319098048,0.02416681093351547,0.12112618052450619,0.43850803911374325,0.8174365536153855,0.15153368501490339,0.8140588421089194,0.9588594249133763,0.48572497495548317,0.6806803721868782,0.4669997051562744,0.09881861739591968,0.8266046469635262,0.3534875486326545,0.02904651875174491,0.4059481071494613,0.9797511996755777,1,0.9459813280308582,0.09181685459877476,0.5277248901478374,0.9381286767802206,0.9297071315534275,0.3349931169341249,0.3792659426216879,0.7223330416899,0.5318771109417808,0.7407075142289106,0.8568781270249857,0.693429214359168,0.639367246191607,0.5874381800066315,0.9552310805584002,0.6400775352857675,0.6276585176621913,0.9304306521461454,0.7862479725534498,0.25764220763468315,0.7885953235763521,0.43351012114622245,0.3730823669194617,0.9776108596451754,0.21936053400356392,0.12273638657212893,0.02580793387396918,0.848131652055052,0.3470276948202896,0.3151131365549855,0.509547794555114,0.5638069590634422,0.8017042322618336,0.9939623553079192,0.3236920432198467,0.5549627322385913,0.15602825234403794,0.9031628965093569,0.9754681617273762,0.0947158602065844,0.5645943318507542,0.7059327393301601,0.7795714965782514,0.07591949919000862,0.13373448288640344,0.6477098378382583,0.7731428780206835,0.46069840656213046,0.6103995020420118,0.4364411017188903,0.568262549336267,0.8638634994350689,0.660575207108677,0.9921402886805993,0.9246179175667522,0.6372972738110518,0.4159744893026399,0.9052836923061288,0.42341393294239416,0.35794510055290996,0.8359742920818664,0.9901836781158726,0.9970433402083521,0.4889113689951319,0.5047100544137718
Japan,0.5310865770934644,0.5659925262757015,0.35600539023648337,0.18120168961629934,0.09818925422777747,0.6397154944964354,0.9331883784441417,0.34383050201952026,0.8619560885164037,0.8806888177372649,0.6670363071646566,0.061414353845558156,0.8475553442523527,0.7619656513266996,0.2425102481254332,0.1360545713561957,0.09425872602748908,0.6680564471481082,0.3695729508945864,0.3885639007596986,0.7695232054166231,0.17345500558430316,0.23212854706950437,0.9280737625260438,0.8431561876352434,0.7481260129912212,0.8824152894235233,0.4036513727091283,0.33879421484226346,0.39787822132684614,0.5307907404979593,0.9341703660547931,0.10115535025100042,0.033458702507020655,0.7493052270194493,0.3237361527937087,0.5101270598021587,0.17192136681932946,0.7740064284528793,0.6323337262611417,0.4952313891175022,0.6649542213719296,0.9145864299458519,0.10845082800708195,0.9791980623770556,0.405947638461182,0.004751434864989634,0.4293023428104602,0.3070209194377018,0.9032242759050103,0.18995687851137932,0.7262049845827333,0.5238776827723975,0.7326049106959402,0.28094375574724706,0.37023721449614255,1,0.875345264368789,0.21159039754540243,0.012397496273670705,0.5646001016641744,0.6693005360146422,0.4358193921503234,0.8735880585318665,0.8357332715143297,0.9842613345832012,0.40685616337301134,0.32360108046103486,0.05493456402587915,0.6220644888917698,0.21153954858367563,0.058967145163775436,0.503493522147911,0.5109604455603333,0.5667671965443214,0.1614520548941386,0.9337462507251042,0.35123678399743474,0.26180422345505816,0.07493136735678574,0.5865411096662311,0.9183642199938821,0.45846938050643526,0.5732967340314127,0.5169162237305639,0.8355426216705399,0.5022705401857848,0.27569772795045255,0.5548994458005827,0.7226088193420459,0.384432958294595,0.7143205838589145,0.17815602011562692,0.339326346043738,0.0969303780683245,0.360569061876828,0.24462164307031475,0.5860595725897912,0.14101379642192047,0.9933706567696104,0.8336951319952136,0.5399916668617697,0.03828602840820128,0.001583681719862895,0.32373369761845383,0.6690458910931684,0.21510667010690376,0.7641463206760732,0.9900267186384659,0.5420440790670893,0.7975671425806505,0.04662187984964006,0.5820340973544044,0.32607828152652707,0.03732615597821953,0.04526376585519676,0.7596491733968469,0.1810085140147113,0.2553936488373518,0.7420940493944161,0.23162111419041131
Jordan,0.5589712096222892,0.31514918205154385,0.054318745941637436,0.2671004757621156,0.6461935447289341,0.5152726608768516,0.10819542141005323,0.7581304222745484,0.06488633000446342,0.980106559054186,0.7270964772781474,0.510121641170571,0.7487836999664678,0.5826589140026385,0.7254234878653036,0.7179638768566038,0.4465990089104199,0.06825692334573474,0.2577031321653087,0.8310782371433357,0.4439317529696155,0.19032323457286182,0.03490701699074095,0.15807434283712585,0.5537838936261917,0.08224715872336696,0.46001014639465077,0.6237904382650733,0.3533524846502065,0.6882324240744772,0.46030200738893046,0.3661126620674864,0.7923414267233654,0.4294155268938715,0.5490592274087585,0.8345629815906589,0.5107570887735866,0.5449234150512499,0.3513242072356947,0.861522576074499,0.2667699390359648,0.24953715183177116,0.01841708134534281,0.7296054939950586,0.22698010469657748,0.3711006263078561,0.5220777221497351,0.7526342364433821,0.049132406625043035,0.15832248886329048,0.7855482589883749,0.8442674995919117,0.8615027827637206,0.6963801099403069,0.2938303423008125,0.8243257335335216,0.11653111455250509,1,0.6255716065018638,0.7571954256749709,0.6302840648728686,0.0946486460872411,0.08112521974502263,0.25243574549812575,0.7604992802716817,0.29718480668561076,0.5429774194586718,0.8166581845061336,0.8827579440549976,0.2652631442173876,0.17689901531206753,0.07457733679118406,0.39904068568487316,0.8673742702022282,0.9933089547089546,0.18530215168595288,0.09938419140224608,0.31026801889424005,0.9299764838391779,0.19708815406751645,0.860254275773322,0.10330974010870309,0.35235045336674775,0.2673369973488865,0.32454235843872126,0.39389207503848034,0.8468308686161955,0.6313768997732442,0.9294794627024903,0.46995361230116006,0.629142221313488,0.6805079587279708,0.7777842297269728,0.1303629420441007,0.7447677373293582,0.29765666832122906,0.032458168612889526,0.9016911937440375,0.9921818633737208,0.3765403878035344,0.04815253744698522,0.4303916628624631,0.11363859436511636,0.02221482109185835,0.9456588004049473,0.5356083852576496,0.3747068767758793,0.18172641951782587,0.12921982355258554,0.09439241768127682,0.7567762430088765,0.019042561946016945,0.950139776006442,0.7165447466658474,0.5520912073447805,0.6033311211518613,0.007334386423879069,0.8523230454046943,0.11636537441888417,0.7922202928970625,0.35730302940344383
Kazakhstan,0.6848702155538534,0.5328092729782371,0.7930102945926458,0.0777113353450315,0.7102861532202178,0.09112532135563167,0.8884084111620594,0.4335324504018224,0.8695988250914825,0.12335806973947472,0.1599178024491804,0.9988362708244256,0.8350413961699686,0.3053852657653321,0.3401477886290998,0.692650737549006,0.6490453464540704,0.3906113981894178,0.8129117816949016,0.004906714858849637,0.24386576891050116,0.5030178590576729,0.5865402112837037,0.11295352650964818,0.1690626268379527,0.957214494997713,0.921122707436399,0.9357916096518893,0.5732176452977491,0.6291643003862243,0.060611622139086996,0.5655135947583877,0.03640143150971098,0.6715127258693414,0.19389576278105292,0.21040858047379007,0.9240057035121001,0.03914316571908616,0.1667176623039618,0.6099114428193325,0.4354331167554213,0.655408831429767,0.5398655983048583,0.045346944808645984,0.26414680078345343,0.42978658944275516,0.8166841363810352,0.49781519930478846,0.16181758766490262,0.6830418670766606,0.23282120894911318,0.28102961035149165,0.3053234694630148,0.30337134454585957,0.9161526124067204,0.9022880114036311,0.19387744478644897,0.7409225636289589,1,0.6235478196733666,0.4394755715239782,0.12753654068170994,0.11442000679195785,0.8987226041714832,0.9114251903569794,0.5743950637396676,0.10240391687580075,0.7654919075191072,0.584599958686725,0.8826078750719384,0.648914745006232,0.2981305376483846,0.2706699165709422,0.8070547594912847,0.5744972225679366,0.9945368904917758,0.5663761688923978,0.3294000123355242,0.7403222789119165,0.2619109876022059,0.6541078241335034,0.6075383010559031,0.13895561531372025,0.8023638207000523,0.9672146539901166,0.8890912398614759,0.3264989693206731,0.2624273330951772,0.22551209514417703,0.04214534115597213,0.669952539352493,0.47834610258027876,0.8505211395767621,0.2615578106582376,0.02066200808992502,0.3013147561356746,0.3705948749978234,0.5881986628110175,0.19833731304197844,0.4581563992990718,0.08071854860679362,0.7340987820090726,0.01852569522449299,0.32359905981726145,0.7072684737555669,0.7561738899072026,0.45481801129260424,0.46721029538680137,0.11773530541614441,0.9223454534233958,0.18721961009627353,0.4058572376068075,0.1852440669866292,0.41401748446187214,0.5761437038071712,0.1343056210053748,0.5359011679492363,0.6923390150447087,0.2419459344227637,0.8313640639279298,0.1074488786957073
Kenya,0.726810708805226,0.3861012239788305,0.17586714089492794,0.9840530763309517,0.8877093638455273,0.7693752089294282,0.29415324788710706,0.4508930552555682,0.9102795221681632,0.9785792514119998,0.1394864445166223,0.6892483502421054,0.7341300128927939,0.5445546896270017,0.1827287165136393,0.2751494836855234,0.17340867526115233,0.47971061342800925,0.34844059259569704,0.8895783566192647,0.6867532595572476,0.7558339155868007,0.4671856860559064,0.9495087178065177,0.38548656281726834,0.13917299475673828,0.3389486511171186,0.8491578018772735,0.541568293920523,0.6563299020263637,0.3228188686882827,0.16718670686852022,0.4494258737019071,0.15278110882402862,0.17065654145042908,0.8936964661713219,0.3250736594127286,0.20490475627519722,0.46123765930505245,0.24540261214444647,0.04530583600124438,0.5764095129829451,0.0928902021673389,0.17628578212406054,0.38330227508184833,0.5345134035757596,0.5064720968712232,0.894044632904015,0.6137291646957141,0.027618794755025045,0.2903275914307475,0.2361353116143068,0.8870841670733339,0.8958341228077806,0.2665796073856197,0.5203765342877739,0.4049628999269408,0.6306231124770612,0.907628159558466,1,0.9487499521959499,0.9073605392682887,0.025235655869975226,0.473626194344137,0.6894768739472135,0.41391012705260355,0.9201183377599177,0.2045930502886072,0.42494997434889936,0.6141632461174489,0.7739340879435378,0.068302445255924,0.6153876608295337,0.3916443879860755,0.3681247614319161,0.9359968598172942,0.4347212713119395,0.05568906089514869,0.3774841912276625,0.1594788748595477,0.7378309457077482,0.7435854584107964,0.6312962305503734,0.9532049762298733,0.998561209248581,0.014512503233980789,0.20471575032036637,0.3106118775048008,0.954009926891101,0.9092554133603005,0.8405359376999103,0.38657975380227794,0.21961463155588767,0.154831658797971,0.11111519514439372,0.40709344532516056,0.5447425075697611,0.20257002612278896,0.15682752231091113,0.07139008231059829,0.27395533452313237,0.6060319844806166,0.5841845460440036,0.9866829424875451,0.18198543983631554,0.49719777114818997,0.925244086384791,0.04984538124029292,0.24416757415340884,0.24313374681883493,0.10897874181045664,0.18823855735536366,0.5328369838057018,0.7372601085017211,0.456993980861504,0.19854016932277863,0.23566014668086743,0.9316936500504368,0.8164359402085404,0.6214581169638075,0.8939681246145943
Laos,0.8230001580790827,0.7982413424546178,0.0031061360787079106,0.22445420393870152,0.2983224443357583,0.8687250112562155,0.11618031255506389,0.4177686010441688,0.7626041397244071,0.9233506002974737,0.34565273740850855,0.49632433298382017,0.5438362363548738,0.054177715629240675,0.33413987468937845,0.8347204481461168,0.8589272085539227,0.6501018130564276,0.49813067516483467,0.3526159837429975,0.3622264285367425,0.5648400421534017,0.054867968505381115,0.28346667537168535,0.3943849764147501,0.8679015666911913,0.8127190897265577,0.6403204752913342,0.7122694084035058,0.4013042036897295,0.48587088435268666,0.9652075526131179,0.461856104488659,0.026276819206325852,0.0745059099543477,0.16745825388997648,0.45976755168477434,0.36252617081138094,0.817139472281483,0.7586260763764844,0.11113780947315033,0.2507209386330328,0.3464061989904855,0.09705163741250378,0.5258731339273681,0.2121254715047991,0.06124942608911388,0.22830015114038582,0.4163857834246655,0.7534901850425223,0.1548733294943554,0.9184729129072386,0.5892909926085375,0.8575503096461177,0.15227976381017494,0.6167694089731605,0.9114706321320821,0.19550820140910674,0.6831617776788032,0.39075569438255275,1,0.9801811668972337,0.23325318714036458,0.3521733791286916,0.9176241957030836,0.8384411695618521,0.967361494360494,0.08404341634808044,0.7171891243049392,0.8248109593235784,0.1280644322545168,0.32962842876972653,0.8756787024495332,0.46318648090659886,0.10824880673325699,0.38040068924708603,0.5353966761452995,0.24206132737475206,0.10278050951397344,0.4496210549113441,0.3546751499789681,0.6891834752210892,0.35185998895310533,0.4652570013524322,0.5721159955556259,0.5397282928198703,0.7805432487667243,0.4851260795743009,0.5837203567290792,0.019456600467171348,0.26371830408797836,0.9147183957020796,0.9790383568643166,0.8246707141995165,0.972159695309238,0.9401143256156307,0.8492810302774811,0.002349470036758561,0.6868451492487108,0.7567945246654739,0.5871978667019806,0.9898981477733713,0.5028276665923048,0.08633369653366951,0.6084799894774243,0.5302778038283184,0.760647423761707,0.9603846743642209,0.7075884699925478,0.6208087460758007,0.26303639698434167,0.9379765315254782,0.49805194651646045,0.07216940661938065,0.7034531013638285,0.006300139600987187,0.6755931974211604,0.5913914808132334,0.02389877967879206,0.06573319997645644,0.918455158254431
Latvia,0.45991335540424483,0.09272812503986227,0.2535883759212725,0.5540450978753901,0.8997925123478042,0.15136216549236892,0.010708143101739842,0.47147886722442744,0.1502466196190384,0.4850882997387427,0.0703576202088596,0.3939799434264486,0.6508450711798643,0.7635269962615603,0.24150197835497622,0.8630656921627781,0.170859609040225,0.5259160601974148,0.5503282148565719,0.6577804752806771,0.21696750053231206,0.6536181456067477,0.17039500399784424,0.578883481642604,0.8121701823695646,0.3442568709413638,0.09731590916958965,0.5274566137553571,0.10514791010999047,0.48360288839959387,0.3363700201997615,0.2459314732969231,0.7203810792333335,0.9152801473896643,0.7721594445328426,0.37136380098493305,0.2189109958740756,0.2882150700889553,0.8058698490084365,0.06716559735382321,0.8508317877507099,0.6637800649501134,0.9419298742115323,0.6770036471235614,0.7579558357211401,0.2665369615521228,0.3245457481202013,0.9603364960008376,0.22147498695494816,0.5431144237125602,0.2069708848894729,0.18753152477231683,0.6881890031987368,0.4232760191567937,0.003112172802322899,0.536560645973934,0.35186546847140887,0.14662348238313505,0.7990464082630997,0.8249399253404519,0.9050378126084156,1,0.7027124934036932,0.07188497766592328,0.5875407950705837,0.8436719176140643,0.9839734211614487,0.6139484068468125,0.8857216027803261,0.9261381903607008,0.3135161607663379,0.6528741234539821,0.8076440760992775,0.7035912118663733,0.054932343542702156,0.5821651565419778,0.6759460797494427,0.36583771468296056,0.011986000535064156,0.5274915469412129,0.2448383603015004,0.6173870985737825,0.8165124090024207,0.5527164921605192,0.14910727502601118,0.4256840950083365,0.6698596540330864,0.07825203603206254,0.6728458382519467,0.6355610258713517,0.37767928207403123,0.2588203338231654,0.552383782022415,0.31224738674102714,0.4761071222049583,0.19277408692550413,0.5927873563825615,0.8172657831407427,0.25887431914923076,0.7992390871047942,0.5729629947381666,0.9889501143491354,0.9135977641095624,0.5964489675150757,0.9915852419770766,0.5577991201681501,0.057428992156481895,0.2436539922958425,0.5042290868952904,0.9818992530390491,0.11860046786186962,0.3061480754440503,0.9283946752340342,0.8327462791048467,0.4392632283536848,0.5337447783408522,0.6425251904102556,0.3003658958451899,0.9054689487580541,0.6949021251781923,0.9484565973652688
Lebanon,0.2522361858813944,0.7103034794025757,0.7837627090653813,0.30716231665085125,0.310382428842232,0.7577999657030827,0.6258302874075616,0.2995296044637713,0.6722883165022391,0.6094535748465022,0.9230518692786288,0.62168146449035,0.240965726705879,0.0734620140142318,0.9382101260341322,0.7968924328248038,0.7609891661846854,0.8496877631902595,0.7674423516961196,0.03363967473304774,0.2280329871943204,0.6170057374104146,0.11726671185845872,0.5843476911063266,0.05819901510941872,0.35516900608734203,0.47950484229935586,0.19507043986574302,0.5928487163857482,0.6734621185893035,0.5792231385416605,0.6631173638473238,0.3387842264939981,0.8346448689768874,0.661027558508938,0.5372533780492389,0.5669202293121021,0.28242583116909614,0.9625091728657238,0.8223391206993336,0.7693999754630241,0.5759700083164209,0.5043055947165872,0.139583244163886,0.09071869797103038,0.6758423205997972,0.9839911854689086,0.9821210373247142,0.8355374219667716,0.7997314374542512,0.7512517601845948,0.4144352504952469,0.15016416989143067,0.26446921758447883,0.15076009407271962,0.4289833184051681,0.21976576212234833,0.47292328453681876,0.08207569257875436,0.5539458644855929,0.9759845277912079,0.411036878486973,1,0.3188172964481729,0.010294375290044733,0.4119018583637025,0.1680142098326901,0.41243570637491755,0.8285765670319343,0.7459688605806374,0.4351267917431315,0.9254855812443372,0.07794763461313647,0.8690195366473586,0.2095423432281479,0.6760539939472449,0.7136496077925041,0.2597603525307114,0.3462298183003537,0.8162924331728059,0.0712176555081726,0.08913883645201948,0.27051931053080547,0.8635362980327732,0.6351507790559999,0.23465130238588483,0.21892621073574303,0.32946731102581805,0.25275127942502285,0.9156112634945835,0.8987685923319513,0.31947173734444445,0.07574295836483724,0.40452171740351006,0.06375997584312698,0.14005761537878147,0.8797883522029287,0.5176846962871628,0.603428231972374,0.9127985722687368,0.7811567694895197,0.8691062683885619,0.9921382660937472,0.3534157278772524,0.7559708656219066,0.9500951885925955,0.19955807106758838,0.6315328873975798,0.7632187848306708,0.7162983976745622,0.2281809769159182,0.8953689802017478,0.9372734812023792,0.3514621459194113,0.9518525592836928,0.7391787675580394,0.6829184660735659,0.3282960782136769,0.28606258958456277,0.16025646865329646,0.8563591248635359
Liberia,0.8213879674895923,0.4519567379039857,0.30125930382831123,0.41651524288053143,0.2609600674299214,0.9421615017883521,0.9286871321079255,0.2675784131623451,0.3764383347460093,0.8220533829158335,0.4872090433735865,0.4171997579665263,0.250857708531818,0.9117797098636434,0.03975011714351917,0.8728220882646517,0.13551800535324354,0.331836647016581,0.6274508191228345,0.2112724585960989,0.44121450412804375,0.14359110478863435,0.8120059192381336,0.44971713447088735,0.36574138898384345,0.816171280692896,0.44755441733993295,0.12317142735171727,0.3672560699645261,0.8973072139630032,0.6099501143498318,0.18582597117474076,0.767057784372149,0.11754478416084846,0.9104724513120204,0.09750005728713373,0.5130455997130988,0.9897930279372379,0.5735941960137041,0.1724608836939706,0.35664407991030933,0.30907197780217355,0.25110804647313556,0.6152472426588389,0.27555390591949414,0.8436133292904181,0.18964159632216648,0.26340132797072446,0.6080156196503215,0.25762754361784457,0.24766426196538982,0.40731215574533786,0.5803150672740929,0.4062619043776403,0.3845372520499829,0.350584886525087,0.19038856822539163,0.5449868967453539,0.20041884303826474,0.1905611690978386,0.812384060767354,0.600659015816689,0.6438079897503318,1,0.05547612051761075,0.649514170805471,0.025431924112053417,0.2591030210790781,0.0484992715856849,0.2146810138054035,0.745958121469992,0.30778256274171123,0.3043178668124107,0.2329127926761808,0.8658554351579406,0.18489992334122374,0.8811053614027601,0.6943377012847707,0.43612870869275955,0.8936544430419049,0.6423221986369108,0.06938839474778202,0.044949775295667016,0.42454158417226173,0.8420227438433072,0.7352883602377617,0.2959773253041479,0.9626912595760205,0.6449189230485822,0.7824217067474338,0.4571162444228495,0.3676375887886306,0.4428898796949412,0.804707455112365,0.9613035606651742,0.1172213718683901,0.6004021750719664,0.28849896519266505,0.7044712127811206,0.6376857585066406,0.5181905212168512,0.15055679101973896,0.16918394876099496,0.1854749489340899,0.21185119342662573,0.7471761467313605,0.268196755469984,0.5651908125949956,0.016666446102007515,0.7349963280050236,0.7897014996696902,0.6159669173929114,0.1620962172979281,0.9502360303424988,0.668266487125894,0.5809242287448353,0.1789913994524307,0.1976207271450161,0.7814311577203671,0.708829310774643,0.17741353434297902
Lithuania,0.6597104041707652,0.17541252022695797,0.6917437041634028,0.5414965065088444,0.8837649197774119,0.5328040382261932,0.22191824414564598,0.6179018689584792,0.2180566834902219,0.302192550318953,0.71187818368608,0.602802079363126,0.527921506325828,0.6858820171117529,0.09048666540563344,0.3559952218207789,0.6247189441032042,0.07462575024749663,0.6469445964427201,0.19945554204174487,0.879773590220269,0.8272973696836634,0.9524856443495071,0.955977373600352,0.3302785315035548,0.300424490677773,0.36108190994573486,0.9392016857591692,0.5086928069526502,0.06874745570998941,0.04226081370033363,0.947348326033178,0.004587311519065107,0.7845051360987488,0.3423781811259353,0.8836959728461982,0.35034479814886355,0.2512044577414071,0.9635136225313007,0.21242531495971229,0.7307544227057017,0.47024069792123946,0.5454814791403158,0.8064002890781273,0.0555476640625675,0.9656268557236701,0.32471262728680816,0.8392765338599105,0.8900822833255444,0.5891789813095674,0.004507582043956737,0.8214576911304546,0.5728763363307309,0.15387210277168617,0.5593868135237827,0.45051589340128395,0.683913155541763,0.49927891284157555,0.3288441748989136,0.33942237639097017,0.7748011673795819,0.596709405540647,0.7239511740772985,0.7777947881466912,1,0.030554813300673,0.17387190626880145,0.9939991454688207,0.57227254582325,0.7510164222955187,0.6693457894260533,0.9183387645674176,0.6440615680868246,0.7389331799479758,0.7192901001086467,0.8738203159175986,0.6284717398370213,0.20021468681315957,0.49696830271140957,0.7794657054066321,0.09829486166247992,0.7583897542894683,0.6855301996411076,0.8728911545799337,0.9795419541183142,0.49206605458890085,0.5712967422908029,0.9330994392537649,0.3448423030975579,0.7082627535046622,0.5730826375778344,0.7448148171428832,0.8618630116040539,0.24434381961845142,0.15141734706415133,0.3849940563059887,0.2231300535044799,0.870276308290648,0.12011515987177934,0.4880369720179555,0.16588219046814723,0.32497832726148446,0.11967967741057972,0.740252925777265,0.8585389218037336,0.6754251447601582,0.9914626229686095,0.5740927826035017,0.6120784987316429,0.10053882190382946,0.6305535839437212,0.10044206265118238,0.6942831705501515,0.45780607632662906,0.16181106209404694,0.0981655394993185,0.2318892699767866,0.5324371561926993,0.7143484737293786,0.151318947000619,0.8534603681896864
Macedonia,0.4852201321839762,0.7858095964313537,0.3764929956968175,0.8762367729318915,0.1641383818128742,0.9412583037105533,0.091865928602477,0.8946771199775605,0.2404747779168649,0.9706364751661022,0.380768128328005,0.7264787808725819,0.854496240279303,0.5840385171286193,0.4985759896864653,0.463029889730607,0.818421563373868,0.3470606443640496,0.9550245828680647,0.6717522511792469,0.6425815564055198,0.8119096347895984,0.8156919329922795,0.7742604502887871,0.04124962444335967,0.6218059167512958,0.3185662931257016,0.22464580689501434,0.07621258891750127,0.9333781887586012,0.359169794633748,0.5999342278656693,0.6323575146025977,0.8113672388898878,0.9675597735736527,0.6502968148861896,0.966612278421612,0.15511516624691268,0.7064194428244996,0.21304385589183994,0.26535881279160334,0.7114554864986968,0.2589024085031215,0.7529046423714478,0.09109823091357949,0.6087374407353234,0.17659451366644385,0.9781605601818355,0.6526851961792377,0.05036403464729822,0.4791318506121949,0.2285460264086986,0.08446888098284511,0.410985737668941,0.5995694176931052,0.8273723018262774,0.8404436098679272,0.09073471788578524,0.3190212803326684,0.8839228986922233,0.6887946519185651,0.8229598806010793,0.7796677426351315,0.16288529310901068,0.17158099489653222,1,0.6189355061575066,0.5946038506368889,0.8824260970052847,0.4349095125742791,0.18875283183201497,0.8905674764336439,0.2384938480632539,0.5392567056734495,0.07624412837285655,0.8429776074091725,0.6297568122012683,0.1992654555960659,0.9962259558172564,0.2821020767775906,0.48626615814781426,0.15963653775680509,0.04924023001165023,0.6996314196158601,0.17398077185105876,0.5403212421675139,0.580811970918011,0.5223994790056351,0.5516861050284144,0.5728418058768353,0.9469996189319198,0.28802498522634956,0.4588617509673566,0.45309446602597225,0.25829737431815214,0.7941583114608911,0.6635388974328891,0.9577935909747834,0.20346936044942954,0.3665319815568916,0.9121146190694728,0.16782380238706807,0.8537741663572767,0.7382645954080985,0.4609687041511188,0.24626444220697497,0.8843589616505706,0.7029382097413303,0.16368539002471927,0.27524489427453513,0.21652434782218677,0.4538506738469201,0.9421563528030054,0.9225391597880169,0.12814716102953128,0.891666930488866,0.2093488531584663,0.02918873015104173,0.9149924896356825,0.5424370331765599,0.8469462209999755
Madagascar,0.9686997859315067,0.87556232469377,0.07566375734727115,0.3598608551276563,0.6212467593199441,0.22764084280537955,0.269162953662606,0.04071783114884653,0.7115580407514546,0.3558479599359654,0.4377006714832944,0.697435164548215,0.745841122274048,0.08361824987454447,0.5377543488066174,0.5318431808410086,0.3219383759952492,0.12666570577023273,0.823140683247533,0.525135283865884,0.8808610522080043,0.3985845117799178,0.04588611260995812,0.691667560954412,0.337919733931358,0.1760274667019298,0.7037715362999724,0.31873686639080967,0.32475391648596175,0.9282344043756002,0.7684938763076546,0.027785320045110584,0.6151258218773115,0.6382120250268551,0.7347585105719987,0.4329639194624707,0.24924324021688515,0.8368544355732326,0.4045045044849981,0.041193451529292324,0.2536267197279377,0.5599472633903394,0.5162756647858512,0.35058714889344156,0.7202947919018791,0.9751255263150256,0.728823409546139,0.7248395126450194,0.9627529211972381,0.4459853827114958,0.23885679051171216,0.5691367531999221,0.14948285724797228,0.06252013112785837,0.8117479643825026,0.8727713904175026,0.41162793497606875,0.9030607880267477,0.2050809624118043,0.8031511446755432,0.21659877088060842,0.32868200707179807,0.4605343891133581,0.6630246877836314,0.04057072023914621,0.053439420467731646,1,0.9261994867615271,0.20029443131378077,0.6367274508614659,0.0006213689708178816,0.680033262218536,0.035257903389015244,0.7056538368014081,0.3511499559599125,0.7259813254634627,0.8791257655851554,0.17512133581489797,0.41715856649882155,0.2122598173147764,0.3826200213099975,0.4685288128435451,0.9343419652032511,0.31032954849946126,0.20767804758077468,0.7619785977678445,0.4985795245972561,0.21101102127116333,0.843522789343473,0.9091460389099886,0.5401767274224947,0.247863658773829,0.24693392938318548,0.3321680258898696,0.4684623460905005,0.8340883108428427,0.20702544271532852,0.48276607666595417,0.9353843840002569,0.3200128949499491,0.09107938575853147,0.666140128416149,0.5862038890990459,0.04705620451876358,0.2522414697119727,0.6535856921346226,0.44561990671113705,0.44775261796354926,0.7223457898471348,0.5598662027045853,0.8960216405433589,0.9334709941261028,0.818069870139465,0.9984189419019499,0.9606126321110409,0.24994911544094,0.5348086462738997,0.128304427195281,0.04785132214188914,0.9189021186918086,0.5013969094669775
Malaysia,0.16926287248448557,0.58722644155464,0.7750383326813247,0.9259667572835918,0.7660398871936537,0.38219378901697143,0.6787231764444275,0.5531432972514431,0.14412753151917812,0.17656472003349954,0.23152577218132875,0.8931771935831124,0.778196255649128,0.49248092716264424,0.4925983206216754,0.5955375911674299,0.15886041706151133,0.09851182643329981,0.489751220779569,0.8394069458021061,0.5963283604768677,0.9231130515815568,0.2530843277713696,0.19653932760870774,0.7878617633261834,0.8633244536156395,0.8593057313044158,0.2864160788462792,0.021232727225244497,0.4533792529200207,0.6936136020758283,0.4561302952175411,0.6751629124033464,0.2350403391114564,0.3147236962589821,0.3656156450538305,0.8638055846559356,0.8331024309940904,0.38810688069036836,0.5572812221684325,0.35586295422404635,0.657031266033647,0.8379873592425917,0.943833093370487,0.1602048633894152,0.4695541331621066,0.7283462481214342,0.239356986245571,0.5167217594530767,0.22060783906243386,0.30385395658026093,0.9687384209069768,0.7402661210104625,0.46798224106552655,0.11440420015048369,0.7312793779861748,0.41905252028647055,0.805015475931432,0.9653028810768886,0.16817394104274241,0.11316510567551641,0.8939928850290761,0.5500197394570482,0.7967439947570878,0.8831116985935569,0.3010675023880516,0.7509216407633442,1,0.00947836296943616,0.7547062153122174,0.6407726905434985,0.12750356495210546,0.35880613084444635,0.559139505068031,0.06152845767525117,0.8678671982172667,0.9976428675472669,0.538375869457793,0.010564646639171227,0.9095531535279059,0.02982383393613197,0.2051344085497976,0.0866832815228592,0.32733168395839574,0.24315792480316478,0.4035549806579156,0.20077259082843246,0.4675834589015755,0.2693758602126103,0.5163576584221505,0.13359476749046717,0.2681154345405655,0.9605934986411181,0.7827998386057438,0.9634508965686833,0.48212989647173177,0.740235348838749,0.8530982998004335,0.8717892509597716,0.3970603800866559,0.42536731222334434,0.9138259932682817,0.37054927974937935,0.15213642835247332,0.8372823854365291,0.7716651259364589,0.07185186442296498,0.9243189534561013,0.4119720746662976,0.9941976124546917,0.4519328331192155,0.5522458032125244,0.15256769936371894,0.12379155075281245,0.7216457975781435,0.1537105825896008,0.03423139841781975,0.7884079281497313,0.32557694329650566,0.46723978019808776,0.6564382223525073
Mali,0.8035081884245273,0.05952265686194458,0.6778974328381377,0.7559031871882022,0.5962240433268257,0.2787117215393391,0.689523375493638,0.6970726198055053,0.088209511413738,0.9383598847934493,0.74567723197947,0.23007795390129582,0.8531930368986183,0.34922589087367406,0.3050218795710835,0.018701039427466815,0.24448910919525857,0.5447231982430101,0.41054154798734166,0.6171823268817782,0.04669821937236707,0.9524887772071745,0.42410610815637506,0.3773067697117055,0.07134527836269111,0.1550026764267448,0.9914575454040776,0.7908066074183405,0.5003455385042469,0.9150716459708698,0.0042688979739949895,0.0011569161764778402,0.1307011128386253,0.3467471600670149,0.9744592012939859,0.5120694636887658,0.306641857537004,0.7998138277353772,0.8502998209241297,0.6001000111816447,0.7498726894481536,0.12495365541273484,0.3723179607653293,0.5020295984103073,0.9331991823943314,0.11565531832540654,0.6710038458292964,0.7527033156023205,0.9076200039433772,0.3039003701672739,0.6264987128654604,0.01603778353883878,0.1814585809544601,0.383365101655083,0.5542954533479375,0.028865967572484497,0.3986695187824829,0.9574857293473896,0.09871326609969455,0.704288616897509,0.8292357659047199,0.2835630326053482,0.9559927302825516,0.41394819424564533,0.33914778849536087,0.1105506791768075,0.7930063678592184,0.043536030569023554,1,0.6747069070296495,0.9282522454383014,0.29912876793898113,0.7587353434878241,0.42192521371988834,0.18263817684639694,0.7032455365276872,0.1740842569906813,0.7579105653173474,0.42597100704911706,0.834080211338402,0.6951992286495005,0.5162102496322705,0.7838969706865035,0.32671674583481547,0.6389073608667573,0.12439416110331503,0.39436254103219814,0.702575371323807,0.10914170632122655,0.46994333570943103,0.6283096231958653,0.9524848991273426,0.9315898758692925,0.8375017358325091,0.011025446460096289,0.021269904742426737,0.3837700274517516,0.006937263595847121,0.7431644760013395,0.4524025202936387,0.7132986788626025,0.22954237116317477,0.9894429188859282,0.636423117565893,0.4762286956879568,0.38628898936731726,0.9016730683113166,0.259072087741926,0.2675207461922542,0.46710976272453686,0.33814565038060507,0.9625572588797089,0.41260828649796266,0.49702072149208376,0.18284960018396135,0.5917863440485132,0.8500007412996448,0.5622383982293438,0.7507890382449199,0.7870215400835618,0.6282396859628437
Mauritania,0.0406711902924104,0.12071442857541381,0.8891972145162447,0.14720837551468413,0.47765317069838675,0.9385970174911581,0.4811402823417489,0.2104868656491532,0.27069757790499716,0.4636221453538377,0.7257514456761979,0.6123224595579064,0.14780544642573978,0.8974798036154051,0.4026836153861538,0.15566605553638457,0.7106004052961576,0.21989128347896425,0.37072671428947435,0.4728862382085922,0.20654197153634402,0.4247096293314918,0.562895190187874,0.5240051399672104,0.5072254242622184,0.05950140566242745,0.6246231632653344,0.9937691038702725,0.337580425502229,0.5390891739399224,0.5683346738381004,0.5502427792257479,0.5529983769796508,0.014541539447878726,0.44414773133405894,0.38770931506156336,0.002928010603208797,0.8112584052694806,0.9345905506648136,0.9699347366309059,0.7163806407126979,0.8645425086762524,0.8987249401928743,0.8636480035548821,0.4276870145384394,0.8244058990307609,0.0733393087939932,0.6979834249809942,0.40166798059585473,0.7605698654990275,0.3241176670285214,0.09079433253059144,0.6727552399964984,0.5343863661392384,0.037757167374852685,0.9147201267086108,0.9467914391441633,0.04385846910081559,0.7398945091066096,0.5454152044704074,0.1637071513995776,0.7293955209335232,0.6552879136185894,0.5697156668101219,0.8451057035134744,0.20565749799102284,0.7278936670831995,0.8893298017388884,0.42994566697050507,1,0.2178126517522303,0.2692130691879898,0.8929490773672827,0.3950200533074355,0.7436980113307136,0.6231941572811827,0.36105189490756695,0.11313757728492158,0.6383202279938358,0.43077993186900976,0.24878030086179936,0.02048820422264308,0.8865460643927348,0.24854872765385638,0.3337802580184086,0.7625610180902805,0.020344008022185944,0.7348982895305195,0.24212635580192488,0.8436057446275708,0.3519567190649212,0.5690947073855196,0.381542428403972,0.7143263811366086,0.36902682630779693,0.6961249866209058,0.4522313230720335,0.823408836468189,0.504463385197382,0.34496779315710513,0.09935439948093616,0.18333663305243297,0.45114599934431177,0.005752658748145234,0.824343213942688,0.0036346315090357573,0.30197099552631845,0.29247584671294347,0.1123484721920166,0.05356011615882417,0.33850743098222136,0.9609480540435105,0.30740273262229656,0.1094666209129902,0.989376333897079,0.5129789462461319,0.7270210273346123,0.26717593360871883,0.6658872999443891,0.7200059539334385,0.5611508920205398
Mexico,0.1550694387670971,0.21086260005372237,0.09631886657129074,0.3429135873076027,0.030307975662117737,0.2979256572700416,0.6974330313793825,0.8812705374583456,0.20821353639970563,0.011471874304846308,0.4427477661378434,0.17036209558455473,0.6902659959939202,0.6014951165491262,0.9495542527941445,0.6829926506030032,0.5283265211460528,0.5952328264316239,0.3416113206494603,0.6812092548850414,0.41772523497303005,0.09776556418458571,0.13034937420441384,0.43597433513046424,0.9806818194730221,0.7258543909583752,0.3428764741597431,0.11592701402822558,0.14195240626512295,0.8085312657274846,0.5877835987062937,0.7303822455281663,0.9922350729623717,0.4280666996995143,0.041815253455896206,0.4523001498751771,0.15562565628334402,0.5313688514593594,0.33324901726748124,0.76867950730847,0.04278303935533734,0.8041344415657584,0.6012806241196161,0.6768388735830413,0.19227958545727464,0.4360904499048467,0.5118976476764866,0.7174876132416886,0.639691759806562,0.8904016100552841,0.4880033877020855,0.17062460336364227,0.7338795698496429,0.17140484762258323,0.017886831211572196,0.9427567888171403,0.1684977726951502,0.39550427076556816,0.5540588176321176,0.6247917137549706,0.5854628996109127,0.23104755669270916,0.8677441940964022,0.17333971643752644,0.7109487003960885,0.8893714913841654,0.5431079307943694,0.13141171949701969,0.7566527114861991,0.5627723220365539,1,0.22426850032362755,0.6051510491883723,0.8935344884804308,0.7604665125612404,0.38718571483691944,0.9742918966536049,0.5143957459338404,0.09636928499091346,0.7763991767213063,0.38780507143218046,0.6188794014215256,0.7175610798857216,0.7575316771170064,0.6232829904394062,0.5804492925782029,0.8013847637757884,0.5249308495738956,0.10542494527440016,0.4587466013401562,0.6369370500411144,0.2264048312918524,0.23988007149455925,0.4410121257548343,0.11961879997728941,0.9890403164019428,0.4652778592374698,0.14154912925610275,0.15799444610738467,0.9261610294713012,0.36194791968417883,0.7736155858418918,0.15608710933328473,0.15727428971958268,0.15087972703592423,0.13617727107486155,0.25417858485311806,0.25788364781054984,0.3314609824397221,0.7306874192751689,0.3655656736609266,0.02788106830180781,0.5026884566815364,0.5749893263231762,0.5597096964446818,0.6670639075079812,0.35109354162601425,0.5598553081701572,0.8885711616144282,0.8262762471215114,0.6112496195826115
Mongolia,0.8934186985107313,0.49877593149491195,0.08109180415928241,0.6002860758940233,0.7414336920832584,0.8844289741086783,0.2497754838452828,0.7283481885764093,0.022453548242770904,0.8771146425861329,0.7537409634045104,0.552430308272448,0.5854163966221843,0.18856132558524885,0.8247589562035263,0.0027667527240945455,0.4503064209155839,0.5249322445448248,0.01643725678063024,0.702384690791383,0.5626892938774712,0.19469035279542246,0.6747073027267815,0.46144531036859804,0.9876343445405075,0.8383025873092063,0.3649099984223211,0.2240797264486284,0.7713633925157838,0.8732591922288231,0.3886776694253914,0.6080469212667414,0.515723374983358,0.8483499576081432,0.969747162955578,0.7085807778733582,0.793540396011862,0.2989119323453806,0.8634949801324506,0.9343771934076868,0.5600141069287364,0.41133327240013795,0.14398934969184174,0.8672017123724971,0.0038370665813054483,0.18974043907329885,0.8735212568092932,0.6263720473044688,0.8143494360032212,0.19040715719688162,0.3014289788621932,0.21651780221863415,0.5656810210046479,0.29483949015621025,0.6619326478370787,0.18759931060424562,0.9717341367910234,0.8512917692247852,0.7583270552016813,0.6592515698236453,0.4219985540481921,0.3051520625274484,0.890529202768946,0.6266110022610611,0.6514025183048148,0.5808238588496165,0.7919637363387337,0.7184504453471161,0.8523001083360007,0.5767026502759689,0.5187675159249424,1,0.85738101624966,0.8720393498238938,0.29225324791701124,0.8548460284087204,0.8814340854274604,0.23564991333064045,0.48049836256433354,0.7840355524424182,0.7883577491439702,0.9472362888055331,0.030435301729520137,0.24162926256161532,0.05186643131517288,0.2506040587246827,0.32815490418965176,0.2047418930357493,0.9795639177364048,0.5100851534356842,0.8907044980807076,0.1587718684687649,0.7175712477502177,0.8348603454101662,0.5938249575476315,0.731077110483177,0.03124173863657176,0.005525309803062206,0.3107788755004296,0.47669132631670286,0.3020424634631125,0.8276811405930959,0.503046440348979,0.8158003061221278,0.7447357153122803,0.10079924706321841,0.1915436546267355,0.27560648667819143,0.9971022069300973,0.3243928470759718,0.2859569321409501,0.7575304276214587,0.45500115149503606,0.053712179708682584,0.8742045589166363,0.6620770716759694,0.17813678405980338,0.5312268924165156,0.036213971262555766,0.05487398268413124,0.9076266015132575
Montenegro,0.7819023417049841,0.9352369497974867,0.5162646920856511,0.09441831289304414,0.33668237732952144,0.41963907869945116,0.25229483483366777,0.6888420782954859,0.8926939642854205,0.16187098875892925,0.8649413878573782,0.4392095247134571,0.7290267815142736,0.12689940891420015,0.5917629065222331,0.30939478301467394,0.42490741539372834,0.180032841505245,0.2711247687083561,0.5748278561218298,0.04029346967834102,0.9307443602793469,0.6786221184212125,0.27688595552808115,0.7010508455020918,0.2745538490236291,0.32838060213776366,0.9959601942293946,0.6739661820906672,0.7489269405096511,0.5691395927722142,0.42224190269067874,0.19682103747515545,0.18466698586898855,0.5944307534043168,0.7091624533509175,0.16630554102974837,0.32049435518873437,0.9608950543859379,0.48753192526153155,0.4544437102931167,0.5147906184806741,0.4012403911151228,0.17979923832257194,0.568907109212268,0.7337685081925482,0.34680795891835314,0.7588330401668675,0.993273916922864,0.09379672600631139,0.27310740130053757,0.6082501823611418,0.2334221065235732,0.17031879174611386,0.2456375957452379,0.26677000236503323,0.2861217449558138,0.1262256429236699,0.3222602673357505,0.43507086236308623,0.9935566579034503,0.37094703649644545,0.5318803034358092,0.28507458391687424,0.7474332635145216,0.927635614190595,0.5547909983540774,0.5703186209971775,0.5595612946080828,0.21990675484992284,0.9305337369730537,0.831477241487186,1,0.947836290815817,0.20217781429903814,0.8643575357932779,0.6960042708259785,0.9787552741203703,0.8297229443084061,0.09405220658387248,0.47085547175848497,0.10335731202913101,0.7833202340176463,0.8621028601539578,0.597308906874724,0.30037920532751883,0.7505408229423303,0.38506766766503786,0.6379516793884092,0.39393829989130913,0.5475474395561288,0.5414340971122459,0.7287330345866003,0.9567005878168039,0.6573271801902288,0.7630765234891129,0.4408893346466586,0.4974046402065332,0.9296246293538669,0.8484233404852943,0.2945708352205154,0.2577113759357347,0.785582306914913,0.7118955805815098,0.7995075991725006,0.9284329065289055,0.1638561155720858,0.1720628988537387,0.35141753586370406,0.909547478312433,0.27048557181889854,0.10205563603531598,0.9248972968409642,0.2665604087989293,0.10137217889952588,0.2198544972975357,0.6773617036373596,0.7610731973944684,0.8735255480109444,0.6160362994772044,0.8269875189307406
Morocco,0.5308544008225314,0.7223435098299046,0.297296951631415,0.9868747144301857,0.34807625883407856,0.0908302437079932,0.1476149858207414,0.45521535060277984,0.8779285650068559,0.8773044924624044,0.0302510008536242,0.12424626826635776,0.2163158009581343,0.9927090721040157,0.052889811411355514,0.11774984923515297,0.11512312835902738,0.9216110036299865,0.26022428062820135,0.04922266921612417,0.2644622769718066,0.7376862689200498,0.1527895757322435,0.9215410229166583,0.25143993696528866,0.7283397329128339,0.694083146942772,0.26674486529136954,0.33636475163442103,0.25104237208124713,0.2124560776076273,0.8561550069945937,0.5837389321143143,0.14928984137608026,0.7410884224415094,0.062196910705596964,0.6226785705419673,0.32700762220366764,0.6417117778581359,0.30355270279973556,0.08609976151615095,0.9593875153853048,0.7628484486090529,0.9111797928162644,0.8169524634585359,0.902694387804831,0.8423674976790904,0.7842347062256498,0.5224308106412257,0.5141867830091956,0.4802275196631989,0.3720107488411054,0.8647120378790981,0.13333732183150504,0.19924663582552926,0.24609482511046044,0.3859670446860344,0.23552085419020552,0.11549889255191836,0.3032192101682093,0.7937815481968852,0.871383545291298,0.06953595839709303,0.37175185084626894,0.4176722221684791,0.49304036380768246,0.07188757184398609,0.21197006215959768,0.6999446009839223,0.038224899809129465,0.8308620514082365,0.4471118335010006,0.558510274595414,1,0.7958986561108132,0.6163931094077918,0.7421563310965347,0.1322605961826555,0.9170144791918273,0.9947984483259141,0.22205738202096115,0.3099918971059623,0.21619229921763627,0.8425217519149699,0.13202227252683485,0.1423836428761005,0.9890348858098699,0.9031295457175644,0.24163511116358571,0.4634248169614029,0.49563515951236337,0.5164219580283073,0.5123289601328863,0.02229558312892921,0.7299337742155176,0.9230538858975325,0.5992711644794734,0.38422633676415807,0.6592056139365471,0.9690611995173797,0.10208607248671642,0.6983154202966959,0.9783120079213546,0.19966066943254868,0.3746652259431166,0.5092680421667692,0.7360826263824645,0.44423077381648324,0.44171501688255255,0.9358614202907013,0.861028352460788,0.9830559582784393,0.6630539021588351,0.4467857622607092,0.2592950093097154,0.37520214711327804,0.3254167722522763,0.061410233598314434,0.7073743354956938,0.13095312270979642,0.8176538508901472
Mozambique,0.6613850327099247,0.26683612302395443,0.9726741623398885,0.16482896650077816,0.8115393802464343,0.4234483423666463,0.5931114453591522,0.41815364253585774,0.4267262428037035,0.6653719541021113,0.3877631196598217,0.7539850339881842,0.9808423517285296,0.466529996257375,0.39823391618891435,0.3627641802489,0.0028924883110259536,0.9121161818114352,0.40101824619771265,0.04043163956577478,0.9451157902798457,0.5076424676658124,0.8071847849569156,0.6345145415347215,0.8123560454334651,0.924075972644423,0.26385836570319543,0.9144407659235956,0.44130789605730736,0.7061288228919461,0.32375050307645914,0.13152056513198407,0.7818977248521226,0.8428486369281865,0.17213456510858105,0.9172419427913155,0.7448797453579133,0.4815158004727731,0.7940215844352168,0.4163161475177958,0.8740541220098548,0.886636492047858,0.03615320401400712,0.41809735912514145,0.8650057220134096,0.005643463387305703,0.6384678258470767,0.22211287736611607,0.7563910417566385,0.42685901941594573,0.5076506500335287,0.5934857671885986,0.31242041472965165,0.3628642956081236,0.5747224866202438,0.4973156959228815,0.2461535677210832,0.5465215558183127,0.5782450309253496,0.801194316885881,0.8424247550973147,0.9316119418586003,0.11006171667828057,0.9934203107525003,0.6600663158003891,0.5829927814254978,0.07064399902038354,0.26939204589147214,0.8241140116363211,0.014860806558938067,0.3770115283124146,0.15209277118319098,0.44748664901654445,0.23008423087378993,1,0.23894857718991291,0.8080124781561792,0.33824612893818007,0.5098456645577856,0.026028916883925834,0.22124590595996851,0.29260108072310353,0.3471584446713256,0.6371181753581533,0.23884335641079868,0.9278579280781779,0.7161048892088109,0.5337508350102315,0.895352173141071,0.08438090393103892,0.4385213906892744,0.8384684291042023,0.41254428926857245,0.5343775249772332,0.46122154753412437,0.1192161884053703,0.6987042335326364,0.4581283309867822,0.7000327096359663,0.08034304016125682,0.10660425918402294,0.004802215394861142,0.01634748148050147,0.6251764259952192,0.7064554386836844,0.04786040282661275,0.9277457228746068,0.48552165162017524,0.33121715090918535,0.6583597555228582,0.26166387306599925,0.20228635014082041,0.36553810373557427,0.015148797467775532,0.629054081021854,0.5568028978827572,0.6614669281300738,0.1540529746503131,0.9552443803680795,0.1286434839105456,0.7316926089656947
Myanmar,0.5214514200624533,0.17498824294264193,0.6842752970712599,0.6578845443055883,0.5486357598123738,0.9171553150034363,0.046742632065590706,0.2974136707621138,0.45574227417195334,0.9220577507533603,0.01561777739245207,0.9036596933352324,0.2783508864130003,0.937062091995416,0.9609755556906552,0.8299214109518622,0.968713514739353,0.5339588852724191,0.9683109985062551,0.2819890994176141,0.5625356225168082,0.7814749807775994,0.0766415019561596,0.8641050192414741,0.62335202812116,0.5864698089909465,0.9256519432698511,0.11113591253970445,0.2698919107940754,0.4327705214481765,0.4497070375613125,0.9446390512844501,0.8865826533520604,0.14048244270972288,0.916952834185831,0.3893773932112413,0.14518305422481437,0.8328123630907912,0.04754142545643525,0.9484339102191531,0.04245194697861543,0.34191395452029427,0.7784289852948854,0.6640636743126178,0.22426015431746105,0.04853249528627557,0.8682161215029023,0.35402474572857834,0.7256778795226692,0.09753347526289147,0.9607130090495799,0.8243803860432241,0.15002468274031278,0.3068856254549903,0.013979180290481397,0.669999137196769,0.7061693108097732,0.19476096690613764,0.3705498984187142,0.17159631896532346,0.001362365379462549,0.5750129057586989,0.4842579981353887,0.8772632181205087,0.6735281006994566,0.6404527047325762,0.6777525718595048,0.8909852527975641,0.09005157184218215,0.8543610144681186,0.44862676328723317,0.4804098960595897,0.7146479014190683,0.8955197658661693,0.3231437585901499,1,0.49516589517193255,0.381499797031461,0.42191459660130726,0.4791829048090682,0.43537920119019635,0.3217455464559438,0.9185174656722329,0.3590196028503716,0.23600159870973725,0.6628588434251605,0.06664425948780894,0.024008837016438966,0.16428071390355392,0.5711458506194471,0.2990630053859328,0.06807130139653805,0.5712357038402597,0.484416143751231,0.15665308629490937,0.38225122420551927,0.9574682915468131,0.03479529430537842,0.4045069919562667,0.22074595725730028,0.9862165441855155,0.395058160383723,0.008512686219627197,0.5208688971956353,0.35983135485178586,0.5142820837919783,0.7062440816418463,0.9387899591465223,0.12149693755225599,0.8650972174278944,0.027135916899662882,0.4300252656389535,0.6209310601311917,0.29882507744058473,0.3920935133135788,0.5801821404434545,0.8347747637155971,0.5959553468951673,0.08577128771446862,0.15689115002217546,0.812745006719077
Namibia,0.8741249142406595,0.7511625280929307,0.7701161814842054,0.39724211877533633,0.6628910443226486,0.9642998841995103,0.2137674320652031,0.6811402570295947,0.4470571764989859,0.3683378231298525,0.17262312075798947,0.6055006298790344,0.5326550953138875,0.5754129421626961,0.8125091470494867,0.4398255590105222,0.13394904580587585,0.7161522344619942,0.5689005914607623,0.6389622662415912,0.05044650782844107,0.25308425426504166,0.9319722451421624,0.6207959676151552,0.9838046290867032,0.6871742341096791,0.30102759373351873,0.8902467627272469,0.41149922655656623,0.5698849161802074,0.4334853188193223,0.704195768982379,0.3766885215735517,0.1322306675214372,0.33125659013392916,0.9153134121704226,0.507994952319071,0.2871758066764505,0.35721373600686424,0.8265531053888682,0.6267507922834643,0.18628956790535256,0.7562848971006929,0.7610339497648396,0.2800214740586582,0.03139950552099946,0.4402186794079338,0.12929758798864954,0.8596327271708554,0.8590561935353904,0.9878935145012561,0.6009261492019911,0.5056304423258813,0.6349227420896305,0.8648794535803016,0.14970447057753133,0.2076066920855556,0.18618024746222506,0.08490357633031353,0.12896168385539442,0.7020106555168965,0.9723102077506866,0.03872444467927527,0.22911989192549598,0.9800702994001033,0.7698002819222489,0.7197658004074359,0.5037508684780975,0.052769468314143864,0.32077800725008143,0.7726986906348202,0.2853392011098441,0.49009265739907626,0.7679120056182347,0.6693481262573474,0.9756563451994689,1,0.28211770990487495,0.10120307161006459,0.061533855412765015,0.6344389501037032,0.49905904179087734,0.7448230144950584,0.08665881974415468,0.034243992710655036,0.244666403803938,0.9905406035405195,0.31599045038302476,0.9998741399488773,0.8646853931159343,0.6251155850227643,0.4000456731415568,0.7267444773184388,0.16358883745006636,0.9521050367880404,0.32571287314676656,0.8860734689911316,0.8716674841512804,0.9507466280189196,0.4970874082533864,0.2881840924816289,0.3062698444394928,0.9027340999863929,0.4600245380659066,0.8714163620416819,0.5254908671686194,0.6247060679470297,0.3679890319295971,0.26838851832708943,0.6258182316198053,0.6490415888696884,0.40062845507813427,0.44093144317931277,0.5230748927010346,0.21182258173733037,0.4852625986708944,0.52901779592184,0.8461962705289615,0.8858884434354521,0.8313586743400928,0.8825108299274227
Nepal,0.2956487746122882,0.793951294011784,0.580974864958808,0.05326887343678133,0.7138769727447682,0.6286040695093879,0.36377798468095324,0.7022267180430602,0.1890503308146697,0.9628517315738315,0.5281888900972166,0.668856477433419,0.09184808915455911,0.9290528391122248,0.22280886284403367,0.7202352174265173,0.7456067544003326,0.6163576199949122,0.32102142984702264,0.0014629682989828474,0.41762880545137426,0.09843826321189786,0.06427273183500704,0.35107185211516767,0.5610179520332821,0.0907905836280215,0.392162714585104,0.866056735319139,0.8593916864137603,0.9114389681178314,0.8606358738082476,0.9988451159625653,0.7328544747712761,0.3571035058577323,0.5999361324838222,0.4285499213801459,0.07115812395068533,0.21280680369863325,0.5574647387558895,0.7915664344325622,0.17631063928276802,0.25958901721365923,0.6163136379098386,0.25399922868181324,0.6702304213961491,0.4540638823683022,0.6458766003560442,0.11913308490650998,0.3438207006487082,0.5898940648705218,0.6585123121498933,0.11223203182996311,0.6014640364914178,0.6159539413992544,0.8195545960211974,0.8584480419302911,0.8486810899125574,0.21089608633831014,0.22851651083076718,0.6945319309280398,0.9749975416020255,0.850085566765158,0.24102061450009993,0.5155033633790457,0.4491591335240581,0.7966452671678955,0.9352552784228804,0.6516799449032341,0.12249102720396576,0.7063877111610042,0.5061951200119368,0.17447967233074713,0.46001572302870264,0.9851734309955182,0.0019155435965828582,0.5910250982774088,0.03444235700025433,1,0.060150541255373446,0.7360193003931567,0.28711229074297095,0.028655402414718645,0.10023979617426448,0.8002326397169853,0.4911177825507743,0.9838788704472999,0.8416813237741667,0.13294935634694038,0.7388361341779649,0.47169910836330575,0.46071585331949927,0.3828183471755573,0.5903535066155886,0.09063600578848163,0.9095845049148145,0.726878191424947,0.5963711283596771,0.38932820314857897,0.8960641817597005,0.5124786822593633,0.6730057580638464,0.21652019216861407,0.5211508479723902,0.34237364338764387,0.7914295267179152,0.1681659004909135,0.31431185870039946,0.6167348605351011,0.48877148030062245,0.836031821581231,0.8600717528503403,0.6873929482110018,0.738951138752386,0.13567241870526392,0.6360106537947582,0.999156195323648,0.5307646321841639,0.19583279294362388,0.6993952652726227,0.647007064987546,0.5207931772279809
Niger,0.13747039018548823,0.5289348483403552,0.4791684823744248,0.9886934653554613,0.5862257812483882,0.06161095729535315,0.13466070827781995,0.4635074306353535,0.8588917605012015,0.6808273786181006,0.0657696936486255,0.1965636164091834,0.45833527054067325,0.5473299002751395,0.5387800914959956,0.2826357808616734,0.920792621120667,0.5722363972756008,0.1681592796330128,0.8661446720169159,0.3284531041524352,0.26611803523852395,0.12039969704722453,0.3198585875177614,0.6214044242033608,0.6199012188140377,0.015348603276895356,0.1990652889866733,0.35139988021895363,0.04816562249119649,0.5565214059763993,0.4224411030414995,0.3170639365377321,0.8276083241151685,0.9078748231360134,0.08869709978151741,0.1945556765784371,0.02972239303156521,0.10817904224767594,0.6898464663857772,0.5402020414566816,0.4992152681184273,0.8654683668925273,0.6165184270614184,0.8001554535961787,0.10884395485702414,0.1350889577768053,0.2881820605011455,0.5196053264590196,0.7385862583718498,0.8410706019445947,0.8129605639405614,0.846854553704441,0.32777970642161947,0.60498407863482,0.10499139137472213,0.45186098441558364,0.04018583831999356,0.728207141811752,0.9507012434813832,0.34531017751673576,0.9603421126457853,0.5504334648993753,0.9774068640832938,0.37107732012176786,0.7906048269286616,0.7060013819768689,0.6331195109159405,8.236837286701437e-05,0.9993964436637401,0.23991052242674882,0.08089758793560664,0.02785141382760492,0.8327818652678542,0.6299363611605284,0.05263654640458304,0.3166760683594789,0.6907374521655789,1,0.924777854219336,0.2046165962360762,0.6203797400270462,0.8283588876671674,0.7605978637216657,0.6497741599334756,0.3403964755895944,0.3957721062341819,0.781751120317543,0.476998332440145,0.2549565295474008,0.12653225504565235,0.8329558921527304,0.5622238029951734,0.5421434570882574,0.44728554967160916,0.5336550680196578,0.28380724075968,0.598980876392365,0.5245412257257152,0.5620879599122194,0.3077641993586532,0.5162719932026096,0.9297983721491209,0.9162157874443562,0.26199433271854444,0.5809259464129084,0.17943427266709766,0.8290273480112527,0.9455458196420047,0.7681106223184139,0.15142409702607518,0.40579048304579923,0.6400259917114337,0.43471496977921886,0.5998104401094417,0.5546010214681122,0.5555723653376239,0.5763835673199268,0.10198352190896487,0.1747734298513952,0.14966471490057331
Nigeria,0.9001821293707793,0.9164112154348476,0.7862979497607447,0.3719414528712529,0.7173140918984344,0.018864100516222226,0.23842080133316357,0.21026070615403236,0.5425957172880582,0.865086585620127,0.9035834653492305,0.8556704617450331,0.7054328631080832,0.3388160585766776,0.24037492872832988,0.39554637980299767,0.7768785829808197,0.5416403444861381,0.04132914134771615,0.4335223167016361,0.006396925414737797,0.9671854457932332,0.4664044832596842,0.7328134182076974,0.08180738012563682,0.4746547404565762,0.25365038890038216,0.9313477567758842,0.8926791911981928,0.9672643204615512,0.9452160761691039,0.03195391267597625,0.015634795393588585,0.35528712091932835,0.5385234618252612,0.8166358449301107,0.1386150088114778,0.9452622469844415,0.687623484815131,0.5255953164248588,0.9100747534389212,0.9022919600581923,0.08049508194465549,0.7367701518616774,0.5583474174731922,0.8928278031132916,0.6851994387223002,0.4376637230964383,0.8918911265676812,0.6345084141173605,0.8621098880640509,0.7385789945774519,0.3845366637497468,0.08575964691729232,0.9251622422909889,0.2646842949548682,0.967109288741723,0.3074033843116034,0.2550117637193665,0.19180416426851932,0.3788375954601978,0.1445006432438477,0.016497780091764724,0.6736009768240333,0.5491727171196928,0.19710050151338432,0.4748714958476511,0.07601164539360084,0.7567141462848168,0.9961456796241714,0.6916898266957993,0.9673938355897171,0.7351737637911624,0.3104132409231427,0.47900927312229624,0.06391401570243771,0.6743959008273849,0.7275050344011923,0.08826892906990047,1,0.7851522546168169,0.44100247959033934,0.47013767764664594,0.3841628628720074,0.3558928785303228,0.6227216229681799,0.3741138230207002,0.12094908485774725,0.46675886990575133,0.06358890364357339,0.7903105672991999,0.8030146164796538,0.756813849341621,0.778281563086125,0.5250348736864033,0.7047263870293469,0.6793441071649374,0.10289631473984062,0.8502893825315843,0.7281574859264139,0.7766469293802034,0.5387589886500463,0.0656958437488836,0.5348371288552061,0.4690890275881743,0.021128461883993865,0.463709712087398,0.1146991454283035,0.18160806165630117,0.9524450059435925,0.2852129387463954,0.07993753426081762,0.5538142217911057,0.1707815864824388,0.9268013671382934,0.5258325878887133,0.5170619996431187,0.891628412579922,0.4288162328103817,0.20331025509217338,0.6005012942303455
Norway,0.5312922755313833,0.9742694583736589,0.9729987096069619,0.3523616509863552,0.3373747210064494,0.30607307095339964,0.18135211300203857,0.8692110313651528,0.042655835168254,0.12268209515396666,0.37996122294573687,0.09579686164510548,0.46352255661594244,0.6153307831242151,0.31072305592136806,0.5844926178714334,0.8167972381855034,0.5583892997597341,0.47879620072500173,0.2939622956291249,0.7095543425017629,0.18140661735097963,0.6634558278299366,0.1713527725873345,0.6489275198461872,0.2748792340156414,0.013343599393191297,0.49535760795787864,0.4624236127539676,0.9037896931205399,0.20659729490179535,0.052317343661014815,0.8797706794044609,0.20297025929807877,0.3519140144273416,0.08951461519907622,0.03813719556241968,0.28710217708297836,0.1169044292567405,0.9207310969791108,0.054945215814223514,0.5442310020864596,0.4175560340247786,0.9415054876606288,0.6327598960836419,0.022412639946112978,0.18748371937080988,0.5105577533164044,0.9388209811053416,0.4769316073193425,0.6580365430757291,0.8690600329788423,0.11126903076346495,0.9958535038762341,0.993449938223571,0.22037007732489222,0.5676818110451914,0.49852883920690805,0.5294770469223123,0.4932583017707186,0.3968860408774314,0.1667682961680501,0.1105763298135034,0.5597766022897894,0.47567269891702746,0.13675414954488752,0.9348141794940431,0.04840924829706217,0.8686009817694162,0.5817920238548401,0.3097419350096232,0.03235477022515154,0.1760099361463212,0.7594076872971564,0.2043022970519428,0.4170122694014614,0.26048871845642485,0.44921850180371137,0.22113988348829372,0.7077141407582405,1,0.11335582090394825,0.8809633131311844,0.5427481755017418,0.4959816628050806,0.6716615930779957,0.574854550561726,0.8696223055741892,0.32212589099441424,0.9380948643969547,0.953183897830483,0.2592989811530654,0.6907180092570203,0.43710230784715,0.0002108465184056385,0.2984351040231228,0.7054967515798043,0.2683301267006163,0.5580015476508305,0.9085716075022516,0.6765403695028653,0.735813645817128,0.943129471783491,0.5620992002289965,0.6514990232667917,0.7526900219438976,0.417946570414797,0.5275032876619206,0.7599689956489576,0.19259894645925868,0.493350016615673,0.6956398371010551,0.9734459743886595,0.6263540647580299,0.27526731903268375,0.76491837513413,0.6804753104482254,0.23793339379515266,0.08073870990590548,0.6068345173348382,0.06385878648643228
Oman,0.38290834313243316,0.004464891038619356,0.2862955429626264,0.24383946538172063,0.6507049821565692,0.11025138638997933,0.6220485626378814,0.042279748549900464,0.4581456270257457,0.5754628704967757,0.7745202369541293,0.3358236056784384,0.9342731572778032,0.5906227406534557,0.09867063633452133,0.815925515931786,0.5590471308308974,0.7107330289043879,0.7344229550106487,0.23718040919865535,0.5064416883063103,0.4140980360114531,0.8144771099886757,0.11775181086715136,0.03960438684441048,0.3272497081695336,0.4951434089692325,0.7892937963205314,0.7027642406924534,0.5511611970068292,0.6711116540050424,0.10091725869603163,0.786133240757118,0.8494708397551468,0.5763862253994997,0.3086520847939367,0.7978159389445391,0.8405397444256888,0.4082358912982552,0.20960427730033404,0.8026430157600609,0.3446509886875585,0.32212831813756815,0.10175404676968514,0.9270758020445489,0.49083754685873804,0.5781091672629164,0.9334797298267066,0.20234685268018138,0.15988439285058853,0.7714009191748846,0.5522852197213517,0.7448344240732362,0.6516943551026771,0.5458910028372851,0.4468128217412112,0.7385789228008836,0.849184031931655,0.29898971025088983,0.05898750214039139,0.9989404367655572,0.58472276435691,0.28137371688522494,0.5845003729531252,0.7065296721810265,0.6897286432635955,0.11559371591473944,0.5230745763804322,0.5664934591742145,0.9319346481269851,0.6341596133934085,0.03622724073237238,0.03178315163222367,0.9535721999250961,0.30128502428923853,0.3675289923607432,0.5097442323697823,0.6334645803190958,0.1233501615898519,0.17999223341201553,0.19278155790042883,1,0.43346122442312773,0.16833308875237674,0.8871105012663293,0.2545505027747894,0.08006825363498649,0.9885810459749891,0.3883066085591095,0.3693445348348462,0.8724244958067716,0.15398587861960755,0.9565519113084175,0.999567481598102,0.4706590445753154,0.6169935247368472,0.9057885918400208,0.1617825360659415,0.6015545850253162,0.8168978416377342,0.5500962691885524,0.5687759597745178,0.7753182676905034,0.6989418791188687,0.5842323949312356,0.8258661736558716,0.5664103929700706,0.8131543478818966,0.14373394065362632,0.724540313073824,0.7294084496189179,0.07070835147310539,0.09448052322076916,0.4904744209919083,0.9547067300836634,0.14843795017556727,0.09714679285144223,0.7549424425257266,0.16772849839521697,0.48366963707575306,0.8336058001940034
Pakistan,0.47500561947280484,0.1750918906377139,0.45126202330476184,0.0876659973690298,0.29027630230463886,0.3827817671227205,0.4535180768155682,0.5603098431159496,0.3301778881609635,0.8572622855336778,0.4753925530901857,0.26988720821316814,0.3070804780223033,0.5151098796012448,0.20576052475825857,0.22880807202850018,0.12044405761943744,0.9466627461734478,0.5402676374251941,0.47663130655435304,0.593349546175967,0.6810654225474241,0.6047333286008189,0.3608467920057844,0.8813961103707243,0.47031824253282806,0.6540039187443877,0.7883284178433853,0.5051641778871224,0.6221449692844113,0.5973946937904983,0.43252304381593687,0.858691372646433,0.6239336025167098,0.24300185073270975,0.5372597953324068,0.06528379180961008,0.969281603570378,0.3963550317804273,0.08341557156853918,0.07228867928698735,0.3795292941403181,0.04302755458920515,0.739539071566938,0.002191055502751671,0.5589643817369839,0.1361012869539001,0.3274792966056259,0.8823262661153681,0.3592382389078205,0.2233626774809434,0.9843832541333901,0.8033969578390185,0.5411686088289164,0.1485492930883151,0.7182183238822065,0.458834212846597,0.6287246352660798,0.11159345210787719,0.532250961637536,0.9543875792157552,0.7638591672091684,0.2079709874946678,0.7911091071802047,0.5808147058970414,0.5355773217036341,0.7633867736687078,0.5026742807731907,0.1498298861516345,0.40977773044630084,0.6896497064677919,0.32298318603521403,0.7914771561585665,0.8000428668804329,0.2187774202358136,0.4010147024650308,0.20132773698226747,0.8085256108710733,0.9529296504446194,0.21713564246146588,0.2020733580564279,0.05203206426124707,1,0.9390756168136001,0.29920578163903555,0.6275128990588723,0.9694635450245601,0.06790234812070906,0.7073840906866934,0.2787475097633967,0.6579783133427379,0.26362772334165807,0.1050348062758597,0.5377853349619718,0.2637062811206946,0.3383268918625285,0.11914957134503379,0.887428902091075,0.9052206503816896,0.3126560249474307,0.5632384777505932,0.3615216351052607,0.5341492033829511,0.12797233009586373,0.7617175355139492,0.5826173101009171,0.870031341341747,0.21637667921117698,0.5849517074484653,0.7012823224601075,0.6103092242434619,0.686507152270356,0.5104876471705997,0.8954332134745766,0.3201280987798547,0.3005802645713317,0.7415779970107291,0.1275256771029808,0.20196845339804903,0.3836845370550839,0.9769290805731654
Paraguay,0.9611744208707875,0.7547719162667543,0.05520055121292711,0.3836231855293788,0.5489629903044624,0.09934203202656677,0.057529906174651924,0.834843180088305,0.9713303931136221,0.13693493320853656,0.27982989330659624,0.8836806707165974,0.2807974806597252,0.8533235153015511,0.342955162262343,0.08377375270919152,0.388144541332079,0.06354409622999269,0.9410715307444769,0.9862258518210001,0.3496359150439705,0.6826935137168152,0.5096021198486446,0.8339109519218081,0.24147283196013014,0.3320737666609168,0.49278172176201274,0.4552045631820323,0.5590643336933747,0.6229687707739824,0.43644460618437475,0.8838667441019584,0.06695824278807128,0.07463932996244149,0.7059816057109731,0.8407700440728181,0.3156782299977764,0.34476668195571303,0.4844722040510593,0.842913756589268,0.7398715310531314,0.12213840884667215,0.07626614819823752,0.3857890201536107,0.8952868748444851,0.8726925490439021,0.6672807052047376,0.011287098555917252,0.23010615539659585,0.49769022514158556,0.835799387690009,0.5046614938683959,0.6568331245491501,0.6858132158380904,0.6962071970411715,0.7439599645490207,0.2929060793188424,0.9203393670667163,0.7143006466438435,0.5408978037329878,0.022947215041282276,0.5852405874343689,0.107433576750669,0.19081970409365645,0.3381489448515864,0.6935778481438152,0.9381180388164019,0.8352227349771009,0.05261344096948295,0.9568025192159678,0.3737259825789071,0.42961262720785554,0.20124735472182442,0.21049956808524561,0.09897316460703909,0.5902205176806382,0.798727928334232,0.5133894236493257,0.844222833296422,0.2922823733124452,0.6899416904662845,0.9592628071321102,0.0013375476094183991,1,0.5154064099721387,0.05736485647547418,0.5569685170332331,0.9756511655955066,0.5853682708349083,0.9530154036305081,0.43703145003624644,0.27204442340563495,0.45662407640755065,0.07304738165391866,0.01998433311095138,0.20139020794994167,0.3140341518182199,0.21254633326398198,0.9024694713205542,0.11342035971438169,0.20046797833413377,0.8279095916963621,0.8498338099938613,0.545011486166925,0.7136214504443537,0.03511999279868694,0.787450734409857,0.4573843425826374,0.6058932656768954,0.1836357900391783,0.35688159122447494,0.4511970482295482,0.5829165768909936,0.5752118179975149,0.3171990371338327,0.7244349414847396,0.18686291008979705,0.11722120999856445,0.974500513962709,0.4762788294201752,0.7090583182243938
Peru,0.27626854196505035,0.6796134144901421,0.11206511148359455,0.3843749817393922,0.06358487235413068,0.7018119227561904,0.029148911459734528,0.7534275161947639,0.6811843631698258,0.3048807421677868,0.0919674484034374,0.4015720163435692,0.8006112951175108,0.8454380375322816,0.23869616685007644,0.7239256876409044,0.9046547930113076,0.007234584962212742,0.6025165192736431,0.046152147429484924,0.48043458877551204,0.36969349259665896,0.7579317375576501,0.10480749733581651,0.2707113512434587,0.9694374100972133,0.0707900486283557,0.288256853019084,0.750083522293517,0.37280389510296186,0.12875647987618877,0.25059845523412627,0.8174712564407639,0.6038885173778769,0.5353051553758651,0.09019098925378077,0.20850353871037486,0.9252151047456163,0.8606820076384708,0.44166875049958143,0.1681602223383727,0.8224990830365635,0.7997917624960178,0.8397575415191271,0.8484765038175747,0.28115782178546156,0.27506436992009187,0.356668050670215,0.0893343044688304,0.46362701134189943,0.16451517372697477,0.6058461067173412,0.4573759914531279,0.3289387067348061,0.9809164874621153,0.4707975476180354,0.6235352538098932,0.1338068035390243,0.10833126706908147,0.6129642058245347,0.09000908443271072,0.5521271480213668,0.0624307496791362,0.7944935238195285,0.5392288566568919,0.6452742637217239,0.15863894871448825,0.8192149399844284,0.6173861414753186,0.1341958257233673,0.15685513261661777,0.03732881666867072,0.38882738136544814,0.2362825984149538,0.83858068174019,0.1224101680257127,0.6096468922238071,0.14612723578259468,0.11242013525846672,0.4411458615600201,0.8635837410200173,0.4946902793104543,0.1575739741914265,0.20551701478962758,1,0.9896308280450518,0.06451332934831877,0.5405040367832061,0.9042773654790588,0.7305774546441387,0.8156796989707285,0.4747086371883914,0.12340586486141003,0.19566947100088683,0.41857163204048176,0.7927846439220112,0.9821152916474047,0.6029456250404781,0.9278859107292786,0.5360166104255081,0.841832025611541,0.043820519010546954,0.3676638908195774,0.5766627572927573,0.07565278382210405,0.9764623980153748,0.5764096731153302,0.9541153613958623,0.4944887597577433,0.9850734746082351,0.3280091328693001,0.5293799758352954,0.6787158977252157,0.21222697186356532,0.9916031723723178,0.2843713709142156,0.08532171613374906,0.09144393557757358,0.5567576339270947,0.9649143871256678,0.7563968253164907
Philippines,0.38102987847610215,0.6399146975906459,0.4519487037008809,0.7558259870078484,0.8810617035637253,0.06602389767718575,0.14005893221631116,0.7791046434970975,0.07689037050128655,0.44282690432133154,0.37488798078520125,0.8072854874781439,0.27362291646960846,0.5072501473497912,0.8903663577596106,0.38671307427787327,0.3737358742925596,0.7793886760914821,0.31798510420851445,0.7668723261233883,0.7652944248316286,0.5511503782877444,0.8712841406641353,0.3271285782840976,0.33212792800063873,0.6112435602039826,0.7991395018342767,0.5483542599195136,0.9559812303792176,0.5857777682777038,0.8474783007778843,0.787202652047861,0.283289273844602,0.028192037234459177,0.27885636673381575,0.45802156668695915,0.3281092838164176,0.09961565965975727,0.9519227850343591,0.5864188425213437,0.40093098536941385,0.9043228248347748,0.8729627297326659,0.23488488296905663,0.8861531434574509,0.3916480671571262,0.5996512858605794,0.8962049850307435,0.6743633714453258,0.49826450976441883,0.1391966879495773,0.5501491106234022,0.9013325756130722,0.7925106087723339,0.31161348366248376,0.2916320769988926,0.1359217092525845,0.7011144930229829,0.33950558907064654,0.3331702633575332,0.8374828363545964,0.6024353223454014,0.5885185126128988,0.1004888717066662,0.9847957559619188,0.35323326575089975,0.18933448244313633,0.6123911848892085,0.7295417946067524,0.8331778889110778,0.9582597910080516,0.5903422961630321,0.6779161172674064,0.19892816513949085,0.23508276946880802,0.8633806910220495,0.4919680698688168,0.889090189036028,0.0533037444281842,0.8004834036661679,0.1280786785133129,0.7230735880785029,0.039616820898185634,0.7503373075511797,0.4356546922781551,1,0.6217851643308647,0.6532190396624226,0.2367358024503965,0.0065014409730654865,0.731818013247275,0.7622999569706368,0.9906200539271814,0.023455625339870556,0.7189230430700033,0.22248036441156294,0.46777940896553993,0.46441135870403283,0.5072612650802883,0.7130930960665341,0.8325698937583625,0.17671386328704586,0.4133125436273525,0.9475128071565303,0.19954035179849938,0.11052338793653838,0.6763714796753475,0.8430271482329265,0.22303123327867835,0.5084611663851011,0.8749695158062709,0.6484748537585987,0.1144166281339708,0.08347590408599392,0.8462135143225026,0.15774900202071596,0.7381230998903333,0.20491870155848246,0.5960252809618114,0.8599324590984238,0.2501639528777322
Poland,0.39038127975830794,0.4331849642435094,0.3260417242893937,0.9133625725511637,0.08226805747227584,0.08465576995312452,0.4563952244602826,0.7007671051534582,0.9925717142695099,0.6770640838187209,0.830273495662764,0.7660902287893797,0.6819199665943229,0.1638761259162157,0.06129173051185555,0.7639163762339756,0.5966609608212973,0.6424328144865835,0.04009050531313807,0.5858323263947042,0.2839623215470354,0.727633493552311,0.7108522664024308,0.38799547368341747,0.7736376201163279,0.29817162038527645,0.1310714179194309,0.9862717159165935,0.8045352325652935,0.18211723165544624,0.4108438105816996,0.4713505265628901,0.26122335020334764,0.648625236263386,0.12473640406433262,0.7997058640669028,0.10107491523399237,0.9497459108297273,0.39571538312740306,0.5115243764856244,0.6220334504678195,0.5499540448974083,0.9629770146872626,0.8234870003555468,0.189260858838174,0.566408082181193,0.9316788664687838,0.48755153358666026,0.21740309286593518,0.8841654583366518,0.2207844993597452,0.23464215630063878,0.01691679018885006,0.9230809043408225,0.16409383347228834,0.29159794212630685,0.03232717912007943,0.06964005264089501,0.11719633511356153,0.30011421538705285,0.9679117926453248,0.00339666107531722,0.26256003358423585,0.3538014505511229,0.41445702732501877,0.8191786888889102,0.7836260100880199,0.394948750520404,0.44825262252454345,0.5636989315147652,0.9673467752365245,0.44800742331229615,0.5592594070209442,0.9478725135338089,0.7030611025060682,0.09742563814624172,0.052503052517195115,0.727769280765855,0.2990274025623638,0.47878448662100903,0.5372381982748932,0.5226710138215903,0.4626689722810423,0.9150589807687749,0.06687679819024717,0.5303136493558235,1,0.07714865954137784,0.35791466583650056,0.7680405648931633,0.16445387789480326,0.9432611693936892,0.5984085465176721,0.8299379202627171,0.07303427749591329,0.07926605036193324,0.028225316538401435,0.1830428868672126,0.2755019603300255,0.0832730869538677,0.17992624222366183,0.04941505434779314,0.8077941619851853,0.6504956258348379,0.5322485059358453,0.6086485596665039,0.9337962529799239,0.9047330248233987,0.7637077796305651,0.9850871500031081,0.3243449075683106,0.4769966408869676,0.5398723530643273,0.420263472901662,0.16680679269214893,0.2264693290710703,0.37834860490673305,0.00310305478480033,0.19141233045838613,0.5689720784395578,0.48930439520673485
Qatar,0.4476242866873942,0.6704005272686202,0.16330251185373312,0.1347606759830281,0.37951914287101407,0.18837917830709727,0.1981292375470446,0.21395126922797847,0.5836819851217503,0.39581998487843106,0.05008728260652273,0.8822505592683095,0.8275071486210969,0.36617657727459707,0.11837272580798419,0.5700194587667218,0.7070525965636095,0.4336465155517778,0.16226743068983218,0.3697282429277402,0.8131584904043508,0.27483873923518,0.811902897771836,0.17672831441439785,0.08888296341596225,0.8882188258641003,0.9152647635751883,0.518630486737766,0.9598135473349517,0.6773579791940005,0.6371471912345504,0.6308486602825957,0.5748983453002432,0.08888244721468075,0.6436446436680867,0.26448945404174995,0.9346459154081516,0.05243428405927597,0.988346400860441,0.6298698141557155,0.250168525628377,0.3313992911680167,0.15846259306828203,0.1496044392708803,0.30304460601398053,0.5345246089490432,0.9232233965882577,0.1956655811610214,0.41418385913479394,0.7097322092672106,0.5254885076755288,0.2546029027959692,0.6851119943399603,0.3874597592602502,0.9178668279970243,0.03424791720972786,0.7927609679168275,0.6993228160839128,0.42570057401709505,0.10467542157517551,0.2951335431080513,0.6757802823116545,0.651160087274939,0.5079927108564991,0.09471377430120287,0.7513200902906788,0.9561294683985078,0.09763576903035609,0.5005424616363999,0.15649625715449866,0.5023528277786655,0.06565511274475633,0.09689142995322453,0.9203956001949106,0.5968473188224108,0.662062123472183,0.4134259581572185,0.5439997114304677,0.8110476882065163,0.9670875981752808,0.14075708453277735,0.7134412499661578,0.84749191611182,0.28272797009334794,0.8232308508379012,0.10069714896445792,0.5001150597501475,1,0.1970153254078174,0.5266382184878973,0.7073853825735827,0.1650476009504963,0.8640620921260121,0.3765654794678913,0.9931503753402794,0.4697054170821735,0.3760331697847322,0.6997856442967847,0.09968894937959061,0.5234701648146446,0.19848475085532635,0.8047914410226189,0.18011711762592342,0.8649898139977606,0.7774647122115587,0.10824721640621005,0.9099313542996925,0.3795869299941659,0.01673804195369999,0.18384253745533596,0.1258993678677739,0.5804137851659213,0.09035092010534584,0.041650052359508916,0.031902381505115374,0.30172706039169583,0.7658063702481799,0.6886827042553134,0.7072024735849659,0.39789421977332606,0.291637646349142
Republic of the Congo,0.4141071305907027,0.735232923921811,0.13720148110613428,0.782557547850008,0.760561444879129,0.001676615971189177,0.6056469734126753,0.9019655201511623,0.26698085596987475,0.17261192001989556,0.1941522164005427,0.027163090477580587,0.871960554539957,0.027657258050703515,0.6558804901658565,0.4913701824668828,0.6810564267099444,0.7695134162714135,0.7632998377266923,0.5914743904748545,0.06483411783031934,0.0904232027083971,0.7208222121967529,0.768753694971471,0.12494427315676859,0.17475863909123635,0.22946499712796087,0.00021116467297754848,0.5809496213931705,0.5289785928326771,0.7733082896352211,0.7411844105866944,0.7354449288265072,0.6897391454779843,0.19480179713034873,0.0025774446347823776,0.02045939900319771,0.06766091926322859,0.7795129992157511,0.32715585913803347,0.06383485474295614,0.9591522069235168,0.4561837506722948,0.45541580762615896,0.8017238110746212,0.68278024247732,0.4034044475679365,0.8348331195076852,0.3939699348839124,0.35233753079925456,0.42444548607351396,0.3044759297340951,0.07219533901321773,0.23797198390089258,0.8267512090876546,0.9775371452266537,0.04623476379411473,0.35363252059845984,0.8978363166215015,0.2373847145925566,0.17428395699551769,0.06035221078289266,0.4066923395483165,0.878200338574714,0.29744270597251266,0.9496686779582992,0.4352776748904248,0.900506760118307,0.7204853721864654,0.07199145291399467,0.07889274288310077,0.34757416946963926,0.8644905135055871,0.08270890507356421,0.16609705218597293,0.8529600192702304,0.5441246839318822,0.954824791218212,0.06817518371456766,0.821643799220131,0.9139394674724544,0.27139747819746807,0.8275019208700544,0.44396245843632665,0.08449569444002536,0.4928595898674487,0.7230832300222338,0.6231144058385353,1,0.5103385778342107,0.6532375886014465,0.30439873754828617,0.07239163977342988,0.5580309805451478,0.8110798446136414,0.08144718114025129,0.8651966308999114,0.37062588704324606,0.3414374090449859,0.06462928122101197,0.315059128167794,0.6073856739569857,0.4174698106011858,0.5730019785578002,0.932661098583162,0.7491016321718027,0.9315724527025215,0.5319193189668274,0.3162741406246624,0.9609889193697646,0.20482252493357533,0.11917219828896142,0.4209791781504967,0.23169803910659936,0.8280568139092359,0.5844376501623317,0.17965334303140346,0.03430644170810915,0.91163965308844,0.24231595227616864,0.5379426060376457
Romania,0.839664998994704,0.5562834856345757,0.6399413750488091,0.6363991319843488,0.5504641310175551,0.6793184640540018,0.1284442212660033,0.35644422127160147,0.9516392942702712,0.6555292891012731,0.5453196753887837,0.868287947040697,0.6481201270440201,0.14517744390949283,0.8630813438785271,0.6098725000653796,0.9733575424939399,0.8626391078711931,0.5128344786697647,0.80756032963997,0.7098316213000898,0.9437596527460298,0.3238018566769624,0.058635533193440836,0.7784640674075234,0.31921995404552805,0.8504812897789187,0.8641577213496606,0.5661322521530905,0.009445390369663853,0.018766040564186404,0.22560609275609023,0.4281884114101122,0.21954701261756404,0.16737194089416207,0.03963923593232854,0.8256477308030055,0.6662553158038543,0.1138948928006519,0.20564387507442583,0.38894351124130466,0.6849428248617381,0.38172968054779166,0.8727122272334868,0.7903370911713306,0.35289523039173,0.26747005181560013,0.03972282986288289,0.25366722586302914,0.6902958170425977,0.5303388171341026,0.9740882256175222,0.9555443159232362,0.5504377472602011,0.4096182768004534,0.9586742219577019,0.1697903582371585,0.21239069767721297,0.4054019368687245,0.266279712041395,0.9457303819892109,0.27427248307357366,0.049996574651799186,0.24672540295694956,0.2929763550444031,0.3088177284347763,0.23794015417877035,0.3990750779507971,0.3409858434190908,0.28456486098324696,0.1501639560514032,0.1749345573382941,0.7360951208083192,0.9056503801603494,0.5107428060715288,0.49292476148250264,0.1681876493857235,0.010353494346602266,0.7880892497894039,0.9474024370947154,0.6931814338964257,0.7565202409953146,0.7750984395764967,0.7401813353894687,0.23012819754551617,0.2807927730347395,0.35734222424831685,0.12733250695062437,0.8846090668399506,1,0.9233178022796071,0.13441961718072615,0.15660542592941606,0.4622700594308329,0.5195086357857164,0.9300205673594899,0.48594309998866314,0.5801623972747996,0.23985385718041585,0.10480445606126265,0.5313468883754179,0.4272000826345044,0.23433104746681688,0.38031323923741167,0.20123759315605627,0.747722599519799,0.012872350752369033,0.521135047159376,0.4203247544689477,0.2643077814727791,0.4172270307399558,0.3792643339405809,0.4719599333138461,0.43640449106705503,0.2081853438030925,0.05155381104990808,0.1950384666468723,0.7374056064741775,0.2959562083058671,0.8405594386042624,0.10976126503103967
Russia,0.5934303958374638,0.726528851968841,0.13711033186091925,0.036436415347053,0.4937195662289757,0.7215893915907237,0.08027037589482133,0.11257787857932133,0.6534419563766312,0.8350277023111219,0.5518366886699221,0.6317869950304005,0.832211276633145,0.5898709551646009,0.336307919331457,0.6519309151455387,0.18125470442075053,0.3856394715466709,0.7085098105054842,0.8347388987596177,0.7291224471046933,0.9419981849504748,0.7109762054499827,0.3770960199697254,0.606232435633333,0.38134361362014424,0.3947343775063251,0.5801433155244391,0.41150501654769456,0.5906593899873904,0.8516328998390273,0.6934514017790477,0.5811344061772953,0.9364408049153485,0.640565713485325,0.7533116769255019,0.9213133182779719,0.4094258233866862,0.10172285581444496,0.3506262273094819,0.2679397414754007,0.739717626755973,0.7007290198450588,0.29813124488350184,0.38653385045178923,0.9346630474356717,0.3193032281127396,0.9373809616759228,0.47346695798918703,0.39954746247769213,0.3401205910496694,0.8317604927630232,0.4284507887996586,0.9397651565232055,0.7825129432665633,0.004470266447652804,0.5172855227841502,0.6428939424679869,0.7468007424587478,0.6807363629836167,0.8233390975057526,0.924713011951918,0.15868155339751977,0.3450048451420962,0.11824341975834163,0.8334205752479311,0.9221751528910967,0.2533898002808389,0.49593453576679325,0.7271400026142346,0.5897680416458758,0.7187678378965503,0.6558975579530635,0.7577323033188507,0.7228220975520124,0.6847979409634023,0.5883100559746666,0.843820512940584,0.6382811731015233,0.47753956194064473,0.5685767712085369,0.11591025146153289,0.688048465956105,0.4804817921429141,0.48664003750015805,0.23467798723878175,0.03367663984515101,0.19866377096533605,0.6664187733719011,0.2865558529001251,1,0.7576113786237009,0.12293826451145395,0.2168080215633027,0.44190363903961405,0.7414178625102898,0.026250637830927848,0.6847677346206603,0.7545087449443406,0.8668295048073263,0.16135760424169976,0.19062033486563934,0.9506513483267105,0.6269797319466972,0.16584215649071254,0.3849605901875517,0.5735336518582669,0.8059885117979942,0.6591385980133034,0.7097403456394352,0.8651721243977222,0.49189530403123427,0.11583025413233006,0.32776897859854737,0.9498297472552147,0.4393036701113604,0.41700810173978375,0.6146062441476179,0.9171079614723607,0.8509686888932995,0.9393469705402954
Rwanda,0.4682680902023654,0.9442930119396457,0.18461833008497097,0.048806052574876135,0.19770633123651626,0.08542588898519876,0.08140847934301865,0.61242394179104,0.625646346728606,0.7230365233003974,0.5236685232413615,0.050659068685135145,0.5706953141382863,0.10699925347046102,0.13385514876765137,0.21011387064920506,0.8385688158978224,0.6738540838209928,0.10835550625266643,0.7708400486564593,0.2274304527330413,0.31306943113851793,0.13864421691025175,0.3021397036831406,0.17801845503276326,0.7084018885342783,0.9800559674047624,0.9589427830016475,0.67071837465828,0.9049854288880708,0.38678283302159233,0.057150286853683396,0.056176117182187735,0.011216289759667486,0.11037510783910442,0.8001321144248132,0.623525108916542,0.664023945650836,0.28315246541197725,0.7122907813637925,0.38233749906678327,0.7439540268116405,0.16834734243448723,0.7037542477647772,0.36305954918713224,0.22777509711993382,0.5930621608477177,0.8197238835178686,0.22631505498394555,0.42118444392216225,0.13841228287299612,0.887475617794218,0.4439578992683606,0.036895403167252594,0.915617184659809,0.9454613444876525,0.5071575925383847,0.673967959955502,0.9102062121612293,0.8908559152844557,0.2190280972096902,0.6584161690183677,0.23025590017804676,0.12838718124399495,0.6466033613395188,0.7770517920775254,0.24890168275507973,0.590417647068174,0.9522171530261133,0.48637556304111296,0.7781159619824285,0.8451374334874249,0.8741726415317108,0.2896820650173172,0.07785026875452561,0.5218248222715285,0.701615215414972,0.7223384585119739,0.7426205527118214,0.07214204356999421,0.4351811397401296,0.7673110196517172,0.667589777953037,0.027273461267826926,0.8826076286421868,0.018192105048716933,0.6017896679882676,0.8629910884806349,0.06999090773170058,0.2738044164632836,0.13863882019391216,1,0.3258043197291558,0.40705697728603285,0.699071298275561,0.7824505296530704,0.7031935713295997,0.8901745813693359,0.7013188697483541,0.6150721894945205,0.4296087956728556,0.3783144114264163,0.4164070773203574,0.838243314677994,0.3701811721340664,0.03572796272344281,0.9652615299155041,0.139089195434987,0.10625929292314551,0.22734255899041345,0.9433336439038965,0.3751411393658489,0.21665562360495305,0.5366502770580251,0.9116836961464193,0.5918889664631198,0.380004272036893,0.9465254025305183,0.8664253216692035,0.6857205901748218,0.5868102649923616
Saudi Arabia,0.8413708266553218,0.2523132485314131,0.16713608366227672,0.11388381026730143,0.6832129019517319,0.7398345952105125,0.10220428047398145,0.20458051701089752,0.7621323589985632,0.9771980146909643,0.9513119176902504,0.023800090034148402,0.1695742044966143,0.5727218956350592,0.7971668114936146,0.23559455044488853,0.3126358029668934,0.4488652581138337,0.7171495801003007,0.3739978749035465,0.2620618879324277,0.8643960203897602,0.8552480051595224,0.7876414345341964,0.49082016896962954,0.0399592577132063,0.19501146876109154,0.08353714704193038,0.40036310234175254,0.2537671146353868,0.49094747929430627,0.9258473871443218,0.2579798617311425,0.906152278232376,0.9097130442506981,0.20658170957040412,0.2515345895211578,0.7802222938309302,0.3969739051562018,0.06465763269674485,0.1523669092500214,0.9347588561878739,0.8611861408720323,0.5773180295388978,0.7522781934549486,0.6267202230883447,0.900057937024391,0.7726528610193983,0.11873347366788856,0.3097380061878787,0.10041189765404479,0.6948968860025911,0.4640332861647153,0.8143944179100221,0.27789668303284987,0.1441479770508377,0.25470231532254306,0.9139662607409789,0.8133409476872262,0.8457571314812894,0.7955004980522133,0.7220357646419535,0.2351163994188128,0.83730955395982,0.11643235554541842,0.9548948791705629,0.8748686835551402,0.4130827965779432,0.8473291255541898,0.8097517069212882,0.4953998331616233,0.6030418346094714,0.22714347880234564,0.3761254912174806,0.7074811163043079,0.9249452209782227,0.2949616867177898,0.32630751562860316,0.8040701744443132,0.9415937704770386,0.5271047212375581,0.009479971422091227,0.5449625078783487,0.27147631685094964,0.9627735947116749,0.8145722650052378,0.6181980403405402,0.6427736517281549,0.549546426688599,0.3211132635377256,0.6543184725358777,0.892780411443181,1,0.5959527834882242,0.4827306947795016,0.10925467412838075,0.7301704522205864,0.2707672608780979,0.45260506104704157,0.8636598174089656,0.7694370820467734,0.5883818007087206,0.5008835537203072,0.4997910943873065,0.7897184151930362,0.9528293124701853,0.8872998167247066,0.9982586933013583,0.14132645744783245,0.29844462757709933,0.23195327533241605,0.9726919446465238,0.7074122783905129,0.3680027276740997,0.4784406100682925,0.22280492474100433,0.4796487072103337,0.6536094215350357,0.9948594588604168,0.7916708385547855,0.7535069488344737
Senegal,0.4722673830232612,0.24654450859387866,0.6459695367555828,0.4546646876977636,0.6044652278396468,0.3238464860343465,0.15687230856094425,0.9339039065498572,0.7360680393339908,0.07226945667821305,0.9871606577611988,0.24387019333934368,0.13428993825024071,0.8443765460590247,0.4943031802038128,0.03093247421577039,0.12570929125029984,0.6580919966263084,0.3266504395515565,0.37796662720869934,0.8208995878305181,0.4842269979785053,0.5422717095199111,0.4150582417292784,0.591197822088913,0.3402672054067363,0.08381986007422504,0.3219846441251072,0.44193655767180795,0.18756780467482992,0.1990824307188679,0.9291789069454071,0.07521643456489568,0.7505304503892172,0.3871127219664485,0.08914044494891171,0.5109550866026152,0.8019242531823735,0.3364815010632496,0.056668136493875254,0.44299764099707173,0.6646232675582956,0.6849618838049947,0.11790213414382944,0.8658223405566617,0.2465564390512237,0.4143295798167602,0.4228472816340637,0.9994899100343843,0.2116776548139495,0.36037498885483155,0.07131091006114754,0.7977605044649091,0.6905217685578904,0.6980905184618047,0.47775854477619895,0.10673119813773002,0.136914122347784,0.47116321562811814,0.12545093144630504,0.26541669216735053,0.21593402844494802,0.2969358231934256,0.9118175305567112,0.9624367945863171,0.02031719656835862,0.8849260196576915,0.38356596183429914,0.5243161815127565,0.8114671057081116,0.7811762361857473,0.854390026053224,0.8718821631765966,0.8665495944681837,0.11778738705093961,0.8691194364343402,0.4842436948358537,0.7791636227905132,0.915216786100284,0.17038955595143623,0.1114780504025299,0.533616723461289,0.7561743202879662,0.6104524927660541,0.6329713520940733,0.24618696446593424,0.175902015357443,0.8299806688539382,0.20746584407557922,0.3724171643504942,0.8695470656806512,0.6819598771954927,0.9107766846058263,1,0.8444244748615619,0.789837034448692,0.44193363545101183,0.33154266235168917,0.9088101072958296,0.6769012080276023,0.07009333422793895,0.9380581255044146,0.6939031541076667,0.11614833198647123,0.14088346085395564,0.34254810550264814,0.4475101176631455,0.9202090273269456,0.7037449236812735,0.8926297740820797,0.5636959420964268,0.2528865707081369,0.5682025528039566,0.245851192864185,0.19273545649396673,0.3205933004588888,0.7252328724562825,0.8241284008588214,0.1053226454286581,0.67921503168295,0.8182374923293407
Serbia,0.9018384101700511,0.8893070547048407,0.1335844772642637,0.9473821516304792,0.08587788427933973,0.04608526690602033,0.4889440092132027,0.5816858364616002,0.5167306136539483,0.15236703114057593,0.607507351965822,0.4158655725688035,0.7591472684330755,0.6170638552582264,0.6636638415278742,0.7524972177613964,0.9235221038761746,0.7227016603196181,0.08216107185154164,0.18055984780797885,0.647465860713034,0.04567080673705859,0.6271149705955368,0.13540735063191955,0.617203300570868,0.5906934054366544,0.9384664460230929,0.5788262331029151,0.5783140020789378,0.3993973178992206,0.7361016176314329,0.16985010772241416,0.2342739820020967,0.2200511535209646,0.7597656693645743,0.19299365142435476,0.7362799780833568,0.9414909188634949,0.9978430993779702,0.6085661274408717,0.4307046869477895,0.18309278868344492,0.3499829407683359,0.02113149623821553,0.4967739680874138,0.6399747063280978,0.6492024572394689,0.17725056590034793,0.14427532240707586,0.3631522140736648,0.49726967489965,0.0833670032030307,0.14745016125448573,0.503014132068842,0.12635807601584237,0.4980090713473798,0.0015570845879872008,0.01007665706431038,0.8963550135195024,0.6522463098657781,0.4671208436584916,0.03769052942101547,0.8489722064877515,0.9099391380470365,0.9220967724269872,0.8402185905588684,0.8109215540434409,0.8458286269717212,0.3056262723980804,0.5281068722503728,0.29171669176564974,0.39624614542925773,0.7940262969875405,0.17726517159558164,0.4073258758730285,0.20074130175844596,0.8058068753812077,0.6608823308320075,0.9407560023996295,0.33670762159285905,0.9520357751883239,0.7528989138623435,0.5648051376207697,0.3762178862316877,0.7276187689109018,0.04818074316039833,0.7416347077095821,0.3083887924369041,0.15231153973655642,0.13417043116198735,0.287477813319471,0.4120157261645029,0.3049802322123373,0.08080396049498573,1,0.27282036493317974,0.4817219400733975,0.2943913879087344,0.9243332858603145,0.8971236231222726,0.28966388263538,0.2575181430462855,0.44367554028198986,0.8705765613754813,0.1575363413726546,0.9357379513371619,0.2616755791519456,0.8540262906083732,0.050768111893969015,0.37651150758344176,0.010632136308543094,0.20060357392886297,0.00662988741129078,0.6405727002331963,0.9243154024939827,0.3014511352345879,0.6214212315626945,0.9939020042775395,0.9331931847890795,0.8026745998059519,0.3079983415214963
Sierra Leone,0.5536703145943618,0.48442400435762945,0.7746091494425781,0.44070561205777414,0.7369379136103196,0.18639164770420358,0.4848821224686064,0.2733493107958318,0.3085745518174008,0.735145923406811,0.6417727759022764,0.8865864329344229,0.36653693204234716,0.2865175327982872,0.5847875889230811,0.7669830002777493,0.9346920161656254,0.09688553152047652,0.2790921566737362,0.8057396521549499,0.2647032320456909,0.805691663464517,0.8603835265908006,0.9817223356320144,0.5946582764227744,0.6110075178081694,0.06633368118776861,0.6561948471061431,0.7759831449612883,0.437297669737322,0.5755323852965131,0.38293257347807563,0.014805551711424059,0.3529854567383961,0.1923308636205575,0.5626279597411147,0.24563568771249555,0.14627210924393597,0.5366618091711213,0.15936764826309402,0.1321209044678493,0.7145256672980626,0.47760367633122425,0.45688669577589036,0.1264571761055293,0.3269925282201027,0.26517985650651554,0.6545745330150551,0.57315046383045,0.3669727169052166,0.06482272382869836,0.31876713079497965,0.85222073663875,0.3442172700097168,0.1347791487696962,0.47816751905249477,0.5523067962409146,0.3007778380964998,0.6354185497204892,0.3958938062856747,0.198136045672341,0.5061539018668866,0.3845030500431057,0.6697344433667396,0.28406764915186433,0.16292091744734327,0.8661248868615058,0.7273371651086284,0.2497274916422395,0.8628883957908327,0.5903940974848884,0.1932800811163875,0.4871019571362294,0.33098867374120977,0.5278130387704864,0.6800955814430402,0.647916285371842,0.14076928544242795,0.9065335602894418,0.3368143788717374,0.8292251661636716,0.9283155108469575,0.9569053960280435,0.8211945100337165,0.9920227322975094,0.6388458752637118,0.4951208692949002,0.8434037431863942,0.6840425539976265,0.219818703571671,0.6293493890737588,0.03836206171983125,0.42561334219814273,0.06414017891927659,0.9336956062154971,1,0.15777779394834934,0.27942158185114163,0.3529366844248,0.8425065812908167,0.10132395944953365,0.24078562484119914,0.6702967836421941,0.11159127456361573,0.0483884894657266,0.6727452618092092,0.33755252437902195,0.6440463693982806,0.5787001559847809,0.3802892237744504,0.8259303194802036,0.815274817826252,0.9853019685698833,0.4089014460775775,0.1293533827937814,0.966448423406244,0.007644290284229416,0.009703935570613442,0.19101722155344414,0.3272055408964635,0.9664015407412467
Slovenia,0.7173377081661175,0.8930124642924496,0.8856862448901427,0.7934066641978176,0.36609999482272715,0.10118463122227273,0.828379304040935,0.7412335803331702,0.8674769747861724,0.04092380945389751,0.7151818843086907,0.436284092152712,0.9126554121458289,0.295345787523863,0.36703974779674564,0.8277251023073549,0.2342643675806193,0.510024710835406,0.5780023171027553,0.4557281739189375,0.38670550681658267,0.5506410338476861,0.9687074101610654,0.29836242517400013,0.972851265341641,0.11150874470813166,0.9442527159711452,0.3131564649654017,0.6786049042086085,0.0424330925431573,0.8419545875710442,0.19115958286666923,0.22397199646724664,0.8501274105109906,0.08425482851901134,0.09813210715124898,0.2763995169285155,0.12153426914747134,0.2883495008143637,0.9736741820084771,0.11140250013633235,0.9927468361663574,0.6155969698719409,0.9519197415402093,0.23641829935220215,0.03840083918560566,0.11986814749182928,0.08264209154577906,0.8795831801651607,0.04248404460653321,0.5406494144618287,0.5365231341388842,0.9729549693793189,0.6851022744359396,0.8692509840757806,0.5230114667757892,0.7097365277420429,0.08006475083135223,0.5323953701938308,0.9475763294423896,0.08840683737743882,0.7466864269022467,0.23977221046091335,0.4508934543927864,0.29052368385051075,0.6142470000136292,0.24440225178706032,0.31880907805545267,0.6948540723446399,0.506186162361408,0.6386979409553311,0.3332319961923751,0.6807040920998274,0.7181043189101529,0.46478244579567396,0.7003944311566374,0.3920266844578669,0.9519522945468335,0.776285056920813,0.8069357537427762,0.6045713866292279,0.9808334406568059,0.9490221322161936,0.994178862337522,0.2735308680106643,0.544673105461782,0.8456864469424489,0.2394457420791184,0.3261202418055753,0.9332975529741645,0.022474776939520602,0.37519495522267254,0.8743210088906351,0.9055766429816045,0.4401638220344555,0.5919660867122558,1,0.7432485364565402,0.7658856791355894,0.47822777009158113,0.06322794944136256,0.8580013264652159,0.8248027361931674,0.49733698845397833,0.32562615177413723,0.6709249733285444,0.5402569247284013,0.5206380423256234,0.6762881484526376,0.42049695313370505,0.6606174282149224,0.6399580969178513,0.48461137164397317,0.24098383186908467,0.2136169644404774,0.8092185127736927,0.05829738158975406,0.6399287340227201,0.8276978319251442,0.2319216558408862,0.26604138892305984
Somalia,0.7841944247586077,0.25518143274415606,0.6348282916148225,0.7434416038545986,0.7254024323800063,0.9234574213307123,0.6778142851704779,0.15383337229822913,0.1344597613310785,0.37190531907284974,0.592953621626626,0.2984384319518857,0.1948486697281563,0.4444191535470934,0.8371471418793894,0.7692855914643797,0.26196592888439696,0.41706822307119695,0.1429577973237378,0.08527441583344764,0.5476246959766494,0.304187979674717,0.7584710886281003,0.7448659125220586,0.9361209177153519,0.5320723774309111,0.569289551330587,0.2086100506366262,0.7767684480527793,0.24612627432603085,0.12141458434431196,0.2053969361991549,0.5792902483188075,0.36925623857485046,0.4022278663721188,0.21846463660859505,0.24360080005969054,0.799982022907538,0.49928334079424863,0.49719127467350066,0.9322975327899711,0.9383126268190874,0.3406246515685608,0.5063352562391105,0.05856860398223995,0.3925834176363685,0.20094140103621738,0.07874723717165488,0.9672687984040915,0.6807624202243715,0.5797667723783273,0.39878339733379864,0.5637085436230725,0.29171045530916884,0.2882687595419493,0.43977506805449973,0.3684203506663952,0.479134985560538,0.9025659163379532,0.18734482115751228,0.6115672689093753,0.9489521730594292,0.040883047775970405,0.1618965238906237,0.22965104719316254,0.4261716409034867,0.5348627543322276,0.41740713750228,0.40961254816692005,0.14848140873721083,0.8667780401498404,0.628908599020484,0.8779800787386262,0.7446962865278992,0.7354794408374015,0.20979304647092345,0.1793002514754949,0.7698441757775218,0.2536993542997882,0.22193439366326662,0.9211343996940773,0.8071819469197722,0.6237012110050258,0.2278868381746899,0.6789228508091979,0.5735086113869353,0.3719158186658422,0.8129610384035496,0.22805124505883634,0.7465219172194186,0.7343353635940487,0.6717779748321709,0.0664817920369084,0.9087915027499023,0.6960271424559317,0.5879556664413653,0.0020789178051244805,1,0.07583070142504922,0.8027685028320956,0.04361697589518032,0.14294356793967267,0.4065849929239681,0.8656279263819673,0.11430257023108314,0.20027349264292993,0.7687603338929758,0.0403213440607334,0.07012704796849711,0.7630781588805016,0.3071703694528626,0.0770244853508002,0.18064375521934417,0.5552597144706926,0.45806567371892193,0.015312543798544742,0.1349907988663891,0.6041960348538675,0.28376950850121385,0.5159019283549011,0.5415852292813175
South Africa,0.39887482465679913,0.779537558696366,0.6383076360946006,0.2683057914825787,0.16230605133349485,0.2525955342211994,0.5024453345664074,0.6825177206718624,0.5837746120843414,0.5331094947868784,0.46106383227793246,0.3554820291938354,0.8370654607517386,0.012423295706477155,0.91078682069725,0.18914300834236752,0.599618222665905,0.32460524309805816,0.4742740631410681,0.2974360188724975,0.7899307520657821,0.8870838633423244,0.17657485509596504,0.0898266278473977,0.7422536984655254,0.6021792266862843,0.5796896290933853,0.9032617675658843,0.9550149611826007,0.5784363125765833,0.6924060622478451,0.26971894211182745,0.6921136422656591,0.5409163361844873,0.7398261417038362,0.8371916592194222,0.27081660761849613,0.2765128193872701,0.494090107180044,0.467643357600358,0.22547261115510064,0.7630915991390386,0.15454755078158855,0.5673108423963713,0.6689096955116592,0.7330827433656907,0.41845287029271205,0.07786790210847239,0.5218882131736013,0.3754039752790411,0.8184627125707776,0.5480772214432571,0.7117586533148538,0.4613325698515488,0.022557390613720862,0.06891809133352467,0.5466194471064048,0.46875308827038553,0.11362593767333962,0.42640000321746496,0.8269399899591346,0.7408857469505357,0.9560880029559464,0.9959217494318215,0.9803816664998249,0.7690916493925073,0.762282192918234,0.9027226847161837,0.6381682075132444,0.25550225543016003,0.5299023877236629,0.19459131914199435,0.18495505769106124,0.9458522165148079,0.04121446927560046,0.8024479969143594,0.1766148756324497,0.8598876628852848,0.4772610411192757,0.3049702997482412,0.6880519462594639,0.5868406893041326,0.6159084432774045,0.8266004492389404,0.7283097580283713,0.8044351081694249,0.4210443772509054,0.5574600020883104,0.9221292995179103,0.10025557018120679,0.2836303268441809,0.25969302798969207,0.8541884155495071,0.5719000630204492,0.9806213063876393,0.5993063527081274,0.05069068508573171,0.11292135305439999,1,0.35647691148897853,0.7699239952357735,0.920379596306155,0.22491374284513377,0.9178977730702141,0.6040406380671794,0.40855739659636625,0.7066027107741445,0.8674204203183769,0.40244695015073484,0.95326513362411,0.09177416539475247,0.29732731496579445,0.5347974804274587,0.5518245136318669,0.07079519560348468,0.16261264720743462,0.3471693256645547,0.3170540794810148,0.5345517685239838,0.4979715188572629,0.9274954984183681
South Korea,0.6409025592601051,0.265125038988829,0.24980797850105452,0.04922130348315257,0.5890387661090623,0.6956126522228885,0.7506802714998763,0.690158069903099,0.5871955100445957,0.9544612577878842,0.10629049317614303,0.9779212697040364,0.3430145632066304,0.6430392386649225,0.4004520781120625,0.09851378345606898,0.6484878265926036,0.3126270458370837,0.9631071744451074,0.4522776371462134,0.9723313997769114,0.8170053710391127,0.3872160991164545,0.9525809213480348,0.45707449233219344,0.20408626934174345,0.1559718381118006,0.5126208222986243,0.9002087015468577,0.17472406773788163,0.9966388538217567,0.38386624023517446,0.20249531946154453,0.09822857308521404,0.6458777093188902,0.13520990872892447,0.5620814687520531,0.6704969463158735,0.554305640302215,0.25633583052075326,0.8433087068029763,0.6729771671466072,0.8508741736184036,0.8373330248648124,0.4175352877797013,0.8940079360614746,0.8928976400080748,0.2853412323528789,0.8325641512168244,0.8078452007856508,0.23279109695646127,0.5939692764344754,0.31874772307219223,0.2459890831449424,0.6322329259893739,0.39784028976266916,0.23051399928178606,0.8472365078586763,0.7266878378274126,0.1317253625567244,0.8695048341278029,0.05836705885537663,0.7752985586144818,0.055055773157532184,0.258033671515294,0.8082177873432813,0.8400292669653282,0.723104196569366,0.4071595597095523,0.9369345514299278,0.6109071266553061,0.9252456516593166,0.08523030796010722,0.7187539836888417,0.22757612053095855,0.22935623327151422,0.5024702584972042,0.6908897042765827,0.4331080465828442,0.9822826080906383,0.8222237049766332,0.24181375613374312,0.2743009174840586,0.8837521396442298,0.6275267080715703,0.1827173272072008,0.44389096449793475,0.32134012820484603,0.8950946013480685,0.04577057528393569,0.2787434776079415,0.9479795879447575,0.06410265609130927,0.9648470261365765,0.23469553937428167,0.027121493928701113,0.6504488563666423,0.686796482524629,0.40691801390955407,1,0.16070098796932697,0.5328344087572366,0.29899754314874627,0.5888820389505367,0.3149612330605047,0.6095703121911218,0.06428682976994793,0.26476419334409074,0.9895063189199683,0.7215604904394007,0.44467364099543083,0.9301059482007306,0.1885191811613226,0.6478130667894121,0.5670439819731898,0.38664438167038806,0.1631681176716061,0.6566531596521675,0.5128259997194375,0.15671558964764776,0.14281169778644542
Spain,0.966710036066802,0.7829965236461212,0.17909974316272215,0.22462970186940423,0.15669204585965613,0.7233567027237229,0.5270526182018743,0.16960511376491705,0.2419293461923553,0.01725905793149396,0.13601293275305493,0.2221602287024016,0.40924059832054804,0.998683477724108,0.37314346811564114,0.30250275515959024,0.9072126885311774,0.9163310901054481,0.010364819254986779,0.1897299630663759,0.5972610532006628,0.3827440384057963,0.5227629977795096,0.24624543881528316,0.5475641084247236,0.8718475840770104,0.6447653556243766,0.04212046294760963,0.3311274729696756,0.32485906955818233,0.7941026391544722,0.9624337183228711,0.5451995657220174,0.22768271184058098,0.5997395419911372,0.283395206817893,0.6696293433180229,0.8815878879295004,0.5311718149665032,0.184987247995545,0.22126628974783713,0.34858200917833093,0.8491177695755302,0.29457906119604504,0.7306235287897477,0.5714592416459826,0.46752175864856593,0.8997755433897557,0.3513132266161638,0.4182818260159583,0.9756384849926985,0.35591900934856036,0.4733800723220305,0.5798138963319077,0.6005467830183139,0.6878087885204471,0.9998086992464734,0.3836311039035539,0.7248238931437554,0.013962696542317077,0.9470953127506775,0.7466631190965711,0.20363268511010035,0.9748216055732136,0.39216938874582086,0.8538538542370512,0.8977550051241039,0.25874790536529935,0.09264278838822182,0.6922735672746256,0.3325754873575628,0.10642352872327787,0.9465533439919946,0.16805672031150265,0.9483382232451973,0.2604196876767758,0.08678760027589782,0.8934888800797811,0.5044632982069395,0.9426338598918387,0.34105007711478885,0.522698749152822,0.2249727225964694,0.19472940739568168,0.5233628346250133,0.2721469818783221,0.4497677939438439,0.10789419145127788,0.8348732130124336,0.997978666431893,0.4886763427048123,0.5101435737975974,0.35287185113259534,0.966630713837569,0.701989381307027,0.9175574963315474,0.4452657678771855,0.5728827069722338,0.2875352398384359,0.8175717488955055,1,0.4895469350924372,0.9415421108773105,0.329014001129317,0.6220642356816374,0.18213285974449034,0.08230450642053289,0.38100102688495463,0.049096736249159334,0.8479426409591497,0.0978990490669348,0.41925518650586935,0.12370379963485689,0.8222846347369289,0.4893401007039426,0.015668494554472834,0.49936603823246983,0.9786926531392798,0.47677530868041795,0.3889536829606982,0.16789660540179474
Sri Lanka,0.11486504182886204,0.34856275797860303,0.22114512083779192,0.4491384082979264,0.8245855593224868,0.24799418466611145,0.5389765647386694,0.4110923029713841,0.2357259654748447,0.339676481218822,0.18606232418102986,0.7863007006064515,0.6738821732351323,0.717945933785274,0.40578868583108196,0.24301327183353938,0.2271443960492966,0.5851011628765025,0.41935948192158445,0.5616071566261472,0.2168944839493151,0.4331537573785281,0.7507229109491429,0.45233349773971976,0.9988017762050951,0.5009831721081645,0.25337378724337745,0.14165206370707317,0.9107500941808447,0.4901806276566826,0.6615905714242333,0.7546503070955278,0.033221267554509604,0.878576727519713,0.27353447794526875,0.5106701202363064,0.42192811751657466,0.050226414835022215,0.2340511231878598,0.27022957369758505,0.7190354454879718,0.9767378005711709,0.4648732134823099,0.4084886463347043,0.03003672712379224,0.5626486122185675,0.27859651875911906,0.9461211247239486,0.1548666568944499,0.021013761838546197,0.1559709574366248,0.24422711575861644,0.622290262973451,0.9473095423782236,0.0037918387346685956,0.10603119823183704,0.32441924101608977,0.25223912575024476,0.9591813094258055,0.14776108314478908,0.2248352225640663,0.9408725727031324,0.6375010094702956,0.5842134461291242,0.008056132049606868,0.6865804008010236,0.7998828586649142,0.35675903648135854,0.7685025728295397,0.8947991800409052,0.5386200845464597,0.46120730505436736,0.27280470779416766,0.9654655162263716,0.7797901258525088,0.9603059887885829,0.4259562825313462,0.47757546451022204,0.7449506634045285,0.9553626909342028,0.7898966896304296,0.052079126086982175,0.17367770507244895,0.8031036257352583,0.4914310758208227,0.062434304364829996,0.5744476272715829,0.7508456149741382,0.6908452585693936,0.6336882982149066,0.6271880899617862,0.9587399559580038,0.44280049134675525,0.04691201949804247,0.06906521211151295,0.5788955913625297,0.1083107744594668,0.2905341545063358,0.3138124883987168,0.1738059649132493,0.3600721890388793,1,0.9268561374349301,0.7663856375356376,0.3414732981553278,0.025861502616686738,0.7994140608014886,0.8559932093062855,0.022281636372344482,0.39812022662425695,0.6175302956267132,0.6388206252736661,0.04833027989178118,0.8957303399374154,0.38189158231579456,0.6838981387395618,0.7771918346921465,0.7251251933555646,0.600061724081246,0.36599985898353904,0.6606241300942567
Sudan,0.4499872184421828,0.2144636280072062,0.9328919472344296,0.44140755194360715,0.1919222028874047,0.1913875629077747,0.3482739601174998,0.6387206025723199,0.2853205495470498,0.4796840952323058,0.12303850976839525,0.14699172145896322,0.8496622482615973,0.3115571685469408,0.5127963105748846,0.480577416592434,0.5008422311659864,0.4666346636020964,0.7618743341466511,0.5291895993798685,0.9170009659349964,0.9659465801781503,0.09016129867500189,0.8818239552210717,0.819906194529703,0.5254548824564652,0.42890619882423364,0.9929790931472081,0.5297797363229987,0.35569326142293667,0.9832741484395064,0.40585213443713564,0.849093872546619,0.7957047588606788,0.8254457117335176,0.8475865146647691,0.7049011465050774,0.7757449135940425,0.2725180853804935,0.8187752132493739,0.4477419197884476,0.22956454619084832,0.8934839628673918,0.16399836707776239,0.7102513733584478,0.5834313806684471,0.06702234155107367,0.1171129858801343,0.23000358109681507,0.9329089942099795,0.689533096140606,0.9650243426132816,0.33442330228792816,0.06815546858577382,0.5589872516990791,0.551492689423341,0.48545133555213926,0.3431124643667629,0.425976288225536,0.04242384003849886,0.054873822441650955,0.4177195907049881,0.9524589151215622,0.6915365933141696,0.024902889648524718,0.9832922782164538,0.603102255552713,0.08988258405782545,0.9177105286144348,0.17591458628150203,0.5062765966491423,0.24784625810967975,0.6482284323518391,0.2563943778689215,0.09871065921831357,0.3962541178994282,0.06751417357880152,0.21788910797589944,0.5974618897852555,0.20237554365601618,0.06852140225084602,0.7868722743855633,0.7284500837512097,0.34832440230581396,0.7162597495760463,0.6713079371778351,0.4035697988034127,0.7131669313431841,0.4578728608784235,0.3836283104826663,0.7902073024483152,0.08416056044498599,0.6147028698373872,0.8981318831532072,0.0838296453772478,0.5765270947146559,0.6029525923442652,0.15936355038099015,0.06242336833971629,0.8107615166345629,0.9418738339685706,0.7363088009683025,1,0.9583880787637178,0.27807485427974554,0.49185519142700407,0.7566479375968458,0.14243908917060644,0.3563486398340363,0.9654893580016114,0.5015525423903243,0.09019347592423266,0.8785993693190514,0.3812425244790033,0.9791201476146489,0.24370916536851917,0.36316189870616855,0.5309528698440813,0.2245169636817217,0.2905528920734586,0.3992482730629878
Svalbard,0.4033439058109397,0.2414595388867109,0.6200431581675733,0.3165606931831424,0.13456640212326731,0.011467012135252697,0.3373639677779724,0.34586226500353834,0.15730274047106574,0.09410144380506047,0.45361786557028094,0.7248989105430316,0.5747338660235245,0.18178136992346583,0.3337614422876449,0.4902559186521368,0.14096451761431916,0.4571638855333273,0.735346617438361,0.9617382491239734,0.11501768465732443,0.19359016100817383,0.21989321796547612,0.8296999752137548,0.8800122755799893,0.22500715691054418,0.006915658891146981,0.9578982802996813,0.6099345370212484,0.26729901691358116,0.23635794808209898,0.5412303721861561,0.5970955910204756,0.7676007726202375,0.5464632807864934,0.8400616029623341,0.8011175107822084,0.7827618672052392,0.005535245706772773,0.2586807985541161,0.8001389275493564,0.075383684391088,0.3028068078035093,0.4130185592208041,0.25115009662294785,0.7819693121146479,0.770273528134251,0.01240347842135292,0.5475201597199327,0.5397222290630839,0.2965303953554489,0.2045135821896461,0.7035744954262465,0.3601236806175302,0.21743012466084144,0.21356019039821006,0.4802080189304162,0.4458538329004851,0.39206172006862605,0.09932784551966323,0.48862010324613525,0.6292872009003313,0.8740056570000867,0.4469384074625473,0.04407134049485972,0.005698741631153803,0.8555018991927602,0.2724556346742192,0.14047034188738627,0.3014573313792872,0.05555756213655916,0.08139318262278328,0.5922829965117461,0.8685237726788897,0.9466823788273795,0.3814732747862659,0.44262260334663495,0.30395946697447473,0.6722956128599572,0.434194118774168,0.8150103115162513,0.6146853887270338,0.849031608737837,0.6344752430160733,0.5599237309948775,0.08612065675622893,0.8983401802791262,0.34712486919874896,0.10954024974620924,0.6366802564653734,0.07896242657376484,0.12485458908439495,0.447740934106273,0.08146445037343175,0.44486257154069864,0.5698221626218353,0.6138606192382544,0.3991243703171965,0.8249079185435265,0.6676617053477515,0.39897625566843564,0.9573146819532002,0.5761318834354746,1,0.20917840239618024,0.44552248806295347,0.28252993358741996,0.7624241517744503,0.9373446075462839,0.0654424126522698,0.3048686571942144,0.10527796953793311,0.07654070814715286,0.6597273217267716,0.890596516703097,0.45868776152677093,0.250949913095185,0.3255586833615146,0.8259299801601518,0.8316739464761631,0.7606196813554572
Switzerland,0.2364794882443626,0.6653710802260875,0.6541536741308499,0.5054489077151834,0.14815332478546572,0.10803774703246682,0.7197403488642767,0.6068705682612892,0.8880067680874127,0.8520844344510267,0.022527904095876683,0.8411949396915606,0.2841629653809047,0.691865091787872,0.4614577723263339,0.40889120766536835,0.8958192124542929,0.713191643943533,0.10627361731883556,0.772608364040086,0.8242240862776785,0.008351825284942715,0.26152610725057013,0.028828959373231933,0.36720362505690407,0.29899580367638146,0.12128904221727244,0.12538022259444626,0.4178050003739001,0.18874359756421488,0.755259101514163,0.756806259077187,0.5685539232575737,0.249947625602721,0.4966013618301558,0.5606193763928231,0.5178301021585111,0.16663430647540134,0.13987287239980895,0.3771642970829412,0.3144031335778983,0.08344858652403842,0.8898517522386292,0.9654399236180427,0.7558290425026675,0.03310654776511379,0.11675335055088965,0.780794943859184,0.43050391799623067,0.7449245714440548,0.7568867696656323,0.6650680450921431,0.5523866941211169,0.6136709186519103,0.38912646915498206,0.47163556135637885,0.8464192847435495,0.31502027273628785,0.8053730530685512,0.29705571928044994,0.4864869505921019,0.4525859888999245,0.26882921079121,0.7549627654583064,0.7063551172462214,0.2583745528528897,0.39075458973999044,0.6622333285296785,0.7920391948937642,0.8463495758011059,0.8768221803142632,0.5634369496143995,0.9754973349951439,0.24784097803917482,0.40622319900813286,0.011201904603936996,0.03494554719925547,0.2608816148359038,0.9613687689223746,0.4977062423861035,0.8365539113834959,0.6219669382108184,0.4416478792846871,0.19696107678156394,0.7491710234539121,0.0501676946208065,0.47865944106784064,0.8673002665671999,0.8316415342455714,0.4018024107864401,0.892368924841997,0.9493021762258457,0.277937970392543,0.5736941215079505,0.4811949333218122,0.010983873729127902,0.2407472303283279,0.4941100192424316,0.5178564248745116,0.37918734654240005,0.170279003821594,0.18652323036464502,0.24778762523298392,0.7593882773513807,1,0.5755788877797271,0.9094237575695159,0.9231363649324311,0.9985696743150556,0.9903761918015036,0.7077838863404667,0.4114472232912917,0.8193505679506852,0.6151059879027704,0.2368172416916814,0.1614966277344556,0.9927614226889363,0.441380678491717,0.20358832407313676,0.43107747893963466,0.5606227806666338
Syria,0.6185682691547512,0.04225310902115298,0.15893732217389378,0.6149194291026729,0.7356536972387593,0.22304882801323866,0.7442382895925083,0.3272804504767475,0.24879622172955673,0.30278890524304614,0.519298388655917,0.5988385926828709,0.5092689430609699,0.12169101171156771,0.9580709764311263,0.7366888078286435,0.2535905003958362,0.034019223466957516,0.9552702479623515,0.17634579831063957,0.4724140227261182,0.4895104711323184,0.6980599941943453,0.2138472852497041,0.7863316138422112,0.07898875872886657,0.6984572518350193,0.4210265048902351,0.6838198551343587,0.3762263701909929,0.6306647072652729,0.8110692084574979,0.491829730154571,0.05953570991694479,0.5915703171782235,0.7628316774878706,0.33606326569331546,0.8841570168830066,0.04889512701589649,0.25950706920448185,0.2577043724836433,0.25800845329738553,0.39199059527565594,0.7231915915264449,0.8308666786539818,0.5092416549416124,0.8403551436719799,0.39312580707255607,0.7739251914647285,0.8571139529673183,0.5163336963753267,0.7128806717436477,0.25584085944677404,0.5420518268912113,0.5708782408077618,0.07251871058789428,0.3986376630652201,0.4305287089176709,0.7921657767189948,0.03889245311468026,0.6375536888246593,0.8964259435607094,0.822075661450179,0.6035679978658463,0.4596925263076128,0.7550000950604926,0.2566974415283826,0.24279004995922426,0.036520092455965214,0.12420859773227999,0.7073864609640064,0.19701383701041086,0.7558572380633005,0.147101486623889,0.05796915191277996,0.25489861670326364,0.40259793699578583,0.938386147283874,0.5953120346523924,0.8627558378007949,0.954106909581711,0.9830308983233556,0.3696545796056645,0.6087509909692304,0.16756971883079919,0.05194626338191044,0.8441096113316519,0.5571363092939107,0.8101472766051515,0.6524503538784482,0.9993755710843607,0.09992011794948286,0.720256276078937,0.268102757802103,0.25449050209074175,0.697143510006085,0.2524599629791914,0.6114358811777272,0.7492171886840512,0.7404751076166158,0.6683823524692414,0.7411926402173828,0.43960632528472465,0.37362375766208733,0.048056772128412195,1,0.8688799751834007,0.6911590459995623,0.4873411439239095,0.8006260293308092,0.03504711774960367,0.19740102574569474,0.6988807182563291,0.39168889497850967,0.7183622642968457,0.350914891921948,0.4101739404369532,0.31359891017177643,0.4460499018356664,0.7190299254773947,0.8899828548359547
Taiwan,0.9790460892743165,0.5796438976755556,0.4235432486902462,0.758870568015927,0.3336049985585139,0.6910262414924178,0.5704235823794896,0.5659119515875203,0.3961827070228352,0.6510803070082205,0.5000308903988336,0.5327993634229572,0.9204743407899683,0.33407399981270214,0.9840969164713304,0.0822156954381974,0.36957588298108224,0.8613296338281579,0.2570413402875663,0.28012058948544316,0.11497086965983294,0.618983311352437,0.5446979202750681,0.20113543008060897,0.09021139195802275,0.6046242303115797,0.019793048188856077,0.1946049360774884,0.4743706023687069,0.12896252981951173,0.19137178791027232,0.9438732625696915,0.2779273058604431,0.1760938585264411,0.9309309124055613,0.4732659747786734,0.9284115310625216,0.6758176979263086,0.2307910317646512,0.9705309764057478,0.7751015676681647,0.4458963351155175,0.7143920163762789,0.8735295249665567,0.43938261047225213,0.1484154385887112,0.3007483933029804,0.3656568796239369,0.4467313357331574,0.5116209637746744,0.00027115661102539157,0.7056589348291462,0.1556218095295917,0.9121233946478438,0.10561890356070858,0.47527594645202154,0.14271811603007123,0.47415727113281747,0.09724477588325753,0.6123373759164712,0.2816616253525479,0.927210746545981,0.6866707091706187,0.7738099962291425,0.01798459554257581,0.2352144553841934,0.5984603200209503,0.8074862152486572,0.2530082843346022,0.193920641223839,0.8139358925764193,0.3079265928414845,0.6850546460895827,0.15237126739997942,0.34763625741308934,0.24050580799072496,0.6204311994305134,0.5424981984383799,0.9479264559287552,0.5239572423772871,0.25763722059449023,0.0772687728795104,0.1745594872815729,0.8669777424364353,0.9899265095017137,0.5254019766998702,0.4176433064269318,0.9019119709134024,0.04805812495696005,0.4352958104683746,0.09279752399915497,0.9632778008390339,0.4025368954665587,0.6905475527017964,0.2676559559628887,0.4180270135433426,0.012795486363810227,0.6274557162406987,0.6472329809644041,0.8953403590648458,0.059377664432497035,0.2853715097500248,0.8165116409717371,0.44918397600476234,0.12462761742263118,0.2518883924275608,1,0.7016022343143155,0.7810422752361327,0.7409794615652009,0.34055300561671487,0.10373984677297887,0.20539854165800076,0.5434816708875344,0.7750198727942527,0.7020557754238167,0.9001566263990703,0.5808135675177818,0.5503415156852494,0.8559841954047379,0.5810229130594714
Tajikistan,0.9224245295599471,0.6789968546553667,0.14922257438908948,0.7480369609338767,0.16332891833591834,0.787497502260497,0.5778990976534438,0.8601441448503463,0.682563278265094,0.7562992206988085,0.049444731610834625,0.09100613695725768,0.7354507268065921,0.6936294838994084,0.7084013647798336,0.42079267142173804,0.9280096284745138,0.576855811262414,0.0883459302024463,0.9572640789313435,0.6285285245940241,0.6656288386596529,0.4001944246633322,0.09358132191104951,0.6397715883936358,0.40798483126585794,0.8613585662802281,0.7255244882494979,0.12977599123351435,0.025157754011214895,0.45817768256205593,0.304403791082542,0.24735179341929325,0.630055680140625,0.9323710092521267,0.9408065787156497,0.2103444283066933,0.44404036109019773,0.8320481343510874,0.7378575909942627,0.08842956989597084,0.8131117144332121,0.5420232301616487,0.0903319990056396,0.5237354584105576,0.8600051707568959,0.29217646373024764,0.12825551928714318,0.42352754871430653,0.9069965806512408,0.8664721110107408,0.6234880406526785,0.47110364216933287,0.7652302230466159,0.8937511794069258,0.2544280903410443,0.12276677350594312,0.4681430625728886,0.7515030746295801,0.6412636189394463,0.34804727881806663,0.06196419677717846,0.9355415348811819,0.6771098157509486,0.11026869110447535,0.1625237107193418,0.012023931172213898,0.7576184833870067,0.541256047736028,0.8813452716920075,0.5462433290122579,0.6499035739106702,0.9289919524459137,0.763439510608587,0.39035258271574,0.5586621780029747,0.2013814937199141,0.7893141402062731,0.02507671313116644,0.07245080691735539,0.6674243133724358,0.2534015168807815,0.11737241516244157,0.7739311109990838,0.2677551004213975,0.5108782289029646,0.21830751463775422,0.41537334058470665,0.8087282904294674,0.1873467469840575,0.556348427727192,0.5215619486932628,0.5216031466055687,0.10475896573995747,0.5551551566543343,0.8095714223004409,0.5837118218861413,0.40046311503775567,0.4475252029893444,0.47696429246041194,0.4033031133175419,0.4320348412460946,0.3784954093367193,0.6880356123483475,0.8157333494330897,0.4825669362915691,0.4011566489493116,1,0.5099631854941359,0.010162600786996712,0.6058064499935142,0.8620242667886211,0.48446200768478653,0.5338149200039445,0.9125528174307875,0.6120395919555882,0.7070325789388242,0.31963986799732813,0.18500302876756836,0.8112273798918745,0.20049792211461603
Tanzania,0.33441278609641656,0.692176594307589,0.9934766869060513,0.4888221290567999,0.35630518452988214,0.4578323431071881,0.010716203035573302,0.11226509912216653,0.9399998633552351,0.9850114570908308,0.6188851724851846,0.18541433201447866,0.8226062397740643,0.5027694340677915,0.5642087902794177,0.44801491267132876,0.1997011687589748,0.939681478738339,0.20372835913008813,0.6039119469983293,0.35323817368460364,0.5021486942700536,0.9635901744930282,0.7109417175537172,0.8524495549492636,0.5821325033155411,0.10007562134427295,0.39741153261398154,0.605401584131748,0.5670618124963657,0.8593285048253151,0.7405567265090935,0.12375720958695124,0.8280548366821976,0.44853735919669246,0.709810388389266,0.665031881567895,0.5926244261778648,0.8826721199609296,0.09468508989832847,0.2515670475452577,0.7352339119177265,0.11899559707515628,0.14468187248146325,0.8456674627143446,0.040381213789150494,0.447526027350178,0.22090470494365166,0.15935298517702834,0.6917478853832105,0.346079824327192,0.1773647507742745,0.579200898566763,0.6522233349042685,0.9729333725713746,0.02069407424227776,0.5999705264245682,0.7360270256193321,0.9300104288860356,0.19545866397459621,0.7904043711225057,0.7337793959595544,0.9577228016139788,0.043828763948989935,0.20791291074340634,0.35202555166282234,0.5248324995286863,0.2990613055064636,0.7341361718462277,0.4406940730210164,0.024998566379207166,0.5338823722810799,0.8002693373559471,0.2969916828685245,0.47366044063151047,0.469017812019646,0.4902763472382724,0.6125121809266804,0.33845653224302896,0.7533492078632147,0.7712707265196947,0.36482659566693665,0.13663042925769653,0.14579045027232151,0.9568957958333367,0.4540802667109044,0.700746707926306,0.9611548829015264,0.7999526906095449,0.20377500700994677,0.1258813557861046,0.6299745248921107,0.2930882143225604,0.8934319700869411,0.4062013557587276,0.7722112299555025,0.31799727252176746,0.3451389162883288,0.7546244120246755,0.1464929885482018,0.24163526058656826,0.6988260671125338,0.08698322909248135,0.007684719015054631,0.07791646223585214,0.5461243620531943,0.28368670428990217,0.6578528151109403,1,0.5259801283765408,0.7094840447640934,0.7460377401189765,0.20641056113485012,0.4268535649938151,0.30420669244894516,0.029328150080159432,0.4087987983181358,0.2887807593811106,0.5344729367530481,0.506953161548023,0.7556778557355013
Thailand,0.5709138939733834,0.5357171914614905,0.5717479568739758,0.8715953298223426,0.640428748688999,0.23214741265203498,0.7621373262300899,0.44283143407690284,0.5007441572562397,0.15638315310272954,0.913844697060592,0.9782931193888416,0.39024124876985866,0.39868568235889845,0.9998418328371979,0.39267037410999395,0.449423883231141,0.38955393147641715,0.6612173022247467,0.639369019882593,0.6678705650502338,0.4077851035578197,0.8865640955780609,0.8719630602838717,0.6961729753718405,0.30520298336512264,0.3008587840560456,0.3005305924721625,0.35039029195867066,0.42215895088724853,0.5430220807596629,0.701184302262494,0.08277374791185288,0.7533439402482021,0.6517576047664362,0.5746650799882369,0.028724800062834177,0.5558131904381941,0.45640670037429876,0.00667011330345213,0.685719084802708,0.5340855658278215,0.528380098470613,0.7508701388760156,0.016074901162900224,0.6481821747721435,0.5748108842994516,0.14411478374718512,0.1116831319146242,0.47686985406915783,0.7644150145288929,0.883597195003368,0.7281133889212237,0.22371584365299024,0.2634429473716958,0.1588403276654342,0.46644995040127435,0.9457897250333644,0.34749709326241407,0.1896434400011331,0.8862340426701835,0.6227830579186339,0.878913908287593,0.7824737804010098,0.050692946145844964,0.7287497822717428,0.711372501047621,0.018149778246801862,0.6448438018831275,0.6449248539982281,0.4900014548784488,0.7286080492713173,0.26315022284343126,0.4115945292226576,0.4196670259948445,0.01549016965349359,0.44749118083501704,0.694902470724173,0.9357416140530678,0.36616547452240145,0.4203178701935585,0.2174445191763118,0.8574433462636437,0.5268460910075623,0.33137084710534015,0.6242422413530087,0.6590490115395432,0.05750172258807684,0.4784871180324629,0.7833806807789101,0.5539030270624494,0.3776979251464917,0.5036658247142759,0.8679597521050031,0.08452774614413783,0.8966851455639121,0.045436727662168885,0.849521850336604,0.3478009911029427,0.2807341221733184,0.22534503120056726,0.2075501664194035,0.004806560959916606,0.375815075979157,0.5670569378461581,0.4779337126420512,0.07284587608372195,0.296316989414393,0.8261428738639881,1,0.2915039522697652,0.44431947464731714,0.4926076201162535,0.024467159107075087,0.6047726123450228,0.8313312490039204,0.5954697483392201,0.7266360642848811,0.052228828449674025,0.40486096206957345,0.7987892017680022
Tunisia,0.2942576678069059,0.6548337143392022,0.21548854202083245,0.983763527673891,0.5774859582042468,0.10999421301994783,0.6233505040299875,0.21222730371642495,0.2326629713894336,0.22138977162890905,0.9431768185844186,0.563395492358574,0.8731721287599086,0.679879473697709,0.7123609222667048,0.7120840960090461,0.2566693806921644,0.047050468146538016,0.470946131708459,0.8094352648180005,0.7372880622182489,0.38631225681007464,0.7287229487380895,0.5609246322944584,0.018047884386194202,0.8820620080381568,0.24052924155610889,0.5935541928119374,0.8672206360666757,0.7916269222141524,0.5269058400528158,0.2558295653914713,0.6314301428956185,0.6099404945109593,0.033893297048632864,0.02238907024686243,0.9589341218749873,0.35419698979327885,0.6213611682048512,0.4304755998227542,0.08471911849269176,0.6070907799313314,0.9113028443263466,0.761518723258036,0.24401945034359274,0.45115714108565097,0.9840357402425727,0.878649703150017,0.08758873700368508,0.5751883070252287,0.035259404658474436,0.9715250922445442,0.7262870493911425,0.768564337154408,0.9060231413090132,0.8978409796295143,0.46705155339210214,0.026550357701599192,0.5406413718363613,0.5969915176971915,0.2750310535674484,0.4995392098931618,0.9105332029871711,0.48018863388216737,0.82566002187069,0.8624834407284062,0.16012997107508364,0.6226318599059527,0.8541836249231448,0.7253371419842471,0.12000472031545795,0.435062906790015,0.057224151502398235,0.2318276874715005,0.27384190040090306,0.6773802294706573,0.9999863623363996,0.19361214768804447,0.9218514294897445,0.6845354036529119,0.20564015461246088,0.2567036006044968,0.8650295666095118,0.015955038349453554,0.5238413222806526,0.0825428524719869,0.09102332833320625,0.826484587808394,0.026528406280710515,0.8969998760292306,0.8440989569701227,0.3120514563034982,0.4073676990345684,0.4884439903466634,0.0955121042034568,0.6760454678372072,0.42532054473765457,0.40819802987483444,0.738852287938185,0.3434852682292422,0.8664783719379925,0.8794128810664131,0.9383090268011972,0.8136433765961933,0.22234317036565276,0.09746097642439977,0.13660020695149133,0.44855411216762653,0.333346188552024,0.013143389208335798,1,0.6700912931342614,0.3410868090363337,0.5541580909989559,0.026871512694140676,0.6941886315856616,0.3645555822112053,0.7300390029199734,0.8631191392203461,0.7055447376430181,0.09047446285624727
Turkey,0.11238981790595726,0.5342712544325918,0.9063012829220373,0.6527181756913649,0.4211878117817278,0.10235158000585032,0.21205469414631617,0.11465036243033999,0.6651539563730832,0.2923673817922119,0.16620347660689405,0.8663985269382797,0.7000200684857653,0.18191044015647606,0.9111178443328796,0.2359278265464294,0.15461275500601346,0.24570364471004746,0.3550749369180499,0.14787636755671496,0.4399612329623228,0.041372335568021334,0.5162341314056917,0.9096034017613146,0.42972303762440067,0.3751840878325179,0.9825063945691771,0.9221091863371289,0.041175176010220804,0.9673494184254013,0.3707097903776173,0.9232228521357774,0.5913024153242411,0.5330023389740224,0.01629033533494273,0.679275315113309,0.48966620459830235,0.31143162237319744,0.663630862780769,0.15627943385984555,0.3560314285677272,0.1901882402953392,0.9802064450398857,0.9101072779034007,0.5027914207252994,0.18490257076261485,0.13913743294301328,0.8896814352678836,0.5774552348496715,0.2129248961249508,0.1308510850313761,0.15216406548402373,0.47018114387721044,0.5758047951251828,0.018334100639301965,0.20298027119156137,0.1950025790828528,0.9694717853634763,0.10671301781384113,0.17185702266275438,0.6119786235903275,0.27363586839558973,0.7494376122038335,0.9609816555756836,0.06667894136073549,0.42370066531855133,0.9502986071350917,0.5422150781671183,0.5081200989146614,0.6469389763101533,0.1488414755885149,0.9954020915581034,0.5474966699357824,0.4305752790346348,0.72422939842728,0.6782285632416041,0.5945252180553185,0.7801461648434779,0.1895582453348491,0.5060839267399693,0.9800272213855943,0.09996136026551194,0.5787768556798776,0.8415704276996846,0.497758456423003,0.5584132070862992,0.8624268148022769,0.127991485823863,0.21080924108883614,0.06733523238980532,0.18372692831319903,0.3356376418158461,0.20165470682139708,0.7973233509803644,0.17959477541753688,0.46900196662400306,0.9675258609965439,0.7694314054317896,0.6463777243730762,0.5724936147253419,0.2637650173378612,0.8612990710992424,0.4719827691752472,0.16508904385196843,0.6472141806860949,0.1345913053067942,0.3882341698210179,0.3102882922252571,0.9809268516873184,0.5839808066206608,0.33293029929341067,1,0.10520614015478269,0.7473846294710095,0.6820997593879015,0.5246489380072763,0.06518549707876209,0.5477800731152255,0.11444352872236474,0.055453994064495915,0.7407534909092349
USA,0.15046453595420495,0.6289561564109666,0.9554782498985264,0.3822484945442468,0.06882407435406146,0.0991340513459763,0.9890024021132611,0.9374658344411753,0.03986210837745763,0.701307098270934,0.45906309870994555,0.7588549410801673,0.01289210263592988,0.542412765050008,0.4321058060316064,0.4394297166336073,0.9733876058023112,0.8073522947622275,0.5185629225279487,0.9435993240693419,0.6985438205621588,0.4977317172102449,0.4776100729043057,0.5141814007375844,0.35089205504888077,0.1502973534387384,0.07894394572313346,0.1180819684366412,0.2212331391563942,0.40123368384518854,0.6114188516925645,0.48897197775751855,0.689805637073398,0.7054150625053057,0.4453973142475154,0.4038078069769314,0.8553648848119647,0.9736104509821725,0.6253668431966969,0.2744877644259056,0.1314224087127298,0.5686919517214869,0.9262346487611329,0.8305865673475314,0.832375819211613,0.12948021804057475,0.4404334446267065,0.3816170425588028,0.6558657852620019,0.26274818202786676,0.890280495236004,0.44457585579490155,0.8288700758300743,0.3163422214954471,0.6293162367992121,0.3883504787376556,0.47245439706348213,0.1297278092392843,0.786489234164614,0.5437356683420732,0.5730028721113194,0.7819785338525378,0.4381969916095557,0.9391456602280275,0.4223874803063473,0.05937258450097982,0.5798129428546444,0.7017152490196262,0.20351963092236236,0.8503956145738486,0.14662805658479117,0.06807891982590542,0.7546938823833547,0.9684738146746519,0.3266558098970703,0.6773603542614692,0.30019604090600716,0.8153028588413548,0.7074199628062424,0.22186407126673213,0.03660874826202365,0.24349656706522482,0.9820436248836433,0.4529673694468431,0.33272723746945776,0.992433035421209,0.6071358889876474,0.7292780312721059,0.4233436713023161,0.9928860494023646,0.9138288652691882,0.5629309297909638,0.9766913426452011,0.4022501058607276,0.38529547533179875,0.6630113487390606,0.013003146406165511,0.49491849990303516,0.04789250790230182,0.48263223264014254,0.13349617674752734,0.3300764049010394,0.42318133945598446,0.8719379722616549,0.3820494556327583,0.5391963994441749,0.43591369989088824,0.8008310225184634,0.29799046041328314,0.5073283489424589,0.6708330126652566,0.9817311781665011,1,0.5430057122834511,0.09033281452886321,0.41396254926793563,0.6759825745853905,0.7754584648566468,0.24328095285299745,0.07166918716777404,0.9838955087951184
Uganda,0.16760272328214998,0.47574489578779733,0.0029983696553080863,0.39131230907221826,0.8985281785267263,0.16448873917359885,0.2976482610491429,0.9700063855898777,0.004768825788288744,0.953600548495527,0.3420077192487283,0.060258520520010905,0.9547456304207215,0.05088607182987659,0.31410280057237105,0.26446523805194255,0.34682505589636825,0.7181892511637935,0.7045530101561784,0.7345689858102576,0.4467575247538277,0.34861675513743184,0.35864580872814444,0.3021813454260086,0.8716830588663792,0.8380725499501861,0.4896273461491688,0.34436987006553077,0.039394850552345484,0.732598987381599,0.955246849951985,0.9556860595747189,0.3431618435899849,0.19173604624719576,0.8541437248196369,0.04652320845096525,0.1678806737210723,0.04308105742569379,0.40662685262265186,0.9224438259948543,0.006697797899178015,0.47839177195151783,0.4536087282139928,0.2608914135556091,0.03721758063105618,0.0204450342599668,0.8372149417941591,0.023391830833858762,0.9532815711586212,0.520691199794443,0.5381139107622841,0.8673256340447173,0.9434955525897987,0.5021552537793433,0.7410317104467192,0.42838966632185016,0.3173512789700076,0.5487038488403436,0.6817995492799113,0.12899631507813425,0.7435275687018471,0.22406485315054447,0.15884460050292126,0.1014102585050759,0.02257676168491851,0.8218471414977038,0.24079035463651277,0.9333068567572569,0.5132046928952883,0.5002815075244469,0.920200131744987,0.776926860090631,0.9756607275687829,0.9162478031292395,0.5815127353117318,0.543083736606891,0.6103059572052805,0.3853979096219554,0.8537847902616498,0.24125730476749518,0.10415735130308512,0.05769666248647287,0.5542160341099248,0.23075138322239597,0.7390498412931232,0.9684769356662403,0.07180591594745422,0.5677227047158427,0.05057138634390357,0.18963306223870302,0.6526412170911382,0.2828932148088191,0.11461719197047782,0.448475313604056,0.6666419411923417,0.7469066735416202,0.3726616493481033,0.18292020962109212,0.27997182046110924,0.06522927257946798,0.019700206354718475,0.6028324093115441,0.3713973535217726,0.3050013542478144,0.8764241140027733,0.08190412931866686,0.9852964543129906,0.2733317424500642,0.21336518117356007,0.563003279213864,0.8297804403870153,0.9355493746291551,0.12483850539784613,1,0.915477246885302,0.7222258917627373,0.7342789946392373,0.6626998672614467,0.39984132759837476,0.1924021739159485,0.8209933164107338
Ukraine,0.327270129618327,0.5360161583515684,0.5156435940111909,0.3769565262602862,0.06892923116815375,0.7727032839409153,0.37086305282903065,0.3076893487440008,0.5243618046244009,0.1230819332826103,0.7112878856640048,0.3676640210985773,0.7086171464509671,0.7258801380520146,0.7102529157157441,0.8523145343051902,0.03139895618163058,0.6350351317588602,0.5851621532182175,0.7542485052258803,0.31488713518024203,0.695820135879687,0.8062113290822036,0.8125828006972874,0.14129306527532293,0.7064985186216834,0.8233927376582371,0.7060060051391619,0.18299853628701424,0.6281202797383757,0.6695867539642216,0.41422272531214965,0.22614645420749957,0.7218430182566588,0.06255989063506195,0.5973315870828606,0.014594914492409017,0.20454661747844682,0.4573234513638905,0.2745537269603513,0.8625578743297105,0.9325637621384931,0.10997399602333424,0.5300714666512737,0.6848800782566775,0.364372918705652,0.3800180511745799,0.318945945637204,0.0739820341537909,0.23083730714029782,0.3010675266533279,0.5661886276244057,0.5810332923884551,0.4497210243786026,0.28187287291452345,0.7591977365831973,0.9106180620803974,0.25177433906764046,0.627508418003484,0.8989023240497042,0.28268338347520894,0.5099384846676905,0.7379683432140102,0.3521978390834558,0.13718031499524808,0.7471546539285456,0.6110823518749099,0.8587088698036552,0.6444225445087064,0.011626293306199686,0.29521285777874895,0.456161800270782,0.1535899986646495,0.8595644337855564,0.12082717444911306,0.796300011598999,0.5903904668477548,0.243549133353129,0.7676477184990887,0.8125020302558967,0.49161574915135287,0.4725925676341598,0.6542557859218567,0.28739038657199,0.12497062441505691,0.6248003651606956,0.8706837934988602,0.9715482428300579,0.9546396671223377,0.2074078068520826,0.9252829435227301,0.862496479078673,0.3898510969098531,0.6066439905096236,0.4075534801004629,0.4155523174950404,0.8138369319777545,0.28977323090893414,0.06846363651466447,0.8956345350235445,0.06769956142816902,0.3569923804077757,0.3411692372027144,0.043487144689141055,0.38677559423926366,0.6361965320052473,0.7104007653916914,0.10696324518894762,0.9087008415496212,0.7548276420147342,0.3961458811925326,0.5997838344260188,0.07920864395920713,0.004600961266012393,1,0.5061212990896974,0.6273230996968044,0.09130029421382035,0.8616118593517816,0.9271002205427467,0.6155370699700079
United Arab Emirates,0.41123599631105356,0.6097559607269445,0.12638370268757915,0.6452591852562647,0.5890013794772054,0.0032191088925724864,0.3056272594783893,0.6701339513329194,0.5170507393138324,0.17163346468657104,0.7816465496385424,0.4711975813198809,0.5835796764104408,0.4966938005891377,0.801755800518183,0.7854841195330848,0.111853858340344,0.21449224128808042,0.10866973149790626,0.9808876579358607,0.00926846627906075,0.1489557354919897,0.6655355086534517,0.9827126471211494,0.3444841178623078,0.4790598496730264,0.6481396024702725,0.35159540316704163,0.5429108399057727,0.15886443734927513,0.5116593571651227,0.5100025014411919,0.35874069089228056,0.2042558049227814,0.5419923645054323,0.7327962159807866,0.20353767956270774,0.22452485779327636,0.4372669692111325,0.17067500421765813,0.9381396439012387,0.5586000677470833,0.25680903874712757,0.5098761804354663,0.6425095104618577,0.9658816071577732,0.521006915284194,0.2756166486949686,0.2301214819441565,0.5453715507308752,0.7981781451208114,0.7821149178027749,0.7543999999265141,0.2867686684449726,0.3012737220211382,0.012589208422283948,0.7413861293226688,0.3379337162032958,0.7515623683604137,0.11501949295053382,0.12119961670080315,0.7917474258485995,0.9994884415940827,0.05266917305502783,0.4577471661360768,0.8911048903965547,0.8163843606873716,0.9124106195993099,0.9891060900389932,0.6760655188802362,0.11049690603045326,0.014853613061743154,0.7990949633826936,0.8384596808619982,0.7856126089577224,0.9756809967218959,0.7312942330907888,0.5191713345439392,0.45873451049217107,0.21708194619700782,0.6171518298649025,0.6376271929905644,0.24365134831982815,0.08589718254503709,0.43382521313522393,0.8168669470570659,0.21063119508822958,0.14324982880915027,0.6333771777638527,0.6060770802831841,0.4734419629878045,0.80733700255725,0.36367855067682675,0.5797048920660701,0.9557021566367796,0.6292330132838638,0.4113139769224987,0.26226264156939527,0.7120902222324058,0.8022805057449427,0.049990760363419984,0.13338395714576368,0.006232392568365275,0.1451719426094027,0.8507216968771663,0.8301709634339253,0.6422643917235863,0.5084470392280047,0.3451584621578052,0.7071976940792619,0.29189492034638875,0.4614554268250749,0.3560856173264565,0.20043719162160645,0.8915353742801553,1,0.9115349147784252,0.39455634772264614,0.9146676036868062,0.08396500550137387,0.14777236746432798
United Kingdom,0.43173323535534525,0.18687193420393677,0.4134028315205188,0.5474746507915674,0.7372265710213789,0.8711653994531091,0.6279007288016942,0.5900730632982942,0.9080058839826018,0.6244360534144474,0.6842376874711003,0.629088075163672,0.47132864664827234,0.3677596723719819,0.7412567458640642,0.11848696278950477,0.07878925846886031,0.7793671447821968,0.30831427707354264,0.34133328677425856,0.2329648291040547,0.06340105704553578,0.5115912582763276,0.649276675110891,0.0701596945140659,0.07004473768162867,0.7238608526262996,0.16318198075029977,0.10590248185628759,0.9376749939021309,0.03129352721966516,0.950122702783067,0.11780819432624312,0.6921494695148921,0.7700656443046682,0.1111839467079665,0.14882001314714433,0.9903141086645986,0.16062813022722944,0.8922483966338906,0.16180793879367927,0.4898162181050406,0.7233964977783993,0.7887195986793056,0.08043837722454572,0.8858041908380988,0.1194185493353197,0.6681406384942332,0.36925323046932934,0.9560745834839504,0.5998775866704604,0.5657742880079663,0.18540162886611622,0.3560087822695721,0.6836374704807267,0.6138013215040459,0.5814435719344755,0.8292735635025988,0.18844505063541994,0.31809291474851764,0.03332371987360716,0.8995486588898872,0.8270894950146261,0.6538305690025326,0.07942573550238363,0.29257635105514024,0.5066839014354014,0.27069766411504337,0.8122039037279433,0.8374060891993313,0.7611672545663053,0.2204985057614104,0.7822645904273361,0.08252461246170695,0.6557269281823783,0.15021609344440778,0.8152958350791241,0.5550183564298913,0.08458034105852996,0.8643702223772274,0.9877817259843323,0.33805587824223793,0.27441590546983197,0.7443273731849052,0.8876187210112897,0.08337099055972841,0.5307569125397693,0.05341335927626578,0.20268185128917737,0.2830187521697617,0.013526931292697442,0.25200948069970974,0.19443151322038277,0.10346968378201016,0.5603778121488268,0.8227184234041341,0.854801034789035,0.2160960224378552,0.38284080905355544,0.37649884475487927,0.22403671682343607,0.3108514787524199,0.9332507239548226,0.26078774949184125,0.11709498049227363,0.40819111790555485,0.425223838228048,0.33806733301758585,0.45470177428939307,0.3227117653034941,0.972665941131476,0.6296827066849131,0.5819396751346942,0.2863270099333711,0.10021685338430286,0.6697819740749209,1,0.3190531226336717,0.2243343155078571,0.2700207998358334,0.41622824142146375
Viet Nam,0.4617851726866887,0.6589026911935905,0.2942083021956958,0.15624944614810965,0.035490499668443753,0.8659331279560005,0.27482645648181503,0.26916995903964114,0.03671272807652626,0.9988377254335813,0.6276339339567787,0.6846919070430212,0.6918216227227081,0.6654795710673267,0.9741774107001523,0.4612005462682607,0.7731764186775036,0.522401714181736,0.6566237800424709,0.27901358184339775,0.30406355735888935,0.45393734892632676,0.5071081847163612,0.14276468141525356,0.4767447826944349,0.8600324857435707,0.9200665553273588,0.7773509405348554,0.2567279644392342,0.9721450850781026,0.725316708209314,0.905584287638883,0.47771464521134566,0.416539174572921,0.13977503514040035,0.21182812752447144,0.06752240713472757,0.027141799279733703,0.8063686126689211,0.9602465502934433,0.25191123295380646,0.19468173211783935,0.861679683060524,0.6244092381259364,0.562183013586892,0.004294244905486466,0.8956926597378999,0.5827728146147747,0.0437080232439534,0.2526357816279545,0.8409002853043218,0.8526944075270295,0.2144710956864011,0.6138111622732775,0.8609338423073587,0.2379820476088811,0.08046080936700883,0.4143669590054534,0.1671156603577828,0.46971607235179624,0.6966118369315055,0.7919980897612886,0.7437409225970824,0.09170628399567615,0.11951380704008219,0.4985376295537861,0.2203618183465098,0.775135991904857,0.15498425486299183,0.4413791010488859,0.5709085038296087,0.18820713495315644,0.8076587614107029,0.9752584796408289,0.2330839873988555,0.43450207354026005,0.8668423425739575,0.77913546837404,0.10376612438562727,0.3663481760816042,0.9829810398094706,0.5393627220370407,0.4921886167365278,0.8788637122372907,0.41109970744561064,0.6522176124050474,0.44190354305040924,0.6919579726810036,0.3268230825224743,0.10219665603218098,0.8769361579896141,0.37498353334694656,0.32678745917890695,0.6040483451018874,0.4099734653851239,0.8785113558524804,0.7222117088239299,0.9783082799054269,0.32517586545874655,0.056374891882159384,0.3820180145266735,0.02444112462590975,0.4352171846130831,0.24350648383059914,0.4343866559620464,0.9595344496638962,0.059068112104546655,0.054335034853636555,0.23069929296854252,0.07727068328784481,0.8509662992596585,0.6216263492908225,0.5394490883263701,0.812509868084856,0.6750577379925189,0.48802050968940325,0.6143665633190114,1,0.294794276131065,0.3323570499475367,0.5362590780928269
Zaire,0.9076293239052248,0.3683021006010627,0.39879692155071556,0.10262625776067036,0.17522074362190154,0.783674289242374,0.3877759766068265,0.5434126896289817,0.8338328685973831,0.9261354907963302,0.06573186417092491,0.24478851448741223,0.7642599374536562,0.4004091873595228,0.5220198726001086,0.6845416419958651,0.09520416697426537,0.13695939581240268,0.9321008539712652,0.6384288735570419,0.5855346999732334,0.861800120878375,0.7009934532712819,0.05301065698649743,0.6638740190434019,0.39504813729373756,0.9022969410720614,0.7115960028298967,0.6557657577416823,0.15285284686024858,0.5831233820813239,0.2698463894156291,0.42488792110872386,0.47155861962797996,0.7587635099583897,0.7643183299210875,0.10838326731220282,0.28543047111438424,0.8058963648891577,0.7372737459960341,0.06846140599013795,0.4125634401851823,0.8765927514759143,0.44259460549049356,0.34707442546246914,0.693277234522814,0.289893534666137,0.8753352739633198,0.6875114006500412,0.6644391792399333,0.14025875376363295,0.5799440865470247,0.14894028418435235,0.4552989500085751,0.5115312882517938,0.25974552836280995,0.9036727724400089,0.6862459544705932,0.28094804740494583,0.06937215057717161,0.8784284820087159,0.4710495425079886,0.09755739917159856,0.8392948669024387,0.34387449962542416,0.5385902834554257,0.2954612918192294,0.38057649360741497,0.8839925990572679,0.0729139540116992,0.549918397620697,0.7224845053208977,0.9835768540176422,0.0944322508532961,0.8555797564051423,0.11591000664958007,0.6998841821912114,0.8534004711088065,0.3038027883258033,0.12751291859432734,0.4818803646994737,0.15838693958487338,0.8686002122178121,0.25144876492281854,0.5380232945466867,0.7199586420223943,0.7332894342801514,0.29620493419084837,0.35868849184294416,0.27603491644859335,0.684723429106943,0.24454080861143357,0.9764223813890176,0.5312667676235477,0.3346923706274705,0.31171691926688594,0.24510108135440667,0.892450341919379,0.1922565380596838,0.3388452613314722,0.8060460434361544,0.4733874488859492,0.4308610984028427,0.2101627207431862,0.7944914965207939,0.5438835228393226,0.9059437331626398,0.023667325986391763,0.38740489182368243,0.2076011821651994,0.5514186407197189,0.9314349442891405,0.6544672063106014,0.6132506422422501,0.27797889746633864,0.05688043895305872,0.9752816866180951,0.19460900128865932,1,0.5737793901456527,0.4152738563194607
Zambia,0.5407672163365432,0.010731286317589572,0.8397703157840021,0.9705110440787446,0.7213796316438135,0.03709668676581446,0.7745584930118233,0.5339264806712893,0.1202520735668775,0.7589724718698303,0.2648067540499047,0.3588396975227871,0.5701890295541674,0.9840692636312113,0.8269376371454104,0.6769494382743448,0.16283155106668346,0.6372869070910129,0.9828819165491118,0.4915845884692226,0.3684436428398439,0.18235926296164795,0.768925061798476,0.27805886004234137,0.04506715521966831,0.8855242776832114,0.16235783738199605,0.013985180324975088,0.35863599305228355,0.7498241724784084,0.046703901251761826,0.061147812461481266,0.5687302350757886,0.9046430975556674,0.5463945839423959,0.40473198342607875,0.9243634701000255,0.11586473976649092,0.9078780251194798,0.07911227929722953,0.139773701259295,0.46470775643456985,0.31531887371906475,0.01490467522868355,0.22372362666202195,0.37320314661855813,0.47590045736358677,0.9774417195766213,0.3422908093447691,0.6754492189628516,0.8491111513660545,0.7660017243703359,0.7973422082815423,0.936788487304864,0.47916139265477553,0.719448436382477,0.077163980728151,0.6648313251843241,0.9309367164826645,0.3352562686890064,0.3854010752901412,0.3151388317518313,0.520206367799921,0.07215824112452962,0.9580635294472771,0.023970327662686808,0.9267676677593478,0.2873629669126906,0.38248730148052823,0.8046494710422974,0.4147582593328769,0.20215011717547893,0.6633551813175294,0.6954770023604548,0.912549312263566,0.4348427191741645,0.5880627742420984,0.9762727289138536,0.849028457642081,0.28384786514228755,0.7518792292772005,0.9343181329286682,0.4762825941298393,0.7083266444432823,0.5129271029396083,0.8070583323733408,0.4533919499496891,0.9780277934358784,0.7581188389016464,0.32807613453949425,0.6053887816086736,0.15018859942916585,0.6234008547485653,0.8527866138095385,0.9454281276415611,0.028422053059417696,0.3321780513132444,0.09182954132370114,0.6823149374525133,0.2225615158306875,0.03672837951483643,0.3297696062126765,0.8028275682133509,0.7439323722768797,0.4042779585708026,0.7195923415108306,0.37412079930260755,0.9721336301404253,0.8667310381307757,0.8333053256122535,0.14562179859608615,0.6937659593115628,0.6041607598337376,0.5426664889807391,0.7254866385355067,0.2736346943141066,0.6199756192419897,0.21844574891546475,0.7759500328428085,1,0.16549424734861673
Zimbabwe,0.07093085725618431,0.192460633265506,0.5844628203860718,0.7226463463843656,0.14411865027751658,0.5190903593410113,0.9482107054722748,0.09115405599563264,0.3745641266701639,0.9591238308425948,0.2942843116245867,0.05031073620387838,0.1963008275510948,0.1108201330987193,0.2007562503256778,0.8222927580574398,0.7607593135713848,0.6161975193009501,0.5689599085981399,0.05240236998162595,0.5235983203563757,0.9597015912043424,0.29783716835721197,0.9248853281118856,0.3602228280826665,0.18348148082169347,0.09633186978619879,0.06886049296292895,0.24746946434089523,0.3341629522515406,0.5926200199742927,0.7702483670197426,0.3165887156570424,0.00884388939715286,0.8413458196451388,0.7139204989343406,0.859884387175731,0.9660098528237223,0.09272068186887994,0.9774789078682823,0.7477031596134828,0.4971196649102846,0.6591078823295868,0.7069557142338229,0.27999630007747167,0.8090882787196094,0.9412527688568028,0.31456417167835926,0.013126499768252864,0.11449103730216215,0.5921335148004632,0.3024088856323093,0.005000355573109294,0.122120832602712,0.32636062557340584,0.3504324241983715,0.6428658114834213,0.17432062526998848,0.975662491891724,0.09504037672033205,0.3652340832101808,0.7002634430753435,0.13868771012105685,0.6676395356912804,0.00888623163517066,0.5131514886915051,0.4319376635168667,0.808228092581664,0.6406362808693961,0.934370387375862,0.050381338508815876,0.8202316428326641,0.6318282299997781,0.9759145232379282,0.27393583804159705,0.9140377287715568,0.9591655852864708,0.46434637887456065,0.15858457128148995,0.4446207048015143,0.8206315802224805,0.8424343932821773,0.33445772972197485,0.9552648985827993,0.1403920521561859,0.9721161557048663,0.2519290771317343,0.4716958950767759,0.09942521191361176,0.09687458908985824,0.5775931842309017,0.31647443280832055,0.5906689706387018,0.2145603806881341,0.7854189861742338,0.8936892003178312,0.2353251635708692,0.1794207035974137,0.8687671360659854,0.46761807075805517,0.05063746577796979,0.5415865816493433,0.06845625821609558,0.6404560111827489,0.09053977894545417,0.4543592396672935,0.6143422994192118,0.22005247719877152,0.6080685620547621,0.45288077324154574,0.7658943702085317,0.4792782251231211,0.6605668291395463,0.8566276849069042,0.048404010713318235,0.48498955434279045,0.1648072641364,0.3004685472348041,0.29161319686567255,0.8897607755459349,1
