,Afghanistan,Algeria,Argentina,Austria,Azerbaijan,Bangladesh,Belgium,Benin,Bhutan,Bosnia and Herzegovina,Botswana,Brazil,Bulgaria,Burkina Faso,Burundi,Cambodia,Cameroon,Canada,Central African Republic,Chad,Chile,China,Colombia,Costa Rica,Cote d'Ivoire,Croatia,Cuba,Czech Republic,Democratic Republic of the Congo,Dominican Republic,Egypt,El Salvador,Equatorial Guinea,Estonia,Ethiopia,Finland,France,Gabon,Gambia,Georgia,Germany,Ghana,Greece,Greenland,Grenada,Guatemala,Guinea,Haiti,Honduras,Hungary,India,Indonesia,Iran,Iraq,Israel,Italy,Japan,Jordan,Kazakhstan,Kenya,Laos,Latvia,Lebanon,Liberia,Lithuania,Macedonia,Madagascar,Malaysia,Mali,Mauritania,Mexico,Mongolia,Montenegro,Morocco,Mozambique,Myanmar,Namibia,Nepal,Niger,Nigeria,Norway,Oman,Pakistan,Paraguay,Peru,Philippines,Poland,Qatar,Republic of the Congo,Romania,Russia,Rwanda,Saudi Arabia,Senegal,Serbia,Sierra Leone,Slovenia,Somalia,South Africa,South Korea,Spain,Sri Lanka,Sudan,Svalbard,Switzerland,Syria,Taiwan,Tajikistan,Tanzania,Thailand,Tunisia,Turkey,Uganda,Ukraine,United Arab Emirates,United Kingdom,United States,Viet Nam,Zaire,Zambia,Zimbabwe
Afghanistan,0.31131382530739193,0.19065010710437358,0.20503973987438073,0.3587055911976583,0.9291523956382057,0.7564941608080868,0.7582635811179379,0.6421359670216227,0.9435530127449221,0.5297250653751546,0.1421044084183345,0.7496212470167732,0.990281349078268,0.3658663483825355,0.17754426437955517,0.9626253603672481,0.1813984101616547,0.7419043921399738,0.9483827459141644,0.16124204854059077,0.3787233582925532,0.13086338508904405,0.8458805472422823,0.6196663564709431,0.29727932178214533,0.20851709780003314,0.5877204171911703,0.7021794629190833,0.3167655903386979,0.1255645472730582,0.16970873213324522,0.1354089823867214,0.008030721828125365,0.9638101420247339,0.3384867429075694,0.46034200408563963,0.4918426803959375,0.14524811905757362,0.3695938698079205,0.21168021048164487,0.1315682456949243,0.18365451549563083,0.9003653457339694,0.7348368310073198,0.04091790994841649,0.7906388328196154,0.2897585437968655,0.6673135614652412,0.8264461386931002,0.2211831174074087,0.6551280484614552,0.3919387341737043,0.28707288554093857,0.6308560316338928,0.43243524822170454,0.4972630922096344,0.4555701818345408,0.9302368090961532,0.7785775246652789,0.5125552550396724,0.522999489825665,0.45019100726627126,0.9418148655013447,0.8923899688527384,0.9185892537072592,0.7066118726630964,0.2685133017671576,0.7702551050409318,0.2735946350902547,0.6502914931708188,0.30529670963583244,0.47459174743833965,0.07678791842792676,0.8096916093729764,0.01741274464652176,0.9305880157241726,0.30848659001344725,0.373723147198751,0.8522703609034793,0.4887044364627947,0.19680206180286042,0.48993976397861383,0.575933942116478,0.7934185119464736,0.22331757466824054,0.48075704664350805,0.6982128410727172,0.23327360596965208,0.3613640668756203,0.8576036191885725,0.7339712720634068,0.19047765659548122,0.771869803339173,0.9817203983911454,0.005830128768256615,0.06534597132643094,0.5085428402224531,0.42404174449975485,0.7804716630111661,0.8862000760324502,0.17704734979531167,0.2021824758216333,0.1827826720068786,0.7923899292443631,0.36763560910828996,0.7526481791122349,0.7729658128817724,0.7933840535310555,0.9911525917712275,0.14341405198582935,0.46325330520829233,0.5876553503973065,0.009466689598416789,0.2788681713542228,0.2693447090709241,0.7019817571492983,0.5300183409137867,0.2459110510749417,0.059759497190680855,0.004482406948073225,0.4831925915466263
Algeria,0.4949263807565111,0.5452944708218558,0.5290399334298115,0.5472057265714232,0.9636572960382329,0.9251930328733616,0.3250003481478262,0.35794069261465233,0.14358504791994342,0.5595041713604302,0.6817057343012874,0.6843795087817045,0.09863020138693024,0.3118003505129545,0.127513559325935,0.6735431018424557,0.577857698794971,0.11303779494088417,0.7896687445761768,0.9233291916810235,0.8826971652408532,0.7135652186411764,0.08116230215822584,0.5156248599961605,0.24930244679399494,0.9412796842728495,0.1144702343511993,0.10910039534152338,0.7391165610360519,0.2590698465759884,0.6769356703177003,0.2039295052190977,0.9778078401088198,0.7321958591371915,0.5968235427544011,0.9122138781015754,0.3088300206487471,0.033353701680494896,0.2592482761052355,0.07367971411526253,0.4442169283939139,0.2943630305392321,0.43859354469636536,0.17403038698610973,0.7572575795067261,0.18386588575843743,0.16280535192541978,0.11809720325150741,0.027594041799353985,0.22808229603343644,0.8125564437014542,0.5882450444129154,0.23459410816622317,0.6154708641321786,0.12069321566727387,0.7462237444929845,0.3386480217875192,0.5387703013266284,0.12242313392601034,0.4789275894982614,0.21348387080711484,0.45348267239546924,0.31545310908234947,0.9823021366436084,0.22663297740679045,0.186038862767112,0.9031170665865861,0.8614631300087147,0.7769421399731823,0.3848902988684699,0.05980424041480514,0.812451428940372,0.18402689499106406,0.6644048851539897,0.7418310872961944,0.9551932334085683,0.5468035843607463,0.07744236110326674,0.7906104998068961,0.18296043239948,0.5803547731672005,0.48415368213125654,0.02235724744758527,0.11019645189316529,0.08613651649978471,0.7109581086366872,0.24697817096575447,0.9467296659957677,0.7934709256980699,0.9611464751638193,0.41876762232648035,0.45978379018121973,0.15276386674442077,0.19700719185653082,0.5039614298968229,0.9582876015343688,0.8789303660501157,0.46556114992263753,0.46505532446547293,0.11030134163473071,0.5346370944426977,0.46767516194331127,0.9108247040415983,0.8742573055549435,0.9489484771844543,0.06399976402349039,0.13097297735357827,0.2928384021037933,0.5927514372864973,0.16843527207342313,0.181922175038998,0.4031055533807688,0.6836453146754083,0.5834974826291532,0.1169534602700254,0.4152541709682146,0.05669950903872334,0.21601171927645102,0.9859666480497166,0.05876567734334992,0.10663318759984097
Argentina,0.22504309986162796,0.6609021198840817,0.04400590338069188,0.17142806930471233,0.871060736522433,0.4791599111520166,0.9072097835249584,0.9908971002716966,0.4305488035603042,0.1256892262754633,0.8927033028609976,0.3177137227869754,0.9107409456655301,0.7390175929756275,0.25659851943325795,0.022647192361449187,0.17779269976095635,0.696657312173798,0.2295440492483426,0.45622338200428547,0.6965037255040686,0.7779546193435724,0.8309138601712591,0.5850147451782693,0.2249763050080531,0.12406464925850469,0.7275779725512919,0.8842880114194012,0.47683041991108477,0.006271522050855682,0.33033402646696497,0.6386664318358707,0.3790682801600733,0.4878363902317576,0.5128536257808061,0.2715673859005535,0.36444267056187063,0.5715419214752159,0.2900997412425268,0.43120994696091297,0.6934827730606065,0.7001349803324127,0.6951633875115052,0.04080682063088015,0.13007284814269293,0.011883523166139498,0.810162643596172,0.9622337582594955,0.07632252095875314,0.2673396461030161,0.3005555228923906,0.3906295247335213,0.9149206184757537,0.538377721496903,0.6870901560443369,0.9265623390979625,0.4096985789032205,0.4070038475511969,0.7175412189008397,0.5824577261897915,0.8428813753530735,0.009597779480085222,0.706494909250049,0.917338753229808,0.06735107122011297,0.36402053103413246,0.42852529548524676,0.5905701570310486,0.5674141669024899,0.7973715294570597,0.1904413037875019,0.04834171468617876,0.16013894331394862,0.12358407627417956,0.6258706831785646,0.008424860528370326,0.6148020588334084,0.9019727607991224,0.7049634888064706,0.5559841913883727,0.3985888041727029,0.4909916563144312,0.6971829006732448,0.45841768808781436,0.830844931102914,0.8559208212463537,0.5581100045274658,0.10836504630662924,0.6535817668438744,0.013884435262041084,0.22330295922469523,0.2647474639297279,0.0841710201565733,0.8484281150373734,0.5311137691041841,0.4454372496235902,0.8860420790461607,0.9195600255764738,0.16069770135121964,0.629825854069699,0.8376210419854668,0.1902427818128123,0.4629846877804834,0.9730751188763732,0.9506609956457351,0.5281040861417432,0.32982195462866126,0.5212797654319657,0.19205457159661832,0.8402461646530327,0.8332748107843284,0.7704815808726309,0.5419757868954919,0.6752073926840746,0.5244205880726841,0.14942953691668337,0.43191099955178314,0.2068552387559761,0.11685024671209321,0.1372340224246944,0.4906741054360244
Austria,0.30718483899555504,0.09530119811103699,0.5931556423320209,0.39790662397645526,0.8757243484939791,0.7931907016269001,0.05878012985374881,0.6671503874906288,0.13463619834286145,0.16092525867036656,0.09902324539684215,0.14195362206421713,0.9338168608392857,0.7200708807712273,0.670102039796077,0.787382097857826,0.2742742054746782,0.31931092199660827,0.83672517408478,0.17303159543370494,0.6192804337956576,0.8189541323720194,0.37047975142576073,0.373004096818067,0.09886569919471977,0.03316441157757832,0.34064825320093295,0.06541353200800493,0.8247015259478212,0.28700928555337757,0.7629340411159478,0.5368698721774797,4.1420864933638946e-05,0.25279337229932186,0.6297365092162046,0.8659406273437861,0.030240843823707175,0.008183095758051984,0.9691056498231969,0.21554160538159883,0.9480207521955673,0.34105215885083173,0.9503296168423638,0.2785958966043529,0.11644369536763877,0.3359720185416317,0.3370601180570818,0.06514072482185829,0.9653600130922605,0.4974196603196507,0.08283261319889246,0.9414313352002401,0.18940431147120274,0.7479791265176905,0.06319888363121018,0.7420650467775551,0.25295876791427074,0.976584818868743,0.08099202881120204,0.1881817383088461,0.9534259185642449,0.17962149035743014,0.7830443083976649,0.16335248914149125,0.11290023616424338,0.8829291762109058,0.3102593203394466,0.6795342849090892,0.5663903042640354,0.3266608597518118,0.6867066910878938,0.2106321212565313,0.8621838571815145,0.0006582412281516126,0.9403453428471867,0.7024244337212561,0.3958809828406542,0.26428797072305876,0.027886990490642694,0.642831808635294,0.9718115927627056,0.685456947842554,0.8166626075278058,0.10501478959745547,0.5835859210024932,0.23314073951646275,0.4734334867224492,0.7065349936613372,0.845029847143443,0.5033459938579372,0.3491778018695071,0.4236157588780808,0.3231606540393982,0.8660466805989397,0.18024149874509832,0.5947116897773973,0.15089126237415984,0.06115468247403599,0.09503338069080114,0.40267747957416156,0.21407570437714507,0.041348807954225686,0.10161464683947485,0.36762102990196643,0.4220516401768518,0.6679826180282774,0.021202993780352175,0.9411912761006266,0.591121473522996,0.37797563060884287,0.901701315019597,0.5843033201120112,0.6062852650970398,0.030603621587738106,0.15902311968401328,0.3688904017402421,0.9765483507896272,0.2022842290993231,0.7054344372535372,0.6558003053441007,0.9878969309923766
Azerbaijan,0.7789744842565423,0.7604318117614667,0.18838657923086355,0.64326611588706,0.06699593267174653,0.9308895334613018,0.9712028622530771,0.18103071647456537,0.6554729280583593,0.4350628985296945,0.9196621984186456,0.8820814511003048,0.42112923679852476,0.37400311827744637,0.6012936061015429,0.8022188121859267,0.7195704326285178,0.7727742125407709,0.30599168704390456,0.2166760314140197,0.12272863472254814,0.2678323792095584,0.046399734269207515,0.14250342182155884,0.483423181546365,0.4583009663256018,0.470294087839387,0.42323775108568273,0.6771457158390528,0.5431712739272425,0.97379328634421,0.659174736506351,0.23698065180762806,0.7009407163092651,0.5723663126003062,0.7012773970322206,0.3020670557411427,0.8850996114153122,0.9018153774100385,0.3903591025400376,0.24969254924948547,0.4983664257166105,0.8351473447513846,0.9512562727090698,0.9649682981441872,0.7566397321774277,0.47420928964336007,0.06937131516479456,0.06047566232505952,0.9513047288816697,0.20695851991206315,0.41718921149755994,0.2579335187155112,0.2055413208782786,0.20963946311080472,0.6021275032621473,0.4015451297751448,0.7181709461277513,0.6163772756084483,0.1374459256644155,0.9601359680549126,0.4218122010647902,0.9474296422227506,0.3148056875100117,0.8116261473796915,0.8059018861490288,0.7119000365275582,0.7630638641832305,0.49781264888171917,0.12869328189317641,0.9332115015633423,0.2200162346573994,0.8403601095372664,0.836125014423417,0.9739586140764964,0.3727940837887129,0.12041558304371824,0.9588583303011008,0.08115336329276435,0.422859576306439,0.82269425970988,0.4699394784081701,0.42706203236814577,0.060181604584249815,0.7319764944167266,0.2549085608329319,0.6061315848835714,0.6012090323399137,0.7783785046799732,0.6102616696335099,0.4921319473822102,0.4805829795510015,0.1604001847141563,0.9861289199792753,0.6969024342687381,0.6581797836706631,0.44999098392352466,0.5478692472721819,0.5513068016240424,0.9977584408130306,0.10680294696130155,0.34270064031196124,0.3807801955273248,0.523103358532439,0.9433109026368491,0.4107809812693811,0.8195369810289372,0.8471887194999174,0.4047675593784076,0.5949359282627746,0.3906424157700046,0.39339815513987575,0.5409675701552031,0.5049913311468316,0.4947583376237059,0.8844417999396875,0.9363657805214988,0.9091813861350686,0.6961859599331605,0.20520797011520087,0.8144263451954322
Bangladesh,0.15145944895950436,0.805790723018106,0.3741689858673335,0.7610632392588874,0.3261387871716078,0.9473167404908462,0.6792344814573801,0.5856538147099953,0.5239357792905973,0.739174200268184,0.06041090418763739,0.7337291281093515,0.06440693093003658,0.8525138312714161,0.9565427774612087,0.8703060205869888,0.6715473282573227,0.04024821674795742,0.033886775428602744,0.17034155291665998,0.3055144246437195,0.5764644787662394,0.48574383507203533,0.8084714619516168,0.6456022044168633,0.10767064913634294,0.36449227299047193,0.9838378010207326,0.5999189567316869,0.9391245420983031,0.6632146197488441,0.5341487947893827,0.5591432307715266,0.037262765897946526,0.34472910175881255,0.6786148159944808,0.3652733245413641,0.01612884906174028,0.7491496302853383,0.8874924913860787,0.257815905175268,0.4604865847674722,0.5456148376686075,0.24548689040400096,0.5747358174899437,0.4994714740618109,0.6388498045964378,0.32266004885592336,0.8827646714732456,0.31244733365393884,0.10866280009661677,0.7036823972489068,0.9768474163577323,0.9764191247151843,0.7843238905159838,0.4265213515786114,0.11718014328064341,0.9136885007938615,0.06492194461399825,0.8500573573758362,0.25347006022038876,0.6548658524480188,0.8744602691865729,0.1682793663409804,0.16181844754232866,0.4920777174088128,0.12292532196859585,0.5030406221657514,0.4386278971197761,0.12069471259609044,0.6894004038836652,0.5513418499046648,0.48473846740665116,0.11377209648064324,0.7873770842816376,0.8254189443365157,0.6716860808049685,0.09220572185945197,0.10821923507623732,0.6645094116970508,0.9879711405085266,0.3706509170943153,0.8273360027695592,0.8378075214483779,0.9491405939118677,0.8007628356084814,0.5250608712367387,0.6339298439368236,0.5923562922167493,0.6585284491687489,0.25907176958810196,0.025524135466033715,0.02175201555945805,0.9123684561739168,0.23234009475714523,0.3722662779307173,0.6962543576359771,0.6322699873133439,0.7134766871851861,0.9588959522032909,0.13469699857770223,0.724514979462038,0.03677977153996326,0.23566087349761167,0.9136291801493795,0.7283170207988193,0.86760891011147,0.32641483764957935,0.1639654227226668,0.23648663581290863,0.5250056921945847,0.5136990636357972,0.014574067007416036,0.6523753787016141,0.7957257248913697,0.23776990644443963,0.5721635076788223,0.9548155488280139,0.7179246853986501,0.8225879304001731,0.2258598114858108
Belgium,0.7273133061098171,0.06148429278581291,0.6438700574221407,0.6614840683506126,0.2872700690225809,0.9655457449363195,0.21253011103745967,0.870110865620442,0.4431256680516299,0.32260587800932805,0.40184036537338275,0.3275804183361525,0.2596517969996731,0.14373458359163593,0.06993381636002272,0.7187093205424314,0.11566848387516016,0.3432646381287566,0.9601139062216257,0.14308036248070743,0.9109940958637794,0.7545299003677766,0.1388553743355797,0.6491017073123165,0.8041102158745925,0.7069761929940169,0.10698032117382772,0.39017427631205115,0.3144443767248125,0.6816851338639872,0.06425846074240515,0.41944122414158647,0.2940773497193897,0.013608821440703744,0.41099214815453655,0.8796628341801783,0.9392807785024972,0.4651322027902989,0.24169334732948788,0.5480350717092249,0.887651172865424,0.3616757649504647,0.4465168490007769,0.36110652984482616,0.6806594234027491,0.19499763833897177,0.9850644666730836,0.07434537127566598,0.2903654827029192,0.829293358470533,0.9251309655474127,0.6406709493226553,0.7175329893932821,0.32948396289022364,0.549071107068063,0.94947505950485,0.8066080036702099,0.4192623662812286,0.0883507380460764,0.801121917923385,0.7150722439967125,0.7330317706654362,0.4131571821647152,0.661860423160909,0.4192104432743592,0.5027567843748497,0.46334338628892036,0.5431892030380929,0.6139530688807835,0.44086806556087177,0.5071567057403218,0.12019033730934481,0.9536120302158672,0.15891273529473737,0.610349720441763,0.9330231096839561,0.254214910266104,0.49510375524029915,0.28103885946585694,0.0643922863954497,0.0940195745717024,0.24507266761272284,0.9935465531766572,0.040420831620545106,0.6795302841314708,0.9455030226466494,0.9092430998732471,0.7392495448140355,0.7484452507282865,0.4923456279131596,0.20963143399331552,0.5396024705578095,0.8306109694887698,0.12301931651760079,0.540110379211397,0.34759037168040796,0.8865822062154861,0.04103465579802801,0.4470120359705555,0.019660129808995896,0.10432785302400438,0.44552183596112416,0.7204332609244244,0.9988275469397926,0.1828030262445821,0.022066749069531655,0.26380794358388127,0.3932196992704077,0.026902522640877446,0.24850316093785763,0.8080996445583626,0.6055774172397131,0.8532167864513629,0.28336437186942376,0.22183551896592513,0.27287284574335546,0.7591488687125362,0.707695821782872,0.46896441122424004,0.34369725412058494,0.5732918716748084
Benin,0.959387956761166,0.13199555425076182,0.6041414410453926,0.9649655270298678,0.6452054396433459,0.023456992700636836,0.5820826750649771,0.6188204795141636,0.7911080464724082,0.6525902357252688,0.8022444220313265,0.8048190673639662,0.19613207128319188,0.4950885043392237,0.797031590126949,0.6239149896931446,0.5492081614035164,0.8211722050973937,0.8828145039772093,0.14910242738590462,0.03637985320467252,0.3194344590456043,0.23231876579274335,0.4670321780652842,0.3189580373698121,0.1671405913727002,0.9452220985098263,0.59232176144693,0.28020849319229124,0.9769836606147908,0.4002127063132256,0.13651341669003392,0.780691836702782,0.8762555340866275,0.4885057016220259,0.05585884441250821,0.08101474525233165,0.0436222969005583,0.27235997216402963,0.922431352547059,0.11904107521710006,0.32049815696959516,0.834585848130783,0.07218688353124725,0.4609082222606282,0.5003758981865615,0.7900994242454261,0.625091353139286,0.9900908986162086,0.7720715208945577,0.5800031934607041,0.6139962580603985,0.26576448664622254,0.21192817051258817,0.39300337805694163,0.8832308423243365,0.8203104691763528,0.25905097803065413,0.7312775650439829,0.21469107015055988,0.14192225417035165,0.7769557538581283,0.6989235171204002,0.6358379640925277,0.2536020420930508,0.35886667256468807,0.5258633853521186,0.4299389693814314,0.9013225293973438,0.36561310436811933,0.41846782721074216,0.08118230356014655,0.32858689893679016,0.5873519902139661,0.3366882634380849,0.16534056558248889,0.7102610700004992,0.9249157957442723,0.4178814184093257,0.15241918124482945,0.059355301262927096,0.182880257463925,0.40473128876993125,0.7356565813842144,0.5929270446254898,0.6457650428093656,0.05856135205077462,0.24902766359840434,0.1798019356189824,0.40122216030999347,0.3477741034894869,0.23465636823101177,0.9780655541708995,0.9866083419638507,0.48244582643928513,0.9485763725733143,0.7403798164425487,0.43170239676018507,0.7882711621037282,0.5485575988969641,0.7414381530313106,0.16337307116240485,0.312605940271538,0.978395309496017,0.04556265063107878,0.5368869629307998,0.24223859033642425,0.023526033795063683,0.9295304377977174,0.5951624544715945,0.13557093042067192,0.6820066057816413,0.06250154643814376,0.9047058479404481,0.2716036831447256,0.26048289386855406,0.3370075023420609,0.5269803151629586,0.6773412822583997,0.9543624153316479,0.12113089975681157
Bhutan,0.3947142818001923,0.3693208071847197,0.8461183683091407,0.361118090835174,0.7303906739719216,0.20681532150207704,0.6024180939920596,0.026391074857211927,0.3999097543947918,0.281625975860723,0.8140019008963082,0.9933699046486224,0.09983047087849228,0.19290193727848082,0.36073412227591284,0.8222344007788666,0.45186881889172836,0.16258636869039134,0.7867980050645939,0.48333358699322726,0.7743119097922966,0.8234471041025262,0.2196227838876451,0.9173944035767887,0.996190046060916,0.9004145513417656,0.9337251341977187,0.38426850114264355,0.23428780224484902,0.9436757465677114,0.05131417598792232,0.7677663650962352,0.150267989832517,0.6533927635914843,0.6786453208873495,0.9309792721185257,0.17663233045284632,0.41630499292170986,0.5957055840684612,0.22367337443560165,0.24371403566464822,0.04581670096250945,0.7046429009397048,0.4987698815942134,0.6159994564440758,0.013271161695779354,0.9509637349108835,0.6001977880382703,0.6562288894242576,0.8824927850973697,0.23840255105538732,0.5004850114275723,0.9314869550681596,0.014648202552015599,0.6231989364892871,0.20053688218621135,0.3155103543321772,0.20320822798003169,0.012821225320102547,0.7721924553218988,0.6773472354997557,0.12739859775334395,0.9969707849794627,0.8569350892409592,0.8969196107125184,0.8264013577769854,0.6245593874330344,0.07701570127780877,0.6072400420865387,0.5746010871568917,0.7048891533345264,0.5821271791667811,0.22540515726937527,0.7177424298661449,0.24815629341486856,0.5082870769587051,0.8347485287078835,0.21040688218828785,0.701033451349992,0.21552913079760927,0.8690673836062149,0.08175864297085966,0.23648362846299842,0.0686198123003231,0.9788146754957721,0.1268132097035779,0.7395384392783683,0.46676940134708866,0.18782865322652598,0.33887603809235534,0.34847202429159607,0.6569990211047042,0.22383659811385748,0.2644884692513778,0.31174372995639765,0.722150046524326,0.30196542159365847,0.6224644764326459,0.9406708376620467,0.05755575313216266,0.45924525021244156,0.4471050677217965,0.9237510914048348,0.38934067061772226,0.11471466568520639,0.4538869179137339,0.2600196037829561,0.6205941529259463,0.27333252653900963,0.11036432493177972,0.9774788097494125,0.302243867011294,0.306331173769133,0.627705572276166,0.9542884316100656,0.08719896022540652,0.40501184812742186,0.4459928605705994,0.664424591626663,0.07970405597163499,0.045523398649886526
Bosnia and Herzegovina,0.4039348978177927,0.8352907941114064,0.9226671155970433,0.6294254398994537,0.8787584086183831,0.8465527945621766,0.031092314099533613,0.5344121592835586,0.1811448237780241,0.39653962267239407,0.8556590897928037,0.5733327895057887,0.2376698524285591,0.20771387923392315,0.9264212827687891,0.08057532861307082,0.793819619498964,0.7691503324012694,0.10418337368509845,0.9282521284233258,0.4978078386063386,0.430033199874029,0.4352719900430383,0.716829468604322,0.9483460855954082,0.7887360735141546,0.6618623462501897,0.4977006047829532,0.19744079580218166,0.9014263164048398,0.8287309179957751,0.824657741107862,0.9260665038228255,0.9590888322290352,0.06912498671978651,0.2591941892374041,0.3202238193609783,0.9138010332824111,0.5364271710947665,0.6414961686756021,0.3949265221929026,0.4425697158300438,0.1978074446056297,0.5256810531263796,0.7908954542357475,0.2903407492203991,0.9431383503325709,0.48281883428146166,0.24716713951946,0.002740960066290765,0.013035069340680216,0.5026401557755578,0.9488627551792961,0.5979334661384718,0.5555213876312102,0.9252681841486647,0.12363998454006286,0.13248398940913542,0.9592112536629758,0.15044535198925335,0.01097215276889596,0.8441737416205701,0.33367888446349425,0.1964584218058344,0.7580667007758608,0.9565480014025578,0.1845002349222692,0.8718826984238243,0.11285533426691485,0.954943586729502,0.285756957583726,0.2955117935799789,0.5695230898678543,0.8167578806020626,0.39415390066101597,0.09812449691358216,0.9561446607243925,0.3424799148527794,0.019476900092234906,0.4860859940185023,0.017805974801039626,0.6667144442343103,0.7402612135389012,0.24679068170021,0.926256175688934,0.868842784713451,0.44334668875342464,0.7098865503946479,0.5306242564372987,0.15535402759382555,0.3820140438193551,0.16913618644202089,0.7866889227523863,0.4904785239958075,0.4242414072327134,0.8529062017363743,0.2279262209766939,0.8594590512288156,0.8620120073240699,0.7757196519471884,0.20395564058220073,0.3661083881735948,0.8683216891328311,0.8595784147560613,0.7137049045380942,0.2881016147029879,0.18546073006776886,0.7994715461936079,0.5823009135491105,0.4451465830005784,0.448198320337753,0.015200811656423507,0.8920292218668711,0.27579238460691224,0.987346362208655,0.11745778070973678,0.32686381088549665,0.3878063284244774,0.8662763336477436,0.8598423333093438,0.3601067012895488
Botswana,0.3969323383013881,0.9889863698558348,0.8236444801388917,0.7989581652605388,0.06085526248235085,0.7878569112042456,0.017729171941807342,0.9346011801847169,0.11138597409009976,0.4680563632190168,0.7774971024477653,0.3400138469471634,0.9769884772201428,0.9113321083961249,0.08696468370297461,0.184831626410343,0.013493103201562384,0.9348035929897944,0.7020793030658232,0.49634575070630105,0.9419069792086946,0.0791402204039775,0.6299734025085226,0.1058749809495676,0.6363080917802153,0.004249799338272742,0.12570354657691518,0.5490267537299182,0.38516192967055907,0.9147496772381712,0.6911114354482844,0.884724086426461,0.6747016503507044,0.9333199993465854,0.030572866995477455,0.6317207997823677,0.2553041500036989,0.2307086870660623,0.9766933430229393,0.05540129205432931,0.7816960371340792,0.4555807417966077,0.4869077868974222,0.990087604142547,0.44836573639019606,0.6319737075522933,0.15790086058868502,0.2548338701575035,0.14130283833945345,0.988371732352818,0.017634349641204916,0.5277647338808872,0.6201199799353387,0.44865142002860403,0.747172156663893,0.8285373763951386,0.585842463577473,0.315278090732402,0.6076044823947987,0.008417595648094744,0.8811576267128527,0.9300934285387664,0.8571343299626455,0.5153414400396721,0.9718350885068213,0.043750497524846166,0.7572537542481353,0.9051693318080807,0.4534267593885293,0.06430862496884637,0.24358338619961184,0.3978369162319664,0.40632096811785734,0.3685681253062494,0.5133057224551275,0.6870614840911139,0.7460440186193219,0.12593113184947058,0.20001021472772995,0.07773937046902923,0.7053026379175635,0.5940838339529338,0.985061129269769,0.7088384645027692,0.5752962824294306,0.40367565153826146,0.13107707309821226,0.2042157971451497,0.9956487243291497,0.1717529534349309,0.33560262704396715,0.9835102674540088,0.23282425583529687,0.8856142427009314,0.834542430830166,0.8169048198924139,0.9789190783581533,0.5729117183601888,0.9270394285325227,0.5516676147992041,0.8792309217829084,0.8400129634823559,0.732529027333659,0.4458609215013227,0.976430410683509,0.3739659490539897,0.061495174455207025,0.2993033213071,0.9779057542501769,0.8955800067124458,0.07212514502921852,0.1735684208802738,0.220166714682121,0.6552333254415591,0.8682716965364982,0.07609300879653491,0.8823457507974948,0.9060170204195709,0.8112366000166883,0.3803342639258863,0.773913966983366
Brazil,0.5416597679310421,0.024197461404664167,0.7659871650709013,0.7756884884504649,0.05483479781493239,0.9564215094798086,0.04111358521249431,0.5892774295411047,0.7318017405429452,0.9266449899287652,0.29098468910813413,0.705024072537849,0.7899002216893477,0.24218181827680008,0.8753902205776969,0.04119471105247863,0.9273224732571269,0.3817513700500975,0.4204128312417307,0.301401302932077,0.9782879398868184,0.881878747432232,0.13472425626705742,0.3143717738719013,0.8765040276521493,0.9447083570324242,0.26451676667154556,0.279015000904283,0.5656557703439105,0.27979637323527873,0.8011055675001698,0.35928863360163343,0.4430813421159444,0.03649574288336532,0.7931763564430941,0.49659779863387743,0.8098082443548574,0.684158670889361,0.7605937745441409,0.9954338403765162,0.03919361091265838,0.5098964794985669,0.8055849312431295,0.3206770904953682,0.6486606624329431,0.8096714622615019,0.8242776209993752,0.06384415422529677,0.3666242818253337,0.5520762576454372,0.8665068206582252,0.6387048202412552,0.04891935839939365,0.36024048036242606,0.7568749932592923,0.4345346740564868,0.6693830174875872,0.8456505359782687,0.7821547667971196,0.8548862208338388,0.03587094534755286,0.8484066380505594,0.5357363273763563,0.5040172414110257,0.4890008240853335,0.9493078730140732,0.368842448318912,0.6340633521922119,0.569530855948574,0.02581373932364972,0.004936803661683142,0.47133465283084974,0.4583480025511826,0.25258891590891,0.6319049035520788,0.8667672509189752,0.8083100263300069,0.012078577116715339,0.5313649334135817,0.9189493581627668,0.36006710967935684,0.47032113695472544,0.8927008732631725,0.06915797997083029,0.0006227354617821534,0.9239692957915873,0.6088279363716257,0.503512120034471,0.8949944975229396,0.9406850849777053,0.3853869596830274,0.9578026995599515,0.8871234588525647,0.2401802880595013,0.26113879201498813,0.29680960383390165,0.7835434978698314,0.3545866242603227,0.5189095917675596,0.2972156801123542,0.2625987104848917,0.24067390721983029,0.21565579036986215,0.9286011403176148,0.884100455764432,0.05989681821170034,0.6523653118596185,0.7149231864433742,0.9900565959922888,0.3367754580535216,0.9508208309414062,0.8552876538472306,0.8005520781820243,0.12888471332095452,0.9049068792118864,0.8620021405186131,0.6661688639158262,0.3637268590763134,0.9566027948101803,0.2866071747777442,0.3290066452480782
Bulgaria,0.27762583331669044,0.3301671142707745,0.23449156596006304,0.2228727517071798,0.6443122011702409,0.015681296548173407,0.7092415608762683,0.6310329134303363,0.643068620461192,0.5419634632726158,0.2232685420248709,0.2975122350895051,0.3096779747517827,0.15871824684035696,0.3945784223715979,0.8788633647904175,0.6883610959059525,0.8774784738584057,0.5294730085782768,0.7942993000886319,0.7102230367461597,0.023136047849267705,0.9493108354570324,0.5901756981152853,0.09127462389220531,0.4453791474951869,0.6760310873711588,0.8789494189325082,0.38432693199961165,0.6363912471547603,0.42484402942829325,0.4320248754416429,0.5378334270186372,0.6858894544868261,0.8327917513767253,0.8085024381338702,0.9585510112623098,0.010264185425671868,0.423832815397057,0.12676650839313552,0.597152728347697,0.48818035699543616,0.19612213396362665,0.6989253929976648,0.04403888309842707,0.1578360003790259,0.47839379206641774,0.8469506144595196,0.8482044651968492,0.23957687259313076,0.6214145723455643,0.5899797259313522,0.25400857305070645,0.3071386774912559,0.31208469197287947,0.9091359909328868,0.0348615765347714,0.5298699843478503,0.32093266002002463,0.17813357011933018,0.18119741787171484,0.14465643421499474,0.8780055730552336,0.9072734740190027,0.26433676808030737,0.14693809508343025,0.4992597255459845,0.4829683901955705,0.2398496075806692,0.20121942261585268,0.3885401552508091,0.49290082011636005,0.1625995272664661,0.24852980460512442,0.9615404517851315,0.3489658974732328,0.5095192479431129,0.3934395873523987,0.20325763610267478,0.3607026211026765,0.45554956623070475,0.18276634907347422,0.14218465943696157,0.25754785822155024,0.5641391197959494,0.17750068541095232,0.66366205383298,0.2495316405140946,0.1263054977503295,0.5176486161100793,0.20029033026953336,0.40061704756146677,0.505898606167342,0.5246962166277985,0.1488787086999802,0.627082372493039,0.8272288033726568,0.7340781607833515,0.23640535091132653,0.5437401459314657,0.8956973407102206,0.1655981517884254,0.9117237519502456,0.6702133120779484,0.8313423604240581,0.6185900459122957,0.852534312708341,0.9765343768651517,0.8391543842449645,0.6979144613444258,0.08212023516510147,0.7259268941486311,0.13102486962339321,0.244627677658246,0.004166083459148373,0.25138433140277705,0.46971035103530456,0.1302759855678648,0.38555771468962685,0.2175941880752582,0.8129080743142163
Burkina Faso,0.8655137538088908,0.8668578965853078,0.7512253402294388,0.922124422359815,0.929796958894232,0.4126987257144342,0.3239036356811438,0.038348354553652375,0.35333746316450876,0.778492542912399,0.21971053517796058,0.5169346070176029,0.2879150284608528,0.16089464235496875,0.7085850845628543,0.048938282187306226,0.27966827108645465,0.8813542824903458,0.027731237258280306,0.6602773156309113,0.7158085428584697,0.011199399333050253,0.7609052456647662,0.2569357236996844,0.07133428730309688,0.8029527442630147,0.8315096597390335,0.42574454085169033,0.5377704623744346,0.5306695326926913,0.42437444856387707,0.6546800187458559,0.5102447061098268,0.5045817828017853,0.6817538871464183,0.047950825375440376,0.037444200368387026,0.8574095573196489,0.5326364138861718,0.013248296215960131,0.3157957525678583,0.779727229631864,0.02572237325668647,0.4761780004493338,0.4239623762479722,0.5636731815150198,0.691271122741286,0.7943904727084939,0.9631291257730342,0.9229247681987932,0.3111424646104408,0.0835585221251608,0.05649466185127694,0.1574071295553967,0.6373629855538755,0.34539649768725245,0.7285505511311572,0.5414637454896454,0.7926527505459672,0.12653058474426315,0.08902930063795378,0.40298268106295854,0.13126491496462633,0.5711773059071056,0.41300169235399375,0.864956371215732,0.10572074259745179,0.4801738545392962,0.5422715922247502,0.015246765088757996,0.8386180450204271,0.7036787764204258,0.16935614853228265,0.15452141470508474,0.04931762948755514,0.730164660883501,0.3333729615808734,0.4432584465934438,0.46422610696944333,0.515840231540027,0.4356186540302729,0.20674032001775056,0.8305992953673524,0.9103863558225664,0.09249607146061922,0.42932005833154696,0.5890220747242496,0.0793642244787548,0.07128185007145826,0.7402640446813165,0.7768039010993077,0.8211068403770292,0.7887951039546605,0.5870827517410743,0.25470585288773495,0.8206056718999576,0.47178222983558593,0.35320906517493067,0.5837842900937915,0.5670352673671036,0.4984332902108167,0.9612286153315837,0.8453178127298516,0.8357736275073419,0.13715467828489047,0.5807482301682796,0.8583177562131029,0.7895053295214085,0.052413339396505165,0.3330687096153204,0.4192047796672046,0.876699503852103,0.6269276677594924,0.706905285115763,0.06885003514148691,0.11613574343150856,0.43447142212653367,0.5165031357931753,0.65437290915967,0.786452637432535,0.1568021724183597
Burundi,0.13979327154791343,0.18886047013571117,0.09016729085724229,0.19778475542334195,0.3200204056267023,0.864280352909034,0.4169087473262606,0.8430455242937795,0.7781904169638528,0.2695141961341142,0.5819968784214483,0.7399216221114787,0.37764466659129814,0.5861998453290854,0.5601636561205634,0.5403597502957183,0.8359697916826809,0.4574777213190532,0.7887985131597485,0.6434429389533596,0.7198444830800692,0.6689572860214841,0.9727300215345404,0.8436937503613705,0.8245059313029656,0.1009474862962293,0.5862911448778885,0.8247346368870035,0.13595038017734207,0.8344339766771339,0.27499942849179826,0.6322333822951001,0.24805568363105068,0.16623116673450944,0.24802546195677821,0.5914240636119074,0.6875278061226333,0.5815348636667423,0.998325701253824,0.13675162721618472,0.5470627391111502,0.4939532389416219,0.5465918681714328,0.029458356472078062,0.8648472268565386,0.7012335469575051,0.34967747725852116,0.46514362487028493,0.7315775353138135,0.11306585500713684,0.37136217847443787,0.7459819644409227,0.6207302752743012,0.9525417009575035,0.651022406842203,0.9818122638142335,0.8692367516781278,0.8311040323559539,0.5302525661146422,0.49756924164226257,0.8832634711893577,0.25152172842646214,0.07409945913027105,0.5201979988167793,0.7392578178804329,0.9226854971437384,0.5815924975928443,0.49780773967718595,0.6363832315281608,0.7511014669570546,0.49530516909739974,0.6031432824332519,0.2862685041579427,0.9438508112832089,0.4108981021930438,0.9588358301867594,0.9328583722379776,0.08197126166158009,0.4525302708618725,0.034386181176397135,0.42033607620708,0.3096832110174058,0.5968170152021078,0.30215123780086905,0.6279113031255122,0.7744611800346914,0.7724054744353717,0.6510036213596943,0.1491126171662066,0.7675588787786187,0.8795187161974084,0.6131429140488976,0.09577362087297747,0.7660703676941993,0.6669987691164214,0.4974854828560228,0.6795624871228709,0.34476139526723903,0.15387429233164973,0.9001101157719945,0.3795031519383767,0.7843243758361724,0.41446412268455757,0.8142559911071034,0.5669997861321006,0.7414739722003865,0.1638766751473505,0.31744143323177243,0.06245598684402942,0.9646934222117883,0.19866604625467343,0.19506527620775194,0.2846800208734068,0.8743823738463031,0.6006885713203711,0.5549947512447785,0.6150502117285969,0.791540770522193,0.8338759206563428,0.9799428173342294,0.6243556335497851
Cambodia,0.4918890684344934,0.9359888872357375,0.7575483189897649,0.4095100690617629,0.28478799405785404,0.0573026986631876,0.994919486827304,0.7431972002254864,0.6058523767331724,0.6331307236912576,0.2887793433594167,0.014362681085378082,0.282001460891244,0.788242868087692,0.6761039460118226,0.21979237361483472,0.6277911853943784,0.42650450893670444,0.9732263890841035,0.40400412190061663,0.38218821525824254,0.6983821354449429,0.5830302295800499,0.24789128259978377,0.1732919080283689,0.2401526515677158,0.7223487207023777,0.6427681281410064,0.653803092308133,0.237046680457503,0.22461545824680518,0.7563574041517407,0.7056456805158188,0.3290832363841445,0.09395160828818372,0.6004330954563638,0.47032251058013497,0.22527418694713175,0.3253616596150096,0.2391349819870926,0.9420927818624595,0.21217855314305423,0.0514221093407673,0.7504792831718266,0.5823920643069532,0.5614569212005818,0.14932825853760767,0.8544103211960472,0.8317037595270786,0.5246699735604088,0.3744228436551077,0.1821760959831743,0.8102409126526627,0.9394001485546608,0.8733362025932081,0.2951302595402676,0.009717282923251913,0.30794242110631165,0.6135720424127435,0.5477302572492655,0.7711518033968762,0.3434557643145053,0.665967688779524,0.4659893995670136,0.31433373631314254,0.2734156672222271,0.5901305660144034,0.4171013743800921,0.28475663598502976,0.8124750903793048,0.7253081386126441,0.2097306168972367,0.679023124718438,0.03070853661957229,0.022727116398641778,0.33874413631920053,0.12123289993625352,0.4499689873259959,0.16608817970141,0.31150075399852306,0.6527019142904251,0.48102031414282,0.200918235596521,0.14391106012703903,0.8499170675886091,0.1118254638076609,0.6324453251372604,0.1322702392653926,0.4896158950438544,0.400430844430109,0.548474677573769,0.9375520960796448,0.3873709316943952,0.585020052590728,0.5430278812125006,0.02483459419297629,0.26806504140180853,0.395432524756526,0.26673881322710735,0.7175246770433478,0.577011215052066,0.8886031639745862,0.1749539835139261,0.9592343438727328,0.07853379777832348,0.1939423615007142,0.954531393342531,0.9633874612123409,0.964710918000642,0.5991892766064606,0.6606889083074627,0.9823815768580408,0.6554190670007058,0.6071086586260439,0.9369300134057631,0.5072263913823746,0.027364561834612555,0.7272225568296824,0.5828003858154785,0.4670640113717821,0.8557953843028229
Cameroon,0.15073477838800964,0.5703087588644236,0.07024112560798601,0.40524480057129353,0.5648794125349538,0.24637993413900527,0.31805189437324066,0.23101567889086394,0.719100402237997,0.9213013991446481,0.17101119901683381,0.5902547509288968,0.5493044344532177,0.9485987016946613,0.30795918070811723,0.1461299115859952,0.008046964232416354,0.05276153836028419,0.48895947936163164,0.6934978505568165,0.4842280351185665,0.9419920036881025,0.044665748653328397,0.9132508994358347,0.4497359657092863,0.6750241648387963,0.6812334225047542,0.27688089442556396,0.8090632163141463,0.8548879387228709,0.21639676840973077,0.49699423732889525,0.41695199139311956,0.7630624023591116,0.19420493237241054,0.8808399613927003,0.8111488732065963,0.9927610798982162,0.4445707365587658,0.20302037741083656,0.20207427431570557,0.48402955870768416,0.1477998535652275,0.35235291923647183,0.9011851074674846,0.3549937073546976,0.7382503163326403,0.8687127207821715,0.1859676406739863,0.32161694357277737,0.24127611566315876,0.3518473213451776,0.018190706187946715,0.9103438881454439,0.6850360431827361,0.17994318994570058,0.17063756319128387,0.17954788909415398,0.588521166176753,0.5815438998616035,0.5917957477471588,0.42544292985551935,0.7047119144727614,0.29546560057861027,0.22094717983371814,0.07932883128716217,0.8688889830628971,0.5986838395650848,0.29135233714481346,0.35005896016286686,0.8898151587809894,0.5692973346402376,0.30845985450515,0.408833931837876,0.6737384047830427,0.707672201215029,0.36651008652831063,0.7576796412677491,0.8944665002512,0.5425716194738887,0.0259959749722799,0.15704230199730118,0.17426776033975322,0.6612107652711746,0.1892082686014337,0.8856092001761843,0.8778387167161695,0.509941658881474,0.6652282445542849,0.31429703835384526,0.16850794774091837,0.9552354975133551,0.1227361056347156,0.6417488328131864,0.8997189698045215,0.023272334275498907,0.5961853832860047,0.5797986310185209,0.8970505202965405,0.9586342444466874,0.6503395050031735,0.43437001675443165,0.011622563850326117,0.792373443909384,0.3010284330562998,0.5224774662255423,0.3413806015643823,0.17140118863078035,0.8102422949266395,0.3537271882392631,0.037436831716726404,0.5709915752133353,0.8084593359763039,0.14977870992035414,0.09004222445057797,0.22875171354912782,0.721874327935335,0.02068107731978641,0.17846862277102327,0.7082312548494933,0.9032131948880809
Canada,0.7982565989921384,0.12490967682993803,0.12736014228958603,0.545888808418699,0.8557112113951936,0.9148846815025911,0.37233942228716976,0.273878766819624,0.1364219816752683,0.9571117349729358,0.1793372549971396,0.8636885424418319,0.15915833547023672,0.36703235233497145,0.1496825057108906,0.855956810072008,0.2754147737467676,0.36949527396155324,0.5500406947426586,0.8152994539954981,0.4357594902380215,0.700713230704108,0.3456672433999951,0.3391081627834016,0.04123090338768831,0.7350794862817598,0.9386735150612621,0.8285602180824766,0.4885270374894233,0.4068790902566174,0.7888594789690766,0.09241923640396066,0.2776493614064721,0.2446623491505986,0.9827822325898694,0.671085636693033,0.02578626645520843,0.4223835890730522,0.472655442985751,0.0320091625875043,0.8258148968325243,0.5311546953109039,0.4479352202042197,0.5771303208922796,0.9268541548249681,0.8023002990505961,0.9613693841248298,0.8015096910200961,0.4421795204098431,0.5531095777127895,0.3157591194549956,0.687264554599937,0.5382651274918537,0.5256766924932439,0.5800350484179436,0.20537949538058486,0.2367018024441928,0.08378435704628884,0.522754590576032,0.12043739840231504,0.9792948407725526,0.7835368148226289,0.843183486196257,0.5842101479922972,0.1709039293404533,0.3295473063078068,0.4830364130009511,0.8531605474811212,0.4141668897932047,0.6300204489845935,0.5642526629849571,0.7827004161614446,0.48883963600434355,0.11540083041025184,0.538473991620806,0.48211413765856614,0.561459928418909,0.228042296610376,0.9990482488865774,0.6998617317355362,0.5981225193175435,0.8995215272222933,0.5328379687921713,0.8745796739445975,0.07314392004988302,0.1684308214730662,0.40815674082921594,0.14407441596846482,0.04033400234600437,0.016237793345704965,0.6047096683052906,0.2681912792997091,0.14243477795898063,0.6237522559924504,0.42596372919963144,0.9974897936382563,0.00825234387515561,0.049265483642783936,0.39358865119370645,0.40416157357401217,0.3876981320645151,0.8942697413668917,0.6816606393041887,0.857774018424255,0.03214120552505473,0.6932088083041493,0.27509505330139095,0.8014904792154129,0.3470740153338663,0.7046211221427087,0.3201285148287092,0.2913112306368377,0.5734949984676107,0.8862981423652316,0.3889090035860717,0.36056029852328764,0.4765079348956255,0.9069335481466839,0.29415173247532533,0.31840164052753783,0.32165693732875467
Central African Republic,0.8013598332022351,0.6973512828653453,0.859124183065095,0.19463732410105017,0.19035272777295054,0.24014973909994697,0.3230890956014486,0.27536880852703827,0.8486155892002154,0.04984055562412104,0.15655088968520292,0.5992983736088607,0.2759178502329005,0.5120990809460103,0.46479247856234795,0.06634003805605626,0.4450846583329846,0.46490423696917105,0.49185803030996933,0.06024473154777199,0.722293732303578,0.5594540779848871,0.39906522930572275,0.34172936826746725,0.741390296449015,0.13752238419572183,0.38367516756576014,0.5126318864524966,0.09260534415207144,0.06969930568131999,0.8664034746641956,0.04507451968638443,0.03942477354431306,0.40759781513536253,0.4791818006735097,0.36894644397445575,0.6746266913354415,0.579847651528502,0.9291667148225499,0.00750413094638569,0.3627919548689079,0.9622796596066092,0.5585800736156015,0.8892725322176238,0.8283410094128022,0.5908937418339884,0.9307888781042781,0.6746009188082942,0.6121198226332603,0.14162036677987977,0.7165354726878983,0.14049141389840447,0.7341920996937088,0.19100504414255115,0.4085215046917311,0.2798593759136363,0.04895373429656846,0.6747209331890988,0.9307030335885403,0.5365349187812163,0.411485187293014,0.26893222394015104,0.4192856971658937,0.43619564889105467,0.7909277773884414,0.7435229844810521,0.8478803130409033,0.39689909680068625,0.702077481352994,0.5088627532319895,0.2354342867801159,0.8651794297764493,0.7364325291137609,0.4898714737512757,0.3547596870605002,0.7871358480879415,0.9665196816357757,0.048286007784666185,0.16204274384224493,0.7361266155747652,0.28210152514988873,0.2820792737513038,0.16672264840607176,0.8665274505356318,0.44014490750782687,0.8495874343320583,0.6529955743133091,0.6573272266143895,0.9882050044410713,0.470301126043573,0.06478945230919675,0.03483282379802266,0.24679025527118947,0.06952198188769476,0.4800589204597979,0.4273933302573484,0.5057279592922633,0.821874855192046,0.24341770424483944,0.03619679065771564,0.9641392672076889,0.9374445673435011,0.03948786742900334,0.6211941800240808,0.1362311949437528,0.20847090962158643,0.6023902556117439,0.1148205209172658,0.7911071035129003,0.1127118965269791,0.45107022217644455,0.12860964647327966,0.6121490476727349,0.8298539025289577,0.9379015580963305,0.0006382333085073189,0.1584123796860094,0.08699147551318198,0.9451391795678046,0.8556883955359115,0.5554168063689782
Chad,0.32586800570140617,0.3018480786367469,0.8293019434012013,0.5652476320622276,0.9027247819170192,0.27959912986038526,0.6731086169875572,0.1952891728985482,0.2055593683786443,0.7431624799901596,0.024652671965669448,0.7783314604602196,0.7070252759217425,0.7502871823847324,0.13905496607280354,0.0017308544488778832,0.7613500418572586,0.5845677665498605,0.2316960716737393,0.9205477654666469,0.6903433160129537,0.3155774728805878,0.39147790629895407,0.33860258487435213,0.7650108652304402,0.027572677862807704,0.8778502171192688,0.9822685263452342,0.9728960382113833,0.7760988254954335,0.5196697752472004,0.11578668295975392,0.6491899066009776,0.29207970641031133,0.8627325075515823,0.4629446608943142,0.23431020101959754,0.8630885103944732,0.5836847850435656,0.6368409983831467,0.10042809367106897,0.5457888366476622,0.7281678347804659,0.056869393509695776,0.9183434814516526,0.4724403743783735,0.9466199635801158,0.5847399647149873,0.6338630277309902,0.724024377867392,0.756452579565747,0.5729975902177273,0.022609509151692797,0.8930295881633651,0.04014014156945278,0.266490049286499,0.01979785261231326,0.8907846564568535,0.32419163397568374,0.1861324640605495,0.080970869787229,0.5098028922032953,0.036210291445182174,0.36023089046285894,0.36307300720349855,0.3752834105390639,0.5991620276947995,0.056753046902302096,0.5863346136912799,0.2599888704387633,0.3185930055645668,0.7098877097734437,0.8600750005432087,0.5937445344104684,0.4625535913325213,0.37641780405872627,0.2386973620938576,0.537091707180109,0.6387451635428736,0.4932072608355772,0.7283011162746335,0.8662923083813057,0.7325033225649782,0.6827629373632316,0.3600182266066576,0.17488455680834125,0.9554454708302428,0.2041013203172659,0.9743277328743091,0.5412970398086203,0.5760891911557121,0.23878778716700333,0.14509021536044087,0.27927154846654323,0.23153802097078457,0.7639476426718188,0.6026416731811728,0.9875283507783968,0.2880876804450354,0.7468404483450072,0.3328984733617898,0.7027205588155295,0.10201367948611939,0.7364487310049995,0.822271778904338,0.1731845399950036,0.306084833047338,0.9885700327617931,0.21699440532570757,0.6356736971537578,0.7543522036082128,0.24548986058628086,0.6599770131259038,0.016645236292478938,0.27320263190199234,0.16332347871812114,0.1655463055101618,0.7196869816377849,0.39584466606492064,0.655654615145317,0.8867997732212317
Chile,0.2387831796758636,0.15552335491910763,0.6443798293677137,0.349011397641084,0.19770953450339002,0.266479928941424,0.5524557677000531,0.027826207130908,0.32235675305174694,0.4006706578882986,0.24622128937052,0.3132688044462878,0.45064024045762086,0.13013140144123092,0.37023636191599485,0.34444227170716935,0.5501725533125518,0.43551282694315485,0.2950343618313913,0.014283966119031377,0.25551512707014845,0.9407761351504028,0.4224074556387164,0.3761473606293144,0.016012182188548718,0.7326101710307547,0.23199495490400202,0.9332530062937396,0.639869804716878,0.5641847450113272,0.7028630671971087,0.032894673214807435,0.6569097699682358,0.13176423213779798,0.4393393508304527,0.4011402250988496,0.5506105288983638,0.40120498506786817,0.9137243903737358,0.6960486492163738,0.7511619973377843,0.0988974142961686,0.6912453160993903,0.8514518521271495,0.8458426421234055,0.7251085246550631,0.461590898945772,0.1817520087900807,0.0404100780665646,0.010863304762397608,0.33961078278450285,0.9849856072153608,0.7739117018023818,0.1686487217976943,0.5838904222079732,0.05985421577559902,0.29436037672223936,0.5020215801229315,0.6819303867738381,0.6894365175878934,0.9495749102186423,0.9605828947491353,0.5000603400041786,0.4390610055840324,0.683629304475306,0.7609804777119104,0.4735318719647772,0.722283085354085,0.7676501075898109,0.059300361558247916,0.2745514252905328,0.6803029092798841,0.8535787119302685,0.24116191069628867,0.48700760697547496,0.9510988554665141,0.5672741408975147,0.15030581156303047,0.84551258454325,0.7767277111668162,0.5334835753667956,0.9792888036631413,0.8695393988619864,0.0772815191588403,0.6060250134744173,0.376062845382233,0.6615177466993257,0.2677573461603102,0.7458831434531871,0.002886168405456746,0.4128891742296805,0.6824816149732308,0.5852632632395612,0.1359966478322866,0.057925115897003,0.6969016678508342,0.42740202012454176,0.6457008512699663,0.19195117975627196,0.7700656643968296,0.019928605980336078,0.02443618528264968,0.6751170037331573,0.49389619045968813,0.11704922064026235,0.5996061702970725,0.5824418197270236,0.2435157957633972,0.618550651463139,0.04916972016564081,0.7313122740888695,0.2236857759321369,0.3408668154631148,0.9918922561691337,0.23603793680453877,0.6167592391180498,0.07738526558370151,0.8039027320831255,0.07363093292333278,0.19146209456282803,0.24009605905849252
China,0.28029878172862777,0.7465505468324548,0.8730842645706641,0.5932134874508347,0.30250633094727264,0.522556934558826,0.4743903950899563,0.4492385378926703,0.42547857853389637,0.8302646079096293,0.4434591974687013,0.23562383757335237,0.26469017477101475,0.2919960427700855,0.027284088990974675,0.18641215527594512,0.5956363764814475,0.11735105011505553,0.22693722852722586,0.5104240968027038,0.9797845170760673,0.1641856108608849,0.9851593979165842,0.3545389462706219,0.9842910353996812,0.550314171818867,0.14091506373819085,0.766246005468628,0.8045630175411277,0.4329725135550416,0.6566077342204896,0.05269689208774486,0.5101973251610527,0.7161130133225261,0.6780316338001924,0.33451283684555344,0.7035242040614947,0.661641674621921,0.7863859417725452,0.22019632099223818,0.6808857715684253,0.5556295341941316,0.3058008672860647,0.2908588779156922,0.915868489557311,0.49095044228624385,0.48379769539490236,0.5023324548505077,0.7431913714690961,0.22762027736408907,0.7371170657804645,0.7747562148978339,0.041905117071749154,0.8320915723243286,0.9963919089027141,0.9681486361534212,0.5025631295840519,0.4434632626186814,0.23902302080659643,0.7810632604245463,0.9870803759796537,0.7497920322722104,0.9412278160236327,0.43752388078919924,0.019171786825062598,0.8824400395756982,0.15544670005318117,0.6226359012593455,0.4364201926518684,0.6516606510954138,0.2773436425390112,0.04189925533215799,0.022020105262077094,0.9926102853942544,0.1536707286056317,0.772037226644977,0.10956041636343972,0.1838874659605737,0.43071711640437216,0.35573477901896167,0.051650830140292925,0.6267855065776877,0.5215699938715166,0.7867168431207572,0.03841331795607539,0.9766447440314734,0.914321177571886,0.7008471500415326,0.8199894158070292,0.375120026931958,0.8810946686988802,0.18187835892161064,0.11980129049904853,0.6246305061511842,0.10023134717098992,0.005729869084872163,0.518553207492729,0.12995160213560697,0.36507991212512647,0.18298617294523722,0.4086633804480614,0.4350307294429002,0.8177124045431161,0.8109115276692335,0.9415190148765322,0.8592631267650145,0.05554015893075537,0.10124604984273955,0.1505454327729513,0.6016187910752089,0.0700749713674087,0.5729793605746213,0.3456490537047531,0.8983906917021549,0.1266255324382075,0.597168498318402,0.3500673887482042,0.4674288753519136,0.9725252159719256,0.6751227885068749,0.48688432801593573
Colombia,0.9122316579235511,0.7400135638365964,0.16388792207040803,0.8731200522718553,0.255328387709883,0.8587877481093064,0.48314519766876984,0.9926997333141977,0.4424610048848673,0.11578520027797301,0.8244167368846375,0.5185226230230483,0.06354622157158074,0.4017656521353292,0.5166569541488306,0.7142987660813377,0.10732853614514337,0.5919419631720352,0.6764985798290365,0.5272314649317004,0.6304150887406764,0.6935962105332996,0.8177202800512173,0.04338960028963801,0.4398220090036806,0.540302762977842,0.3918978233321663,0.13882090184752216,0.6493817202933345,0.7202496437398355,0.07422188750027114,0.06901444434732751,0.613557701208766,0.010783777467873734,0.1426172163140722,0.5591143791736572,0.5818193004704112,0.3147772785984527,0.9719772445923058,0.9872241332589118,0.8490189988818224,0.527541015423414,0.3901610391167353,0.12426021402933696,0.3094476420144898,0.47323621683890393,0.8817866288005539,0.5163789450010761,0.5551585954349646,0.5111268192182883,0.2750963562814196,0.18037610131648651,0.7042866165655598,0.40938256327886813,0.08728784402097822,0.5223347756139456,0.5196978189901115,0.3457755983701276,0.9411403365441651,0.6258677565169339,0.7287727563014907,0.854020415379637,0.7570735948264048,0.4615571847157601,0.9896041387811854,0.8078656684778529,0.6462942770072132,0.14946282879830974,0.9838174748138194,0.37659694741193384,0.6845231379174953,0.6543658876692799,0.4350041737720789,0.8757407974016134,0.010314364549509514,0.6132480202961037,0.9527397381329094,0.6040478739794702,0.04969740286159041,0.5030919778509644,0.5225192686753197,0.9981680135304808,0.0038879022552387177,0.5045817393613276,0.40264858613088417,0.9318095138704797,0.457807513220415,0.11442303494895956,0.5720583403696732,0.8612602132984738,0.9918515885061142,0.9388903900367822,0.14031622713411407,0.876825359771886,0.0422945811076515,0.17486219889694987,0.09035252452105569,0.15463698880085053,0.13166782957974477,0.23668172409140875,0.6887282263427689,0.022026712754918965,0.32359017420390157,0.8273559706258183,0.09068387306859438,0.6440092104055902,0.9696009896412436,0.6520559080863364,0.6060743069481253,0.07551399343574217,0.3746517331633702,0.581285294489724,0.4135984888160221,0.9016938166504761,0.513052413969509,0.6101877182134686,0.7635188957527821,0.07517658184180898,0.579968595847459,0.5093127036633355,0.850034774315508
Costa Rica,0.7441369308804145,0.8912277004907752,0.9954109214519465,0.8544579282928082,0.4494073428135841,0.3770629820956921,0.44836175150338065,0.1639849280982839,0.4027800357526039,0.7991297979436618,0.043340220693487086,0.18308544412318462,0.37349908628410844,0.8825699083689765,0.5067227430202323,0.11758376178100549,0.8276804388619265,0.7852668966312466,0.07856998176913621,0.6365816556461408,0.5016206899916568,0.4639613122503792,0.8356583599607307,0.6552165093768744,0.9979669533166051,0.12586014312630678,0.1082836034187421,0.11536297857530065,0.9457889042721934,0.19065110953397935,0.9781173976063176,0.4066333611770069,0.7140067110547538,0.9942282300015296,0.28543608400242115,0.24386931931347733,0.687334499548412,0.5650784387711574,0.25277871260273155,0.6305277217328269,0.3095009543284628,0.526559416384312,0.05034111136537023,0.025716868915611535,0.5462971388677339,8.033263706108684e-05,0.15435505270492944,0.37828176849926043,0.4798085315406433,0.2022361383575597,0.620039960362159,0.8545258065431891,0.6063294888968024,0.3189844745037531,0.9625007570187443,0.13321838842139666,0.1503563080910888,0.048266776525367705,0.9783520941322683,0.23189237764748505,0.7027496118059376,0.4639535326885348,0.07918140619387937,0.156747791134635,0.7093969674866858,0.6232021727496505,0.45403458424577015,0.6424613976847879,0.6180860874946192,0.7668473759422197,0.5354062952030679,0.9727525369962351,0.5862938956854793,0.7008471256185853,0.8036373689589464,0.9427761348556939,0.19975589262480042,0.822642859950014,0.9459965148501629,0.42677274903060514,0.18145435929011522,0.4405128546299206,0.20906091756499634,0.3017662171295057,0.8602212250556361,0.5464213992234307,0.27028240284455163,0.25093233598140674,0.1442912915699054,0.3607180739353365,0.6561931150653781,0.8201578722531342,0.5800684757998812,0.9428773954191403,0.03638280760826895,0.601608727675457,0.36156914777326976,0.6754944218157607,0.766965088083482,0.3651509329868028,0.5536659379925221,0.20530684247503883,0.8516240268252177,0.8395272374419191,0.4583898254088252,0.8828449459104616,0.29386446826953183,0.4008219872931773,0.3398638983327531,0.6626241326143514,0.46456651435751717,0.6781048271226532,0.943852086003615,0.033589957439106755,0.5846859562921051,0.9151176813914231,0.33478472545100113,0.7427556862215877,0.7177278457452613,0.9900430587484449,0.38300590627128506
Cote d'Ivoire,0.19459327705941754,0.638497709330016,0.5444850142614408,0.0686557062827674,0.7275813610653472,0.28564307952566337,0.8094963792153166,0.3660884028469218,0.4677077959146111,0.0722519026966375,0.6281642473743272,0.3118801827637184,0.5796597000040445,0.6205871697628197,0.5208142818317557,0.6076276352535971,0.5172014272580493,0.05596305328233575,0.5675632246454718,0.6067485476949653,0.7558445642820357,0.7557804221832639,0.9386240003977337,0.23033167561832546,0.7930467616505914,0.14890230384585823,0.8732613305642536,0.7137493617998272,0.8081642130214985,0.06798313097454123,0.7148899944891626,0.15037624945686645,0.23581829753640005,0.9634713733110768,0.5351920144547377,0.4955671063709266,0.9467825530497234,0.6075310042032159,0.25357885659466894,0.3673988605860061,0.04002376331916935,0.37911605584791386,0.34967928253075875,0.6086848160866021,0.8205107806956682,0.026848117956702833,0.5955886052275755,0.2569084033798489,0.36171853053672687,0.6077064011378412,0.4078747625713698,0.9519265030941466,0.11513752995263482,0.5779425207858041,0.4947972401869454,0.5715216104208505,0.26465801914069864,0.8481829944518261,0.361912916217457,0.7293456555764598,0.7238208213433628,0.6740903868972953,0.4118675015380089,0.5126570225642911,0.17877925596618438,0.8751859083797382,0.2898670921100541,0.6034830888814886,0.8145584893671959,0.4402660797022864,0.380730185336139,0.016180379171603643,0.46378209008450966,0.041155512920293846,0.6523526807246206,0.3834460257712219,0.6374642599282139,0.7819502162082479,0.20342840107937632,0.6343683539039302,0.37920025970697213,0.5249283040215452,0.369217349723442,0.6334072802392392,0.8337399111651368,0.6308245850403027,0.11948430204565641,0.6071441028875769,0.9344597476851892,0.3006495681669702,0.5493885245998084,0.9329969240634609,0.7211927715136438,0.06760265963749745,0.9774405045422687,0.12129600712164057,0.45290106055668045,0.5217214655309614,0.06844298426483741,0.4632200976152121,0.18124679251114384,0.5865908116605828,0.07664534092827013,0.9168741061326005,0.6987115075152205,0.4160905834117019,0.4582576694879723,0.5890079957689575,0.8529234725545726,0.48207780008943035,0.4712100246198656,0.5705392414270607,0.8216242234759888,0.5641558118143417,0.7818847081576404,0.06390003688840828,0.5801848787975812,0.9117582132790267,0.3346717128881864,0.4429613044332029,0.6282064751778542
Croatia,0.9357625969998049,0.9164293887646684,0.05316186923615318,0.31526342264118123,0.5759069657123885,0.31590120471901395,0.6498967392889935,0.9803046825490869,0.18211975996590257,0.7214321373046493,0.48343146775262735,0.4478957762668274,0.5670965409725757,0.21920965804845172,0.9834320676205875,0.9513613375304598,0.24184669443141626,0.3425500112008323,0.7406357615586802,0.17972685652102172,0.6471486433076279,0.5185554938345842,0.7467754951508353,0.9288973960625005,0.21259834172042935,0.003041833960091278,0.42270786169577546,0.8534088605060756,0.8243916816298947,0.51139362548016,0.28732795262115096,0.15646745327501133,0.339698058129035,0.9682634101975522,0.9739845569217882,0.0581341125566176,0.39255958045443995,0.15808988549236114,0.3001505210170423,0.5023163369132894,0.5496649416621839,0.0698709863510939,0.5290224116771518,0.013094357164709192,0.3574464264223668,0.590715247635928,0.7368848905425713,0.5390060389342903,0.6820458106418189,0.39447040428570235,0.8815640777348767,0.6379377437401698,0.951201123550992,0.5935651258765926,0.8584239737761791,0.7886574671799301,0.12203679454635508,0.3862828867430955,0.9954358404700167,0.9571065434353285,0.4833099070419411,0.050564359525996805,0.8472313404259268,0.734886147762594,0.2632459204425265,0.9963032115681568,0.13685830096326967,0.31139624398817056,0.35156986345949137,0.45048239510830534,0.8657609280043764,0.9090787051452701,0.07058621284148381,0.6675732672333271,0.542731598023002,0.052336970590716514,0.1868591638008653,0.07375085822504857,0.7029249605019956,0.6222714329856232,0.4156159492583834,0.5133323356954986,0.5743734748153735,0.5524430801095193,0.23300564764672915,0.26756814408959784,0.304676232710999,0.9137625493523142,0.7525953943194589,0.3287246170381699,0.08755571289117714,0.8997484112538772,0.4149736927707399,0.10800313398970618,0.7867469959017148,0.36543422153919414,0.9580648804537996,0.10529781560801055,0.4280292086468911,0.1521094005295156,0.839618127064471,0.3648228244073367,0.6552500815091696,0.5454021732717858,0.7393780975142674,0.8051714877500401,0.957205361216033,0.5771272187375484,0.05984345074200137,0.4954705583227349,0.9821622844829523,0.9262759258602538,0.6944501966767674,0.5474027301058557,0.4218322540526801,0.4779912267867481,0.8614878175706386,0.6595015809671855,0.9145133841203007,0.748826565354498,0.8991402524166138
Cuba,0.9409732181599617,0.7579796264981543,0.28357303825917646,0.8390984871086242,0.5376365874121011,0.21668482939788092,0.5605554313619203,0.08624835053796243,0.18118383567114582,0.9584619005159051,0.5388662444047507,0.5742943680765535,0.022365599117697976,0.005836815565321896,0.25852120041566984,0.38104521944100644,0.6722384162651016,0.07798253286260892,0.5078720847062563,0.3340991093910681,0.6678170663911914,0.8369510202606517,0.9515796690736765,0.020707616181233734,0.5030374070105784,0.5287715817356983,0.8367123326939719,0.5062353408441075,0.7099494272810366,0.5522547479721025,0.1563173288026748,0.19845584790383264,0.797326356222094,0.01952688603633812,0.7226387693341275,0.7704339577852151,0.7943994696151816,0.5605210637455945,0.25538157160958275,0.8253242962407634,0.49424078540315386,0.1305027056696868,0.0015545160505100464,0.3143782263949838,0.9981038393969756,0.8580511506117553,0.7346466800715942,0.3953963957738512,0.5709408009420719,0.308198257533172,0.19535982387994866,0.13656940044831245,0.884175298000661,0.31956351661972304,0.2845349041848453,0.9115598167419922,0.8981242121988124,0.04774186494483523,0.3646481040857892,0.9040103532528735,0.017309634218989012,0.6365381583954071,0.3532993661485939,0.9740352891748505,0.05972787945804614,0.49041653846436917,0.7989084478133621,0.9877147906894422,0.3746983755035689,0.17468060300330324,0.42548914521919334,0.6677972926668506,0.9410081021577784,0.9235330835208141,0.6614119806650581,0.38343777238156573,0.8149112567070714,0.820307095640396,0.7336092365452138,0.24778594708364043,0.23662280256094037,0.4104787248662729,0.009906398072775047,0.3181762871396453,0.2816087877103072,0.28134391973002026,0.132266559325675,0.8720702803806303,0.9522272443415574,0.5872794659728728,0.41520238218246086,0.8342217580366152,0.20003707535678183,0.6235081140755172,0.12026542727356715,0.33108885910854535,0.11201071873686508,0.6428585414572273,0.4955221095828337,0.04882378712241231,0.7461400956307278,0.9375714249906443,0.8472623049117262,0.121140928884793,0.4617245348362522,0.6485073250416823,0.6715441953268336,0.5032674287008853,0.8487280016288155,0.9376756582504221,0.9760728973367356,0.32944988065566616,0.8241973283486135,0.9580654338804874,0.07136627321819855,0.6962915913642161,0.9398175078937188,0.30277669628840365,0.12313263357255833,0.35063669587095103,0.5380937994204702
Czech Republic,0.7401353769719062,0.8476413811270124,0.9506538005812448,0.12239561182390757,0.46945245400723423,0.2964738998139619,0.14650051297027056,0.7167277824292304,0.3536131121618479,0.8656456778672087,0.31107177850835466,0.7331245946151416,0.5359308917494108,0.07135357322192537,0.2590336303036268,0.5816337881589999,0.16939021118242636,0.8079314712611679,0.6172870961557775,0.03881218992926727,0.47879822431749464,0.6627545993600492,0.44212894180201734,0.3825540053701507,0.40848763721287107,0.2620820517104465,0.27489156562961903,0.9571587117954109,0.787302646334353,0.3437003782593462,0.34921453543357595,0.21296860925656924,0.44352057701089465,0.08668834816879745,0.3309201503872622,0.7196126352640191,0.04058164030276823,0.5157445766787968,0.8466504432542059,0.4730855354685831,0.42049120100386805,0.834561770465016,0.7457252675846103,0.49702614408390244,0.07202266619378472,0.9796177746864165,0.23097510077015415,0.9911687175171219,0.99035596877628,0.9863175969473845,0.18229682669237712,0.01758698381252677,0.832465797508518,0.4067837880581877,0.9844893163607555,0.8571057349280841,0.59883933738805,0.9459182172504564,0.2610765356168815,0.7719955986136017,0.9329206905178216,0.09644202507775645,0.21696709790352897,0.45184711211503337,0.21193628067776393,0.7823900067515825,0.8213890054529224,0.7947906233883202,0.04413556204493618,0.252030311334286,0.7380408763287822,0.7029181024447986,0.07952474416924826,0.025104724971921066,0.6116261616012518,0.475851434384268,0.9807337753032241,0.40282094763176257,0.6110895594617993,0.8308159085904447,0.6918308619687358,0.9524089735375529,0.08241998252717264,0.9144435551210451,0.8366570391640777,0.6663206664119925,0.43292750180558215,0.8655514122029604,0.9917869608831714,0.2924152166965277,0.08197465018286398,0.9248708034005227,0.1282884982414937,0.4654888560462862,0.398880508997404,0.3249808705050451,0.025766601482357543,0.9601300068237308,0.7350844705373933,0.9221096552285754,0.9213635908033876,0.8305308944103972,0.24617417205005732,0.9131168643329987,0.2219134343580499,0.30757560758421576,0.19836265643542506,0.2130529289438412,0.5422118706077697,0.7985291209594922,0.008804994483420425,0.0457733614468151,0.39788135261135515,0.6581993957377189,0.919642288531655,0.9279786908141898,0.872734729603658,0.49482000499910817,0.48720340859545885,0.5286837033123547,0.6919423708973492
Democratic Republic of the Congo,0.17515654481378184,0.621826645900524,0.11060397792613941,0.8968863469037297,0.6705693556656144,0.46633985016729174,0.05016917711872948,0.5834300868477333,0.8592676227661993,0.7611525763165486,0.3784773742206482,0.7448058195951668,0.3826446913578906,0.7776151771739835,0.08344758965796217,0.27762356170337643,0.1369135062738862,0.17708604473300427,0.9463081151444187,0.07417572905847725,0.34702398590464245,0.47604940024887354,0.6277696702370137,0.22380037046064094,0.9228783202683841,0.9648638351470175,0.6917329574562402,0.30953374235009956,0.7807032858758766,0.6510140847311251,0.5061541744354956,0.48745936745321317,0.060254868123434724,0.2658640016270608,0.649868792519098,0.7494187691263184,0.41024295123138366,0.3975142845370744,0.18148034658200918,0.0023156995325868124,0.5909850300748278,0.0823649888524054,0.8948680220162418,0.9786708027950622,0.30891548290711224,0.2450624540652233,0.1329211780920716,0.6612107022111194,0.7340702339977843,0.2085658204088081,0.6102072058562578,0.2986762919405481,0.1423206079712941,0.3810574397090757,0.7084638247926444,0.7756621619464321,0.9919561337925155,0.4631962294511497,0.020443470597564573,0.19785065067682683,0.44060403465119735,0.0857565340300751,0.3313006306288201,0.8609823659530241,0.9560846393075529,0.20105865587858562,0.01800645606131812,0.10705669927537687,0.7857332599722965,0.6834332037754561,0.9681023155731425,0.98407336695917,0.6008254767136962,0.25976111118438316,0.740185867317596,0.17237707286828552,0.718166775208928,0.07239508492929503,0.8648523075328512,0.3695879360966381,0.19252702151693313,0.8936874308852625,0.6664839425680681,0.3523152284288579,0.8230955502428964,0.17066562535303487,0.756928634481047,0.09258365526449541,0.05622872790470157,0.5240589103496275,0.3044771056878367,0.5588911697746812,0.21428478556385677,0.711078853643955,0.8014427104785172,0.5614179605088656,0.4513081478300691,0.16239346273599653,0.8186529808301064,0.364372788375239,0.7282509841950734,0.11889503393272671,0.015011462329802105,0.3121356775093851,0.12539019107346738,0.6051716510659766,0.38067922389811926,0.10927812301613704,0.6185799198001518,0.9749495199708565,0.6404972149869353,0.8986594525858851,0.46244123867687914,0.14645892657424064,0.35888823482902865,0.10009837156198786,0.013612442617125908,0.22121091057552045,0.8641982645221591,0.3758743124511995,0.8511689716765067
Dominican Republic,0.3509295653019321,0.38911352995768533,0.8537308552300927,0.32948783953295435,0.3118685371942238,0.03883389746003252,0.24100290634092503,0.5799340623552003,0.8992877854538899,0.9775591476010764,0.18381661331984556,0.35404163470977723,0.6279072617471249,0.1370594131425611,0.5359085849779335,0.42035314379210653,0.0736697347163181,0.6502652126120186,0.61793846597832,0.8398725644247744,0.15708917925848953,0.12722580030596364,0.264631218134354,0.7304671291210171,0.9489565802703943,0.8285226177541811,0.38177296341834543,0.6197626542327583,0.8701427242186913,0.462716429831295,0.2900768273076775,0.23977679773021365,0.24342910485979574,0.11236582470807199,0.10248547575613232,0.05678112679378522,0.5560802909758078,0.5421985131137969,0.331793599576631,0.8847543313777998,0.6525218275978062,0.6310885116361092,0.501199967141863,0.3126741614937337,0.8646448981614968,0.9002140281713258,0.6358129066249512,0.9920165676551538,0.7307125357687655,0.7571721559348449,0.370414455171165,0.5771379604525467,0.9526882316933971,0.8041964235858884,0.6579388442803643,0.06048308855241935,0.8517889184702757,0.2075017533945933,0.4188040211217192,0.9101791145804441,0.7629347221366406,0.6586493039957289,0.8644723588757477,0.6334978143049571,0.18179302735905134,0.6687004034256038,0.7916815324144266,0.2423441764734624,0.06878070834889038,0.010716707302861339,0.5904290659071547,0.44239053792436533,0.9326948445708293,0.5065932457822351,0.4649926283547623,0.5262162649918702,0.8106320643508566,0.215900577413775,0.4201214144737552,0.45559486662571336,0.1357686505359108,0.817852214801509,0.28379310283944015,0.5807863347656833,0.9102216182340384,0.521038654153147,0.09496180994501158,0.256970689627655,0.8499090307180723,0.3053147636611021,0.7373159170627361,0.9964681985270633,0.16964450693269595,0.8646178781962397,0.36704163113227317,0.2347212189397977,0.1311478140353075,0.9580654513399449,0.8711057660043803,0.8427293945403709,0.5299686585703198,0.3835346614946227,0.9361887887797686,0.6711129638901369,0.013024090321780757,0.3755566346781656,0.547860841269044,0.9183051411743689,0.08956800422854294,0.49639233158615526,0.4911048721005278,0.26781970820305845,0.21414256819730493,0.2571530150879595,0.5982965043663846,0.5391215194612158,0.09700756309530256,0.500636522101567,0.8409596537109664,0.3474049062958754,0.39742056011113547
Egypt,0.08467916976906542,0.8177989535951811,0.9753193084388769,0.9619122491902872,0.8427658367974931,0.09712986499193088,0.1573948235396625,0.5438310619432616,0.9996982340247567,0.49869246294225555,0.8271737661601198,0.9933287802371314,0.013244024812916089,0.986547372704929,0.14241861901878294,0.821694848958161,0.03552627853825552,0.25490692205991583,0.5277447631257385,0.9953886942766732,0.3775646158793057,0.7417729223563989,0.21113238178782545,0.4870880949991162,0.32530867075947856,0.942329835063697,0.5123933873681303,0.862116384216374,0.06043323146366886,0.4402123498294399,0.06955978521954942,0.6972464933109381,0.8849230648520338,0.15816069751467832,0.5968288501412601,0.3794967935460831,0.26590044607588226,0.49075910903377906,0.9442475216316064,0.7462561444847601,0.34953051827714,0.3324004434151404,0.8577920054368336,0.2561463697622065,0.382143847935582,0.8031132896963049,0.4747843993102251,0.5199668543312154,0.6898737416170618,0.9991133792693409,0.5952300898822785,0.5250352255324429,0.01683175496445577,0.32550131787002723,0.8304874004816691,0.8480523143212498,0.046922942212905716,0.6109370953838729,0.2602392667085597,0.7849279306751946,0.19705576307088557,0.11092374328259702,0.33276053699264263,0.08934457432737242,0.3477022984575072,0.2546265718255898,0.961346725844096,0.2823079795120301,0.6022487229687415,0.8675620483759441,0.4135941428571759,0.6993125497469864,0.9976543831632502,0.5761128165858931,0.6639717383783522,0.1833189435748851,0.15418973051145501,0.39280560503464557,0.8571329642340278,0.9795099806841797,0.9217547978122591,0.2940365631290601,0.7686614261657148,0.23720046583451948,0.9256966249325219,0.047111314403134985,0.9027074494624511,0.16395829849781252,0.9132500093562174,0.562544906593935,0.23396851238128102,0.8208851879932969,0.1445876006076523,0.11324736400556745,0.13327663326035577,0.7829508785313077,0.16819170062398392,0.49933631240235243,0.7402121241655034,0.7276857515730469,0.8407661911055315,0.5189443088779249,0.8075362038622259,0.11900296206066696,0.7965697348721074,0.39867185701778785,0.15758631630339104,0.6297188940875692,0.10803511419483935,0.5196435633693127,0.002699607965750195,0.16929349825524653,0.2643260311624519,0.330435490690979,0.6334087575988088,0.12841184753182777,0.2846086049515315,0.48235032455755367,0.1070890483508703,0.8492305163859813,0.33339904853867397
El Salvador,0.4113846837614672,0.6890795344498907,0.5145639390683426,0.7773198466862951,0.23480494372481486,0.9616340783382739,0.9323954335605766,0.10722623821949095,0.603660062819536,0.5688068250107594,0.046471376735554015,0.6215500448490012,0.9680093309821518,0.5305390180107484,0.7210831032734506,0.639788963583866,0.9682985696144231,0.005699749240709373,0.3967088082281147,0.0644928681633734,0.9579138570786992,0.7859843322684316,0.2348915940316909,0.7269055952288853,0.6206088693343876,0.9100870576796214,0.7557991102720172,0.037677118473798066,0.21911491802597627,0.45121131939763326,0.7089624696502469,0.9984643330465361,0.12439541295218604,0.07913272152068118,0.6343343149240138,0.8779448602349296,0.05193017771575037,0.10395039013297325,0.00424834024782017,0.4078151317841907,0.37643728317479186,0.5102428048863573,0.4012964859926542,0.595133600788194,0.5606284572674709,0.9755328909872935,0.9356223006084216,0.38745257761167995,0.5696791713968712,0.6314437026879146,0.0908045641420977,0.654291037186591,0.07346596436480535,0.754850388917283,0.8234903905822124,0.3098939449878717,0.5005769745602984,0.4056854024705645,0.9695273400550324,0.7189148872327927,0.49267608978358346,0.5033419151505533,0.5727481086715709,0.6928480996665441,0.9864481078427316,0.06770737275416161,0.7873424926248785,0.15734842314230002,0.6607724380951794,0.6997881342127652,0.13996359786109736,0.3589221804028382,0.917743512952812,0.7286928650139983,0.3829475031019788,0.8551498212059353,0.3657162916184542,0.3156548504802438,0.6643758276304942,0.48783438014589287,0.8568105329788949,0.8199704546290023,0.3818912678266333,0.31466730298300605,0.8889887056179862,0.40119988692825825,0.3037077762082424,0.9227700612200099,0.360814703739749,0.0001319765354441671,0.2946636372488979,0.022553513083300003,0.3019251728100447,0.3225419844484946,0.7196148647284527,0.17902998158016348,0.5154801370462795,0.23729657115131297,0.6925950376074573,0.8932837353949052,0.5547147754584908,0.40589892508073855,0.2903888408669816,0.024609999331896892,0.5960759679438365,0.6582123566504248,0.6404031431583576,0.28532415802623823,0.9674787319367303,0.6448602667973895,0.7031769900923176,0.4400104895602829,0.4200703007439175,0.15576892272466802,0.2877307119695445,0.6152176196952714,0.16573638567611726,0.8618923021282437,0.6755227103101794,0.6825506599970845,0.3442630426324531
Equatorial Guinea,0.6701355001146159,0.7522509268115244,0.33139036453665693,0.015379699989340745,0.5031517667802037,0.5614424856500083,0.9802473180719676,0.6231079602785886,0.12348547795281062,0.8419405454429452,0.2976850674718139,0.4270822587693227,0.43077899643125517,0.8958206544680066,0.4118409042494001,0.13818379185445295,0.11776786692494934,0.5573758837403678,0.3486718772305528,0.2791664515106187,0.618816573339811,0.42646526161168496,0.9454693019670609,0.20403257780182282,0.5166953827379382,0.3329327188967064,0.886039776908619,0.2026682385671934,0.5184315735341295,0.5573771081871404,0.14942938589129406,0.3836325717524701,0.6403808830694933,0.817289699607453,0.2816208732734974,0.29590108863215137,0.6462181285585233,0.9188396587338699,0.036451861519021134,0.6270868207565066,0.1743942874048391,0.7628611279360619,0.7895074173980576,0.6330767868021506,0.7531515754575713,0.6251614150726221,0.6400864875961129,0.6398867557649447,0.1866041823726241,0.5118403894015546,0.8191515919595251,0.014411243066386414,0.9244407101846981,0.5685289523529377,0.8719863880457802,0.049391436239937136,0.4743854053751787,0.735780203658539,0.28247843524008975,0.6499349705623124,0.5709033769806936,0.43603437331448114,0.6181118022531982,0.5035251020356561,0.40672722435301967,0.6922397456429457,0.8950292273801226,0.30963591317933115,0.8120663224099522,0.31310637754458015,0.7912066097950069,0.46917447510790644,0.8697948011214177,0.9972383582628339,0.8460924816972194,0.49651997019163663,0.7962631272691583,0.17613631239430216,0.4077900832525053,0.8822983515346589,0.5408814815197933,0.6330444694126683,0.9608528241716847,0.054035856320055475,0.2812630434946266,0.37065162536671703,0.7532315400425943,0.47069633234084785,0.16568998131159818,0.6495764658894881,0.18291335631203076,0.326245337136184,0.4341520089779285,0.002958723368586158,0.6847917052423254,0.63580026148292,0.16542907212215407,0.8007736118657056,0.42966590266237303,0.6140068386414295,0.5581693596912689,0.3474031578362189,0.43338535551165513,0.7411214083630927,0.4969181003622878,0.004738379283760641,0.18876490972085191,0.19209793040115453,0.3269772444727713,0.5191115226547423,0.27924462336322353,0.11230499650706549,0.5898319835950955,0.8286817860097825,0.3832043674383391,0.9111255130636376,0.9867881432470613,0.36642850033439034,0.5983078456458651,0.9787494556035795,0.006280338883288716
Estonia,0.823130651064984,0.9045742673227827,0.6138211139377946,0.4865390995619918,0.8047948681716587,0.38027476362393153,0.37040596696440564,0.17777290418873082,0.960152842661219,0.5511055058798856,0.41231861076668397,0.10872688601181202,0.2795166565566277,0.2711343349894517,0.2926627029925303,0.2672560910203058,0.6920308961546721,0.8678903824115319,0.7722572882390631,0.8513751850108948,0.5055048870476629,0.5414605891480628,0.7546517734788971,0.33595982005162517,0.354014471529836,0.651838387029205,0.3731208144367726,0.9947030479293705,0.8968248106520796,0.7352787012403104,0.5503241488529649,0.5871751754854518,0.7814259936579229,0.6457546942878043,0.2546782742927196,0.0006792556403609762,0.24072204823298837,0.11802568421131099,0.1391170236690693,0.4179327215399946,0.4432840866196044,0.009640943407837055,0.5137318516979359,0.056217201776934345,0.3857522408181622,0.014894602075321006,0.7946710820343055,0.10740663296989539,0.9957839586407157,0.0045086007372996395,0.12968312056296416,0.6444655907256712,0.5928489807458192,0.1552833300090044,0.9393991647256027,0.029795466161117168,0.5845667924116253,0.504510185084127,0.6530795487844191,0.18000333226058296,0.8199391773624688,0.07909093013756929,0.10677524816949946,0.7827586302899708,0.9512423438940129,0.7900529273668842,0.009570140962037121,0.9046240155235845,0.8060156746911386,0.906036812396141,0.31610193985353996,0.7738880991445606,0.9046173877168857,0.9533134624154109,0.7689923257882105,0.6989730702716617,0.6891824400151986,0.17772877020158895,0.34859975076419725,0.3315478564261053,0.4270084566078928,0.5987832614257474,0.190400947604775,0.6892624088145218,0.025093158474821187,0.1384344357165107,0.41095912614967633,0.23941286929715955,0.06772611491806979,0.014538891894342432,0.5577348658944855,0.5209096284536877,0.42814145304489104,0.7137041440067436,0.21008724716563887,0.18062769307689686,0.713581335662293,0.2683328069113847,0.9686214376757692,0.846582851742314,0.3362691573896138,0.47776357771455824,0.4583974713959681,0.6994621030684525,0.9237279168252954,0.7563260923107232,0.12060885017074341,0.20386913557650643,0.7176973544814345,0.2382502799171201,0.806843783086308,0.6385380350996868,0.5748854129549293,0.9641274872910276,0.938941386666177,0.2524321810466016,0.3366172023976671,0.4979817744567866,0.7903340902576068,0.36835948776531835,0.22223040181108944
Ethiopia,0.2884803379099833,0.8709766264937159,0.5468150367530044,0.0767759415083662,0.41513886404964595,0.6148271073881539,0.5497463040800503,0.2742160108852374,0.21916293834661116,0.6670650410842869,0.5389196425983773,0.2926276851090517,0.35642652845109113,0.8087636132404412,0.7325104070308909,0.4311487192402981,0.18010215702407262,0.9142549274633044,0.13864385515044086,0.6379593355473803,0.9530274927415505,0.27494648439749614,0.16289233119749857,0.8471544988136606,0.2959957600519879,0.04885433056834809,0.25319700064792394,0.22626954430784918,0.2033054486276188,0.9851309299188675,0.32459265961596184,0.7105316607167841,0.3869579803312255,0.2731024501927384,0.5056057553249043,0.6514938115213604,0.5803489727825375,0.4923726324920462,0.8855082246060765,0.029150497264267772,0.49025797488263567,0.5257158645824155,0.8633379620952605,0.48467718431111717,0.6632014691584684,0.8340540936765382,0.592487177122777,0.08197507696454587,0.5792969963589497,0.06379396834961071,0.27246744437587,0.9275159001691836,0.05677415885784476,0.8196528447504245,0.4301526988854528,0.8343954571585147,0.1800971215921059,0.9257672765101148,0.9029602308564743,0.5057184601011244,0.09466706092191945,0.7736087732061646,0.22877585889461816,0.4668181707866522,0.2120756479392253,0.3137846291124595,0.691674760505264,0.2030423401596282,0.1770073216623611,0.1734973401982255,0.7003584988369885,0.6523269776179682,0.3182403543781306,0.15697205983201445,0.8951467701570517,0.012188011809846189,0.9352087090349916,0.5534858084368487,0.15902400121038485,0.06268166131461494,0.3622419842618143,0.3444780566587051,0.20019365376794684,0.6850940829706473,0.11540635756795814,0.7072746721747937,0.3013552299235611,0.905833151481632,0.27946939058348874,0.030704389428569345,0.5349529014546227,0.1532886196716159,0.46974468897649346,0.10420749755404879,0.1271505500263237,0.9455254719296281,0.7258777945333248,0.8296898270098014,0.25611060068347813,0.5983037511900043,0.25687913745900914,0.49782200449942404,0.5574561117393817,0.18135317849921517,0.6508761943671836,0.1857586898288156,0.7978710550802065,0.19172677671793692,0.5835734513467808,0.4271795386231839,0.09746235438176754,0.9185090708265592,0.9340644170559831,0.842908418954797,0.06422231711723547,0.5518248881071601,0.45398731297186035,0.807532638804022,0.3616064260862031,0.28389911628693487,0.2570681577766659
Finland,0.6696522588281226,0.10342245193466615,0.3291192002109744,0.2138017131867046,0.06336382104558924,0.4620218258977673,0.44333841078296266,0.9542666826539742,0.5264234738313266,0.689599122099497,0.5071315377035382,0.9323510793254461,0.3777558549904898,0.8323877000714001,0.9035533136116443,0.6706206458512413,0.009625047792593877,0.6295255665064592,0.35940796152377086,0.6498855363501324,0.07357690005625483,0.8235837199015306,0.9159918239234104,0.8875029706126798,0.6293841288839183,0.6103630515573457,0.16188094048129464,0.4966976207329723,0.5932251586154027,0.7272441534835319,0.9379114033674129,0.4177430286076892,0.1429737818922654,0.7713899201152571,0.73235819340695,0.8251796694348528,0.48841953725196907,0.8181467302353327,0.5207840753295422,0.5680239460541728,0.2577452706105964,0.38802277844166155,0.6786690465780169,0.9887466901371617,0.32817056985352044,0.3671355017897274,0.7572366377393344,0.9737325483282736,0.6153828485586273,0.9869801052547209,0.14321546752178738,0.5270579480307811,0.8550610772023746,0.6454151509834207,0.33183936124643987,0.16177387704578472,0.020701344470766214,0.21831899667363164,0.9242548854957583,0.6128373047626577,0.259479989571366,0.3089490450499288,0.9131441793664828,0.3249493695753445,0.02098568682551094,0.41830612474599616,0.2539797715348443,0.9655229536139013,0.8032517374209871,0.5488177360170482,0.5988701329030033,0.7643458363317484,0.07256855344767887,0.22628045390207385,0.4417704050434432,0.8221503485469358,0.5629121022848834,0.7953343089948626,0.4663564877909472,0.5889039066478815,0.8127405473118626,0.017116162457806228,0.11881253698854488,0.3358306341848786,0.4665560492462305,0.7964441933044677,0.53237894759348,0.6931427481236764,0.20599536896925008,0.1888863238077686,0.14551015931381595,0.08975930824723277,0.4376262254733043,0.5817561082635202,0.6584238317518711,0.7764728209563273,0.26101858007924306,0.2897045976784519,0.43687267434743315,0.2472480188127909,0.8817925143748808,0.2088745901504021,0.07901993914649008,0.4376816063673953,0.6693041541549977,0.43344158484284023,0.7167525777520055,0.4823505914370362,0.0440583751460486,0.6204544283366324,0.8219189845525773,0.5702094528653149,0.8447482750294089,0.09425508619451095,0.2955730732144777,0.08643418185705731,0.7324686589400997,0.9989730763893242,0.5905562108596341,0.7257965187510886,0.9046421077397772
France,0.5593608105301496,0.5393850561026474,0.94593488666859,0.5444104948699489,0.18247568933130642,0.5362100107790148,0.3005665567128796,0.07724966956802826,0.27676796036402873,0.7282055025025108,0.7384958941953867,0.5148647825900143,0.42082811733751424,0.9734135713307531,0.780174655170388,0.7902449103421098,0.8234540470184545,0.7696105530511436,0.139062987767956,0.4365637313912575,0.9059962592547279,0.04645400127850552,0.03748525251544088,0.7570462476540084,0.08160279231569434,0.7527993164203414,0.9244708576983021,0.6115063325059543,0.9940275025564689,0.5848378103441073,0.959916197917367,0.2972643252497783,0.9162793415696435,0.16908125904117954,0.9089773434400323,0.845693982975232,0.29510851459286014,0.24141911734421628,0.038353440654750326,0.5909632087330745,0.19307968780903317,0.5647768501212953,0.8700220747955395,0.3362023688844965,0.46483147956625703,0.8549522063316015,0.7679069241433598,0.41320323454652763,0.6907254486177276,0.6237638150453866,0.8477064484698122,0.8943681350941752,0.7856218166544549,0.9427836828755448,0.5848218585727293,0.1673709308087178,0.7088223909182487,0.8911196111003685,0.5295133905230922,0.5089505409574605,0.9484401815239021,0.23256456487843857,0.7095089288689622,0.6655319937698194,0.8832427933881781,0.8396585967097395,0.314830253088755,0.6289762193594716,0.14917904095355605,0.21110358292732945,0.8125703262291555,0.9308893146135169,0.608726031524262,0.8533993102199505,0.19850282307756095,0.11919709102911569,0.4615869613487945,0.5946234178275207,0.9621032268826522,0.9773192049674662,0.18212084759450686,0.507113360144756,0.2999575585201497,0.13210933931067792,0.4318016121903451,0.8044031942968236,0.03564965122631247,0.13702057982000126,0.01027857093763973,0.8376662654280638,0.8263020243184662,0.9658889655448406,0.6499077590726435,0.35970300512051545,0.13586076310419837,0.8490498744706718,0.5908740916866796,0.99672279999014,0.09504386352792538,0.3658141191029243,0.859853570527777,0.7300092395071933,0.8827059077067175,0.1438055226371605,0.3787839079031742,0.4210449333729993,0.8493435853109572,0.6901656766666703,0.9279918463154991,0.8343332497969119,0.6980141406805366,0.20473267759793068,0.9067114510913451,0.034790948097417895,0.40062269426840913,0.1311594876329184,0.2745562208513832,0.29970457468318557,0.7127542093694322,0.7293001828526273,0.3598062412317946
Gabon,0.14404020133369466,0.11049377325322995,0.7257333438636325,0.6411793868718412,0.021874021066273452,0.4143494947034233,0.646065980229534,0.8378666040434138,0.932556366043698,0.1630758530518105,0.2613013119171488,0.5220305034055376,0.2665500865306799,0.3892901713317908,0.8264322675342339,0.7844352707966366,0.09972044693909854,0.20004006466717883,0.9498377256645703,0.07291815483908037,0.23345516151654777,0.6831293355028665,0.6288664519974505,0.7566860476048286,0.4195250922662117,0.3896461885426511,0.21576048749789734,0.5422903471444526,0.41928018739945305,0.7315385808869335,0.848324065447693,0.3552328467574659,0.9674656832494565,0.8720548632940364,0.9199484209080044,0.9207377844643666,0.8902047626284857,0.3787176908692429,0.9122167181139944,0.4080852804986518,0.8120065827454266,0.3256361883653466,0.942430972555705,0.9300568178358644,0.29375065234021813,0.5911249223730973,0.11077440727377841,0.24227388828281593,0.5032426996363262,0.2933342237929516,0.44421103840529974,0.8744127484031842,0.7651724900541323,0.6943051797765455,0.2756884535051406,0.23470960150353715,0.19882869265969272,0.30844392996961445,0.3685889671788568,0.798424396711603,0.7103686855081562,0.31264846222190323,0.5171840998700981,0.20444988695523092,0.44762629719399816,0.024228513886958902,0.9894372769712397,0.07025181217768584,0.4495620877503371,0.9805276881408048,0.8533484377721036,0.5730763127485077,0.35367064738866927,0.9597894370631668,0.8916800890943405,0.37834508180192905,0.5081171733288994,0.22225659256547436,0.8479806131387141,0.25350127966942837,0.6200913182168414,0.795501004407538,0.6983945720138143,0.7886222837149798,0.6929773268610493,0.6705470663541221,0.8363589158439744,0.7428656929417403,0.666303883975911,0.10559246799621858,0.3184006168804083,0.8209763814231716,0.7948811424689094,0.5728632850993148,0.8059993375745832,0.515054167045907,0.4075271416717231,0.12704105917567465,0.42638029394504395,0.32635053362346067,0.9166096966234833,0.9022681938191284,0.8302583817262553,0.502455311286204,0.2614836691175446,0.7387102905330265,0.52479752101247,0.4408599123008532,0.571103320775309,0.28798923602545623,0.5305999783246342,0.7088199759145865,0.48740572219125133,0.992713653688698,0.9315234048019743,0.7467574668045992,0.10238738085165944,0.05844783982419788,0.8083497845550587,0.1863796161263761,0.012371020004050992
Gambia,0.5005909775061697,0.6793927258941335,0.2545660039947477,0.19923896788117013,0.7585426768305871,0.23230035872645405,0.5155047786934074,0.5820915689160873,0.12007898519968119,0.7469043293593697,0.6827270135892001,0.6713848132786107,0.7008404340499609,0.858636426006195,0.06631935900842334,0.4948394976078747,0.4923828229549623,0.018784906574330407,0.971811710831126,0.36329275792956606,0.6250304753504989,0.7362964898453701,0.5242770254552317,0.6577270579224221,0.10241461873394997,0.4412811994508129,0.8243408650666936,0.44297994173055477,0.5502018529655108,0.1740384133242393,0.19972241730738372,0.9688586144532091,0.33178800602575786,0.34525297902794416,0.9940766215934395,0.573650885486209,0.591258471250549,0.1053163137616493,0.7664210112413442,0.25808739216435495,0.9349493540648715,0.23931898442665067,0.8282091314645047,0.3376828837770569,0.075406540123798,0.5523967253073159,0.3859081072551044,0.08134158194262364,0.7907650217207864,0.22240924848720733,0.7781063312589684,0.6189250644137364,0.5108792924068521,0.42336649915029245,0.3240336858742713,0.4710779481564078,0.9900524653537361,0.39679559033890854,0.12230328460459639,0.25234447497634616,0.4510574559080759,0.2550055983630376,0.07368703577130675,0.9919884729044735,0.1403240073735137,0.3335715434134674,0.011805909157900363,0.5642960883620599,0.7765074170392784,0.8902262001803155,0.7999254951301269,0.714104013053628,0.6345211587521769,0.4522391643399549,0.9016804322280709,0.3994882794049027,0.8406012576402401,0.17141807823816735,0.8046292499699127,0.07438037244624607,0.6499387106377543,0.9310639662574669,0.06808317772219863,0.1761269562728066,0.770900737218473,0.48782259515437576,0.08345145589182634,0.6933869997857449,0.630814833623665,0.9021252190134386,0.3012063719155945,0.6590624279233736,0.39712836986860056,0.9976942610907126,0.8839700293652291,0.4197393771827437,0.14564437094388372,0.42119369048738986,0.5235595555757834,0.652396500172201,0.6377724936670411,0.43137576043228043,0.030411603943318544,0.3843565591687229,0.9500977286389983,0.4824448980903989,0.7171888513643203,0.8371667384807119,0.5642444115408642,0.16580448714672047,0.6712189104800874,0.746233479206602,0.8343940493550681,0.29337591928144136,0.19221327097660945,0.18854171792401586,0.10130458193420289,0.629531810892027,0.3822411881751824,0.3707575423458722,0.418736278267304
Georgia,0.710740332380851,0.7061153247420383,0.8822602876108745,0.3994859839042094,0.7954908613626848,0.3587638913891342,0.9836535973213525,0.3717476527488017,0.030822794368170925,0.2552608165310897,0.3389982677975727,0.8805686985461706,0.15592062584547817,0.30849870179940997,0.12511632606972456,0.5667242537368858,0.8921017672851305,0.31333876055452625,0.05904218891634527,0.08866523124988335,0.027474799113813786,0.7647172118156589,0.19402716872005588,0.6332526663767263,0.32784835890140906,0.8349752789221468,0.3441305404198548,0.3792488862765666,0.4518572057438228,0.5000630668458659,0.2881604363106397,0.06419223140121288,0.5355400167894757,0.051671391234408115,0.2881114801902206,0.9503479242358694,0.4626612534595438,0.06532613097845341,0.935447959925117,0.7442415406541033,0.8595484013153758,0.3921149412820374,0.8724213200271618,0.9410822871030692,0.8522516592334387,0.38969788616565915,0.8386723750122479,0.2636207075092898,0.06029101492341837,0.3853329607256125,0.7691058295556027,0.45296723055526034,0.19165211080498146,0.39328106136469854,0.9269292209493901,0.8861978124040882,0.7870450435798417,0.07751347799894803,0.5265943239123726,0.34512095045051394,0.1394201513008534,0.24069407129233455,0.49389936909556553,0.27166492478521764,0.864182767738902,0.9653748355926809,0.917976723790851,0.7377255312100378,0.10598011922826278,0.9465760241605512,0.8068102589235512,0.857665057980649,0.29774248095699185,0.39264517729750137,0.4779920558681565,0.9697734759227525,0.2325162625488053,0.8030002564388333,0.9369460177956219,0.697019983484517,0.9280983097460596,0.07559056875590298,0.020308315414937606,0.4797032066631871,0.7722357461757238,0.443362511482171,0.7851159618839215,0.40113311314990807,0.7433370288679417,0.8109710162271846,0.6772288312203756,0.07275432355948774,0.06702348477966891,0.38165838694430054,0.27145431222880667,0.8313060015427097,0.884503111661344,0.8153126841489698,0.8913659271316251,0.39746622429021405,0.45272801986007105,0.3289872230318971,0.849454192209124,0.483001815337776,0.871453991046275,0.18035989389912144,0.8849775720094892,0.057698331013070425,0.7168268936924114,0.31426110739780055,0.5643670908937158,0.3495500868054713,0.7046147747101026,0.3677404971627506,0.3604984700157755,0.16012966496230607,0.36919942621288837,0.13623848194373933,0.26282945235056054,0.03087209571157179,0.9956468632214991
Germany,0.7096814870929946,0.47685608469573937,0.6882561699861625,0.3483547509880768,0.5795936427260721,0.13059343253197186,0.24125875035313638,0.6562586992554643,0.9425011209769815,0.9301952799692109,0.38524607688834145,0.4551699876036047,0.8538056426219801,0.26246331652570876,0.07349541939361792,0.1605658750363902,0.23500830493055214,0.34425396814733134,0.1296335021846463,0.26439298604048367,0.5091797474365073,0.8901831869985964,0.2459407980178877,0.5569712249949815,0.6290983074695172,0.891927947887704,0.4223930516734049,0.9465737403842449,0.7404177548999299,0.605980847110468,0.18957317408607421,0.11812332247448198,0.8234203626941589,0.5097988687859819,0.9273543782840469,0.26627545205170455,0.6992887293286811,0.71767949874861,0.46471944844168256,0.8038324934579267,0.4476826904895499,0.8673144217044786,0.12442622367786715,0.13562246168411352,0.4867578503244555,0.8090416915148694,0.5182613725219137,0.876105992562623,0.07062384025909552,0.6182461099995152,0.062187461713082204,0.9609828618960373,0.3286396321262788,0.4400395935757089,0.5730604421094428,0.6999954441215,0.12488875431441893,0.16630222379631932,0.3390016060379162,0.852422636929846,0.3811809498644273,0.10138261335666843,0.8393446947379961,0.36466846616934134,0.6834022425495359,0.33137049994012857,0.04039220091326168,0.11828406940340819,0.6346723473110322,0.9360482798254869,0.7688643963478363,0.33127206218345784,0.5264018279913393,0.3365507662761241,0.10937783485708052,0.7615981504078935,0.9849008121138909,0.02945511087310615,0.049527843971664876,0.22643956929281694,0.035784820347700586,0.7051987753831749,0.8709481143472632,0.4259312012584522,0.4489051799361592,0.26552979376064567,0.45396171705340904,0.009389092271501864,0.6092902948315139,0.4323001727318446,0.9559257566628997,0.20573674532712183,0.3728915829376964,0.6203346598535451,0.06738984470704124,0.8244215279679462,0.06694573315725583,0.3353029156013343,0.42724318226698166,0.6231451870372756,0.001474007805602251,0.239794130168277,0.07351306800397073,0.8028724855765104,0.5906636806311025,0.5233010175098282,0.7859664073368374,0.460283934686579,0.39661645208282126,0.29578716647211734,0.08121478438697116,0.9975269909275654,0.554366258732323,0.1458433801574246,0.6682914067958045,0.3368737295822327,0.9584434189018419,0.7713755540297285,0.885602189166814,0.21373201690530974,0.056510859814161596
Ghana,0.33078932476056166,0.8832926303554709,0.7201732417659203,0.2252612469297165,0.9353630865628474,0.4290551735164303,0.7720885628357768,0.8738581968523895,0.9504588749440406,0.21541771560497525,0.20816195159553585,0.7023605997681822,0.8711695134868186,0.4133143494726351,0.20839623638150984,0.08390856146640624,0.1425747316674858,0.044164859912920185,0.7544517290321434,0.5942728160583031,0.7044316759161204,0.4530660600449049,0.5181196219174913,0.5403991920421576,0.33821890201832006,0.9860151775361579,0.18638959818001632,0.45974465915838836,0.8682152074920811,0.9245214831313576,0.6350298765288493,0.4848247934678134,0.6040985401446166,0.49422427215218223,0.9079921900243925,0.6296085156066559,0.7845944570442137,0.8738948968406612,0.68518017283377,0.32108006619073215,0.350823717550953,0.04390444693620921,0.21510874582729045,0.8010274361224495,0.3265387714477329,0.5740100897179868,0.3798083666508676,0.7985986327366439,0.4417193091737811,0.7067100031458685,0.20294401057628209,0.27707443004036825,0.7924979509165494,0.4366652576915251,0.5319138951391293,0.2053157387773108,0.8310486702920691,0.3394021259511907,0.8004950765889924,0.8893982212872299,0.6942442439353222,0.5755516029589502,0.3221397923419499,0.92274440127775,0.9572654034668372,0.8468698505167946,0.7473799908688805,0.493740429884134,0.3042910536585576,0.40577380685005215,0.7622714462604365,0.5830018326226412,0.3864945396827776,0.28513396467275687,0.2393936828047053,0.869290994286456,0.5757352794132053,0.7052644157549198,0.3739427674917052,0.9314824609275437,0.7951960995408488,0.2984004302915476,0.7168434339330794,0.6423447118479055,0.15240298854770895,0.17746827173158608,0.12282084744899968,0.1391110102508738,0.5243997310255754,0.5610884725314599,0.9792014549037973,0.7554007260424433,0.4882709404659974,0.09904784246830312,0.47703675932198986,0.0372452032227687,0.5386389195692499,0.39346671834572067,0.8006445246417296,0.7248089791240988,0.12848760739141696,0.2968659946374307,0.7112546613364173,0.13921155321327094,0.9734197538393812,0.6648715112493484,0.018184570643298703,0.14703690785290824,0.8334446638140107,0.6579844378426934,0.8579138017348825,0.68603497449681,0.6043119419508524,0.8757364035561993,0.1859022352190951,0.31144925072657625,0.5395577426509691,0.4684829421068638,0.19112347398583984,0.2453904229319015,0.41295686912978846
Greece,0.4333238136741453,0.3820491913701597,0.1436756068532744,0.3645336285445606,0.6164134896441543,0.6785658134382253,0.8118198500550652,0.7861570889524531,0.2724495915282369,0.2572969832282047,0.8338148191162303,0.9644132081106926,0.9669999565922321,0.03811475513735674,0.20587445523639514,0.6080892926387163,0.15230627985952372,0.8505396279303938,0.8014726969967679,0.16651369308597053,0.19571475079513212,0.37591841445178364,0.9171170598207452,0.2505754495052094,0.47935686181578974,0.593984725009734,0.1640085522795789,0.5547384008874712,0.2523007241477292,0.8907613498614495,0.22443442963404314,0.873271574732206,0.888827359904541,0.21279650263176608,0.27766090900524754,0.7997207801357578,0.3683925386624889,0.2425554867107046,0.09592141666385023,0.9109420276811793,0.12913182934632983,0.5733126478128678,0.692154646980939,0.6188316417423023,0.30178046705904804,0.10412081712354115,0.6690438352144793,0.29683198399423316,0.265779314415331,0.8770648755811868,0.21902137934284072,0.7730590103874396,0.4896010577150508,0.5565372468728131,0.10476165372036883,0.630881071402727,0.8416562287728176,0.2683591362116663,0.7094799787760849,0.21471028658769964,0.6935699725491701,0.7774799972722545,0.37756892491832805,0.38368928804934854,0.06594608365640542,0.3733834965612368,0.43253991045498263,0.9183212723063022,0.36763275807112017,0.6944333534660232,0.7761823624588884,0.0965075321816461,0.8729064680336565,0.6836321539220788,0.04149439921085285,0.6326918598444493,0.4631311948421729,0.050638739255000176,0.0021362538181731727,0.7387073379144761,0.6266379542696362,0.7955985754352329,0.5478233533168578,0.7114914349128066,0.7288715338515607,0.8481006660278994,0.6190591526109258,0.39903935202101903,0.926316480350434,0.02919900057783731,0.9046301874429,0.8310006829728839,0.1470906678400533,0.7132072813926488,0.04915689750502594,0.9809978586159429,0.46158656491108385,0.5242752695564148,0.7960712586151648,0.05750192265472376,0.6638645432316572,0.8787194812418806,0.5409992506526503,0.21800647499458115,0.3432174973616914,0.6119360295169571,0.2050653486044859,0.31519487814276936,0.7041271203684677,0.6866134316808699,0.46632885857463824,0.7494423813975338,0.9049752667000363,0.8032013200801582,0.1412704175425603,0.0407292803954733,0.644912609873052,0.251094597878712,0.0230935011811102,0.34279824557595917,0.32903419411309
Greenland,0.4835155809145407,0.045123506100331,0.9629216502626342,0.6121123617583257,0.26125714426734314,0.21483843717207218,0.7680047933910983,0.777446615167196,0.6282852108104923,0.14077221235797532,0.453675855073815,0.2828129338473824,0.284456103590945,0.21878704219604161,0.945753358048772,0.8722459308296875,0.011009953111547954,0.5483639484894454,0.474244269593452,0.7813041190677166,0.22305173500658104,0.888155334362569,0.96589874908402,0.46300520079221386,0.04026179305809918,0.26658479859819795,0.4115959618117412,0.46111449297606677,0.45403856098628825,0.019254819756644004,0.6934293551658084,0.37162363604108173,0.8272840820365056,0.2612479923511003,0.06374322990207104,0.11984186671378239,0.7590415460927391,0.5338937231524539,0.38682155050957956,0.9876621271700298,0.9701041190371186,0.6653503069939085,0.9537522957861525,0.6553966054867066,0.050264498575476324,0.5010793961050483,0.686588603212201,0.8384341956832125,0.05440676996693827,0.4318721492944053,0.5362343806666077,0.7589340812529519,0.2765758258977504,0.47273867162403194,0.556916758350683,0.7720025588540185,0.23161630894007967,0.3672381494559559,0.6272402867663024,0.3321600711744761,0.01693054644569736,0.7240671701914935,0.0956642283433844,0.3699267079367451,0.33150009326821306,0.26623012604997087,0.40969928592839855,0.6898723524097928,0.6158028929387179,0.9477945993202141,0.4530202586649784,0.9912794523819781,0.5072025018524939,0.003915527352675863,0.305096019572797,0.3297669950663997,0.39325505424006235,0.5894373063901994,0.6612118057833247,0.2740252651891766,0.5557758824526747,0.6259859215245939,0.5107957932518289,0.6751814353746887,0.14400129343522916,0.06902970286514543,0.7997172954731921,0.7468634370935714,0.1476695262508556,0.7956386572108602,0.2331247315772904,0.5944730554702323,0.4967970318594299,0.15490550957078075,0.22833495104460533,0.7536182458883697,0.745422359364834,0.9783980123520523,0.36060691513695997,0.5887029739631551,0.1575291957226782,0.5231595823529036,0.5714029132599125,0.8875690532641946,0.31137309196916707,0.9431579492182712,0.7707506329822599,0.8278948450655624,0.7933264952231833,0.5936991116794599,0.3799734713401034,0.839143046151104,0.6522567638380712,0.9349908621609065,0.5855108049100076,0.06954831954805851,0.12327099506480366,0.5484704153162961,0.409785633898907,0.5766931257649599,0.7905504622012377
Grenada,0.3205203176582162,0.945878653082343,0.7930458390494448,0.7677632441720027,0.46756033106761197,0.13906205759049883,0.2942374386920874,0.6479716749990472,0.3227105628128474,0.9464368680158578,0.7704444648688865,0.4303478117344298,0.7696205953838228,0.7153243308998622,0.21580081370883974,0.15030201352184813,0.5499127021115605,0.25341573495609837,0.20513683746178357,0.38534054601924683,0.03929216148896131,0.6872662662342898,0.43801550217768215,0.9708990993616283,0.7753388759265284,0.2124442601769675,0.5044416923598485,0.27682540395714317,0.5701169296516276,0.900984969373887,0.5915462368623259,0.643041073371163,0.3182311334311966,0.47500812121802405,0.41522232161746997,0.25346192222800423,0.2711612022777069,0.118454883936157,0.9600424125492122,0.049729198928867846,0.7089097421063635,0.7977324457674735,0.488335132811791,0.18050336990054294,0.07662462111319779,0.4534101623603284,0.5642135025310668,0.49411065130240617,0.7733936333044712,0.01619214908520228,0.44603770755345895,0.1260908953534201,0.3670540290192902,0.5153816689372485,0.6597377080868486,0.40068496512292884,0.3672450959655059,0.22376789447014322,0.8624016550832763,0.2916582456933817,0.5518767202205221,0.5615558365421686,0.0754229915088771,0.08201676984685335,0.6271131084536409,0.8563414328300812,0.804276254744524,0.42787602758539656,0.6335145051993664,0.067753758658185,0.10310834930379831,0.32411973233819946,0.23830649396988168,0.3040170203654151,0.7359396296889836,0.4996381127909423,0.577095126756745,0.48432650623814144,0.09990225996535362,0.24768068897265072,0.21101125547509936,0.38533775290412753,0.1684916554927911,0.6234760540359215,0.5406142137343642,0.2040686421978285,0.7044369844463513,0.7334948852236753,0.8355624845815159,0.1857718772483511,0.6931675759947834,0.1464945374582035,0.24245302721544548,0.054336988109766615,0.499474338928647,0.579806408450222,0.917999331735666,0.30034466687847006,0.6536893532484606,0.7755254398325147,0.12171604208959019,0.001956195852328313,0.29189533317602356,0.020494844628318187,0.4925300359627145,0.9807860226905986,0.34941061947561936,0.1482781132730352,0.45290116661663293,0.6895822467542071,0.9089549356726911,0.4067378587050827,0.2837009092854966,0.8484489178797969,0.6933888659225964,0.964356540811402,0.3896051185682018,0.20577060857735052,0.5488937697008149,0.54891503114173,0.8531469684294016
Guatemala,0.7540056175886005,0.09838043243438832,0.03805151282643204,0.4306249105275206,0.6472173767804045,0.8052623746586937,0.014038968375329253,0.8064115165216098,0.002007519083434106,0.915489256729809,0.8014122901454805,0.37995362009280564,0.4776807226586919,0.4254249201083311,0.4218804787894549,0.705263306086563,0.7227709000367634,0.15279641873616778,0.9888305563844084,0.8834572511631206,0.24255377793781285,0.6962466057149018,0.17386567910170758,0.8276018564071221,0.6221909313591089,0.5197983056061395,0.21940100297820253,0.6489155830270514,0.3264181155195137,0.12645278012308647,0.20520427811344877,0.21981129492235485,0.6141501515336512,0.6799932023568203,0.08072014928474724,0.3342560633620988,0.17006779810607475,0.8322149803599987,0.36546021121833117,0.8682571492267851,0.3716159409940307,0.7094303678110511,0.6169509893731637,0.9783183905158142,0.39634806963329305,0.3165726862708361,0.39694009875306346,0.10424958009288021,0.9519782962184186,0.6601998252048156,0.016262457718691725,0.6621229956237218,0.3592578485332516,0.3698665640341321,0.7777454068722969,0.22637639073111904,0.9798940182953207,0.60608533987863,0.2851576417894338,0.060390503188537004,0.20140511314013088,0.6507644211647386,0.5746431875280436,0.8353264043330862,0.9934583336715196,0.9159411152456604,0.7729956449312081,0.7775358897591998,0.1471122646012556,0.006961675893489727,0.5059315028211794,0.0688050692090949,0.08849479923917014,0.9943798149015692,0.8845333216512415,0.8912434002023332,0.07807130799746242,0.04115745987627806,0.7253322374979272,0.7773910604359612,0.38589560098376985,0.005426587789203907,0.3904034319314118,0.42329499933998505,0.10750323535957951,0.7702110877303079,0.3176919896959831,0.3076657440092344,0.26542052984149267,0.6078835436378736,0.8722425319202198,0.2521872600745576,0.988440630237124,0.8674612164623228,0.642809722790804,0.10935543703359984,0.20548394800623926,0.003423176042685161,0.9439218065134045,0.04755441845998909,0.9522259249278452,0.8602325837505863,0.5626537465454103,0.15779917628376428,0.04017937144159267,0.9716806166022817,0.06138794214446042,0.30673136544699864,0.8228446383068503,0.4362573332247277,0.6922205793886199,0.19559263862373177,0.11763715662306162,0.4862028811607111,0.5150800579040853,0.34813712724707946,0.8809684622715847,0.1813629391524948,0.24544601664200671,0.7231242719741897,0.6562343595739182
Guinea,0.8827027099157371,0.9702625804047945,0.045585843683280336,0.146595731116408,0.9864543656349146,0.6185930044290652,0.8622291598443835,0.11946643889953512,0.724394989019475,0.5105157969494309,0.7847351680121704,0.6802067920715308,0.1556320784810351,0.8470461763229554,0.7211816990063604,0.18605914669072443,0.7749713778329077,0.8019558769937227,0.8739164874740205,0.5703960739188553,0.6221520789493505,0.5976884822025516,0.6913772111209788,0.6241516351468731,0.2673100867345404,0.5627449451810277,0.829845225863914,0.5229921441866107,0.6025897827947095,0.4386452660791019,0.894785949733372,0.4691103241980302,0.8787643838947062,0.733469427910091,0.8413036166773202,0.47701703702489395,0.024597173136133077,0.43762241830657345,0.6295455649679328,0.9286057844399853,0.06679989073358472,0.9253202508360939,0.5833132003841744,0.27743079419159933,0.863261831537131,0.5889777382572312,0.8422549688945543,0.8576587204223702,0.802134707752522,0.21425000446203157,0.48518936088752773,0.31305541601040054,0.41160324468561804,0.9579473457321231,0.1655545932782141,0.3866993267022635,0.3544650866977356,0.8546802901625971,0.9016093524178,0.6671724172730161,0.8099388434961381,0.5533875122877192,0.8404147017933689,0.1184987891256919,0.5555836992109965,0.16356983153530857,0.5323826655768558,0.2501814594738564,0.2252785508169125,0.2582713615686667,0.38570583864440466,0.3750961452088004,0.8014778280679563,0.838642536326324,0.13648388417429425,0.3381961150814685,0.8020876366083023,0.808111886914162,0.023059644278182523,0.8593286350070221,0.482757424375855,0.6747735671042386,0.3930732063627995,0.2172293603281754,0.7199252315860446,0.48873742562511513,0.9090464065810657,0.8323322298022485,0.8052979591279946,0.7706362303321782,0.33185478576726657,0.10236741193256127,0.48286412144930035,0.3201216193674974,0.9989544748725094,0.5857204127965244,0.6791325677829654,0.7957618669043418,0.2978080645745599,0.9163591174302128,0.5107273988996299,0.11424750708811537,0.7113102186721236,0.6997487141987329,0.4941946293853827,0.6638715196947027,0.36166967480936596,0.44758178926739756,0.868761269095627,0.04974476423108698,0.1062299214357123,0.6759332945217604,0.6465745857080826,0.1471503449950562,0.9548095998062729,0.6675466843419166,0.0406671196264512,0.1763336538987882,0.6417210499673243,0.728192965887935,0.001978849838117913
Haiti,0.38273768820161225,0.5680468246298809,0.953708810868669,0.8398260099520417,0.07223759696469578,0.3146512807975881,0.7976624994192891,0.5741922647953175,0.3317865321831571,0.9771789487622127,0.15652679466145825,0.5011071186803653,0.709278604950053,0.20534399123336677,0.6250815384646348,0.5949693510625104,0.2667685597750985,0.3368216268622026,0.2542151747175465,0.6507770926233154,0.6614886945853086,0.09322906061854952,0.370546832450769,0.9960197205344833,0.25926135140032947,0.6478762584710018,0.7456124752715507,0.4870820007355936,0.6939309028029677,0.10934045439520623,0.8048824284907166,0.022875794547031814,0.8072961271887548,0.049531608549052364,0.27790230506357705,0.3539379683154825,0.9743408535819864,0.024374118690931534,0.2951706013742835,0.5293825835298595,0.7198700337424225,0.6466238657368084,0.6496569547715553,0.9171860478602017,0.2886125233901199,0.3083514340690363,0.032821295963250896,0.17373318345200872,0.33706125831472555,0.28598442374310484,0.764104345714541,0.9026937337363554,0.6964326908441468,0.3785378721169752,0.4033526001847201,0.45001683524571545,0.2620265351611296,0.7497502131625025,0.059501305487272504,0.3599516783962168,0.08444047754188266,0.5610839495883345,0.3949820196325551,0.8473264392361508,0.7320040262006059,0.40286400321236293,0.7009012367778149,0.25997469550062036,0.5085612506664697,0.6302135440495619,0.2856663140847705,0.3488481876518962,0.2746891415870014,0.6319998228734941,0.07194190911912024,0.735475428803114,0.3559612991423101,0.007450808512080465,0.9859669621241894,0.2554088895358074,0.615334215334906,0.03048832544688085,0.8159493461001994,0.3355089400153971,0.5434121648190043,0.7655916846095846,0.5400352146344725,0.6060803210040343,0.17449791317332763,0.03284553797254397,0.9248913846093063,0.4288510529971906,0.9481180310628593,0.7408812149363229,0.042865299523993095,0.7771018622687347,0.4849183700717523,0.9951207696824262,0.5140227273978429,0.6527833299501393,0.99538659937701,0.6467769280775807,0.8180295876072182,0.05659892528840227,0.7880826241431287,0.8267729531501907,0.7992112155550309,0.9879920176368043,0.44890458118653187,0.05593574735206486,0.40437483231394755,0.4835325570716287,0.8108811216289831,0.06834643380075278,0.4177164200680432,0.6390016415886853,0.2699972519681789,0.10017285763206973,0.8780009974214178,0.3438462771507508,0.5288920008747341
Honduras,0.8790891361018323,0.9373589808947432,0.8396416456532381,0.2905672444382129,0.9638832630274456,0.20030323715802634,0.35383413640511396,0.9813168164139974,0.8588063627757775,0.2019794150777655,0.21028610570292394,0.28795352455183154,0.6452409070866191,0.29630087435359664,0.23722787627955033,0.6203535932974567,0.5118790917508907,0.9308101685048045,0.08315238955662019,0.7688317056766384,0.26258576118209265,0.08612958111484592,0.34907141559977206,0.07062738401085977,0.30708711436187,0.5406192131247066,0.28464436552947336,0.022103283737553547,0.843613369035896,0.4984788375717484,0.3094111604556127,0.5354205502986642,0.975867877756322,0.7331671893056885,0.08153510545324405,0.8375184409644267,0.3121396110577054,0.2150753436116427,0.7387234626498321,0.16243819061475062,0.8238074431110788,0.24378754210636022,0.4815146552426669,0.351330568478629,0.2701593980469146,0.8285416173844727,0.7255287035698714,0.914917262603389,0.9457075373315161,0.08114555133474044,0.8577906089689227,0.05784390475661161,0.17666911610773461,0.30485509997307225,0.9736447779162913,0.5853023669182232,0.20296856441273758,0.6890938795067547,0.32280396276858414,0.6721649010385237,0.8715733580138891,0.5051729260566193,0.13703157969563406,0.9615503307441813,0.00034496165728648,0.5428955380253305,0.7182891794428024,0.41279125457885113,0.4220524168833796,0.19577590401559053,0.5255313780430552,0.004275377144029924,0.4186567345120067,0.5775336865675599,0.13745286856730154,0.2758174802952714,0.6990738610823094,0.8134935557532774,0.9559208627824239,0.942699090180032,0.9491323842844783,0.7343458992655894,0.9690137025569977,0.7745269093529495,0.9042021495906414,0.8041040583137535,0.5024624906017002,0.8090369835710508,0.6948231276038356,0.5124197359601308,0.2091650969425568,0.8100384920853919,0.09267880277022378,0.7635501868857287,0.4858530069536826,0.44097440699389145,0.4783111282640431,0.7173313170510418,0.09331080008761172,0.07983650474061055,0.49616679308483536,0.19690345729464176,0.3612395089775071,0.2279451988484299,0.037170321153827235,0.02291443430824991,0.5526394998114343,0.9650721525700752,0.49225954469684174,0.7612165284670024,0.6285785024069406,0.05481766230121754,0.03712076429350375,0.22803000567650444,0.1848040254504748,0.30605785363095384,0.7047374306203241,0.8455053249439901,0.5782349641065307,0.13601336826084143,0.015677601279154296
Hungary,0.3601601426244142,0.3544796586071497,0.7410653191452785,0.3949982004959086,0.8891522642597945,0.6756988072734043,0.7665378400336715,0.7951424817956889,0.9256655040074911,0.7303177983735768,0.8567702121178714,0.40377104245376894,0.14263214151565384,0.07812867237390775,0.9726098893615488,0.1359521866086869,0.8275959262122612,0.5661821027615741,0.679253238705399,0.9505386015440598,0.18048017634047464,0.08378613813275604,0.24120965546008066,0.09161287345913349,0.1377559427339018,0.03994427548890067,0.4915204145372982,0.5882418015197598,0.0897468981669266,0.16844312153535168,0.1620660289199254,0.4257146296688945,0.38904914975249083,0.5957962357069903,0.611258705487838,0.3313409662771418,0.1840349930709092,0.6226661583900863,0.4930629717082464,0.8255588327006751,0.28265572507086134,0.3961564249992826,0.9370122285648755,0.42297379582279937,0.5730381143688614,0.4786321290607124,0.637999992419536,0.43599254938842924,0.960336492859546,0.15547442144875312,0.4502397883434891,0.7212005389236447,0.18180059137589466,0.2896022563151246,0.9028169047969851,0.9219250220387958,0.73424007666757,0.6213332993592752,0.2925116385644918,0.7091053155935746,0.13932828844505685,0.08303870368964783,0.7977426535665613,0.5990897894870316,0.035972498298302624,0.6256690090731262,0.9880628321629172,0.4434345134869153,0.886054383995998,0.7093478318363855,0.9112487463779554,0.6296309183865328,0.654478079334655,0.7297720609791106,0.6569154047570205,0.642629500737343,0.9991657399663745,0.17631405778256848,0.501279683430236,0.9348503542534606,0.30724172397658056,0.6546468780637693,0.25993155210234553,0.7048720120946418,0.11007976506894857,0.4657022988428068,0.39910131042901986,0.9153135458509172,0.7769766042473323,0.16045143981223808,0.48404955018773654,0.6029438383262071,0.02209578913453092,0.8788277803953888,0.7638551291595811,0.5022334836452562,0.950159357626657,0.7921014813455112,0.10390279475645803,0.5133719131079205,0.46643397256278685,0.16086257777207946,0.12021364857752126,0.6579494305240632,0.8154615352466563,0.36284669542147063,0.22208432683774482,0.9378043094424119,0.6891031621234707,0.5704436554879954,0.3334757973882716,0.45021568316553584,0.6176915429367945,0.5481034091751538,0.11101191087114004,0.15261053145858317,0.1323893856568621,0.48715585040205434,0.5467473017401159,0.9862013136570742,0.20625835713870466
India,0.46517710812221913,0.055776773180973405,0.2376488841808444,0.46840380055389963,0.9217503455978384,0.7671300642965543,0.567248801337201,0.1307639713762655,0.32688576115183254,0.9081087560743196,0.11141614510824482,0.1607517082455059,0.4992149658708043,0.7560312444917946,0.04366039574956582,0.7392223579614073,0.25746268405337913,0.6565109461597609,0.33222737234762745,0.06373910193912369,0.9513649553603377,0.3591978220623606,0.617206734894633,0.46061142192899407,0.3916065603427915,0.5249055796452584,0.4257909684300504,0.469511743394482,0.30761402583864916,0.3653032439686962,0.38884247447295284,0.09473308834232363,0.9042360505607273,0.6775509189133316,0.42689264618474243,0.943615620859434,0.3403497047548072,0.5766531489407244,0.5448619086061395,0.6121001637009303,0.3815811749324187,0.67987720648179,0.9546219970678362,0.20562673170961165,0.04697292447087342,0.7712848936341911,0.3972774882238048,0.7623020799795467,0.7422095639989509,0.5827494419870265,0.08646214415311715,0.8097319792092593,0.22283379621727462,0.3086552263827833,0.4207020950468334,0.5941505229845455,0.08326466977230196,0.3102114008382545,0.9157141860476048,0.6186200814592686,0.7675208270487228,0.5259418436060779,0.971294551510464,0.17982863490070855,0.1010269070097547,0.29852170441207604,0.3310255019006242,0.29805880192158507,0.5447558171235954,0.37652608722701086,0.22986800220497638,0.619584915647123,0.3381270783670034,0.07375549324726138,0.9487065002584093,0.03262821160277496,0.21834593685026593,0.39496895994560655,0.03097151637293938,0.665983558115464,0.23660717321449987,0.3237451174995223,0.816735515220538,0.42303371365848996,0.48152798971441635,0.356516537859937,0.9786449108117852,0.8486192979617979,0.005912487064576921,0.11182604999448276,0.7408820450506909,0.2203224499462635,0.8062253387777695,0.5329840794867933,0.35613823695288827,0.38885718206614894,0.2865878097590553,0.14979859365327486,0.56611008241881,0.09447835257381287,0.326614810894552,0.8387412457496697,0.07291357773113871,0.7206618220724677,0.5735312617314133,0.6416794849032476,0.8222759209901447,0.22943002660431466,0.6669725447041246,0.24760169139869403,0.31886097720537565,0.9585685367865865,0.8288091350231295,0.2019767527582339,0.9986388390078691,0.4454939657201795,0.3496989511523577,0.04936905281267667,0.8427230357025431,0.5890357171243873,0.3271794011055932
Indonesia,0.383285320359273,0.4107041370327037,0.431032441816393,0.4293236717350517,0.6489009226827481,0.6589998306158473,0.8085446423846648,0.5726947331546457,0.09237149684647306,0.8887643113100562,0.32708619220153734,0.3960586650074682,0.5638724852902439,0.6411147894788797,0.3310275645660814,0.14974777009095375,0.30784271982235245,0.6058919489431699,0.31095561422193296,0.23634395827219512,0.9723184691352701,0.9013066866039542,0.8862572901182428,0.20800916646186385,0.45604899958653367,0.7501191851515338,0.9990327679690775,0.968578362103973,0.8038774088900802,0.12646672835930506,0.07491391774729561,0.0973245344703304,0.7801554182728848,0.22101243779042445,0.80404580337336,0.3684176644417395,0.9225676892793844,0.2374441893871322,0.38012762920715726,0.9477099564876419,0.656716739179961,0.4420323671994273,0.5978924476837307,0.02857617702781523,0.5984355907823339,0.12093305166990764,0.6189152398279002,0.2388458184694484,0.7160659686649841,0.3337827657820155,0.7959057665143501,0.5948768517630341,0.633956804666585,0.8808645924413281,0.37220219211672245,0.6963809823251276,0.9767203203144744,0.8870312113561459,0.6635395440002864,0.46389833074159714,0.2774647256380752,0.8443411748159158,0.2717862561770321,0.9505316661602288,0.9115379453084238,0.9682303086038486,0.20888484065635216,0.7532102616612533,0.5467371391381077,0.5778851390264632,0.8704990853041993,0.7053396427082325,0.7271207263474476,0.5983021772754945,0.8345826521904897,0.8673679990901435,0.5188516859051471,0.05240482124565826,0.2834467312294716,0.21312386169330788,0.7432032607860499,0.6912767669945015,0.4801517340345782,0.14631568094585512,0.8542795399354636,0.3238731156554414,0.059847794786478725,0.37839200197887524,0.8940845299398982,0.012149419465950828,0.09789262790613207,0.705169076267672,0.027414994075290466,0.6077403113918975,0.3030362475502467,0.6171888993723084,0.09290846897971161,0.4371089927568582,0.1414577101636243,0.40254414904434566,0.2434525148174781,0.12680614320013373,0.4560376698416613,0.4027809514841544,0.20148531511290635,0.23140673782639054,0.6468450407648882,0.9060945077654585,0.4468956346916233,0.4386396561494278,0.5993483709333909,0.07039720508788827,0.5379597581125762,0.8449662102434116,0.10559293534797676,0.2125967578981245,0.3989143424150007,0.20313145806364374,0.7374981948974402,0.2502431134805294,0.07531806710629829
Iran,0.1361614049454134,0.5277675356731094,0.10656254125216214,0.004513375748907089,0.7206098434928313,0.25754248679065406,0.05023190318889181,0.02484544450656645,0.1792882931913964,0.8427507699499504,0.7109072678069644,0.6300676512232571,0.045497170859592706,0.7579716748331542,0.021226282101911464,0.7048401885287665,0.7957877747036507,0.24717893705465466,0.9037390628543744,0.20680495543115918,0.2932961505359225,0.44043733391293083,0.1976990660388107,0.5918873477230485,0.4527261769076192,0.28983097358922283,0.48791823696677183,0.38861343577800844,0.8716284091537535,0.5393059684294098,0.7086891866049532,0.8069997228015872,0.17742982669683616,0.8324752552892202,0.0796437936057739,0.024041267299292013,0.812909493114981,0.61021577113243,0.152023321875856,0.4059578300976797,0.6625745360910248,0.040378647118678,0.9408735462465629,0.43772914476372327,0.2871718470386272,0.26910803994969035,0.3372672319688559,0.8512863959288902,0.9534215225054694,0.09057491889242875,0.005189691869998625,0.5711881247222914,0.008154576744353714,0.30995565146822246,0.10596142602260739,0.6495867785260404,0.7681470849074652,0.7829852147921748,0.6080134864891964,0.2338183529905914,0.441843310074682,0.8274542802428345,0.425037819310205,0.356886891670281,0.9482743550036319,0.4457192147925909,0.8805270518395634,0.7722986237952634,0.5165863437571007,0.54284950521449,0.43678228242560935,0.17806551764665646,0.5333529631668529,0.7905940804846916,0.8773463644113461,0.8376166480530606,0.9831080173083306,0.6588323688832267,0.37614351746721897,0.7419055722062814,0.7107152005967383,0.30651136875309826,0.4812259488779377,0.6647695452355988,0.23191070301182415,0.7166876103870218,0.22950010326792625,0.4662300200398285,0.6260089506936792,0.8604655496885227,0.30164195076601463,0.9151577346731367,0.5974981664261714,0.25911852682289493,0.7801888556277428,0.8090042242657898,0.3521323029945096,0.45282279401035797,0.9326205051677154,0.9422570781424073,0.5156609368375087,0.2988608223961937,0.9365929598638265,0.5853402375018415,0.7309554461254784,0.8828841360679406,0.42223398168778903,0.8522283077196813,0.7301122813243268,0.3414305999517202,0.24647226839762826,0.09396784144005932,0.641652208184642,0.1371877136977876,0.7974700751684208,0.8880057531615461,0.3512958468180537,0.04650690947412539,0.8553777559780033,0.710869842456248,0.7355817664276559
Iraq,0.6729313479215625,0.39586858898455635,0.9242040899326703,0.5640712277957466,0.618152081847053,0.9983953891180215,0.1537143037365838,0.5405593729733515,0.7088484090107903,0.7281522994673941,0.011843456301697808,0.1540258053265121,0.10986020224265591,0.9968224606856982,0.23283727805416932,0.5305681181989002,0.8947942849254634,0.14929151161879362,0.1926448845190325,0.892351143642308,0.6983694545783384,0.37353811186168684,0.09851032196468379,0.9950674445453349,0.5765108837001999,0.5736464861935888,0.1013251491230317,0.2666928412074334,0.20872898930714556,0.7642364961986672,0.42203658662185295,0.25844382684739287,0.20385517468429504,0.6676461716807511,0.9646739778149347,0.2690764762452367,0.1336135117603543,0.8815180350125259,0.06039842739952439,0.12014066797681056,0.4630296303169358,0.41037139411290213,0.3397790857449938,0.016786056204934452,0.8587247888278883,0.914340766965186,0.5357046625403382,0.10243028903779361,0.800433170699592,0.4668804485763268,0.051670774857798474,0.16780566641322192,0.817809461851468,0.8646602288392242,0.6011278182113525,0.39684566160845935,0.2982661558640529,0.8916196168062017,0.34014498277596783,0.5032387698871474,0.2332590842846315,0.4539068636167036,0.4796786624415813,0.5470174855457199,0.7819098487743933,0.7412043504061808,0.6933895686385294,0.9007358651703803,0.07071187501295229,0.578799139740483,0.9636723493865792,0.03886504158086079,0.9315115526230362,0.31320299519233286,0.13647149319415197,0.9369699467577348,0.7656538993799411,0.03429847489602067,0.572926673843136,0.587107986812354,0.1731429577721394,0.046018146954040495,0.9287467941295894,0.424961376582761,0.09019259233875354,0.7266255175446903,0.05457966637567713,0.22841103977398958,0.983938090024259,0.38850581720463584,0.9482005852503671,0.6384681174531177,0.02313541590548196,0.8025791891281627,0.3178560799066271,0.5401480209200331,0.8721419592975587,0.7901850059715425,0.4030320205018759,0.51567636117515,0.4578399349333382,0.8032634028550005,0.9055235599259561,0.6183136304110837,0.28542942374937086,0.49358932717622683,0.8445657817729924,0.07656937926139828,0.02740140771131394,0.5239984934008303,0.22642501990816977,0.17918919254836807,0.44561832837041593,0.6044397968832709,0.6717278125479356,0.21486207785125844,0.7314455693525905,0.6320319469998504,0.7184027437757073,0.9617338982834317,0.09413926393545313
Israel,0.8312428486044229,0.4809399215161536,0.14202780732240772,0.08043873466330576,0.5308552006344208,0.6821432227617252,0.09232014397331412,0.9863044985547564,0.3940797424292115,0.39649486349893936,0.1618623510532078,0.07089444233627629,0.9782483284096353,0.2559320518806826,0.6108543527158011,0.15955903721917275,0.3652576203426442,0.9200311548166697,0.635109504529837,0.2294846732093756,0.4711999606416376,0.9572402331472132,0.5290692484371543,0.6414200734424342,0.8902638980186843,0.30023979075726037,0.49713566392310027,0.27934845057696045,0.701713430926502,0.9340485534003585,0.40035470076676793,0.2674655938796934,0.9250771362567193,0.08762275101016903,0.8238877028330668,0.45848982423613205,0.0021465584682267558,0.7971315762522938,0.865723952040206,0.25513107179599526,0.3959058324459652,0.8085091937831297,0.2513465063008028,0.500841609722269,0.5464844204157925,0.3438140241889164,0.8106872924219432,0.8819423848741097,0.5332376209602905,0.9127678539722176,0.734794459456388,0.08940222967942302,0.7853132344278562,0.4045461059065004,0.5258192505305581,0.9429321297352921,0.21030422341301225,0.9712467887800257,0.5322502902232729,0.909494607914662,0.8721471595111524,0.9439950304977037,0.10059207109050572,0.7684437337143768,0.6305371911898244,0.8154738116202711,0.8948953199826746,0.19267338659384536,0.11024970885893226,0.7466811338309673,0.4498284623573957,0.5153841601068336,0.04476587430103107,0.8697031107404913,0.6431349608326409,0.8302177495164926,0.5174194800593747,0.4398337653914802,0.47895207910228255,0.8767996658399899,0.34348251569647714,0.958448352628525,0.8254322930799539,0.576332996757651,0.21636208534921986,0.1879245184096643,0.9948923320126746,0.6973639880556417,0.4005058812520912,0.6928428985069377,0.6961415242816859,0.24728175871234448,0.39916166415378596,0.16487654078781255,0.09583948655946384,0.7507333985654493,0.6409227105821883,0.323661559086743,0.6842357146313867,0.609292754688869,0.8860994487985526,0.6781406943675222,0.7508903531972527,0.46993956559200956,0.2890555024901129,0.35291737636155374,0.288183823572146,0.7990799473080814,0.5657503942631962,0.8060199277118553,0.6112936700849758,0.7383727041652328,0.7109173802967779,0.3764251452701739,0.022663627257069496,0.8575206137914759,0.38869069126438016,0.6997697378501389,0.92580387646927,0.6711583163236441,0.11032462197739457
Italy,0.888769140759686,0.4465845886641877,0.6123985789961718,0.36608627093900226,0.8925991176027942,0.250463966013974,0.09580242536335704,0.92708432026094,0.3825702465436597,0.5518184797767346,0.3197776761045287,0.0457252893128538,0.5677584523472453,0.6818385374919363,0.20116756836764937,0.0420438149028578,0.09355022687128378,0.7664595478277314,0.9375286183222331,0.4072530100775409,0.23750445872289605,0.22307016607320318,0.05922687714553854,0.8695920078939028,0.8972573387184054,0.41911135910379627,0.479006146575394,0.644077808743302,0.005492364848267317,0.9443270501136674,0.4327692095353928,0.010049444212824832,0.5368755166838765,0.06789774248151326,0.0660661069366909,0.7763005904037475,0.1427904262552545,0.822230997538918,0.7262073412294583,0.07258904104876907,0.8280984988125716,0.259033723708328,0.15322882926020753,0.11291495682518171,0.5660269341029301,0.1666358161934599,0.33495108137131246,0.46171247737938603,0.28611281650942166,0.9477145140349491,0.33572690131965877,0.5607885796239354,0.1717140943663228,0.9919615121563916,0.4196860689801406,0.11134260007095309,0.9333680016007958,0.5718188570321385,0.6075460117649366,0.09534547247041292,0.7481325013398836,0.8506663480672382,0.2822272914854209,0.8893764919181381,0.9717300015833332,0.22195240089990198,0.6150656608716385,0.199629643057449,0.5406295609812484,0.24419699417260976,0.9659055910870109,0.04717101155636294,0.8497088608276216,0.4913777348120659,0.2590551345065456,0.42396160596351395,0.5781891172949948,0.15767002481267578,0.44016959080709495,0.7728150699111547,0.18646842731029178,0.045789506402653446,0.98942440110264,0.34328317346491355,0.8012177602238069,0.9050746658793385,0.42393587820638234,0.9896188186361858,0.13725394501953536,0.22637071117966945,0.03459641695938742,0.8790332180981844,0.7323188072564255,0.2348525471116757,0.5386075897232799,0.5199919513489311,0.6250206927122194,0.8125284854249369,0.8102577466882126,0.862700563099642,0.9556527489054529,0.9575944518070348,0.919179418482396,0.3830211141280827,0.6427639709090954,0.40385964076487146,0.3104893884259511,0.8149663530295268,0.8340960401560447,0.15339929224283932,0.1116290846517699,0.9022219074874746,0.8985002823105708,0.3082293031487069,0.33409211603685207,0.43323342396693876,0.5590914790280093,0.6125750135155876,0.9816651558916577,0.006580320157539399,0.44860840089388565
Japan,0.4746906383317888,0.7811326267311612,0.0850881233157662,0.21120951173551517,0.8202293813176402,0.8833963632459796,0.5852362723396117,0.8987143303682996,0.6234775649858634,0.5646246058573505,0.7862219908710069,0.39665842594644163,0.03109064077720458,0.4265285296490753,0.34456862968246194,0.6778974339189733,0.7039807176698388,0.6503921616677448,0.7243366265425564,0.4046751550148975,0.1126190866461374,0.05964621656706004,0.910767641736958,0.2997806733120527,0.5070806684287624,0.5697127714479926,0.624355992488313,0.07441195364321096,0.6405035883603839,0.6791859325390216,0.7775952526105367,0.2745798014009623,0.3779644101626294,0.8094977990004353,0.04759065722771272,0.2546067023416515,0.40387937791379036,0.7720302282506174,0.27743057802730386,0.777402834257626,0.8338956535363394,0.07487340285402133,0.7667936168234528,0.18985169032674065,0.938449990696496,0.6853392477253398,0.5359129406800803,0.12196683268639519,0.30860403594435115,0.838427824292555,0.19586959017960293,0.9639070779989439,0.8487374032115595,0.7516153303011113,0.12604610700285535,0.9564380341061739,0.6189457458992064,0.27335915595784543,0.06614041760987266,0.9437701947037602,0.14179235902422394,0.05469575566731533,0.14393486166879366,0.6140357371738168,0.7197872926272599,0.2492533802365745,0.39697990034101316,0.8281393669286105,0.5093278328206331,0.8451365626990182,0.5728036561502768,0.16993277806900686,0.30264480935376903,0.7921207627647707,0.495408340934667,0.24689007875612878,0.7337550752584399,0.11925062432150202,0.18346003252390586,0.62876787356571,0.32025998563387026,0.9179170459398426,0.009874093576343612,0.2070596953235485,0.17883631853961535,0.6391522436202038,0.23962316687684093,0.2063399506549778,0.975732431446064,0.3574537309063083,0.9045527644373466,0.9898848209658914,0.6794701473257392,0.6933284820479904,0.4659674372584459,0.09293168168460175,0.12537287883600023,0.9941021057932902,0.6752423694171378,0.631153573503689,0.35430565132440694,0.6006046057926194,0.2682900396799328,0.01495927073400638,0.9582254269740295,0.9830023081914584,0.157762071928353,0.5319280619614476,0.38910317776185943,0.6011248443778963,0.15138133036336376,0.5354003136127451,0.16568261360589676,0.010945444944603033,0.516873464904687,0.43163020696521903,0.6750549707353187,0.3344107222878415,0.8394999667121522,0.5776928117493623,0.2744918215098703
Jordan,0.9640220279901924,0.4911925542743575,0.9619820801567655,0.24124510241373964,0.9468876279306153,0.3441105152697467,0.4863792190728572,0.497571910929253,0.9643614446601592,0.4365916568083452,0.5495373948770986,0.6080528538829153,0.5691629045533279,0.48781107670955726,0.45122554202185583,0.43644113140242957,0.18368099549471295,0.0951237748631536,0.733139997683371,0.01513768756719902,0.991340958838005,0.2017146334734209,0.4562867218292964,0.5751830256087666,0.2282656417410085,0.8144427922776855,0.4560838050640835,0.31071667822612004,0.9458091486569868,0.6303390356307255,0.8593934147533258,0.7719603648460162,0.4643373436717593,0.37362662044383077,0.9839029843009525,0.458544296152675,0.9405442624227449,0.8662583600815308,0.41046215080561044,0.0012417050191719792,0.20087004449863333,0.4440109854841491,0.013461060063185148,0.29639612565626205,0.6784766280141635,0.34857426723658014,0.17840540063966925,0.6297963055453002,0.6302157135818558,0.09544521123927541,0.15367508603447066,0.9314612910365451,0.316732029953381,0.5056472228230064,0.723822343640021,0.9955828006847558,0.005670916510523427,0.06706786209703475,0.23338688650546835,0.19613087351801883,0.7736147833533802,0.05391747977567318,0.1875892405004933,0.9368831768522693,0.7112233796128702,0.03686905081084191,0.7985758967303482,0.599800717709316,0.818031326760552,0.17117563400399693,0.9707931914153497,0.2713208551082046,0.8098363313498382,0.7621949980882978,0.31596625960254576,0.8728570770986093,0.19981042895422652,0.7812020146408193,0.5193295175968355,0.6015967802917767,0.6510232944524741,0.1323600543548129,0.49756916131478224,0.33363899716543266,0.9923160303655472,0.2105912081192418,0.5589545917682641,0.9394205008110781,0.4858566354498568,0.35797414642628,0.4720211251054768,0.019171355501107934,0.12529305251762168,0.021239346088486877,0.3363774110244686,0.4371526122942857,0.44889863288176657,0.06572058672079784,0.967807258734675,0.7067844799166721,0.9111169204080317,0.32774179117677915,0.07800100450086678,0.59937745670395,0.8438833828060192,0.31742440670818617,0.21800236182567345,0.15836709907132673,0.3193589412617309,0.6867907939607055,0.49771566582155113,0.682006646778583,0.5992445161002303,0.9062974534066714,0.9848243841253175,0.5180504102525458,0.3306107567154192,0.6526603551888295,0.3688639495125775,0.16353864745304159,0.8038351443449221
Kazakhstan,0.18479408340898384,0.9416493158603971,0.24273857871268578,0.798191301887036,0.9496502769414294,0.2805278393015471,0.032433935995358154,0.836974842453329,0.7244276521927433,0.5321171624220726,0.5017021209500904,0.7904124419202104,0.44714591063255416,0.10986483299792482,0.9410858435107554,0.8407922147163146,0.40127829373999135,0.5769795087046162,0.6865414213829947,0.7987699356849542,0.9145874305766646,0.08741443445877273,0.9163708042896093,0.5529742033394647,0.2877246079726625,0.24175399463441138,0.1744599012332947,0.5391542445970208,0.3886651124917446,0.44783595125405373,0.8355388369523037,0.15504985974686925,0.2659680683461241,0.3137961492794995,0.41806161708719325,0.5514151331039061,0.11040443354619933,0.7346577511578238,0.7143260456791511,0.26486625686715737,0.19811279081346733,0.8339198022256781,0.6531354170380398,0.4674429943031714,0.6878568527832288,0.20222776534447895,0.7933722446927307,0.37359941581226996,0.9327056840449007,0.6012074131249932,0.2875738062656271,0.4569558490363679,0.7649701539901052,0.24360961492087085,0.536228193135898,0.7296651589802392,0.2951123920512454,0.8864618027623818,0.26716378882184333,0.2610830625547711,0.3385703362736553,0.9091226804639478,0.04597852037810635,0.3406659039776503,0.12723438202276227,0.3836362311056848,0.9409294818815209,0.9083780054263223,0.27738224499297104,0.6998189096111824,0.18775443324869578,0.006979441460107316,0.6837447111265353,0.6372371151873674,0.8091162663687113,0.44095854094660425,0.5004877630257426,0.2893902210990261,0.9585726549813727,0.6984873793167068,0.33488123291248584,0.641366720310808,0.9110549086974238,0.2275687637687418,0.7530732217303104,0.47074808438804117,0.9623781980734799,0.5788199876439094,0.7473891983520661,0.6106834544104767,0.8301182487330843,0.48456698962133904,0.9868012766131413,0.6950321236112658,0.5071941485046756,0.6310803942691091,0.8487008916151448,0.5483850250184107,0.23012180263734372,0.09473544670018941,0.729498620453036,0.5727194153805988,0.5524505956652528,0.14186138644778967,0.8480688601752819,0.1413768731318572,0.49628930293174633,0.015541879429690653,0.06813099986662319,0.4807599784193759,0.6386930700649853,0.767256099404052,0.38414016022990527,0.7768158294593851,0.0035230167378238475,0.5002584486018662,0.09417129651547362,0.6618198785267057,0.3941837228124573,0.21889588756473766,0.3387121546102648
Kenya,0.02840696625966499,0.021802253645909375,0.19818862445595997,0.9693583539093246,0.1963664174882097,0.8969063881379852,0.11550023713428581,0.8953775558406367,0.3164878979875595,5.043885916677926e-05,0.32613807451149346,0.3575011472846372,0.7075504964528243,0.2635534993250418,0.6238861668738764,0.9320594795493514,0.4085815533668947,0.9559723265649881,0.6642686927271989,0.7116278526869428,0.11286592010170848,0.15546464273201344,0.3491650252769629,0.27342596439472455,0.5179796525502816,0.31576534693084757,0.7969608289388129,0.8268306541711801,0.1215546742895629,0.32981923361821563,0.6056867324881278,0.4072536547740465,0.6086114618867271,0.8724245161662425,0.9057099402429234,0.7036611506569227,0.23550768470671368,0.8219917897416553,0.3896997293731922,0.8961604200769016,0.8440340089597319,0.31151164321172364,0.35656507968066964,0.06643342878092895,0.4760268345604921,0.3346240050355461,0.38039054123725635,0.13177834632817498,0.24579032756622032,0.6980480110812316,0.6021471728162857,0.2467201294749174,0.12778669535988862,0.16850078498218535,0.3907931669653286,0.3530674072472544,0.5602365293078109,0.6038037257024815,0.9871198046168576,0.06322767664158024,0.1796260831665153,0.5742971291086,0.48205095071039705,0.7181335344513218,0.5987471901376245,0.681351016288488,0.4983953618627718,0.6270524752503701,0.8493567581525694,0.7113515013030123,0.4837724734137909,0.7868292526260576,0.5573438023434165,0.03590452176138981,0.04831277577248316,0.07153736485241713,0.23436492358300376,0.3530135173722886,0.9290439420577657,0.4726137078719911,0.2762092466924285,0.8656438402057838,0.44879865151617804,0.4158539299633871,0.8305433472786973,0.48246817741525505,0.6726649243628806,0.34092024030962975,0.9117609550814132,0.9780831628791813,0.16008118351012635,0.6668101251284881,0.39521225780067915,0.7150718045620658,0.8810345066076618,0.39573991763555716,0.7265702014797413,0.707526903188737,0.26350218873628406,0.1409632867392151,0.9717179157049416,0.5365551918682043,0.7487998531127249,0.867563114279131,0.35757445182675596,0.7250014329362676,0.9100830102584423,0.8977088389907553,0.44194528389889887,0.34371663585298307,0.8902985349866851,0.05111301052525552,0.8271332661279407,0.8586449333825469,0.3526781084864604,0.1796251316976043,0.7871401631736067,0.4187391735357935,0.7460258799553892,0.2830991686433404,0.6432496633342942
Laos,0.9119394929332018,0.5362205486047268,0.8481944596115334,0.3731652611912377,0.642156329753229,0.5237994447998483,0.8262859595428528,0.1440623807314575,0.9729276652000586,0.6319544663845532,0.05303241125384761,0.17885145024113547,0.41130748597461675,0.35869267465652177,0.9131434087832827,0.5126762927612513,0.1320322308184796,0.7109303591025631,0.4140242171244053,0.6921301572779286,0.961255325914782,0.13697085226276118,0.12369037372921055,0.37424662272280373,0.48972183913300094,0.06947792003052966,0.29629863696108594,0.5429769887883095,0.7348409780085821,0.4656556204462825,0.9094338833597475,0.5297813520355286,0.2239699751271631,0.8452377877924738,0.18277674278715172,0.6859619819213341,0.5123144777052955,0.5275340981752057,0.5019074370681318,0.7573981710515026,0.2543671407941609,0.18222503898522746,0.5886463067140001,0.8245048832693841,0.7254750768450627,0.8759027272051674,0.9880888394841472,0.5388919873236814,0.30989905794756334,0.07700150289091567,0.29758499283278506,0.779036842159333,0.046588236528708915,0.2473708105578587,0.4289448346395963,0.7586657539721465,0.7011216940803432,0.08097243648886598,0.9143939977590312,0.05969648213703005,0.46853889958393624,0.1980728287771364,0.7125375763225894,0.7419229712972837,0.9457986923766823,0.6033668602492224,0.9107879301291517,0.4967735089748888,0.9652574442492886,0.4411196419872323,0.5182081520694691,0.4207200583597068,0.373284052599009,0.6210231587702221,0.8280031890542039,0.021559800004843366,0.06008218951462774,0.7705288254791478,0.543128994176218,0.8807587841420835,0.6243889345712282,0.8543660657621525,0.19141831605504744,0.9425174535940988,0.8541316100725229,0.41747159563436453,0.4651521639159938,0.47454661814829846,0.31711437287179467,0.5704930860654805,0.8886466819239934,0.2263779492598882,0.5337593212535097,0.08325140213025095,0.3253876939126269,0.6498870095981482,0.8624205746141642,0.2170984379074974,0.0733424728535409,0.1571620843303837,0.8947268524765034,0.4329421203025239,0.16361702029252512,0.9116692311991657,0.12237949718728947,0.9345300465416433,0.09081601468205736,0.9218213062035499,0.7001049948165687,0.8518181962781474,0.5760306521204062,0.6320221384389807,0.6244211043463572,0.14057922936851108,0.5537216156120602,0.0269695184526777,0.2519280612095055,0.4446275588675418,0.5629794317759683,0.9483779565755693,0.5261542037958933
Latvia,0.21757814154646526,0.6552301871721004,0.02996276911843443,0.09313429205927126,0.41779980430528774,0.7242464140179312,0.16820658575683256,0.9027089265462079,0.2588568334432151,0.44111623003288936,0.6292541690511857,0.6459619426642282,0.8928741936299449,0.5133196200898933,0.27991468421974597,0.484343124714427,0.03715204184730925,0.6934109150446739,0.3541958205417347,0.8649493437564674,0.5049625921155949,0.27690221556556893,0.48777490671502544,0.06829134349966737,0.6058322767615266,0.6069647225899466,0.5039878064117501,0.5151353083915193,0.23143339003982177,0.62972714946939,0.9921329286554179,0.9112476746324919,0.7306617580664421,0.260481655525698,0.49510125644380487,0.28080675597666105,0.9058368214756035,0.26027010009337015,0.6211328232710718,0.17965532421766717,0.557873411970981,0.040063361299823796,0.6392771059821998,0.9280942440734355,0.06751370005113044,0.2726141151288518,0.01212092126758435,0.8119548334338766,0.7693986816404971,0.12821162198599523,0.9852034888259047,0.8446946288713715,0.5423189855247873,0.2538400579626411,0.09249871425834877,0.0308262417988171,0.7394606958640275,0.09920922116159547,0.993117496179853,0.5175854558826845,0.16473199198258315,0.95257116646904,0.7457076347483019,0.34915435676568163,0.26085043021765564,0.27535544715742843,0.957727803327353,0.1402165436813102,0.5159370645782385,0.786446313404487,0.5251580612377776,0.32720321529152274,0.579095032494016,0.9429923666711394,0.6927672284187185,0.1251785121641924,0.6397355736724307,0.37109541431648996,0.40033707303788757,0.13783187479419945,0.8367917468036317,0.5688445466197496,0.4323598556815038,0.18112095910693304,0.3690945691867922,0.8438946834522184,0.21962374632805526,0.7299609424895307,0.415422931582226,0.6698642104649397,0.6186276494495311,0.2498370548106572,0.706179695005652,0.13173791228214093,0.7535957757861107,0.13674414082109176,0.17923317942690153,0.43295346423400916,0.34232653960959614,0.20723152924904964,0.0889658245157422,0.06995037913512492,0.6908610705582398,0.4687943599917255,0.7092350794372659,0.5568450099834565,0.6098694200321774,0.1341905555022973,0.9188526163662081,0.7835419292173691,0.7572155184385891,0.7111028029597338,0.06024889032181946,0.42860795305548305,0.16469803934251992,0.6937148566359146,0.4475133007624562,0.32836904551365587,0.4422736324227573,0.4345641028754469,0.9205779720375832
Lebanon,0.5973936470632022,0.33638500733337817,0.549302830230025,0.6704645322304716,0.8194646358440768,0.6910831162696018,0.3205649669492636,0.9484548219348679,0.9961426235742936,0.12735567036155837,0.12201050309426431,0.2263541589960958,0.0914190253424143,0.7980821792142094,0.9912745971159701,0.5298913406921683,0.9253110811124786,0.9309956110212471,0.11019022657766098,0.39506187249391134,0.8276211195643393,0.05667401609683065,0.1482394223927791,0.1453074454881368,0.5446105350093888,0.057442574373196,0.17526367466806947,0.9954115333555887,0.5388070998665809,0.9014996389518751,0.6912318858562925,0.4122509368021291,0.14885431860124576,0.8953565736232908,0.44684815691970703,0.5019144528883305,0.940890118921603,0.24334714707662053,0.17443626809983603,0.6885814652586938,0.48074050045023853,0.5018689962476549,0.1775799269425794,0.008889659420541984,0.47216276957698156,0.10324385324524843,0.7138893286416017,0.7340337432986213,0.57410639106996,0.36534440742048746,0.718165137847313,0.9156231725049799,0.3887298908027048,0.23232228071889582,0.2538960053166629,0.5309792629593508,0.8383749907109381,0.6650791701401657,0.948231252861097,0.833076150908073,0.4271762972179599,0.3682204940961116,0.4195618272458982,0.34397439908790617,0.861733863874784,0.27630728154070805,0.509038501142527,0.46646668872795727,0.667176620748034,0.09754135778234074,0.8946853072951739,0.30925344237448593,0.029242762616665918,0.6307621970244247,0.9280124393404168,0.7193578626600653,0.30285156216887377,0.6204469354668034,0.551078332749899,0.6486253763111123,0.7919621514737991,0.7539628275163087,0.6868409950850681,0.9784451000999351,0.6495845713985211,0.1155629301135066,0.279960143093812,0.47118481330432804,0.13393218284772357,0.140309616912213,0.7526291018541973,0.9656297492672677,0.6333755136132182,0.7548585352861442,0.1488502898190508,0.22217074708330853,0.6876107890145616,0.35434626607573216,0.882826303747081,0.7004088002185107,0.3397074785285358,0.7107646920926753,0.7023030569240646,0.9430753680780307,0.7599002483358785,0.33888738472833213,0.9468736185344196,0.05834380553830654,0.7364390345519791,0.6492510605027041,0.538297203404159,0.24824502019774075,0.1907687981529823,0.4950226224278137,0.7728248367582593,0.5699780868556282,0.9265155530800089,0.3386047422068931,0.9053017826516785,0.2293645244223208,0.9043153876611207
Liberia,0.657679577187921,0.9121568580187984,0.2706822195042118,0.6266194394970396,0.13351067535623617,0.22838446586399364,0.9352847139353401,0.9022708840654321,0.17465841394465187,0.7220891198056878,0.9798210234989381,0.030166482378330195,0.07203948495329093,0.2570662936654886,0.10871675830391547,0.5792013299985695,0.3515168609630578,0.5095896730163465,0.3270690659777564,0.06157728606104362,0.8008278867262698,0.08759386921666001,0.9117298412149614,0.024273520770849433,0.9851628769259188,0.779047688258157,0.37387940723945057,0.26670270926865125,0.38675032166775414,0.27103499712430223,0.9918935589116165,0.9367090214940779,0.06422352081458427,0.5242502562378577,0.7331777369920963,0.5688546254695925,0.04561027486536828,0.2524881853414991,0.8572212865291327,0.7512004684554997,0.9332445194737672,0.4122550922082241,0.4761445011045691,0.12451744371805684,0.25568176638735185,0.07016356383834621,0.4315014322469397,0.4950120542522123,0.9103757953585044,0.3417871819124332,0.10031876594904765,0.3451024513007438,0.5800108839197864,0.938343731611724,0.03097005056365698,0.3253443607052572,0.4756251163233193,0.31626791599412285,0.22428026742362395,0.47180427057561436,0.515898183291119,0.28535511158159155,0.27444467319847543,0.7865461921939301,0.35985486065615435,0.9661783842358408,0.9086211285025645,0.8221687146138892,0.08702660273433527,0.5047007622544982,0.2198719096092604,0.07984338827244353,0.8079782489593712,0.1980965668149769,0.4793830385248281,0.6332236569411949,0.41780358492423353,0.8700711375234726,0.17985745886030635,0.059213506920597014,0.4611318964704837,0.4037106277803759,0.49085751618294493,0.9686691635739229,0.4166187054103957,0.5292176650544331,0.7922570561043335,0.9929927082510182,0.8126563073700549,0.9162015751671568,0.02063680377717858,0.3951982523201638,0.4612821979542271,0.33736304288498564,0.4401532674699876,0.7236784431130275,0.3281246840112053,0.788377732855027,0.26134486124002976,0.25457434675118384,0.9187492392602487,0.7154485818138088,0.77401741944603,0.18638492187719558,0.9514839227644448,0.9682017467360909,0.42036542688096556,0.4834537758759695,0.7760885945312234,0.4960300886448564,0.909857631328606,0.6933204415523064,0.3111199028238678,0.5701096637249676,0.7512539639513787,0.31979782242390586,0.8196976426493098,0.6751832614223171,0.19075774663606626,0.32165552014485776,0.2945371913374518
Lithuania,0.4790842671077481,0.6537345336044718,0.9564769412648824,0.3836152288133282,0.7875330238080385,0.08334447381572452,0.3916266697822145,0.16014955209345827,0.2871996609584384,0.31514663464081816,0.18864954580235105,0.8770679816141532,0.3391037036715968,0.2611199143628107,0.9371133280594031,0.7101212780465804,0.9212002623622473,0.7311642037835075,0.6001125156926261,0.04442757720174595,0.36062341229871175,0.6475456962447635,0.8293203797889797,0.6165928082146134,0.4424350630130507,0.8885377267328578,0.3416450304370645,0.4670057617646066,0.8248445799137992,0.5787400297098925,0.10776343931387045,0.5941797700797108,0.3784146843916839,0.15994698544903563,0.45222505990378326,0.5103418010510408,0.6635498369835449,0.2994279126760362,0.6126309533099021,0.272475711301264,0.23715264656861257,0.8261433681211814,0.022733107504319783,0.14048823815314193,0.9946214896394429,0.6304894082148347,0.3425735211703109,0.7911653848300535,0.4850723440147249,0.6773211397353135,0.6369787006067094,0.7950636678207561,0.46874209593951244,0.361711974924374,0.14107447790267036,0.44833735332932345,0.040866417990888415,0.3676012257234743,0.8230514877611497,0.7942307886678567,0.057675458080577724,0.49613232320974465,0.6047231920281633,0.09452790291942959,0.5504851602299756,0.3417504068951296,0.5232385930971027,0.025256209692456677,0.5001164989290724,0.4717079275720495,0.10609261242183021,0.8102410239079662,0.7338973767554409,0.4794783133666216,0.20478308589513272,0.16492570200481915,0.2520035007417949,0.7163289972211925,0.8242244147400968,0.015533900852621518,0.5192436283789577,0.3982367211268778,0.5976267159907236,0.3261082834975336,0.6045726373808014,0.07629253663139612,0.03570600468373464,0.39008496635715983,0.10019674020598224,0.15901265690417488,0.3233004080618934,0.05894716609159634,0.41670675422461,0.7739117025113673,0.9459316356563062,0.27574007125763567,0.4296305627175898,0.4541532682677406,0.8169948196642997,0.13702908279662063,0.3919702212850199,0.6409764464072656,0.04424458437323597,0.8251208495935545,0.3536163630516962,0.6038641530072408,0.7285561604544375,0.22165835585677118,0.9037297573808322,0.4238704256208973,0.5562404591277594,0.3581400997933025,0.527089612528125,0.9857822881343418,0.43262979692692716,0.2223546173854598,0.07046551907633247,0.3701052136331452,0.45477460036977146,0.5112932446013929,0.9525357258711199
Macedonia,0.305065312417508,0.1447555573162579,0.19892758824370504,0.2346193022013442,0.966014295716593,0.6276223767369393,0.5419819723955366,0.22342515472336721,0.6093871827612879,0.1115800913383933,0.25058517660905555,0.38086721643978394,0.04697849408657029,0.7022345432072601,0.906950293646499,0.6905765148917864,0.459248787622608,0.06259363006653174,0.6471173924970436,0.9690916638799131,0.0015541975210127124,0.6061746844387438,0.23255724753453566,0.5413916809459117,0.048787410316955215,0.8413887338280392,0.5266016092940528,0.189589120543052,0.6907232632868823,0.42472157085408324,0.4188900698960545,0.44153204038374616,0.3408125946457482,0.7713716492229045,0.13672142094054185,0.33350809079442445,0.753387770879108,0.6777236945063451,0.6135672967046182,0.3251665167229393,0.7259248948064108,0.14143600149155777,0.017787716095367667,0.5184984512671096,0.36154472533521187,0.8559761307408972,0.09716729541678126,0.5935393627603867,0.1884698704051695,0.724948764916597,0.3557487597555272,0.04468838609246539,0.9414850375828236,0.9269918052131594,0.2476496741615446,0.6374851999756275,0.41668767075377877,0.7430199777897417,0.7329565271259196,0.8096567377837985,0.28003263420269575,0.08796324804372457,0.28879103829228303,0.49988543240118666,0.3491182804462426,0.6687496644883313,0.28021194433407504,0.7901449078988839,0.7581572056256511,0.1865500623734383,0.09966640891546297,0.3574719912220451,0.5774131321294802,0.4561227514106746,0.06366679762504368,0.44973112362475764,0.8615247662579438,0.1738631481969254,0.8271992448415171,0.018341622847473538,0.2220874033468916,0.7250807000173392,0.2783014867761371,0.007948840438335547,0.39886934579487154,0.5952915380472258,0.9738294119052336,0.2659454017209997,0.706689693624219,0.990637829325992,0.03826585092881796,0.21358108539207665,0.4917667433413704,0.3622880538093276,0.48422218177855136,0.28581351569601454,0.28915776581524477,0.36660560575573986,0.9770712495079122,0.39977553269927735,0.9629027382086331,0.36522603539015375,0.43637314533836336,0.8257530443210644,0.8292230110472981,0.4934294107791889,0.9356025191358105,0.7634940694449948,0.7431167945079034,0.2332790726177052,0.3296774633028976,0.8121655509583047,0.01531656109774171,0.2916750955028852,0.46887216211268856,0.34364320581917107,0.36034641068250917,0.47329048672077323,0.41213045903469003,0.7904923695980364,0.5874868294597397
Madagascar,0.0036911734331120938,0.5400175607755274,0.39080722994666206,0.04077011151168897,0.9224431589620681,0.5338157672682268,0.558565993090164,0.4605420988581783,0.2055573599185997,0.4474894967312779,0.9691187894233592,0.764970433749283,0.26029938656054064,0.1378665675427816,0.22824703541509894,0.981315924864855,0.3664235753081212,0.3624741054253551,0.7680160542919954,0.914565529441305,0.2593932206091315,0.377997445776313,0.9275642245212569,0.8281087736399274,0.9278787632667728,0.5271654996141526,0.8205715779172704,0.20482835600064242,0.07527790340423612,0.9118155222342667,0.2910951043168817,0.8502904006865504,0.850217475631348,0.05953769525823083,0.7170833947600745,0.46737241337225677,0.035344784878499236,0.7310771602679819,0.0788108316762065,0.9588395249613266,0.6435006437512748,0.029305400535577508,0.7056283221285788,0.7083211955782063,0.3199439467655144,0.8373681282474265,0.7391351080337042,0.49363989950926856,0.7881891284353848,0.12550791309905263,0.020046459892138047,0.7949456607542138,0.2946791826569236,0.5965479647107657,0.9600381205159243,0.959305449893855,0.09962373625431697,0.5680511695896825,0.7230310444140419,0.4989337662340544,0.4165517400164507,0.8357139837150744,0.3253142063383171,0.537479470385856,0.6556423442381571,0.2126174039958727,0.5942632424415356,0.1813274184088035,0.025125346173078933,0.23054126903251115,0.16879163315090995,0.7408223565775561,0.5343601150214458,0.8071451242078972,0.5302566629473451,0.14564751770535966,0.17942838861110622,0.9036201497916582,0.07829315840375783,0.8372223891025812,0.027469978986533028,0.17325331058609317,0.8166281664867056,0.8945332167985832,0.1210808647136179,0.7148837840332324,0.04020245709713077,0.13185051600443842,0.5813250366243903,0.25612942352566537,0.6145092480873875,0.9616552404549286,0.29398509225074054,0.7883642169673649,0.4735473153743037,0.008776738228083447,0.16301104025393565,0.03967836094007404,0.642204795631865,0.545475451123425,0.3641721009382485,0.8083312870685188,0.38187117945506854,0.5506994572507717,0.8717132946567236,0.2710379252966033,0.5862064830493146,0.6041197551373063,0.0006389793443333236,0.31689205112257657,0.6109848003154791,0.7447874868253044,0.11259464737720226,0.5454438137900351,0.22446046976476275,0.2788064821047219,0.05401967626245585,0.1352355717539322,0.5163677031437836,0.0995261264780628,0.9309601135648244
Malaysia,0.25028298732084087,0.49844004549741405,0.8325890633857679,0.6435771032971349,0.682287243029674,0.05425204051399868,0.39498387546639935,0.2708690428859485,0.8551992056027489,0.4222224633228193,0.2945391349039085,0.38376013645256,0.947709632731251,0.9015560246177291,0.4911949138919447,0.3774075537617294,0.7251728436102198,0.0679950285150499,0.93273819644634,0.20509919352354544,0.32873720753095526,0.11267529170450996,0.7903182705571502,0.9417077500080705,0.12459026135685092,0.18789265174449377,0.8690376969012331,0.7360155932926812,0.4205686462232421,0.8534822894849461,0.488466811044292,0.39865459963061556,0.4823357182636353,0.7606893517233217,0.6976391009368825,0.47327802531850016,0.4561978990085406,0.907929923041045,0.8556854417613299,0.44029469135881083,0.07334522083508932,0.7677435500132855,0.9955618570719226,0.36588694574944103,0.36515839237749304,0.019278931273131628,0.27893216690662015,0.3825279066395493,0.3187690864796324,0.7752439051737356,0.3280988992438253,0.49689788308642147,0.7753908032314707,0.9694493767715978,0.23425554220060563,0.5855210269771665,0.5390402137311718,0.8685787636549827,0.480603462605106,0.8000909678003741,0.39632399160999665,0.03978198931096477,0.9541140246912321,0.6682483976191033,0.8617926895572601,0.8726726399505985,0.6742712203400633,0.6797467734527729,0.3968824835053453,0.5073686574887274,0.09793190445596178,0.1219374262629992,0.4597843107973153,0.950420393127907,0.9454693840433946,0.5163042583745314,0.8498113224389859,0.49143964569320875,0.9137383554602748,0.22898158503702026,0.348008931637238,0.8772009312074884,0.0884048931278909,0.30424465957778113,0.03711650433468605,0.37158877633530274,0.6337717800294506,0.2850837326250183,0.5770806988947526,0.511385441317774,0.9085693816203103,0.4993624446723971,0.31272368935566475,0.2315206437619889,0.010471451423258449,0.743055628030945,0.8570025110231685,0.5936379982979704,0.4845571124038678,0.8403032629379116,0.8393784720080812,0.9462485931583252,0.21502761611501553,0.7792472086191982,0.8283117056435453,0.2563290698916051,0.5136997433927558,0.9790551943343097,0.3125288030378418,0.18532723377849658,0.7658083621996016,0.42336441404187497,0.04846693388298551,0.9199978040837126,0.08415794461159698,0.13634450927286967,0.6069690699079056,0.3622402549210364,0.8272792651955061,0.1153424942408664,0.7784515680359516
Mali,0.14283630875452202,0.6753945781754596,0.729006136908587,0.675544074180922,0.07842902686077602,0.7699758552982486,0.03027285051584583,0.14909118650666853,0.24266278320911017,0.7080569549204865,0.40704774986826775,0.33980459724175927,0.11016702534880674,0.15518518423907135,0.5735831837968391,0.2668433283470367,0.8849646318305718,0.1309683794899037,0.5203755687520728,0.9202965384368735,0.502175833451112,0.30544845803185616,0.6184729688331685,0.6288455240222913,0.41044728469582126,0.9019722281313342,0.21806337144799182,0.12171635927172486,0.5191337244344723,0.7144970029954508,0.6763467570500779,0.849025220318389,0.929617588327256,0.9011982753593849,0.5768313279051454,0.35048048068033033,0.0637295249712142,0.7168661216645397,0.12085645845115611,0.8734465326442032,0.10149594721616118,0.572658069122732,0.21283100549901712,0.8459543731047765,0.18762958645661731,0.8711454042115482,0.39908951969257866,0.6529018262462798,0.041194977359418794,0.3689157809111596,0.4391201553743811,0.24673147667272644,0.6466925263405899,0.39262799892784594,0.5607705064888968,0.511896040268389,0.7108908111233107,0.802261334118702,0.6096353157410647,0.04385312684192977,0.5978239732643602,0.9608228448487913,0.36536567590231916,0.6456862339109362,0.2735550886927054,0.5314623308892278,0.9689442412762237,0.6547893657949285,0.46047346162162694,0.6605592725962064,0.750010914029276,0.14660837571730678,0.5163525110716786,0.7737938579599696,0.1098566867066697,0.9260299790395787,0.31169041265687103,0.45031867925551694,0.47983504999387694,0.16696054024085016,0.5046768537793048,0.7329019962700332,0.61685881118389,0.10751282620178104,0.4536891255280301,0.006962188390858048,0.7462663841516507,0.4970439495755655,0.20263555279808898,0.6764165557841222,0.4711655348390875,0.5384122604827569,0.22205899935664453,0.41358726327421,0.5393864112873108,0.8920336852202239,0.27798255138466066,0.43694655843601626,0.5670745554276891,0.9012971768181919,0.7539795338049247,0.12061867442511576,0.45968081592497956,0.8436204862423393,0.6078475711634151,0.3333265656844516,0.9170030886826752,0.9782209369304296,0.3258703885169467,0.6497957738502188,0.5914970005786697,0.6536155395647787,0.8452069263947607,0.6692692512584717,0.6177813503058753,0.8641834485564692,0.8575185135173118,0.3138725936540919,0.3901859088610904,0.9089331182034444,0.3756060772423788
Mauritania,0.31465523423002517,0.7043181928051646,0.20157045110449479,0.7849874542552682,0.30718282910407324,0.9836441573706192,0.9122089740685461,0.9652877875582804,0.8815424879151931,0.16167912878679025,0.9116706632099133,0.4978442572248505,0.2780902508771239,0.9603765834032552,0.10844188393831056,0.15722601212981546,0.8118897871868861,0.9862641252552996,0.14409492668283796,0.5151770074585136,0.4837546641694501,0.31157436529948346,0.7266982172879769,0.9971304254174705,0.9321094740851847,0.6887553822412554,0.12511474559566116,0.17998608241924374,0.486175565246586,0.7882704416039246,0.4955078648209097,0.35788583297557586,0.5243876187038542,0.8819863818627947,0.8886922770907566,0.8479365158971157,0.0915381146100297,0.27841227447875894,0.591582054610379,0.5843505828727362,0.45019693638221403,0.216455655281237,0.4883055067431685,0.9557256381478743,0.04680564929829645,0.05062234352094952,0.8319059129843139,0.39620493293954995,0.8020725059056988,0.36068058742719,0.3795568238847731,0.2177076503898473,0.3771034516831624,0.11973189853745025,0.13719603242178324,0.2589498048900951,0.9340551482571815,0.13160108244309887,0.9142969951875748,0.387271787650753,0.7535580571921507,0.7307546801833241,0.39370474190977356,0.9173115057302044,0.9296532482457758,0.29632384416710444,0.7953494354574838,0.35461612350634586,0.9935610996902816,0.16811949299496898,0.08216290659956815,0.5647440072705304,0.1302942487115606,0.7163137944418223,0.07972475885249419,0.5458154655063963,0.3370174602872221,0.11857736147056208,0.6856179306683888,0.5174715696104865,0.5599517021634016,0.998141496080009,0.40681796130401615,0.7035472195243392,0.495297879879922,0.0934357998562313,0.04410969442453805,0.0959079312668557,0.04350864736300919,0.7037522235428552,0.22444375089819968,0.2029760454865528,0.2483523387103399,0.005757070918286256,0.769663018412299,0.9062137592811594,0.2717713514474208,0.5131214129766349,0.9331851822303865,0.48500613296078243,0.30414923902007385,0.34311091649395764,0.6959036335844548,0.13191986449975013,0.7924825805026409,0.0007411228584920382,0.8388105111083722,0.552194720348031,0.6545606755176162,0.6189649896653636,0.36456133300447335,0.0490238890031387,0.927165219511101,0.2661581831894997,0.7354968152674487,0.9795832979878969,0.10379324395102041,0.8617898710628753,0.186744683422431,0.6367578905055323,0.9298625896143146
Mexico,0.6565116115281779,0.762865906638648,0.9704735990020876,0.030911308723177378,0.7650677605531176,0.44085742007037176,0.02924673136457212,0.009352587311357019,0.8038983885458463,0.035981628870877524,0.22280151460246256,0.6475722799337736,0.2765593614094709,0.8445661369188543,0.9818117729495632,0.33458633350670275,0.7366545037527341,0.9786869618683045,0.8009036150157612,0.5649006470859653,0.5051384355634234,0.4778901573141986,0.8294447905038463,0.05341133245068397,0.08063989609615174,0.8137370022315552,0.30492373503231873,0.6779330659254176,0.059015163684876026,0.2038803238031579,0.24170945669311872,0.8987637654520052,0.39448639435343646,0.12289688652552944,0.8939512064107693,0.13919302905087727,0.5927843571502124,0.09588049683685096,0.5320445024201752,0.13501902896776719,0.4302196487263966,0.17698565439360792,0.34380094971513864,0.6809621999132947,0.22598176305286632,0.1731288421723879,0.5908719099806706,0.4100714956648167,0.25567767154564935,0.6046568382112781,0.5823461259509407,0.9312375802469658,0.30834143255893465,0.09757202296091294,0.7155377113594611,0.1492248128484317,0.9415388349825279,0.9235859500035128,0.8820588491245901,0.21892201247119847,0.34409088558978596,0.8551524864516358,0.22498441911314104,0.8542723976578456,0.4428949403165223,0.027323042538485498,0.6340793957200946,0.7312119440416702,0.6312181998562245,0.908171789510285,0.8920436566452922,0.13251015098913987,0.06827359566018132,0.2195082765401153,0.1260954814187828,0.6887748421243899,0.09577189520058893,0.5506863002513888,0.7049394631889275,0.29878548511015524,0.6718997059333419,0.7640899883959751,0.6839239371208972,0.7171293291046439,0.29749884837104346,0.8744833623054797,0.005701565786561336,0.7374905424428474,0.9907669509616658,0.5984827951732115,0.8047271441787044,0.5960845945168962,0.5416941612909546,0.2828078024505797,0.5573604404633201,0.3736488975563652,0.15262413854705914,0.9391616157605533,0.17989623265263244,0.16926472232909007,0.6485220743685189,0.9264216001773955,0.635441196837979,0.8805699954279023,0.4315300539062651,0.9847628704872637,0.525721619586428,0.4780786943504667,0.8662886270677487,0.42553429246936403,0.5443941164654166,0.15709482956121323,0.5651280137422909,0.5567942155039286,0.6271525180885512,0.17984696975728032,0.4174517934095672,0.10180325355076913,0.050671507389973836,0.7193783639515783,0.3650938095933973
Mongolia,0.6364359666909909,0.5688659950418693,0.5921420976716515,0.1091279276032856,0.969039725981397,0.44561682003032277,0.08160822978283866,0.8989083262399457,0.23194163607293483,0.482791195746625,0.9834766114024721,0.3437548516176674,0.09759304686206238,0.31306451828927306,0.8159964552868356,0.410306671117055,0.2918715830780476,0.906339858271111,0.8413530144655882,0.9555955839114895,0.4598128844033498,0.2987096397255705,0.6764472944207984,0.6245787367188391,0.335877803223366,0.4047412785826451,0.4051495004341783,0.07921423866155486,0.9022237786873615,0.5329835463966657,0.9773639973327447,0.7129259898554259,0.1740675762560181,0.9889167257393885,0.27355829376446184,0.8906453013199214,0.52244040383003,0.6763007828228343,0.12368437111446973,0.06410646434163347,0.5310417273681067,0.357416845995582,0.8756210974875286,0.7783143561234376,0.8945954205117214,0.7399637053867782,0.8630437955242334,0.0002918924175028259,0.5571089429549029,0.2636846796883303,0.22446241570685777,0.4406095226338107,0.8504946351722783,0.39869752658036683,0.34634641122421905,0.8421237589207884,0.453385240378688,0.1896863578496436,0.46567153724680654,0.6485337631734297,0.05830612531808832,0.03337068734397719,0.0849943575829406,0.001394690362521378,0.028825743676879845,0.6608722428707902,0.5562571251800726,0.458613268758437,0.9490717524877994,0.9160319228695152,0.6504724367291276,0.7708165781933873,0.01613836708761407,0.3626933581462102,0.3681605931415858,0.8195456220495847,0.5560440369714108,0.7985027122642347,0.8055375502676666,0.5158369980210608,0.6951094509540757,0.391103568608276,0.8655949600359003,0.45277426829972833,0.027757733113693672,0.2417172509360106,0.8463300256694843,0.6976091594531505,0.8435330862152296,0.3650044396470652,0.11919660513498131,0.5470021559654479,0.3755819811583586,0.43107849289803446,0.6927026114918619,0.09431637580181573,0.5373027797433885,0.6393033788522127,0.750717297928974,0.29921279910388443,0.7954993970079748,0.24231935697805074,0.0060804280967154956,0.6721291441965707,0.7489079373232095,0.902418080564071,0.04685506556396668,0.7190109686420393,0.9797509640519386,0.24523639532327834,0.18375682534079096,0.9366972393018284,0.2745281513188953,0.5284165127435492,0.6244367722982672,0.2402091309733706,0.18063575352427863,0.04343407893434181,0.9930106022517792,0.5703741981609487,0.809583472091305
Montenegro,0.8093373300675619,0.15012243158667338,0.8686677481639212,0.4331791743762533,0.27780284690315604,0.0397727634324202,0.4721666933493718,0.3034379088844624,0.6328924687054024,0.44240244826587205,0.3856692525146075,0.15800061616800032,0.3255164346918148,0.22850975116563166,0.42518540249943115,0.8909404045304906,0.2084156189808749,0.006856542694964718,0.47790160077317034,0.3581724172912558,0.7524755143830786,0.4671364132358917,0.6076915843780352,0.36162081624585696,0.7313044229174805,0.4152602037858566,0.3401209048186148,0.6678783488510663,0.12499356773703374,0.8831484691580745,0.6181654316124539,0.33249379219712505,0.2936943376095915,0.8592264778886238,0.22982066857892425,0.20297387934237998,0.10864700486149914,0.8434150001248791,0.07477092380739536,0.1388101021067567,0.15641835305811602,0.0007918942431183185,0.19534713125111525,0.11488375888542846,0.20159668793198515,0.07607596270829742,0.17710481140666245,0.06843562582779239,0.48352723167996436,0.9602162796482683,0.5316521846040386,0.9980646172199792,0.3058749547097587,0.17228327106100516,0.06345035671154509,0.07082116243856607,0.20515037370849354,0.43543102770933684,0.43299490948773967,0.7086157757683411,0.15917102712275222,0.4795636879466171,0.41550715932330506,0.4312904646755156,0.6000419958620458,0.09799913062827692,0.1967772582462346,0.28200624140298747,0.31530981634710253,0.2875415012525233,0.31090638520131597,0.7128928703317544,0.8480565695554468,0.07650323415172655,0.9591614656865844,0.3270259425375138,0.37685006345274785,0.08236127806532711,0.10433964543556651,0.9151984228131892,0.2554836076776421,0.12859976025699127,0.2563529887395387,0.40363125103777187,0.8711715517098961,0.001423955276125044,0.2636888199446351,0.17809058547726386,0.9262289021751279,0.021519004928134855,0.6946669274452173,0.1703514099335317,0.2105677861319264,0.2416994673926104,0.2897774401995219,0.279753486064249,0.38649658036340406,0.7132357405237671,0.5407569274135613,0.5061310599181112,0.9307812408681843,0.7656600525410369,0.20458710160023919,0.2003479864515738,0.046366007707666745,0.021111320936052724,0.045802687739714076,0.6460097616808158,0.1790114809263229,0.8568643862884123,0.4567437183460704,0.6708208282054242,0.9343451277558161,0.1930928990855716,0.39929451572145125,0.3562517624166416,0.21067917783555434,0.22279490572935445,0.4770184562169122,0.17402964306768243,0.8279023686501791
Morocco,0.9509676687875852,0.8320908726539522,0.7718019654045933,0.11015950390164952,0.6961307941289336,0.7698214754393412,0.9338019822224399,0.32406380720891625,0.8383829382001831,0.7040590889951676,0.4296449044087014,0.7261849567613764,0.36427632616540784,0.7049095169092328,0.47193616351999723,0.22550298240679545,0.3002801711496519,0.009099941192800776,0.1237907104474818,0.008271051638245819,0.1526969462407206,0.8375388380249378,0.22171591541105473,0.952608986853353,0.3083909952672075,0.21644975684279566,0.037229772202732825,0.05918304442299749,0.5172241950121115,0.13289039304694417,0.8948773725957071,0.45645539889531006,0.49483308579248897,0.5737933886102021,0.44313975488653257,0.4064652197300239,0.03545038639704068,0.5696584715254925,0.09732713423738337,0.04950415490826965,0.28917055193608077,0.5922913250724222,0.9810094520853775,0.65867207012829,0.2011525781095418,0.3659249020374531,0.5958204306032739,0.6916747450570925,0.6097492315436847,0.1794490960324392,0.2874657267204721,0.5763227215587611,0.4311061207393595,0.12025064713394062,0.06874141834399161,0.16425784700801738,0.05147609438152323,0.07390114560256644,0.2516264681438797,0.20763749860231384,0.2031036166989436,0.3583274515141397,0.8917638735744677,0.9286714074152008,0.25177621814919093,0.36714925052479885,0.006773171491915586,0.23223658063598118,0.7717508127274803,0.06086908569674698,0.3558122577819738,0.8434493882434578,0.9365611880907144,0.7915951586033213,0.36057405917484786,0.2651116349823308,0.7030337927669404,0.925723724410786,0.8955482890372684,0.22601033847293994,0.1793807426293189,0.8461765814392809,0.20269279077721292,0.32287669339943703,0.9421952483808862,0.4059092262811954,0.4512337043751573,0.5460016428249532,0.4059736533077506,0.908221962223609,0.10184638077956376,0.8364682379396224,0.5477057000709927,0.9782626301421536,0.9631392860717991,0.9567459259769286,0.029508148421458213,0.21226543893700855,0.22163872469199986,0.5008211944747936,0.20855720496794183,0.6146577600641914,0.033428898609939695,0.38734605317931003,0.2561893479178087,0.1634353150217227,0.4766674534007804,0.5058579356695629,0.18820532431615922,0.14449324860265522,0.607369297192399,0.5555239072170467,0.18163188535836394,0.9518764505124878,0.20329508591526546,0.07984502954540096,0.42579786515003104,0.4142630240238465,0.2374325696478834,0.5651299119264587,0.5232300437564416
Mozambique,0.9643516895374368,0.9982065085047203,0.22308334076215897,0.05390401197806327,0.7881461344521781,0.9526932361708608,0.6594389121399821,0.48973116936412964,0.949006685458906,0.46246566076895934,0.8059775738636384,0.28193699446957454,0.18904730125125002,0.6238323221852407,0.573656808687008,0.1349854728963471,0.2691569563916222,0.2759702798247835,0.46351097790101903,0.30917914635334554,0.09003838310131584,0.9896325971385339,0.6697081302831641,0.14282592406245442,0.7902653688485607,0.802153868250791,0.5400041289302969,0.14046848154558556,0.0349439967112104,0.11404247178185445,0.5387299550687239,0.4534682989796752,0.38232430946395624,0.29384629483449476,0.8686667023606054,0.6129450825150957,0.2769282848958098,0.17504872308662145,0.0013824723819726437,0.4692848708743427,0.09217320312218935,0.7620421697007067,0.40692172786664726,0.5677336742379926,0.3633932621750624,0.6541809131265427,0.10871754930981437,0.5414777610617983,0.4725326371321641,0.6784756030453044,0.8670200554998088,0.6506139952891936,0.28529444535069415,0.743328687317782,0.8185419584487406,0.7352697144217536,0.590047112438061,0.3370424064481482,0.7313707238968662,0.09273715837521501,0.25213667838508014,0.3223296126494901,0.37474647064354005,0.7534335640337088,0.43017768938233447,0.8216897597930031,0.6233425543271427,0.27999396784232344,0.6397818402228859,0.44993653458920746,0.8892224392137935,0.5200387161928592,0.8802173567860359,0.39128546743388826,0.9671968921147526,0.8509499781651909,0.15464311326499103,0.2514349235404504,0.164704385661683,0.04085866673931904,0.05454651713560954,0.8141325487279009,0.22192891447639673,0.916552947090351,0.9737948147806936,0.4889079114829946,0.9012721605763909,0.03154285379633526,0.25543420937871864,0.1485856579414263,0.9839370269751188,0.5973676799847173,0.401568266485822,0.1515777537076265,0.6115740787220382,0.8766943998764499,0.8851141907293649,0.04273005426335019,0.5078472830096133,0.6018257847544788,0.17938024836545774,0.3476943899072281,0.8311469211601809,0.15719563735753916,0.84487472162647,0.6420625026716912,0.9922071076565543,0.7208046016081618,0.9314784370111783,0.3158399185712426,0.3738876067002127,0.15742462248615463,0.0740813708171042,0.494921538777765,0.4034550630685254,0.6685424719523493,0.8481759133176485,0.10775580424489706,0.14685207442685688,0.11888130944130415,0.5571977156529815
Myanmar,0.9689231280676069,0.3543806345885113,0.30234397659041123,0.3060093167924751,0.6836795731447568,0.11178131721429463,0.9508008476226144,0.9986056934981713,0.8953058746497827,0.8072198850997089,0.5327087706936781,0.7760412193506538,0.11665645021435889,0.14420962176421592,0.006557697588722711,0.42655602806447235,0.08608818392439865,0.3713672872958689,0.8078204792266788,0.017986513496870526,0.8496021206209211,0.8725256349194506,0.653761244948314,0.8925972078626082,0.509109598261215,0.890908336447159,0.9827945931607688,0.15559554427651667,0.34533940715255695,0.5905737816926315,0.773769866152883,0.7281608166688815,0.8408371686059614,0.7775858398155524,0.9727113794895846,0.11052469525898623,0.6170910908336292,0.9033403713191138,0.6622415147245879,0.4478874858437535,0.5160017007354114,0.1253624647375864,0.4577497592254459,0.20628829461009546,0.43012564294320643,0.46633273087390803,0.6757749907103775,0.45927342335521215,0.11350122109666416,0.3805192184241738,0.5012779289839875,0.5886321892741226,0.028166453735205543,0.8232984173698669,0.20363448734961687,0.6023752329612831,0.29471586455263776,0.8887793869576012,0.6181531313914691,0.09180686167434404,0.524222198363231,0.23815549647905798,0.12731073353239364,0.8362879530143573,0.5694342667161608,0.7855114562763417,0.7661946326898434,0.1949090937239547,0.6543772708447733,0.5619713104262912,0.2628238663894077,0.5955276438557587,0.28166497111120137,0.9499810111170667,0.7341997910581234,0.07319434039833905,0.14234974753077678,0.13126420007471595,0.6283870212353877,0.17550472646411386,0.21993789165972122,0.326900419431983,0.6751870021670392,0.9019745122501805,0.9695592116087932,0.4672848464374133,0.9264915419679035,0.5355188515498637,0.9937762818263262,0.35398825922120825,0.07974226880733193,0.5053977071617113,0.48321132511251685,0.8905906370834553,0.7675332335873138,0.16090095434292362,0.2906116820860909,0.8330512006903926,0.7631685276214939,0.173196986434334,0.09201144368605108,0.9734041879725848,0.11037624946064528,0.4677273732094972,0.7106126735342565,0.8607023915622625,0.822943325458463,0.6867137261142958,0.9125703400888986,0.9307936742365533,0.9412138710240257,0.9532046112144731,0.008984536476113747,0.11125661676169285,0.484225188773306,0.09581177854161638,0.18066529943001497,0.8854676552440909,0.8903912926313304,0.3142300554902757,0.9029489113042173
Namibia,0.5962719359662544,0.9205843168617176,0.9810618384122437,0.7740360347652969,0.6964032929782822,0.5959536840600539,0.45013598348432227,0.46743536401513675,0.6718295167849234,0.9621699892055542,0.3282591991900413,0.8875385566267403,0.35678777243254656,0.3372128151376975,0.3256989705504326,0.8476644422041577,0.11746959676556756,0.5000814638786091,0.054909186993161496,0.6745207967164456,0.8982012530956549,0.08855002629181441,0.45171492561153215,0.6433070814370992,0.9050550457461997,0.1687174766710129,0.2953514127667455,0.6789777520127998,0.8515577596465721,0.9938953103490685,0.5469559236303777,0.45823693979857516,0.5555165154567125,0.45638804821183776,0.07786095340437338,0.059120500805905585,0.886734363808343,0.47605446743955615,0.5172887414381702,0.23807190174683612,0.054358994949307404,0.44391830912317354,0.04919791341112589,0.943795467582026,0.7619553955176526,0.11356020493312557,0.6532534481977827,0.4883928330994908,0.8032672292981154,0.8694964075682898,0.8849062487050197,0.6099171566887513,0.09235803697284894,0.4757235973088473,0.47387954261626464,0.8644267050877199,0.45866170958740604,0.3315249783786397,0.11909977314465647,0.43660351048404933,0.18329303797737717,0.638430904895891,0.266671402605422,0.4188856798829105,0.21403042819678753,0.50311888104699,0.8986322804380129,0.7864458231634806,0.6925655948004059,0.9857932350583786,0.2243245837742892,0.09327557279444776,0.9700059566493451,0.3679682967642882,0.799328866629948,0.6863484407931405,0.8621192131896189,0.6390650421767323,0.7323068917092957,0.8114499487442669,0.6406715447991416,0.8638894047096578,0.22150986635786507,0.5282779227398144,0.39619217187425126,0.6091396238369406,0.1717778990074149,0.2654442402739009,0.48306638681568315,0.32119122055454086,0.843102795592518,0.8071801709968397,0.7785873765329676,0.05753113421798095,0.6503024118263726,0.642297313419302,0.6287495669834718,0.48246848159352607,0.5932158868892621,0.22221108013884328,0.4486323774308223,0.40650785551643387,0.30704806626575043,0.041423949881851496,0.8712949590918327,0.5679996237718034,0.4490360914131064,0.6333033297270665,0.8502112860943318,0.9114201148285791,0.09280775563388521,0.9046642923167209,0.08188214099070501,0.34593120852389636,0.706054529420391,0.33762757557859224,0.47456221541570454,0.9380407555160467,0.0723010050957088,0.8488375039799944,0.47056344051446
Nepal,0.763053995245933,0.08833613299376142,0.26841544339500245,0.30030932254845677,0.7022846194896453,0.5096619757325342,0.2228869028539583,0.34753672597496665,0.275179224539122,0.8900339061744884,0.41316091926587284,0.5908833563851643,0.9286945560620697,0.8886757525691784,0.1575342155176248,0.3834658573519961,0.6341850551267365,0.9658379276019732,0.6948307487200626,0.11843399800874466,0.36726035516281696,0.7325485952033961,0.5481540721506594,0.16031641759586124,0.9185920546735376,0.7192528547377357,0.36416255911208495,0.06731575041754445,0.6985840655745696,0.8746860241439305,0.11620387657930487,0.868747409221,0.13043387340038937,0.7546037795039195,0.750358459734319,0.8969091107743901,0.021068872316454157,0.9214453754077053,0.966865469210698,0.3313848450280552,0.7682248458028704,0.5914476538416712,0.6587284297584826,0.2678603427502324,0.6019267800518199,0.30743511965675874,0.699315154780236,0.6412589663797291,0.34265231848874156,0.46244574100992974,0.5914068213270872,0.60486672051415,0.31639043320616567,0.05481553127435301,0.7454509488556731,0.33301021357358573,0.1993375149170986,0.5912253003311636,0.5240043862617877,0.5458777786690294,0.6505834536769634,0.5286541000039767,0.212122858559202,0.9780427682052804,0.19010592078807464,0.9657151243925466,0.5449489492100876,0.2886239593410579,0.39071122879635756,0.42695069995927115,0.021424165124263483,0.2629371933018825,0.669210002677569,0.33278599739456527,0.2242203562960674,0.633758708247613,0.8896274438229171,0.26165138473246785,0.4459419910400396,0.9895268950780514,0.936764128236136,0.706602522194594,0.728872162003628,0.16764427025625883,0.35663753668772924,0.8126000179221231,0.5715303723623977,0.2463083560303828,0.7403202104435223,0.03240365383099375,0.17478345265398554,0.6630059024020526,0.4640030469052442,0.854751663898137,0.5564381750235756,0.02183138666893547,0.005089862981227933,0.8742583777635667,0.9715611719895055,0.7772580620999854,0.8417311837626528,0.4527898821312646,0.7588934760914245,0.6774435511203909,0.8462219605613542,0.17968836073710648,0.664342776683472,0.7631287772784735,0.3242268125217119,0.09171080652456098,0.03821503044731078,0.3698656083253765,0.3338874722486924,0.06658153555104873,0.714292001961599,0.7564924580231587,0.046204850755274696,0.39234366376086616,0.7188522927282829,0.7142892868582514,0.7853671609329479
Niger,0.8974855463750964,0.5733518368855212,0.2622271257407094,0.24280384932775645,0.3897538384727097,0.9353774860441708,0.9566737890143139,0.13810805727674325,0.13753907122548326,0.6159805913356796,0.8202783331394465,0.16277225208990553,0.8490243567798094,0.6142905700207519,0.6692300734197113,0.20758097008890308,0.07516195814027438,0.14503349389135978,0.6535205546025644,0.7750311560661002,0.9274220310576415,0.06350988529656776,0.5967617813080566,0.6623971366856509,0.15726396098782403,0.0072863128431539526,0.068000748511999,0.7649927582599011,0.9330795058865169,0.6976706649814098,0.4949875090375724,0.5669235101417447,0.14710158111008398,0.8592112355569591,0.053583550018930004,0.4730700088092673,0.06334019368146948,0.2879911979389457,0.17905171210494086,0.17997901664765503,0.3233702806254686,0.33771205805628834,0.9321572384134665,0.5080792929348709,0.4550134452060568,0.41028192457997403,0.6851972470692806,0.9495079803320206,0.4742954374696746,0.949562148296209,0.9204709269871888,0.08515403832987001,0.48202656802035737,0.15123019893253276,0.05846851979922252,0.46865650802018455,0.30366880644866534,0.7755056459522679,0.19927442796818073,0.039566024231449726,0.0882871486132294,0.5537445317166518,0.0955637271638129,0.7642618430606432,0.9620825330709932,0.1961901449053033,0.19037728652682262,0.7651247553258245,0.16651550077269395,0.6033592631280719,0.06719248527015154,0.5777461822308545,0.2143163231608708,0.882930570897922,0.6602064383973573,0.6777580611075826,0.2290206696211471,0.26762780082819404,0.6691226820423194,0.14233445704026415,0.12071655377422752,0.7942142616927872,0.27761576960722134,0.4416667504875471,0.17579842508664034,0.005896368190344781,0.4817301500528206,0.49354136845273466,0.42605505154143686,0.9001831649684067,0.48165161954611935,0.5169077628265085,0.9561288655285458,0.9578781017444248,0.43067149796901805,0.16855873599739568,0.1486627340858494,0.059875826693431944,0.6408177254676164,0.36828416246747686,0.6607514868419881,0.8085830577398511,0.5425003509920777,0.8240860930393352,0.17957750531477346,0.9449398662057166,0.16104192504947856,0.2238919204603168,0.7055490147197262,0.08299079782577701,0.6801514408835332,0.46107971382398505,0.2869002483190064,0.9045575157363567,0.2166418869176846,0.9104552837086524,0.09693718696195497,0.08008945176932747,0.19963974468608625,0.5202185882333689,0.4512871503917749
Nigeria,0.5523551577306229,0.5805293976589101,0.9352953205682626,0.8797656485035067,0.8849665716525896,0.5303978765523188,0.9114667585144673,0.23036959168396975,0.46618812600359427,0.2421871898394159,0.3094293961025275,0.1497307595165177,0.30876122080025226,0.8089131421417247,0.16303674296580106,0.09493673925383572,0.8998477035976586,0.005887246691078762,0.02618229023656904,0.5491968930134138,0.30071787192638066,0.6935438127857392,0.6987252776921139,0.31623814092654723,0.6028165855345975,0.638918474133493,0.5267604918583875,0.12908944506417486,0.9273817169987705,0.666275215932868,0.10409728798006235,0.5986062757982534,0.7125136649393423,0.13793247022428523,0.8346809288548288,0.28151262399786847,0.7752981204251472,0.4352137434867458,0.07414304972781038,0.910250842779976,0.8142646649048679,0.8225470438604833,0.8498134956797182,0.16045292948992385,0.4556336490389049,0.04750429846082982,0.9524364965838449,0.6364164482494248,0.047476006602081844,0.03056744046329951,0.3312642005883989,0.31519339683617265,0.8225224460549566,0.9829091038521827,0.6909179422547636,0.9682974079760772,0.6554117727870988,0.1788366286974864,0.5906672467272408,0.5998152345395829,0.0025208717154705518,0.5097564755609069,0.668658449702744,0.718062877122503,0.7531292928155283,0.1110753735366673,0.876260089450406,0.2513696957898872,0.10166927760890776,0.08888154969044659,0.8325785522942654,0.9770926085310065,0.6409918053476,0.23952445883583162,0.3033232661932751,0.2604718463755028,0.23408732908329333,0.5128312583775174,0.6386809833355194,0.3529186225773139,0.46141276868454384,0.6915803584514358,0.9739757285472876,0.02989356776497676,0.2626082341218081,0.4602352025002704,0.3958815277848119,0.8032422061138743,0.1269966671050503,0.43970778927198784,0.8766065111042571,0.29460022520661344,0.22742473733506186,0.3360618694344356,0.9522135748324023,0.4661472996880923,0.04861501829711379,0.9486115389766997,0.11749429788878829,0.8439933216095588,0.3566170714527004,0.9938910675587852,0.768237006524229,0.5624196210885363,0.7168848230564336,0.6163679708345547,0.06558509103522803,0.455954461489563,0.9262833042895128,0.964783666808433,0.7581985592859043,0.1474596440281538,0.05885212467964629,0.3513461649361769,0.42755388421012575,0.4921269558696112,0.10510869977625137,0.543087832267357,0.25041476862601175,0.8038658716014633,0.22455335625994743
Norway,0.7412491382688885,0.37917648490879063,0.46884486350485166,0.03771508716334382,0.1773444549027281,0.7119639222174968,0.3461196440158453,0.6657315411824782,0.3024684348136777,0.2296796476924058,0.8375158899670914,0.7717816392223017,0.5187443921410583,0.4360039409422882,0.37975365622825963,0.22385866618238515,0.46260109674044003,0.4930618805109259,0.6962629016498829,0.5822435254511903,0.6983972691675049,0.25287550957570826,0.45192264234196655,0.7184077034527862,0.5495011253110142,0.10716695698774337,0.2860630325692787,0.12263273452466084,0.22775112282493548,0.1578471422293536,0.3678498605999213,0.9856251500147643,0.4594522448240672,0.07581039862715566,0.01985280701106995,0.23929064361234842,0.2958399820089658,0.7902354783700132,0.16412232584169995,0.9542328195124253,0.35880529396887184,0.6689957161001581,0.4916255537386617,0.3357743829520653,0.6024979595574329,0.8898167713909552,0.3178219737291792,0.05249383240005123,0.9029852792884797,0.11438453324447673,0.6196655363737871,0.919132784122954,0.8690233227122353,0.8444315777912658,0.6950056905208265,0.5850318948943339,0.062120820535227605,0.33909995986006225,0.73720658868434,0.8843985478609054,0.6962908001520004,0.194860405648984,0.011111560003542853,0.9833175179656182,0.8665327936297162,0.8749428579613593,0.2934468245106103,0.4489430937231558,0.30528494923370997,0.5090901880901836,0.8451340488290605,0.8814086268458987,0.3772721723955008,0.8179797651431275,0.582412227747483,0.5309480827959338,0.5562710056633224,0.8095158766701713,0.6293286493437453,0.8779584689498956,0.08859934677003667,0.5064927628652692,0.4153678148646077,0.621576586654086,0.9283738037073826,0.4159334776212261,0.5967419865163003,0.2074265754966932,0.06872458186706154,0.7406650055748806,0.6033330163917735,0.13964667908659834,0.8197661929028035,0.4170701954736814,0.9058130596296037,0.24188580832797413,0.008677797475641347,0.4686759029646147,0.19885801884836352,0.6345269265654978,0.5522925013724558,0.14393336475441487,0.94961577132938,0.36258965243592156,0.3022858951949515,0.44797026236250115,0.5728441534933868,0.609553025024965,0.07563403345349218,0.7188664442961052,0.12981013296147936,0.5474399740065973,0.18249918728772718,0.5086153949788731,0.8458833648494823,0.22588114036193574,0.07296073475686693,0.05112778183952271,0.9922380171070352,0.5888093276075909,0.8887296737541408
Oman,0.16439687826973193,0.4125477769937351,0.01954478956440453,0.17542894503089457,0.06346265309663568,0.6144174298941594,0.302974148324175,0.20606419264207454,0.9826779216392936,0.19636828113820037,0.7548510425968504,0.8666660145697318,0.5220586092932504,0.8749687595245994,0.7930497038455845,0.7051358282753392,0.2268436349061611,0.41856918753063677,0.8942241943118892,0.4365976725442269,0.5416397692550213,0.09264180118071796,0.7416666884818055,0.1241494446500293,0.8262022573302713,0.4449371552761946,0.5279991782316927,0.3789161973868148,0.4664973539925611,0.5469877023712347,0.6316922133111982,0.37465508067746567,0.29139849601172596,0.5022770544137035,0.451084452746912,0.5265216586349557,0.18570934183521814,0.19637921241699963,0.5972976724352164,0.8319192701026309,0.9346263118436429,0.6360041211131467,0.6634397153328631,0.3114933474310241,0.5858375222847348,0.8720819002077973,0.10863849382001889,0.7056312641748529,0.6492918407930434,0.3910251063693647,0.9476375381876024,0.8356665122961133,0.6415990658054959,0.11927470679761631,0.8788880443467457,0.5469227360002299,0.664625285365885,0.47003121334927644,0.994435709343909,0.4935185251926656,0.9706458097790891,0.9778771819184465,0.3085244443534235,0.5354127291627826,0.888516479000755,0.8858416214593317,0.3066120685255561,0.7047183023768593,0.9515860813520429,0.23898549788917356,0.26684986327651306,0.9813745433816867,0.5885174183558376,0.19876990509686032,0.32297705069193017,0.18400306468181093,0.5862742328338149,0.7941660906658443,0.7964074631582042,0.049354514142093575,0.9269255111321835,0.8959952925352711,0.7609570306030964,0.7768972944651847,0.1875108413987392,0.525338686894635,0.8652281689922846,0.7934962517032478,0.5853301846515323,0.09415861864754016,0.8469903737700055,0.9997986861614508,0.9689771243446423,0.632885966996941,0.1971454572251894,0.7342629306755001,0.878972335851785,0.24150389448599463,0.28725081300434907,0.8282000372864436,0.34476031798053786,0.9530495511712682,0.5133764882019787,0.9578964919082348,0.42714914513464064,0.18438895465955296,0.0656693100439335,0.045495028095225654,0.7194538839815043,0.4233816355293093,0.17490123044828554,0.12962688284591872,0.1404242308129654,0.7195453301858974,0.6265718024288587,0.7706400118575651,0.5594270622299339,0.32488163789750324,0.2522951032051828,0.15270759371931075,0.9150823665801898
Pakistan,0.14038752435336288,0.7445624336123878,0.21603526118535654,0.03661702903599007,0.34440234251205737,0.7070957566371097,0.6279779287777572,0.9432460318323771,0.12737890090765958,0.2621688808787942,0.6448801591548224,0.8842302714207727,0.9002156618077684,0.6566529720435195,0.9211482408704444,0.7321285918126519,0.761748137179345,0.19096485624704085,0.7873695166518353,0.6836461629059857,0.2649431232287862,0.5635316837071052,0.056049748678014155,0.26107219936425985,0.8876572224300986,0.6018073727990917,0.5271534012013931,0.11541213668001693,0.9979834601506625,0.67369971356264,0.9785519916493947,0.3779768910967124,0.30762786156957334,0.6425194269052147,0.3533356058649011,0.6845391773914982,0.6171422040173233,0.03701034363922606,0.4723506644252262,0.2801300171097818,0.7874158951110535,0.4154122498536733,0.6267969718868159,0.3072943714149111,0.1935141886478302,0.5773656595085005,0.7995208389342894,0.9166039582699124,0.8224832012718689,0.6585086156826726,0.43369156313831403,0.22354874740737363,0.7361878469125439,0.5143314934333132,0.14785299244569117,0.8991944509493798,0.7368998792301866,0.12374133085910777,0.23124928400168088,0.4553389613650781,0.8279861338669253,0.29565388274125126,0.18548070465677413,0.28276189785731365,0.6817342458956185,0.01689630969645972,0.0123672274081853,0.6782817460739574,0.9492558335986226,0.1705804073769116,0.38450878119918386,0.24190812782241033,0.06549627772470246,0.15067482786920283,0.6236889402711113,0.419865805762454,0.6622819709777611,0.2025183732539888,0.3156584728842631,0.12098730691145498,0.14420010231895353,0.7101605912468293,0.4841775354599087,0.24913432748297215,0.28581402294514036,0.06977016173094586,0.8335815959060802,0.8684834190448695,0.37618586589595193,0.9079491373599163,0.09222287924822536,0.7385922613686776,0.6465879623716538,0.22359230571429223,0.9468957200417053,0.6680640145025729,0.3257666425581712,0.25079631113268275,0.6954304134525788,0.2420366973813608,0.044166882490609516,0.5154539011022121,0.2618258470103144,0.6221272622435826,0.944284389973561,0.31337181759822075,0.6679940089850352,0.6137459941961785,0.7447278869418934,0.31399617343125874,0.41395470715955485,0.9136718039278684,0.49026296310140693,0.6082589360828414,0.10629291129670593,0.5280726202885253,0.6667808364625051,0.08218207565639168,0.16942850452195146,0.5789405172197751,0.17498789726821573
Paraguay,0.49624758239915356,0.06320832260416864,0.11226062935598602,0.9838932742862598,0.15224598312312754,0.7888048858977693,0.25625415414046826,0.6064273526363082,0.8811433033290118,0.09146779759118095,0.09748801128538598,0.44820236782957046,0.9177856583135319,0.16870622251935763,0.3799511660414542,0.11994360974893103,0.15004814562108426,0.8393953322435017,0.08714252372522557,0.7508758187907854,0.5654811301035049,0.31516847163021533,0.06377889794622704,0.49246744146210475,0.2603445840597898,0.7851162703936636,0.22165296283332947,0.672761859249116,0.6140260216372538,0.1019142082736525,0.11532594807719987,0.7805725679316721,0.00812298806068501,0.9459410466682452,0.7438427297311615,0.7318333299432095,0.4564033406896052,0.06830086767544452,0.4566954448304844,0.8613745752944022,0.24177611934923182,0.7274833712260051,0.2935852817199711,0.918321945692362,0.2760836553911912,0.361689280554757,0.7766299485050593,0.22616971466585067,0.7175360332026254,0.4613308399112931,0.8589642566130145,0.16640452670172223,0.05218006138687259,0.702201244886903,0.39489555806002574,0.7592319397005616,0.6666989071748682,0.4568820154322597,0.6524996422329948,0.4191982602811982,0.5290803746084097,0.260131774460024,0.7089969789277096,0.8156667107724684,0.07533920897678237,0.06594844342521056,0.5244973079234659,0.6928556097783025,0.0915674038977784,0.8332480103902851,0.25348583980326334,0.721694954002195,0.17601481608871172,0.8281368246739796,0.4764640581049624,0.7174857264924662,0.334838999682036,0.24762244235834807,0.3089004280017945,0.479996168979265,0.08749203353852408,0.6150119359111998,0.9592676142142461,0.6309747872867153,0.5327881945615403,0.818845407918659,0.6127188726218513,0.631977168575361,0.6646476278843874,0.344527299849698,0.458813690787231,0.22040742642100264,0.7268169412578842,0.6755959285759862,0.06649308951633925,0.548449831127566,0.47191707315946163,0.5861657750146299,0.23856559568099878,0.7529906601147448,0.09419457607794812,0.20796444033215422,0.6986665426681367,0.5129783257398425,0.028822283192902365,0.8405028399875755,0.15431728275470868,0.5184006136895217,0.07455329321732396,0.8510640004128401,0.06952587638557173,0.634726487472708,0.48694329769183065,0.9852932918470108,0.20175195874018614,0.19176039103643383,0.8485219078053379,0.8644384610960743,0.3435039685733219,0.9420948138361308,0.24690852511924377
Peru,0.472766002404328,0.9840475055551431,0.9982226420485584,0.1852818042116915,0.44298851301618813,0.528863184303199,0.12231630348893707,0.1390055951342848,0.7318813893522534,0.9389040565460413,0.7578021169427351,0.5796689724046803,0.34463672092655007,0.826663156390568,0.8470724000716793,0.724076639116369,0.4464773798703435,0.3979580281432571,0.40552660445811817,0.15528188439171386,0.7832185247355764,0.3468959596361645,0.28064356620303355,0.10262622595043924,0.055502384158170104,0.7292275015706572,0.8028605466071296,0.48905324126127403,0.4608530765463421,0.9451814749127851,0.7919404513513393,0.9874933758640759,0.2048191198915581,0.5526260452723555,0.07690667796275019,0.32511250790476565,0.23190116017938356,0.3339909507172173,0.6559883686323033,0.010982123129067323,0.8937704418344838,0.1453086493710617,0.7471804245956731,0.779064966483396,0.7073304670919547,0.13389749623149316,0.8258246427774649,0.04212813823175088,0.8957624032433285,0.2590981495518767,0.004421770096584066,0.46858763172261797,0.6632228239756077,0.4911166316577513,0.3885705645914045,0.2533519346294394,0.5362593413310729,0.1458337716290552,0.6607954745073141,0.10751204282265137,0.6481125627601501,0.3093474196674666,0.9202551320801071,0.006948952618324289,0.7014396932391569,0.280198813733019,0.30454861430771074,0.3130691831594613,0.633770959936614,0.5252618531114165,0.975210325919913,0.5071126591182641,0.48404545518240694,0.29559577383374736,0.6771815270573026,0.15256868084470587,0.682458015695866,0.9382303453953128,0.47354679917364106,0.6882188317788648,0.15251627209375385,0.1832288024362444,0.24533402473172927,0.5810882581039463,0.3397435041290874,0.7203792715439022,0.8435544076076256,0.9812973432118025,0.29110657545098084,0.54146779632064,0.3030186497700581,0.7241087808981884,0.5980125971696191,0.03634745587841215,0.9102477027956948,0.9148432732969087,0.8911753604045947,0.12674287065834722,0.8692484905537416,0.7394823114550357,0.7197883200517443,0.5826436582258252,0.3971403235699098,0.6502951012390461,0.4541299757142161,0.11288638029580056,0.020575724680388152,0.09574269598063734,0.019005236917315815,0.37309169086519234,0.7918295590338191,0.5338569661743222,0.25696716097192107,0.9647383983786566,0.9399073612122975,0.940426754435191,0.5418365938987613,0.1871038817064662,0.10581816321061666,0.7277071016106849,0.206122434696287
Philippines,0.520615308557852,0.5464991909276823,0.8090256129102611,0.39262365117221576,0.6286039202669605,0.6439888141163916,0.7172635778693609,0.6292069099459685,0.25184905513661393,0.5954658416799126,0.5850771056815062,0.7718136962688211,0.13663757581030422,0.22789599266646177,0.23950943865284358,0.25962227645189584,0.5333493779777975,0.13679158545185444,0.1607806882366266,0.532182503950731,0.2792938323053866,0.04955142293051007,0.9053274725966903,0.9767537342707971,0.738939246099699,0.30513952930470123,0.10732436535640355,0.8588771766441738,0.8843029922116309,0.8790211997776254,0.3456174752906096,0.848568926110229,0.38640896621407617,0.04238467807161472,0.46452868476201914,0.011328623641078006,0.890548762515772,0.22353840230419675,0.7822873730747208,0.820748749478189,0.2258401494632536,0.6015387248508259,0.9869439557225159,0.44346341902071595,0.45314203033385125,0.3841331856052319,0.7338398240084019,0.4981470268502801,0.80306657645243,0.7653878115734625,0.7615392806526708,0.44692768959466334,0.6871093234103096,0.2841331606184687,0.8224699541582836,0.9513191109102246,0.4649320606575822,0.4053113036035627,0.5260572733841343,0.06872958458598044,0.48831630179872254,0.006776327281875161,0.5372665454292498,0.11631524328874665,0.9224709795529015,0.19147413785165834,0.08977259197262544,0.2083150756024741,0.01474258315901067,0.9896941439794309,0.3392324961979303,0.2855244761313064,0.7877836619578511,0.3240969828316337,0.5016823481367751,0.18515041671759414,0.3937208860250133,0.1371724530884958,0.6808625631487645,0.8309640684599665,0.6843101922226925,0.2179823420234117,0.7995742484862869,0.9764373352909197,0.05699255955531146,0.041699333345771916,0.5272608078547468,0.01981152608393555,0.7945999682779966,0.8437100089875212,0.35354575771737173,0.19355853649912125,0.23148945864128023,0.8682495995071304,0.7115316265647866,0.559906836673682,0.7903900549737012,0.37795976714081314,0.6935649535978204,0.04818235565554019,0.27167205824854257,0.22391851412063668,0.828829656946311,0.8610446929439638,0.9934838284356916,0.9389261529867609,0.4447749265422164,0.765721275556112,0.8935284121306852,0.8364441044702607,0.12893963023277755,0.998211023027764,0.700095646733016,0.7501398562298718,0.4153597192362506,0.34809378721169293,0.37058528930038026,0.9589675500929887,0.44342518119339636,0.18218556790768536,0.7370209197339093
Poland,0.026082724761665177,0.312293446586579,0.2747092780233301,0.8349268890161613,0.532570132528264,0.33964992716844633,0.7489155289633307,0.6238507628211495,0.2532030776582628,0.6822833263190395,0.8727536095262178,0.3493391784247891,0.8768143143791501,0.09966795964819686,0.05424078387810205,0.559205825674779,0.8507821838744448,0.1537500198682743,0.7339024367723407,0.1476068318789725,0.9061854157363001,0.49082123099544284,0.7279136127750114,0.892647218879402,0.4620020099887403,0.3953498614960633,0.6755969844046389,0.4744075001504512,0.1750032005701776,0.20484573499900727,0.19743949232502056,0.683419241057481,0.9351287402383748,0.3887325010242044,0.4301082521191619,0.18607065607646767,0.4270894716107696,0.3233670727307505,0.6374487420215668,0.4597633692766949,0.9187803223752882,0.17149215116807803,0.24567022793006976,0.13039547151302744,0.9457587101812478,0.004805802440423057,0.2902710920483774,0.9606682736547802,0.7243383125439341,0.5808716123899226,0.823988126075519,0.5865339419899617,0.9933653810100848,0.7567640962340225,0.5373635144177717,0.12335155754818072,0.7059679140088381,0.5203078577837726,0.6756505392973272,0.5003791145437888,0.24127524415069612,0.7588928738483771,0.3205129082478795,0.19145803253659743,0.7750006875358837,0.16909146853406254,0.11070528952030956,0.8460826864875847,0.6941096906396472,0.03481221986461558,0.4668437493836465,0.6831331252182393,0.9781684353062046,0.9545341458427576,0.6221863150113917,0.01248194096094557,0.6173314019596337,0.014602352544974662,0.39020580713561215,0.1169490246555176,0.03982982243806732,0.645740070077924,0.27649851071201337,0.8650116931059082,0.9307576925022726,0.21909712141733573,0.2785654925338199,0.8147405422566255,0.8047484047420614,0.7122035121871543,0.7842329371597266,0.8082833502048123,0.7404117209139791,0.4314368944102642,0.9451916066444843,0.1514426810567825,0.16820437032189006,0.44592352471482366,0.4887440169196464,0.0851036962340862,0.4554696063131256,0.5933409375269404,0.33461709601371714,0.08411502916927283,0.6222951162930904,0.49298595835869596,0.6392229737711272,0.6667135464676496,0.7420519608193943,0.767531648627459,0.759540632195415,0.28094452773600787,0.8553751181905097,0.5812469160452793,0.29484762988212687,0.9491034676696253,0.12607880559183504,0.1380704516791592,0.13647761316257334,0.5435568206195134,0.21494361490637626
Qatar,0.8622248213933461,0.19943000799661048,0.22027648973702108,0.9815021389639973,0.3542758727167843,0.13499076440361724,0.7046579267360726,0.8836484374772022,0.9065788948534185,0.0457881211608554,0.9220308425337216,0.2471904485411417,0.6432940795046184,0.3843114012068325,0.799575894922917,0.18863934253981496,0.12412345891308907,0.9951993338146903,0.7005592135870465,0.8091821265371882,0.8560795586686855,0.01451246048498489,0.02215957549868519,0.06514816351681063,0.21491944645953998,0.22924187142522578,0.976221052339097,0.1017589809370516,0.5237169537256896,0.017080325737318547,0.3336895597826849,0.49328325941460827,0.1352999602014543,0.805811169281978,0.5072078606416206,0.5200574542472918,0.41399791392617835,0.5920361182287375,0.2929670132405484,0.7205394479985312,0.9600964509814383,0.30459897908558553,0.7872527926536164,0.3080950365932452,0.7384728347365406,0.31160272548680257,0.8849655589540628,0.437439724506794,0.4960113239808901,0.436460692188411,0.5273617268017792,0.41729004039961726,0.900715887900135,0.022908399972165205,0.06860270237462629,0.5101010890509253,0.9371595694202564,0.5024007309595052,0.23293004005573525,0.17543650647088205,0.8669602797545974,0.3356374749179739,0.4188915748174096,0.12414479128883549,0.22923491894099857,0.057916691850454116,0.6077136112397951,0.25466241463413575,0.8067248817346904,0.8913595276266882,0.5122802531274194,0.6986734330675461,0.6677896676309383,0.0031584021640269633,0.758936221746623,0.5610943588336731,0.6177732612917703,0.6043639646970258,0.7171970804388811,0.11596894669363145,0.6311169514710738,0.14210719107283065,0.3284550718850596,0.37183127011331973,0.8862398768672621,0.039087482327787026,0.9103332074319136,0.2739235689118107,0.697451565390428,0.3735832122444602,0.9727421339838799,0.7206278151080577,0.8118935273840715,0.9626291002568154,0.20894295908074367,0.49973172570008595,0.27441156178821247,0.8396563082241612,0.6051046346233204,0.7132945979418738,0.5053371229681695,0.3333495005256022,0.7718872719838676,0.7516316496534293,0.19608077135752633,0.6922771203897089,0.378252286712471,0.6812873048443595,0.03723434587337626,0.19349990442904474,0.40833466324811074,0.24487462594057685,0.41219250944475716,0.49033044064962295,0.37789744194618335,0.3821506842730532,0.8341935057419927,0.13156191157190567,0.6365556552032017,0.431826735168664,0.13411915119810636
Republic of the Congo,0.778701700589692,0.5390308622246759,0.013998117478599026,0.06505280833003191,0.25360272461149524,0.07684296153148418,0.6547213377504768,0.968038976166109,0.6637275322023127,0.8752987425976005,0.41425443629793923,0.915323746042399,0.664979801726538,0.5245498711176202,0.8167817889903746,0.6163010864995248,0.2405887227408171,0.05948911779667598,0.5720226748646732,0.4668705631307456,0.7616724949012103,0.6051224838481389,0.9297057241801779,0.6850478494007218,0.801906934377703,0.4969438870297257,0.28603897953434065,0.3463241865035218,0.9058840187878294,0.9065627787510975,0.5365809489873378,0.7789589742221165,0.7152805156558597,0.21899385647013048,0.5148224967391276,0.9966928902013055,0.7280064751670775,0.8058431464619087,0.17244659700766551,0.1290732422629367,0.603903551510739,0.8490082326119559,0.6749165894399891,0.18533071916879718,0.3675456000966284,0.4416453759168616,0.41293823191096,0.6736494412821163,0.9654359438660507,0.46240959390112724,0.9403604582295406,0.5262760408848306,0.9761481008223496,0.12520620071145738,0.3547680080854009,0.490143033662207,0.9425386017239711,0.23974620919524947,0.4683986347155511,0.8515321024348408,0.2518207680497633,0.3277474117535786,0.18606450594402768,0.9280207245760682,0.9385978227092215,0.6148741609908583,0.8402315296276257,0.47814112686471166,0.21212390857451213,0.42268868016699057,0.6920690533568625,0.8665378155713961,0.06128349803028965,0.7766532785524636,0.5757334534389834,0.4843178438926432,0.4406403840042099,0.09285134234952852,0.439691295150755,0.8458431259295202,0.05673008928169565,0.6206499117663588,0.5709334029843935,0.7715165493398822,0.21589378173993745,0.8985475592917701,0.6699074102836711,0.56249882717709,0.9218122650798964,0.33799107276184426,0.7114142910903467,0.7120612477893585,0.620388822459242,0.822102755875725,0.7024109786067525,0.9231238521197876,0.6421445039362146,0.1264442141862302,0.6131091563100237,0.8012484620922836,0.8941156412747745,0.4475305399329167,0.08141518772242229,0.6936372991308288,0.33396451649142966,0.4475456788297756,0.5508615643831766,0.5001694732568671,0.07003018508326897,0.6161998357404143,0.9046444760369005,0.643463761094978,0.5385565332316751,0.4064892281443703,0.5931313774692375,0.9788335360041341,0.46245844339360054,0.557640279047315,0.4518294884929607,0.226267205660716,0.8420484257602157
Romania,0.9711174705751662,0.9761619678946325,0.43126708343396725,0.2159951371042622,0.03176206757590416,0.4466476801141628,0.6551918443477772,0.810901917201279,0.9151035718199968,0.8783923964403217,0.07200699064817306,0.6789556341722622,0.46203811908401826,0.1572850403107997,0.804293088324708,0.7104675388356282,0.23478829218477226,0.934588276126848,0.3764856867357774,0.2361156229306468,0.5671745149715113,0.5838869833203548,0.3290553643370101,0.17914598520575986,0.6397099804804152,0.8718189865318715,0.19214269045895693,0.9789642636113355,0.1484660056393099,0.5291225924257182,0.9225668240108261,0.5846911249227437,0.38189125939151225,0.7557634340293249,0.3624674085612395,0.7477456954231562,0.4370414454386312,0.7599928370073568,0.22176779172169647,0.24783649570009492,0.573675307380399,0.22619163313972168,0.92538193375778,0.0738555734388856,0.6734925821732354,0.096875269838395,0.02087876316943782,0.4568206183983512,0.3663942988816834,0.18821927174989095,0.8004968834774869,0.375036090637063,0.2418678985989302,0.9529746693941056,0.6417255350811116,0.07180349559365051,0.987708755598323,0.8966890410956002,0.5493485123965279,0.6183282456555125,0.5217003125994041,0.7786983697498194,0.8358406584562785,0.18007437916664715,0.4071598139544522,0.935078165532188,0.34768417111493866,0.8763096505281104,0.28092153540678433,0.27240971672031744,0.14709659906924955,0.46921248232446733,0.3650902540093308,0.30271373263658263,0.7616699457616121,0.6106906253969175,0.3618406383229429,0.6609226977462518,0.25923239265092957,0.7414539470782204,0.6413369795322842,0.14250188314499235,0.6224953709342326,0.7684696340325063,0.3889451416879971,0.022807140160998163,0.7609289494070269,0.6453668194863689,0.6866069148423142,0.37777457640197976,0.28936627641519364,0.4170637254489181,0.4867874200402673,0.8088909576981406,0.9917403918383934,0.44144654127199234,0.4161456943017966,0.36698412011652115,0.5905522865262658,0.10478932145580211,0.4260999385273361,0.07529915157474065,0.9226938924955916,0.5107832038960007,0.7946706745647979,0.7215318595414619,0.770325123118089,0.23366052754963929,0.1962356876367316,0.4982508786618963,0.5476598440048152,0.42712215893517747,0.9469510588011474,0.5861773998241512,0.2196638212769736,0.5412714186541142,0.3265232743042299,0.04843460999279814,0.16088054674067365,0.1276756102360933,0.7938029906062177
Russia,0.8635837373042687,0.12770212321472751,0.5837148745796316,0.8964122985816076,0.7134103644963545,0.18672520291133443,0.8407696646585107,0.9956462815055116,0.4169165316651877,0.9078133709609393,0.5003167008557405,0.6191525852184615,0.6805870261593356,0.08955947414200682,0.1371581693290974,0.9595699641487909,0.8896301299581353,0.1086945992179289,0.3305387666372258,0.9895882970681593,0.48638064768037415,0.3308976634693144,0.527437996621046,0.8814485515287428,0.07010304635858944,0.8812684067402714,0.25399634639111035,0.1714739526720671,0.25644582099005286,0.5487433489161475,0.9777256532337528,0.14345186421986922,0.8962824798601814,0.022614553349049604,0.6974401492893965,0.5246512904276802,0.8440237169456564,0.6836524476231086,0.9827768118791949,0.7053171703195473,0.901800025772306,0.34009842200932827,0.41298808787073293,0.9270998758324319,0.46693195767576834,0.34572309520750877,0.373550381926687,0.2913224203579704,0.6039130127197266,0.9316039232297901,0.2874090073659269,0.37258896731209756,0.5971038325420421,0.04622742898034626,0.06210754401002383,0.9073531687442277,0.6964930724009946,0.3105079571141396,0.06258292842636604,0.018152462199657604,0.014073388877940074,0.7049877919356107,0.8647879927338343,0.29125457400333665,0.10888264743575571,0.5477488281838225,0.5628715230720973,0.15236819995781736,0.5876250116454231,0.10520793967953213,0.7891903179061828,0.6875684440819722,0.762396537733558,0.9814810837314404,0.6424109243062042,0.6280163332769907,0.4744324406975682,0.8662085252942018,0.7235567773518383,0.3469015155696489,0.40662285389272235,0.9865932960565673,0.8474440589629821,0.8870462461559211,0.3190647965606819,0.7762223606169663,0.5076735072808359,0.2690448683253027,0.627357923892032,0.8851168589282701,0.39040804607193824,0.002806420212684624,0.6486019587311562,0.3884884820403206,0.5997676963337393,0.5502464029724531,0.2515325350459223,0.026111256943444516,0.4120840667611295,0.7263797927121838,0.47488483224779343,0.4008110435733184,0.779591392100644,0.6673590414155409,0.6681894555076618,0.9829630234675826,0.16636649764308886,0.39142455088991124,0.17589456869075737,0.7684611644663771,0.9955874663288637,0.6851201955823897,0.22880411832723757,0.6131414929851949,0.5362072431002759,0.9748677350528242,0.8707572474321286,0.5148414840491923,0.7080089293070718,0.9262019687960419,0.5518066353602153
Rwanda,0.2110079367299703,0.03389596986698595,0.45336168904404117,0.7795424932951487,0.6742202991805093,0.6411861289521682,0.29801421584662346,0.9706972721404087,0.08827086027392717,0.8895952047109008,0.5693225250753745,0.04344983382755263,0.4615280407691187,0.09231548105549059,0.4081741458951015,0.5040529118276914,0.33233024229777175,0.6232156469565789,0.3201526942831452,0.24219116697591547,0.9412118615877255,0.004666300874752394,0.6244372777352576,0.1923335985333018,0.9675320982966181,0.8876345942048434,0.7069775093554193,0.11079659353560078,0.5099585213677852,0.7573089890299409,0.28987426675355554,0.5795026771806291,0.5037754909208635,0.6817960542066774,0.4547694610876428,0.2618741421821469,0.5251798253123435,0.3188966074309195,0.09797872106031147,0.970758256326803,0.8022484144714986,0.5174413745120738,0.8574656990526681,0.28351281793237293,0.38985948392107694,0.04607761069889149,0.8770612340548797,0.3601323647475948,0.7073655664438504,0.30923571729872645,0.9020757255516678,0.4054478440991055,0.49303857962361874,0.8988315659636092,0.4595834778515161,0.5608362933739538,0.5130287008319716,0.343094974664954,0.2518940379728962,0.5002425446856462,0.07256825663074062,0.6265347811027222,0.1282814974993246,0.6569678518040232,0.7747021674894551,0.12272762716615826,0.9030183935284013,0.5645914605539261,0.5014055821331747,0.3019519815443109,0.7986196279080156,0.17365649594838595,0.9908021028399877,0.955034252982258,0.32973579851236534,0.22113455153393613,0.003916660279878248,0.5613289178621089,0.6084093125653908,0.8973896118792118,0.7173659565424173,0.8093637478759935,0.8750198663515866,0.21613631377786768,0.6657718266057304,0.9964776083728019,0.19724714073857774,0.3428651836966131,0.592081925140165,0.03853772921098331,0.07554236300766393,0.6314517058543466,0.6126848853366489,0.6511984402351012,0.379765546357525,0.4354011936672627,0.9797318461574102,0.294841997638164,0.00901937325965152,0.7428102962016193,0.6229765695688421,0.9810734215706204,0.5817390713087807,0.7870289161852221,0.46632841254452306,0.7406849882163739,0.7510058016114344,0.6659523276048093,0.45511116882623726,0.01359958975621578,0.48449013558983467,0.9580835375584505,0.912996957584958,0.3195412833473211,0.6342456298773855,0.1728454263244107,0.5393757055764615,0.22431148626174535,0.9879156714202053,0.7755654669711275,0.3464283241278371
Saudi Arabia,0.5186767742300975,0.2607054007534294,0.4008277488358275,0.7609070396013552,0.7896616182638064,0.6142504359325468,0.710215147071104,0.8739764086646559,0.6863843787499514,0.6947988413319175,0.1743899702185715,0.5444081830172679,0.5123383249623723,0.7305247688027304,0.2929747244970632,0.879588199878537,0.2424273270583127,0.08465358402180789,0.6186503384937629,0.3487959173742671,0.229728179535588,0.13671819228163218,0.755228461227022,0.43326659329089645,0.35269984518993625,0.9629240338756482,0.7201796105525716,0.7910018698905603,0.4603958776586502,0.516960815946957,0.48568608955033565,0.21685675315057706,0.9153745486347548,0.7762210628761764,0.8995775566593841,0.7971092031948888,0.20808808420790903,0.4237951273131304,0.05404821340733823,0.27861580330023517,0.08141555153950086,0.11897744463315552,0.800794793440629,0.6744179978809784,0.38849691214073534,0.9699376372419065,0.5441173874225502,0.21941444814138256,0.05782448935836393,0.5290602968198636,0.16945611480803346,0.0957723000026992,0.7672218663737366,0.7406024626761903,0.4595843757030573,0.6857392328673715,0.08643945963518651,0.6213111569229404,0.1558625175589059,0.9413235492157334,0.00782495996434207,0.3913369731076325,0.661334376011489,0.056628777296368504,0.4710431209218491,0.1169041503088819,0.48058968872268293,0.05390237029012068,0.09973552284080145,0.6138490573397251,0.6194649112010209,0.2659347809867689,0.24605420418464197,0.44509187655565174,0.39457120518988786,0.8250421280932488,0.2962481371565938,0.8915832847352089,0.15457128284057786,0.8717718096660415,0.3635232887955506,0.5609622444213881,0.8398176284669762,0.6924902554885947,0.03784403431615746,0.6039968613860395,0.7949427934228341,0.526398635417408,0.32298798808051776,0.5045699649549117,0.7140639531810213,0.5349257560770778,0.8027369657693479,0.8637761567441438,0.3294508643552183,0.14469330977956285,0.9094622365657667,0.3808995696200028,0.25821747575890486,0.7183257851622749,0.09049577793385233,0.16563974359683897,0.13324581192041773,0.1285829575466937,0.3052835576625794,0.22721796548176998,0.24777638752587983,0.9475799671043991,0.2881796740499408,0.43866277515218,0.34290107499750955,0.13616238499896216,0.32971058119185903,0.30030264603740586,0.32642165274528245,0.043518910025463264,0.41076600240100136,0.08446588360279828,0.4465236272538694,0.0560524188796655,0.829257311698354
Senegal,0.6456967660505633,0.5274449173190346,0.25884591332838003,0.3374449626197017,0.043817128514179626,0.561612364306727,0.1068470026745606,0.33676309485455747,0.3119899706708126,0.43855369654447196,0.10686827394638765,0.7450389750725439,0.09580289033464207,0.041826491607231064,0.20526733844815714,0.15632935606581577,0.8829897330002566,0.26135575089956264,0.08003907603897398,0.08709683804543034,0.34089653612796156,0.47517849556155844,0.14705530331648464,0.5995047838864909,0.8922144464333529,0.6285614253058251,0.7183011877438217,0.5585321819345996,0.9347955953300091,0.9594536238757667,0.5354709010321308,0.6199138726647199,0.7448950957508321,0.7935032081344837,0.7893332821649603,0.6726913454395569,0.027549167456118795,0.2271446473053791,0.09130154293082016,0.08307343631722497,0.3058705864752028,0.48577417226022523,0.30618649713750246,0.7764037184352226,0.6524472448838698,0.5998514166118257,0.3959681755958525,0.7725904971614154,0.6252683732202817,0.892071043774528,0.25450777450987916,0.5751611388405308,0.020091788683899492,0.6042789385823877,0.21648129922578263,0.46588517340211677,0.20986305372242675,0.6534047954399883,0.28291531647395873,0.19393359154942846,0.6913216192429271,0.9544523185829284,0.8770688809889997,0.8281878868892816,0.9376963426344507,0.7399768726509346,0.4372463682595681,0.30636891198928795,0.9600347627530957,0.17914512005763084,0.41654167489484684,0.618011479366398,0.5560678368005271,0.954719379137623,0.8796674424085853,0.9881647940901517,0.02829829662579475,0.7090753328841525,0.9641414635821367,0.06823737802627106,0.9917748817296363,0.5890857058403549,0.29303648493722123,0.31709789366124286,0.8245016307664415,0.19949344788107293,0.9983144428412413,0.5338452405895195,0.01442033253445918,0.20318024245490607,0.0432378468698118,0.12911592778056058,0.737576713060793,0.5769202060062448,0.9970479601103278,0.6602549800833899,0.0556816435796329,0.11656743586135299,0.36175615169824815,0.44903910851818174,0.2574041459177857,0.970079366392197,0.23866743205947438,0.7807857332481442,0.504337016285204,0.6626940741177155,0.09266314588732527,0.24387277307490107,0.49607756549518367,0.7674174396324919,0.20733322385420017,0.5864503439099354,0.600470150658939,0.68026444065873,0.10618174096967603,0.0025944375878912407,0.2398596172372912,0.42706733051908796,0.9294386569445755,0.9349820349530499,0.4544961037386359
Serbia,0.9272952713993311,0.5478959753969672,0.10810194564804954,0.6554530103249252,0.07613191464598412,0.9814874639820537,0.6074958862815862,0.8593194513878734,0.33648100886991916,0.47433014849945165,0.7461333563920857,0.42075788792123325,0.2379995729648522,0.5236642518510745,0.9858772736891823,0.3058007137185008,0.1602516732785616,0.29082538936336744,0.45170763708933015,0.41760103643492386,0.7190655068385228,0.13844766493608907,0.9169515205777714,0.9607519426340639,0.48186109642539066,0.6076252962283163,0.8584127759721758,0.026028175093766648,0.0024032886440276124,0.03204866668401152,0.4984578839368765,0.9091140672258162,0.6670179729685526,0.7530627063528559,0.24100258586211964,0.2948023669542108,0.41585599533095585,0.9742388258581891,0.19393106548139416,0.1306113578275956,0.08239484859739599,0.9393029774418844,0.44192657069874697,0.07395880049646908,0.5603372033260172,0.8190953946075191,0.4782036538261294,0.07010082813049012,0.09010562833822777,0.6751019930792992,0.03212393869432051,0.4151501306323445,0.3512496026537133,0.1639994312627422,0.49930517809041075,0.47741822826984004,0.3670267897618267,0.35021516900404603,0.08047229970296288,0.4933879678640165,0.23582780042015472,0.30164639004200344,0.14258387567460984,0.6536519102739917,0.11591814822030311,0.7909304753368678,0.6806521792022244,0.5593542637888262,0.14750501105712321,0.9116489962899205,0.7457475596936661,0.23528662386644783,0.18374117074517304,0.9580881704899188,0.22964607474511378,0.5343270846745459,0.11068732816470772,0.9849935875074476,0.4367187480652972,0.5587458419503425,0.12204259910705273,0.9599504251434627,0.15628840746468586,0.1600775626630636,0.9533244176260324,0.3068695682317326,0.41414003716678816,0.5725777079641143,0.6168538947125318,0.4895686454197339,0.773718813248036,0.8678789182787114,0.5652755999181429,0.845834670433885,0.3684694849150518,0.32610324523678524,0.798395905236951,0.5349079049749366,0.960200656204385,0.28749610931654024,0.6327755474634774,0.4550614427280051,0.8331769795881415,0.784513387083313,0.858692624846043,0.04943743677676471,0.5297721383515411,0.6046693226057269,0.22002157521160481,0.07519520873790742,0.5785891681992286,0.009218393590175067,0.5702290539306699,0.34800918953654225,0.5257382851434097,0.8955210218054799,0.9479032200563644,0.24842281968192848,0.28904175653277187,0.8737926976091263,0.10506094596791171
Sierra Leone,0.17356249060006235,0.1357588625509436,0.739301489916741,0.4962792272257839,0.2300296856900771,0.5523025775176932,0.5108816521539062,0.8723650144159691,0.1052006627606561,0.2251864257318007,0.7439203464565546,0.3807419361239396,0.005389863072234435,0.7349329364686165,0.5489048422068669,0.23295914559624797,0.8436766407542382,0.592926429812937,0.9618826291500441,0.6933324541862443,0.22106139776321188,0.5721817819597149,0.6335345854448476,0.589030333267128,0.5438698846591151,0.1974433333058676,0.2092498760992636,0.28738295251741897,0.0064344058614457245,0.5550601861388529,0.7333858561761754,0.0765752477950421,0.5378238677914491,0.5559861780655637,0.10278503755107682,0.363673189947462,0.13128647410719207,0.11197464827682568,0.7084778997691521,0.45272826816043665,0.39477257646034136,0.35595621061036675,0.6225549745792831,0.9488015617395823,0.45270305122279497,0.23481631517025958,0.7792507166321677,0.8815590825996311,0.91800039459475,0.3432387012031016,0.15544922619581958,0.03532278788932386,0.6043979798239257,0.9404905775303124,0.787580791850514,0.8543280475707089,0.40968268010922204,0.3701854417766406,0.45056562739409967,0.30088756547426043,0.7497136307249432,0.7080249805556115,0.8115280869650952,0.631690514051611,0.7107752342597895,0.1178718610015288,0.24945354655246565,0.17558365683089372,0.9109431404471091,0.026749344706083256,0.2610891664956779,0.3888906008579165,0.0774289414729954,0.4401749596581611,0.7073970371356657,0.27014149817825184,0.9386492665848651,0.2913637487056939,0.45015211946798517,0.5484201731583507,0.9815572177623981,0.9879940229158671,0.2565672593448327,0.5923869346261478,0.5008011470749981,0.8518020705382714,0.358685434132036,0.7686923412806613,0.027492271432971616,0.17474929763516822,0.8962448581593276,0.5705367846602025,0.24635643059794932,0.2383207476118947,0.699458000447777,0.8382244056671209,0.9943092803418473,0.357729431430166,0.007934161399481332,0.4440647215555821,0.03155611527340896,0.30840897627483366,0.5283573831407149,0.23981473900935002,0.6422020426350528,0.667594446200617,0.40760398945941956,0.9755356817776119,0.12187105080349081,0.4749612855835118,0.7608065348235912,0.24985929740084833,0.41380242497746844,0.20626629397767426,0.3388977320657999,0.6651322975263738,0.3533468488848377,0.07069579174857477,0.49255483247799936,0.707457816519068,0.5493416024248433
Slovenia,0.8799644620017468,0.5152342702300386,0.88014473072928,0.02091076860004837,0.9774601213043768,0.5726378363124975,0.6621945027196793,0.609053297875984,0.4644698895886258,0.4781802547273877,0.031425509311231115,0.6779116231243805,0.672586108517984,0.40022532459945237,0.12183365778885524,0.25864304381747905,0.4441298955001832,0.7531922995313102,0.2403630016225572,0.30550176814536534,0.8754297647364073,0.8597100373127088,0.8839470335058156,0.09919144566547589,0.054490418226096016,0.04734376312197763,0.2329707434716891,0.5607686371573491,0.5728805146672552,0.11175205606957106,0.22013403767530426,0.8153433038248491,0.22603096139835455,0.4422957559158016,0.8715098756609025,0.3525330955763579,0.27372339968264325,0.28258866735537835,0.7773244194855956,0.1938943512845317,0.579818154509912,0.22173046087380266,0.25214982435844646,0.8247552939168462,0.09794811295524619,0.24733985360927424,0.6309457151006729,0.7090662929178903,0.05870199936074272,0.6174152486479831,0.5579474720000371,0.08288667606567024,0.56323880380629,0.07436255747477694,0.5431417219710721,0.33198837381442114,0.7376989535141867,0.8665807500591265,0.6789566252962548,0.9762601320973713,0.5942742309027754,0.37352090457319753,0.3428399756621595,0.9229279249432105,0.39715690358859923,0.9380596780138375,0.4095242108015713,0.7409203780968575,0.7709041255735948,0.40741262303272685,0.588012838325923,0.033636871131238144,0.35719770033369713,0.8837702502522481,0.5161676664527867,0.1846442570757365,0.9269530252275295,0.7902153531801109,0.8454398392797922,0.3801676731462489,0.6224441324346265,0.5001064745214053,0.3668545091785116,0.4827085525176501,0.6272083034010881,0.2243193488075622,0.6149646389661185,0.8388784742133216,0.6117105598186696,0.5372227704791659,0.10937025948313406,0.726453820125583,0.04515260299371082,0.25135806213962986,0.18990824236491133,0.581038565219862,0.756171103130217,0.6179628584071983,0.12981773034231225,0.8182730779592482,0.9096961899946806,0.38085579500683553,0.3197745981083391,0.42843128624265214,0.7223216718587232,0.14687497002952,0.054438212394923635,0.6997732497434582,0.6154507509656898,0.6870029335746507,0.061590104890563824,0.6572052151277925,0.6647600717766597,0.1836579602349716,0.033501677845334865,0.2567465275381484,0.09408096442613956,0.5651743240205636,0.41447426675213217,0.5368874646883488,0.9589690261624308
Somalia,0.6972269161343491,0.0351300099673143,0.7058403222383832,0.701443925981678,0.572788656339663,0.7517521343955463,0.10421990587330454,0.7674707098961489,0.48694129171612444,0.4249113636625721,0.33563533509074495,0.32631386707448284,0.8298558698021744,0.5695683173636721,0.7182107368594997,0.4922273450183261,0.6187556261394846,0.9087100755735452,0.6155093841476292,0.40669076276608607,0.7384675785553556,0.42885308712367265,0.10557703003654839,0.789084290272787,0.45044805020452383,0.5173115237270558,0.09640295760933926,0.03667022843826895,0.6569411446760965,0.807375951202944,0.8229058133153844,0.6640016670506613,0.35434600375694236,0.7019028442779096,0.07729794836935933,0.7380462744911914,0.5745109043334713,0.18403012650696127,0.8712685059015907,0.9361541193984206,0.3803930241705349,0.07631374811405467,0.6735135575955897,0.0466500714741338,0.04041376472163427,0.12637097435379208,0.7610246058294962,0.20848470448860223,0.2042690215835139,0.8409945391556463,0.47682095103311317,0.47976132489895196,0.4869023518927358,0.8548587862101633,0.12558933642233472,0.28839257410513,0.8985588351237004,0.17497098669840394,0.5569168945318613,0.624263188425766,0.7788377285407266,0.7082627261714595,0.9637846433218852,0.8916577999766403,0.8512115772966965,0.5254590558079899,0.7005044597104354,0.2570631985414509,0.9824810565067411,0.31520617733805667,0.9347115869694054,0.6508582534514383,0.523785156453108,0.8516833828222123,0.18403505221248462,0.7038847617565981,0.8779237584623514,0.643546636620824,0.6817632649202684,0.7403762681488872,0.4665297723346814,0.8812680450230265,0.8362471925791539,0.949277087784074,0.7207065708790854,0.20955228340855359,0.13782839304321592,0.42166686688215205,0.13360865253278875,0.952764136659828,0.42083414048345513,0.5376157436804959,0.7553038717473278,0.15966549612374337,0.22787388430947197,0.6783719413702683,0.3110838349061249,0.2291559741346254,0.8327345978803041,0.801661744057555,0.8962603753069197,0.7157569705876209,0.48407124837882665,0.6940400916815435,0.5741117944473487,0.9574996989348825,0.8671573517760962,0.7144467896320181,0.9067155603930579,0.1463328507065652,0.3515113311744885,0.8565476972543935,0.9258341722367825,0.6313523337466207,0.3449029219641069,0.5098584249416563,0.5942544187854987,0.6619491887900395,0.9414005847661374,0.4399830660565972,0.7432762342383991
South Africa,0.11615761120302404,0.9771898437592514,0.24731771616244025,0.5176279791674143,0.9962743945686849,0.8604377164990892,0.5334002297874326,0.34952472440943505,0.04037069809507288,0.29979914576792466,0.15199306640002763,0.1518170154990902,0.10409357928059937,0.6074596665703139,0.8125433426264104,0.31106131195775566,0.223242353505401,0.6250999576305027,0.8676475369222592,0.48956076263532844,0.3471219890390399,0.6385523390558439,0.14066743614129118,0.07155973679782235,0.7550872677253114,0.5403390285824318,0.6769494613314216,0.21034849719253723,0.4707013634996271,0.31982167634112735,0.3520435568584145,0.527895283602147,0.48736518209961543,0.2943622598118073,0.8069888092816969,0.4620295836295798,0.8496236501210602,0.31822047131406606,0.9375974042196018,0.7494750677281934,0.5654427705663219,0.7479033566449458,0.2787447367808754,0.06333540561064499,0.8519518768917168,0.359914546034098,0.5272953643837133,0.8048677460289652,0.2893040075790194,0.5679902430119084,0.4656419117645779,0.39062640189768183,0.8497093919751157,0.5360009152287715,0.9431850190925121,0.38365131281350895,0.2866032100138439,0.9339210796339327,0.15518233477304166,0.18039369351393875,0.35359976549503414,0.18883752887509198,0.18553243527562957,0.0381123183117873,0.8694845066533323,0.2729843451543644,0.5489860979584276,0.009926187092607286,0.6595834368680693,0.6636403638107424,0.844401405221019,0.5043008670465865,0.34108089943298925,0.5587662487644117,0.9325642787302412,0.11580415347155892,0.5482205839884295,0.4960848595825904,0.0864946250250197,0.691140513728284,0.035643072085564165,0.41424327915164205,0.3231293493325683,0.5656324071531039,0.34695725264131283,0.3818344351404185,0.9459119864992688,0.3179547021593374,0.4111233682947061,0.003238106041079214,0.6855831412386472,0.9920887655311462,0.17099876506620793,0.8266703112879522,0.70079601391592,0.28845539987802604,0.9957618282579672,0.5629496962470255,0.8669963168967345,0.1959540956787923,0.36839529095553347,0.7968003220303909,0.5094977462197341,0.773434600027709,0.47219306664614447,0.5597980855776947,0.8487231862311813,0.4671393245405072,0.37529651545466447,0.9503426668206448,0.10747168085485692,0.5342030484775062,0.6529806033225275,0.31365262177463493,0.2241270242688278,0.9545487179660687,0.06710814033028767,0.7364715652645298,0.08232591726509297,0.5828806868655494,0.3713622301472037
South Korea,0.20018618528499277,0.4103506753003986,0.4374849860315405,0.7559726527424279,0.34178848735965806,0.6886567826698817,0.00967798416603105,0.5796367772349821,0.15269814102613188,0.03335633553191453,0.1598717346293712,0.3502305154824302,0.28730305563940195,0.5530443966607692,0.6487539690732248,0.8969270040436449,0.037246797768312745,0.365722822587805,0.8561851804522831,0.5732733592914214,0.44296033058647655,0.8903503986155862,0.4550946149291939,0.874336305974567,0.14041629279388645,0.7526134723109138,0.7347842112689786,0.8956502076865251,0.17936687464634993,0.26497524013592033,0.6776170357987331,0.6926334032802552,0.45802054652972135,0.16591668758817302,0.8092032783260213,0.10881168810308173,0.5478750766732896,0.8169767748745396,0.44808270412229023,0.18019232311455968,0.835863439755297,0.32708271431891955,0.29825152667692467,0.27554516925883044,0.39535482523662113,0.007509506255878873,0.8261044612742519,0.6370937828057532,0.36329108761181694,0.9591813745422727,0.5164339480504663,0.9642515871562185,0.4239040820711736,0.013496938619871446,0.01571953718076624,0.7352475807526391,0.20617785320123938,0.24438595595157486,0.23683900940048208,0.17062588111303922,0.9148532115458187,0.44816638234926476,0.6951063328929782,0.9456834858546498,0.5816410014400687,0.9798433701399323,0.7616354647591416,0.3159666522986051,0.9296656413505383,0.46548882984857476,0.12953553283920072,0.7497126733284555,0.6283946103676463,0.14318432696412875,0.1581746450336169,0.1269865501846843,0.046140678987459216,0.17329425060992898,0.015900253225034633,0.610125004246494,0.13157581950710806,0.04235554182256229,0.16604370865436457,0.8095515023577053,0.5634140190823381,0.4858790878416236,0.8389279032049071,0.21967162636304838,0.2610378671131037,0.6765715769075895,0.6003507796830811,0.3841740542106441,0.5848570536334362,0.5846587232977558,0.9627066188732185,0.09977045661122752,0.029868657871614634,0.7522471000857022,0.5351418881509119,0.73418345904005,0.1497199029670211,0.7455022782226213,0.3501957227190593,0.12974192823394803,0.9184687396047944,0.8501366390849235,0.3828295826134509,0.9290445909075683,0.924100277968342,0.2031960359558379,0.7040814900018495,0.13856045103844927,0.28330641955924507,0.8219899477936937,0.23511186135250028,0.42667026246006234,0.3929706563238383,0.762558688918715,0.36223405416528875,0.9246079154615069,0.11078922981725958
Spain,0.9810620530438326,0.12675725501287327,0.874468884172012,0.4277088123106164,0.2585330748748139,0.4681010155633816,0.5126924925172551,0.761313870291397,0.48882225369138,0.6800888279918669,0.4551858679444941,0.39441363808860486,0.3495311102395343,0.13758512594398364,0.2918270820064339,0.37698276636944994,0.4882008045348857,0.4406957998854498,0.405097097224249,0.8047418422267091,0.9013117266814633,0.3616307532231847,0.4119135730365041,0.21957983455261798,0.03752094249111981,0.20813631506682717,0.2972906803456712,0.8445092784935287,0.9025593597239243,0.08007254093171823,0.6162930692572356,0.27158039820685864,0.9017565513523282,0.7721326860876356,0.44581544929003414,0.107168083511058,0.6172386088806435,0.7705702941628495,0.8900308646395989,0.9117041362509797,0.9216327654005164,0.9678053256203676,0.5798292761540386,0.3395793120093341,0.7333710721318103,0.8207554071675771,0.6263312236117637,0.3720374475679631,0.6713528550982821,0.6949893547808764,0.5344742457474505,0.5119706473982002,0.9376742355219837,0.6077820505390408,0.7673223638362116,0.17499667699667276,0.313061025335281,0.05205446786683121,0.11855079077493869,0.9059282464804527,0.5478864936556875,0.11009115558143356,0.8535358848540764,0.8963858188254764,0.3945636317064193,0.5232237207489469,0.6713326506292036,0.7208743966712803,0.8993373052622172,0.05646941706589814,0.22023142297634135,0.8546859569125506,0.682006717228785,0.74559556114248,0.10627416059580419,0.9647708496478647,0.9306954553150585,0.8707825519569302,0.2461488154353736,0.5256848921794202,0.9778712526457921,0.14554778579610506,0.8119994670803999,0.31359298307873096,0.26705652392493673,0.17422798477225632,0.10619001233489467,0.22649179399443053,0.8452981208616792,0.3814537026447551,0.8837466759610881,0.41449750298488,0.1703379915772334,0.9370838540911212,0.21416480052521936,0.4432753273699015,0.7929231220715369,0.14181544165020576,0.27291490008204744,0.873941271018572,0.5824022661076677,0.5585550086905192,0.2717437171869219,0.2964001029410135,0.3167641596855215,0.2874760363779648,0.6523163774628224,0.6786310260706263,0.5547283777528466,0.08360129652690962,0.20126570868494587,0.6985656982572576,0.04081171491608049,0.9004162948406355,0.53260230291688,0.6118886444577594,0.14835194947729236,0.8379144734166534,0.6675508350583125,0.7184022332654303,0.18833192528308884
Sri Lanka,0.9399771032788018,0.9001337297454076,0.00782932548308024,0.0026166251502484084,0.9694466408507068,0.31269727122540303,0.4578811959566116,0.21597790022076713,0.9102240338493088,0.8484048567420892,0.16866709915724076,0.802986644546818,0.2926965606790316,0.42198269457630744,0.6237076662722216,0.37983548021526725,0.6594587255251904,0.06609301882420349,0.24031586004313576,0.9064901835364443,0.16076828064201798,0.03144063196139357,0.7979410280770985,0.3549935080883385,0.772588373858949,0.12635024341041967,0.1721875420625486,0.3632885436193757,0.4028567951643378,0.01419534667193767,0.0834747962490735,0.9434821255078576,0.61529274464953,0.9914325976079845,0.8081458131532212,0.6720521909127346,0.5025247460160899,0.6686408742658432,0.010929315816451401,0.4004638929623966,0.27174868743840275,0.06852221340985432,0.5685793048559218,0.3157280005632046,0.32689414161821373,0.9881284658396088,0.4437526199557179,0.9986774317277061,0.6102891286847805,0.8805222434324902,0.2910522761205908,0.19784825527019734,0.42382768938305926,0.5303518869435018,0.6281714534509818,0.5133540096378054,0.6080063850302609,0.40721201744781,0.8380797066140133,0.9008602954194997,0.4369097713145471,0.9569638970892068,0.6034767203316779,0.45274263588823527,0.38650012237648845,0.32647550089307487,0.9537955846265336,0.4268406625077159,0.31560610023970326,0.6081452341166053,0.8157386764945936,0.9508120949685991,0.3326296579283212,0.7068799914812793,0.29300469028991294,0.3567873440542634,0.8552948562424328,0.777040699311068,0.8849402082045745,0.8483156247073199,0.6568017894200586,0.8324318998727568,0.5915340239856854,0.9047264370843835,0.042076092105582164,0.08703983257970394,0.6819880815061261,0.28442702367663064,0.8009631813798551,0.06323951888296853,0.7427300463143818,0.02285351176438355,0.08903664536536493,0.06811965595233915,0.1739279374290411,0.06523499277802403,0.39529425350403213,0.25639319514869574,0.12904791119947867,0.3410364095625543,0.09945483238428876,0.5870573944582355,0.7224570762625786,0.0657804199468578,0.005583774783250783,0.53266829467362,0.9790604429204761,0.5318873356435898,0.892723406089559,0.11970059630163954,0.8345619365927458,0.9972322761333773,0.3351452280536755,0.30466414728314983,0.36050249187759853,0.9709612630833581,0.934154946239232,0.8806176134545207,0.999627558069125,0.22392171548655204,0.08750184592043553
Sudan,0.1822822752865969,0.9894715830463309,0.3771938551475966,0.23051850208230462,0.28042515975569415,0.9923605546155235,0.027784333350589052,0.5845005993787035,0.24090702407294828,0.8088177572384284,0.3406585458134326,0.13144068872244552,0.6338735265573333,0.2268276400621192,0.13703727935550392,0.22447446582175756,0.5197748118771212,0.5693388309602778,0.3642630655569655,0.9499438517600444,0.8991128582580874,0.02510915926110857,0.2167992824668663,0.19087647674881292,0.6845922577599435,0.1605456284209068,0.5241863621727751,0.8167198681974728,0.36223162896070016,0.7164784315553917,0.21628409599497445,0.5809047415179062,0.5730113260026132,0.47565515578362816,0.7283888672337575,0.6739660267138183,0.14527448460287795,0.41566837351605146,0.624745101370465,0.39527190002894286,0.7049999731580673,0.8390414711487881,0.8860270932421072,0.27844856787081884,0.06500966597762725,0.9908571093724882,0.98518914070009,0.08294184536278404,0.060151418924017874,0.24771965063805923,0.7776793985129636,0.4641368098491848,0.7247243013850821,0.6703419656221197,0.7362238360718731,0.6585090914972843,0.6788505887518178,0.6893404973672529,0.533901464691933,0.11462543851155271,0.37101500678113564,0.7310648634718921,0.8063162449935148,0.8645796284533465,0.9210844952153773,0.7513901571714912,0.294440718119219,0.9833590916717497,0.6681510839150283,0.29833826096321614,0.7442358522539874,0.7020451478517235,0.8314858277593536,0.6139143188405065,0.08824593308457296,0.18091196049455216,0.5501362223242894,0.4906605708591739,0.0503064353365269,0.5099795973573658,0.5250884460575048,0.6125433494775273,0.9372807595919606,0.9515522477691293,0.35017623801486353,0.6069637826070292,0.41952792511744585,0.7805640787448991,0.4965703763886269,0.35823197163452003,0.7041024628266009,0.5906983385006811,0.4423684129911625,0.6964805897821451,0.7746831775284818,0.3112790147248866,0.9630148737087543,0.04994920397141678,0.974822822832695,0.32447141274023217,0.56622219360733,0.6762274015423856,0.30619427326206194,0.48435059047389717,0.2776410971357185,0.4731334185000864,0.38654922893757604,0.5352271872791753,0.23505331918626282,0.9691936771009222,0.21776035820973438,0.9018231808687566,0.2588929646109501,0.37316891897162485,0.9805245242172754,0.08048372051991481,0.6670025796766028,0.9730133767985124,0.8180054039297356,0.10333522199040301,0.1599485112647624
Svalbard,0.3573195296410042,0.28701453649372743,0.8535643899242596,0.7311012903052921,0.5451715334320344,0.44741692964295854,0.23668111566930272,0.5746832811099062,0.0047869128829303165,0.6976173595523129,0.34412211356838285,0.9589980479729673,0.1986600861690222,0.7158959528867905,0.48204243297959837,0.06096613969039355,0.6468571534366474,0.868932610894723,0.2621807117102841,0.44941407183829185,0.38977318512245396,0.9935974788823507,0.20510149664631028,0.7864388195474536,0.44640676221836106,0.729732235052238,0.264364101802657,0.35824541860360115,0.6687148297802441,0.45601036905507053,0.9512231435064038,0.6913064528747821,0.8178170199634784,0.0016503483270595698,0.14336025162115684,0.7249105521648657,0.5049334831807626,0.9372403899866265,0.15852707612523675,0.5312201713430584,0.9269493018662432,0.7592083095457465,0.06663144301930934,0.9532396723015052,0.1939889721553566,0.20164226181771283,0.6677734314345524,0.4314300818387815,0.9494507832858583,0.6841830293024787,0.5258826407752677,0.5424414144519425,0.48843071650647085,0.8266121141353249,0.9884310301822345,0.8851789689836637,0.9438352815847727,0.23446039705019772,0.17881894261877596,0.15584457726260692,0.9993041323777705,0.6896733577875144,0.6357893469216608,0.3970696861130585,0.666657921278074,0.08626013663682708,0.09837043371513055,0.23677451508451952,0.6570073312321104,0.10338419318950764,0.4789395081648786,0.24448008174529412,0.2786197016859171,0.490111636486087,0.14301748993504504,0.3657217593972615,0.26922208059395913,0.6523272214955843,0.8013966619269957,0.5069546387539736,0.7917940712181882,0.40331552065316556,0.7744582929127727,0.42918910460243787,0.9364027597665915,0.3389455119518917,0.4819958201352359,0.21187681494855504,0.02082920043263281,0.0016594410875004906,0.15820014358337764,0.23393695981028617,0.8414561111404413,0.4076102382137541,0.28174514859106226,0.7719385392198858,0.7247921961117137,0.17586723243033786,0.8955223289376725,0.696848763733138,0.31756475815697804,0.3987233793285627,0.5234288974783274,0.8390758633793318,0.3063717437332474,0.0951314589997665,0.43544391200650356,0.8634497090131151,0.903113131260714,0.47345660005688617,0.8619524958034939,0.11086828969841289,0.9154188015040039,0.31640898105974036,0.9507292156712659,0.10845188282206952,0.2966218125065596,0.6474528787298508,0.5608332049425322,0.6849835845789507,0.517555890969719
Switzerland,0.11209935737215027,0.61395328006674,0.13484471090776706,0.3432305371772776,0.18278868094493905,0.8168039860892133,0.3289862217889392,0.9380614054881483,0.8453789883100143,0.1525299783505777,0.780327620407938,0.33222951004480084,0.44782837944988807,0.70956331055288,0.3338022393320498,0.3638180948346835,0.15073593877254532,0.5581508354964009,0.46640111520277017,0.827015660819788,0.9320383271711493,0.12543063314074077,0.3876024168494451,0.0890395025535029,0.2678225256168091,0.8653482231401421,0.3628772755428845,0.9152588478330137,0.3874735494632874,0.6964932398209408,0.6439704124388657,0.08895745438822455,0.8995845467272032,0.3341530590656764,0.7951263617887576,0.2635090926299801,0.13273692799839298,0.022937083634896327,0.7576657252977191,0.47219543090562244,0.10073820867689609,0.2771513959311991,0.19014199178253888,0.38125563988994415,0.1458914316255031,0.28177448084711,0.8679677237291324,0.24826149344778825,0.1551932202587889,0.9267497553207129,0.6771995870232503,0.5894351384108577,0.39085230625759215,0.9170835179765741,0.668372568752381,0.07608567317762638,0.23221453579233675,0.39759672641614263,0.5527374574724266,0.5996223300068134,0.902058079886917,0.3464408915059577,0.0892766399288728,0.402712195705653,0.07787888500083073,0.3087864951566427,0.1302940093859033,0.8206116341966369,0.2655009814191074,0.32539343906060414,0.3175150997708598,0.03679731510166584,0.5522730968574185,0.6763247669686359,0.49220283522012076,0.047499014238925774,0.9497463576914855,0.7834953053184386,0.70446988859442,0.2695659268966387,0.9080279989476328,0.22677378731494002,0.5509154576820607,0.9086101545155802,0.03713887971790031,0.19475619403617062,0.8437740334555359,0.4881884267285145,0.7946132444573751,0.9044802181108221,0.8186602017262852,0.37296823108055654,0.5879705303339199,0.9487651210886969,0.3730025331434005,0.9250986606452896,0.5737063386980342,0.7446205199231211,0.42999351543892217,0.9805880852648552,0.7245768623890673,0.803783821780349,0.8991252680344974,0.8871670129695417,0.2119497423034914,0.2528783413624355,0.31257335989829926,0.16414239205652226,0.053858065362601404,0.08421413952095613,0.27788377670155273,0.29196378509394005,0.8110574173147647,0.23797960701357002,0.3569708718247677,0.9327556771904306,0.19008561287035763,0.3364227327414081,0.8828126144932125,0.9642749054752933,0.9103890458483288
Syria,0.5818703266203115,0.6343276304967957,0.8012270302102252,0.9808836682650196,0.06122497832777951,0.2983789557805978,0.1952468321716243,0.539792890812109,0.732505784552324,0.1954783638444687,0.16267003523369894,0.8711610350154708,0.71877828904636,0.6118394045224173,0.160817603495083,0.062743795017983,0.37810205864223334,0.9597409145071046,0.25036400165623274,0.35491656099354774,0.5246033049426967,0.45590815992395084,0.6522507245445566,0.08035613183519952,0.0416962100138949,0.3855233719804856,0.7520313569029994,0.06376807502226811,0.565782386562042,0.2959835138624778,0.531289600765193,0.32744467057884774,0.10789317809706223,0.7329920279901545,0.9202535704609914,0.6757844415949191,0.8747011974186207,0.12627788157550912,0.13867869310458114,0.4287762266861965,0.7488679669809464,0.1397902691111823,0.5571842171684609,0.5220525489843559,0.14461055194586792,0.21360635874825673,0.1428498539151093,0.9275697452916319,0.34243039814251963,0.560589317312488,0.48484873655122773,0.11921405981480981,0.776841178802019,0.06469044502201693,0.16595076599637615,0.19881998442596294,0.3334568606728223,0.7493080698107591,0.9662563586351859,0.5399421241206579,0.6074211108440307,0.9440635995530607,0.979846598492481,0.3569777718489058,0.7581334668096206,0.25014274959650296,0.19937138279849775,0.5852739785173705,0.5895522272887231,0.5690251189295847,0.8968399353605904,0.12326789843566532,0.19514092580528863,0.013808430595401155,0.25355374652539886,0.8747997366302119,0.5652982426504805,0.15362750419935522,0.07716712160371952,0.1287691867584757,0.2014312454933027,0.9886904770790933,0.441115178784,0.31556300160817896,0.7738936930236185,0.005758828650161085,0.8113433200913357,0.09976024957499807,0.6662403084606006,0.7900804051789322,0.428832586321258,0.14537196966984234,0.34206098841156685,0.6859842010391148,0.12261567014835184,0.9466711154471358,0.5289653633074728,0.4678241293053733,0.1967332715158634,0.117839456788989,0.6680750370142725,0.5770675719842379,0.03237052569211385,0.33277058723051256,0.42228979242445275,0.9634293464998255,0.7119775835780888,0.189057915723834,0.11039690212242381,0.5920126382091006,0.29327657494162607,0.6310917690258215,0.7424347177984163,0.5175477400774632,0.900273741914204,0.9063840788730909,0.16060782160307652,0.07326176800997264,0.07488494072405016,0.05941800340852388,0.3831085041530776
Taiwan,0.988409949141724,0.7630013552007029,0.6577740030819701,0.4147837790255743,0.7426135671008053,0.7421073899068807,0.5967777835831447,0.7978290670316803,0.7077889353273863,0.2639729369404171,0.1663648206105246,0.776195655241635,0.3688466013119204,0.9474070582928684,0.0015708838910216683,0.7809033848711494,0.5557599280771099,0.6957868779807109,0.4213876386249319,0.026081671282084162,0.9209361373240733,0.42826605811991936,0.6721257699897416,0.029173068004070712,0.0015101275542592774,0.7769407309156878,0.6566169607814154,0.597446510693159,0.6795071262769075,0.7722954780815117,0.8973186458794413,0.3879741670882293,0.4573900520072126,0.04242493691192473,0.17831904250819675,0.5103555784577503,0.04807775757315802,0.3215528621025645,0.2729650626833403,0.4624949120196147,0.6056527826569883,0.37137354713603743,0.013258683708893049,0.26614069738060386,0.27651827505709636,0.37333143846162675,0.9758196734411375,0.29311432931721704,0.871313286280695,0.8176412002680442,0.3004420162715007,0.06450306140637052,0.9041899804884286,0.3790913153247977,0.5137041033010709,0.3387103572731782,0.21775481582058176,0.6496152589006682,0.12527045569669804,0.847688031167579,0.0038101965328160015,0.3586551771169263,0.8632689560379593,0.8999300789095839,0.6336026451098794,0.717098789046545,0.17639371118632863,0.3160792506053648,0.1682526455198895,0.08159087849272584,0.40959001246363325,0.09816188151997618,0.09782917204840991,0.003371817038500091,0.34464574774199996,0.6672475253554856,0.2195854390764187,0.5891464789612365,0.406977129227968,0.883637430085305,0.5270619039844616,0.21967976100329267,0.6182404762683302,0.9684869313595793,0.94257672123745,0.15520849023754002,0.4116902440521436,0.016833967107653613,0.9555380784258632,0.29754308766725734,0.15218330137510583,0.9289547297641962,0.9707428735335821,0.5261587622873225,0.21157809975859887,0.5831148193965594,0.005175926549521481,0.9008394169967946,0.7229965705612219,0.021932667069464173,0.6700955695472864,0.7074179907455215,0.5992796033183339,0.09242930147065831,0.5378957625190914,0.886110183093903,0.11195323164480298,0.6905528757439848,0.43021290003236834,0.8789445604408472,0.7576610999332749,0.48795860215612064,0.6122882980600249,0.006678321331329284,0.9959815285776185,0.22147669685936688,0.9238208505263387,0.4855934597295576,0.06324953343168516,0.7291879313704405,0.1741811488320253
Tajikistan,0.9963667520044113,0.36551495503166553,0.6109485900253468,0.5229610609130201,0.3814884777595876,0.9956405879955234,0.2738208481103952,0.5184518513134133,0.7454715395739612,0.6867667811438363,0.6050652342032347,0.8979697643331612,0.35287003687011653,0.5495707984894455,0.6215732793686776,0.33743090475911874,0.9396047196279952,0.9395206273365168,0.048613078923241404,0.2146158603143582,0.24101631593409167,0.16539495884834254,0.914064564037424,0.5647294744687904,0.48215762447905075,0.2250597601435349,0.2811433369789137,0.06291372435529008,0.8340374371600854,0.06481753526665113,0.49424425522458115,0.24258984711688603,0.2481900850876012,0.7335962302281178,0.5621017217651385,0.9521887098699529,0.046097459633967386,0.15903527553853491,0.35023118381391183,0.5886139985235027,0.9619126110736415,0.2701634958966239,0.9790675793043434,0.6151084207730755,0.9090868432297707,0.5020881131685443,0.6452236921360811,0.40792917901111914,0.7003718747159565,0.12263776921882175,0.2765004768106777,0.33494402798699385,0.1549914030565428,0.3741809341887946,0.3343954665308069,0.2668058621069682,0.3717379897832107,0.5630036159542394,0.4475260718758274,0.8248826731021227,0.3483298685959064,0.282429869346164,0.21890540029639194,0.021343455290697477,0.36655057754543463,0.10899412307347423,0.25255912386420964,0.8974173700955469,0.10536757799391161,0.41744931995017986,0.06447663278420368,0.3215520459073177,0.5331133921529598,0.1338512596985615,0.3703707098396709,0.8980595919846194,0.5305414816244943,0.17532113164357044,0.15159953489933087,0.5859431449061611,0.4884610517725052,0.11812505769911164,0.3783697171137985,0.37164849665670674,0.33582939510625054,0.42461429876780976,0.5782031437012963,0.3546681870725601,0.06408961139874236,0.33234274412757614,0.5947124042832744,0.3200497624402857,0.959144035800039,0.810353147472128,0.3151645741773418,0.47234783031446415,0.2808490913001819,0.23271712739937156,0.5454259355354248,0.7194783479566623,0.26536992879319854,0.5306935287319737,0.8281738900548107,0.27206919566470833,0.8998564085572035,0.33133310789185466,0.7407220483263319,0.7558342861694356,0.9517924513424464,0.07707632927984898,0.12868583436172176,0.2921827470504279,0.879304561344289,0.45025323147377994,0.46538200284234454,0.38229700258504007,0.37638236537001546,0.4797062320175727,0.4336060275865389,0.25327887118325043,0.23762659675952558
Tanzania,0.04360176266370486,0.6755333120047887,0.29720184221320844,0.8433463530801765,0.4443997615617238,0.41586039636102623,0.7011743351133682,0.6002576627684477,0.550562809955485,0.8317058433065803,0.41970178085232035,0.5730856382596112,0.47048628444149587,0.8658654933808327,0.6476363953716952,0.6405190793486133,0.8241597871044584,0.3415034686458821,0.2134707781785189,0.21810467735357475,0.6760402316370262,0.9196814666584016,0.13562072864410557,0.43474885380127626,0.005200619223634684,0.9259166478844968,0.9720659921130308,0.646866452123261,0.39465122764342453,0.8721226664184739,0.9539158958030503,0.2270433787707613,0.31945574649658093,0.9531166840475138,0.1325042480700961,0.8245037433738575,0.2893146845990543,0.9601061190430848,0.5051468063907079,0.19921483061160827,0.5594896761003649,0.7131410887856977,0.22330412933168575,0.9809255647707874,0.07063639479601691,0.16475398342580683,0.23017095131623222,0.888506402771599,0.11445195131477637,0.03889739565725425,0.7728389451116273,0.37110474359132617,0.028729366957951363,0.30724321383249087,0.6553538985243594,0.8648026653054954,0.5535170517004636,0.7232418588802184,0.5070491731709558,0.534543982628898,0.7444390841672383,0.4026553923891185,0.34703790203804963,0.5899995467023956,0.4353742494082272,0.5903063311626959,0.8677612498414149,0.47408761299315005,0.5364545415571953,0.9521706958111118,0.2565808905316975,0.5548372449235834,0.34325915814974595,0.6259984046085986,0.39900213498848824,0.2559333914385693,0.9405817478510831,0.7900329726526618,0.45415754969142363,0.8659572373122782,0.2771099888526679,0.9945920906149034,0.9069898421944955,0.8321043084867935,0.2834333256085201,0.8020095378858434,0.9374561720021737,0.07853091814918556,0.4985813435476736,0.21924881903694893,0.3503117636364672,0.24997436055702804,0.2714621120173827,0.595301000457362,0.6250286350005714,0.9668991730220182,0.6632176657345242,0.3936106488491762,0.6725129667418289,0.1821357100541886,0.6752224913644129,0.6536493435389121,0.024034065941191618,0.5209039894425253,0.26519375824702385,0.6017830499374786,0.6550125335296936,0.6776880957847355,0.6834340385177379,0.825567001952937,0.13779464043892597,0.23072679576093102,0.7427662355042784,0.35813200446661897,0.7576571456719203,0.46112799201118826,0.3276986451815598,0.5939443490858597,0.7303080546094167,0.12225570055879831,0.34053439844424915
Thailand,0.14961242169744737,0.7459279989290378,0.9030550674119396,0.0716814948558353,0.9403407761569,0.9799806203399012,0.9176745810812875,0.13326502266815266,0.8134602086489594,0.2274520300069366,0.5845089752595473,0.6067431667095531,0.7698115408746625,0.6589730605963995,0.8045972902102912,0.6274077692106,0.9952007637393164,0.09571984144820367,0.605621794225715,0.29115345470326204,0.6836164607623011,0.11887182403579699,0.4121909351251265,0.36146211375460147,0.8441220442747798,0.9080587590804816,0.6955173835604596,0.6943648235233412,0.574878997750344,0.8601688914932591,0.12069015664079641,0.556641198399426,0.09816904961766648,0.974458041812709,0.9690648758891885,0.1446387477111155,0.25946327779576506,0.4616026996873239,0.8050497057320491,0.8428209052563598,0.3023425952931089,0.7156073805908973,0.38778120573533637,0.748659543393025,0.9871476656710547,0.32681520493795324,0.0670138458214059,0.9620262796798954,0.2929046793025042,0.17270884007925202,0.21692832065167478,0.941606370251876,0.4898454180129269,0.8554298383145283,0.5091988528458733,0.5206784564883262,0.6069959113943709,0.6977193557918593,0.7333491171124031,0.24949770399484172,0.32268203551025665,0.7740244845494086,0.3970387709000339,0.3964978666898191,0.11709866383601286,0.20180172141499653,0.5776359236742683,0.8809761381051716,0.9729315669963838,0.1395872898705134,0.33922933988908066,0.1892287260353367,0.3389452642453957,0.5444126007833134,0.7134760213063455,0.7251532564651524,0.7032956975434494,0.23902081939058706,0.1390983306962893,0.33803556995982365,0.11981576518020498,0.6945963892495267,0.033664023697082435,0.17675914227946243,0.3597250988565762,0.6224785007680348,0.6065024465196984,0.9605616079937712,0.22067986804022433,0.1879874823196518,0.7054854125255318,0.3817691829384887,0.7169725343560145,0.7312178292731969,0.5840049410712679,0.991907555693174,0.46592549355287516,0.3899188269065834,0.5657969785019843,0.7131742152855841,0.8929133611311513,0.5398952646169629,0.4612266930485195,0.7270288077310507,0.5333660450093147,0.5652397197957831,0.40989698252267304,0.8533914575782815,0.7942114693967026,0.4601979183920175,0.5660601797545977,0.3425636662052559,0.5501394311311338,0.5517041883908695,0.06955082002885304,0.49238386860806416,0.03911301083475871,0.9399418222121873,0.8923345178308064,0.6036515858224278,0.33776499291555795
Tunisia,0.011774340643500691,0.6338678701497511,0.30168478139895827,0.373446607034134,0.9606252464105911,0.5326589255100387,0.5249175385450987,0.1700676402520206,0.3008100350946328,0.5616171275110278,0.48183327416354516,0.5220718932022558,0.7086493684367978,0.7995287468688296,0.1769470955060215,0.9749275512004208,0.8314377671407495,0.08916229877048909,0.02628044809367225,0.1898504507632499,0.5173561807741328,0.05671812107886043,0.7115568108136756,0.021881244916896248,0.16835554019377152,0.8238645718206177,0.6008672267651465,0.3961424299859133,0.04404333742313071,0.3178428346633625,0.7775231111745455,0.6926751418716309,0.040864750485382295,0.2827273543646426,0.8132757108270466,0.6330098356893461,0.8198157383462784,0.2079296873100197,0.21610941629312208,0.24907983897567232,0.21304546221270637,0.9399842788425322,0.33677910576638437,0.8825684247488413,0.6451574860603325,0.5284047218343313,0.2887826319962893,0.24697889621477565,0.3586462161477346,0.7100719330560095,0.2048425566448434,0.6799857872378842,0.9824540095714827,0.4452382731471133,0.907989323173123,0.21894383887903401,0.2304479986859228,0.06893644073726168,0.8388140375849584,0.26064307065338943,0.38777519844679953,0.809889983741038,0.20298244778355634,0.3984155469974857,0.670702462582572,0.7569670776377877,0.6224930076816608,0.17670265096704318,0.9791880886574299,0.5725301728248336,0.869597084255089,0.3418262526284689,0.6853613319321029,0.42088600237932083,0.06433744831490318,0.6819802968575022,0.48600641638778563,0.3579211424518035,0.8663346010714188,0.25518067647689746,0.980555911144046,0.751415914187761,0.4280190497894787,0.7892160495453981,0.5991146212223827,0.1697373909284765,0.6158557490911262,0.4663313889703271,0.06886673264343557,0.6983768244320291,0.422160798740594,0.995903931460317,0.9065284961251476,0.6881015540804734,0.2858536968420051,0.8728023760610745,0.6092461423774858,0.20040144376661473,0.9950530065761103,0.6412650496652975,0.539756344817086,0.9905564313328051,0.4796969164284751,0.7668406236672834,0.3852115502177125,0.004900927861066218,0.2801445040352184,0.9822633386345395,0.8255499761255906,0.2553748296619972,0.893900955910942,0.37757551771205067,0.4401957050421408,0.35534231785120984,0.6308546537318128,0.889941120775291,0.5897941225087979,0.29569674900042686,0.24066700692194543,0.42608918789638495,0.034018207359216346
Turkey,0.5135017695306572,0.1348245108916184,0.21257551085491255,0.24901511661702747,0.8971662886743393,0.337313714054035,0.8105673579627992,0.19525678225723142,0.46243317507763515,0.20647620190390925,0.17460624775941913,0.5774561652316212,0.04509253484116005,0.5696060935404463,0.872346523233287,0.8172929009763472,0.23107750484694045,0.44345155449833773,0.5082439238986215,0.5113932063532276,0.4933617189067885,0.02092287470991916,0.5529381939743039,0.7651140301120228,0.08368532790809957,0.5455056096189144,0.4768837802009872,0.8320602883749916,0.07295497988337885,0.8046541401964287,0.16789301197000983,0.8472060891449568,0.7274888319301829,0.46540486673869663,0.8681312213379978,0.8857299068115227,0.1827572583614433,0.41211406848015697,0.3313065176019383,0.4114695293858648,0.1621527594770542,0.8152694443349389,0.20059555777250804,0.7667831674562382,0.35227769208829374,0.6173459243306587,0.5218231616992359,0.9454035553782331,0.5973695404368417,0.6547591883870008,0.3162442293384411,0.23694763888729287,0.367279497079399,0.7027315085983946,0.9800253888182262,0.24193839218390123,0.7087543300320284,0.45799419851970113,0.5309221040573651,0.7283681567112851,0.45793848522637803,0.2750580097920903,0.8140855752319865,0.17970833736978542,0.37731458750297064,0.9341303803500657,0.5844666298382443,0.4222121203871715,0.6867271523009012,0.4561988763854524,0.4272965284575696,0.16787755851440034,0.7558764646777226,0.7526304147112403,0.14378801521246354,0.6948919794023626,0.3199741865484429,0.7943434983440272,0.6804452726467191,0.3188592004344538,0.2611735295460863,0.5027117205290211,0.8292535712396238,0.2849628643816495,0.5088237230668017,0.6327984163705962,0.9475469958544882,0.8899744770503025,0.7910301785459486,0.8707680913342938,0.11254063789731705,0.02029707077572951,0.37841890635807984,0.6247116179192367,0.589645569516335,0.5846446860943494,0.19824559706967326,0.1306323320862992,0.05029179223213054,0.6415192190076187,0.9225908358421316,0.029353370410111546,0.7708002801047283,0.5388214499099069,0.7584661895406328,0.8737516411906514,0.6674883472057961,0.3505245974134047,0.11582853888766897,0.02377849539446797,0.6133870621933474,0.9247173778779174,0.5769405267264089,0.594839351891547,0.35653555540576165,0.8366267820362964,0.6945959341926106,0.30258545325453556,0.09543071392163716,0.07178518569844727,0.30282035200794155
Uganda,0.42167973880566534,0.3687633319648873,0.2692271503482483,0.17828749262421284,0.42611742990750934,0.4601402928634123,0.45616056700620056,0.7563820070084764,0.8340235618175333,0.5841795711691158,0.4635357583841332,0.14208218117718552,0.28334333340478435,0.6535408406388316,0.2410317142428814,0.5608978669702914,0.1574984271761838,0.19020599051649456,0.38385982058640555,0.830525009594436,0.7765904171185833,0.24581134845195907,0.05934066299472596,0.22543616917065612,0.17292671107497126,0.11320435732658085,0.05429772394084831,0.7506207739043811,0.2737861386925291,0.15315610607771635,0.4212762996101794,0.8929501756134033,0.5511996295702393,0.35241412814725226,0.24092965673002065,0.43994249165160015,0.3621981463365268,0.2215031233210213,0.3098481940377983,0.44871675610591644,0.15145048734108557,0.7986836786716702,0.326556559410633,0.14223188289846267,0.566672386393042,0.5442631482906207,0.35231814409385387,0.21371268002509736,0.9154282118622998,0.2675329575481403,0.7892394339220112,0.45541218614331336,0.9944443115032661,0.8705809127179931,0.43127437527682433,0.36154544544895717,0.5210674383955908,0.34994408807099386,0.3933717539777607,0.645339991913905,0.5769480600588133,0.9036049657248674,0.9053112631172688,0.4573453897328196,0.46845707799182823,0.5550900078031117,0.6135392843572041,0.23368379207028533,0.18518989875481806,0.745562066875689,0.9836348055074422,0.5466298516356295,0.6554335069448569,0.0031219078797999344,0.4449182106849978,0.7415926968454515,0.7724509332310777,0.6629791004135492,0.5473363391844657,0.1326858842146772,0.14325079718583078,0.5379748346429931,0.555160069640475,0.9591108058710981,0.02839640191431858,0.5034827155631872,0.01563175735514044,0.8227955109507422,0.12498766619716328,0.20924737830581697,0.3573453372295893,0.2720989003340035,0.20524365298873115,0.015848124806409403,0.6171333738048064,0.320852945632782,0.5333061175183692,0.3580695844888323,0.4218838463777099,0.6046214083593389,0.31400216049524765,0.3028832892638984,0.6224372554638384,0.674335507139492,0.926574883343027,0.05321517997125713,0.6321419283617934,0.5216248068707303,0.4464763010166094,0.5214864935807154,0.4298217347252222,0.31539496614104856,0.7513651739339847,0.8738183105419812,0.07827719282930767,0.7380700771935854,0.8814516103603564,0.3139709038113917,0.013509914706813952,0.617790694272173,0.7479606633314962
Ukraine,0.2655430573698614,0.8302110512841618,0.6072231373894827,0.1149994728164303,0.3025985795783205,0.423118596847327,0.8783156972323993,0.4395076752846898,0.5427134236388953,0.26162294830622357,0.4944698272998963,0.2674232634954886,0.7359538762963158,0.9433397487489416,0.1793286401339027,0.37831047892651215,0.26018749144385356,0.5344035222599921,0.1539346462282205,0.46854812892821873,0.14781631703941123,0.8376717293728038,0.145695326834402,0.643300505706532,0.40789097507883665,0.622725353116871,0.011539360789482589,0.2822813902587755,0.8488655572042414,0.035304028247112984,0.00459130383276396,0.702024847594898,0.43422106217850864,0.8312437527617508,0.5707632942241923,0.9539870460138631,0.7869643678449191,0.9376450752256813,0.5878269215964648,0.8292345251493313,0.4533677134404941,0.9965033530748342,0.21328333728148707,0.10167027356704506,0.7073876675968688,0.768281746697847,0.8402938498231797,0.19942664319222958,0.2687973855639678,0.6795384072052627,0.0931433596072817,0.12854261015607493,0.7156429006448399,0.9342496260749981,0.9434006371126421,0.9532183535471566,0.0808002270694731,0.5662408334469843,0.6373907759073462,0.11351021487600377,0.02863326795695087,0.1877745277184948,0.7719853216244367,0.7645789699734459,0.6740482476953863,0.9789691107607748,0.1212220032521576,0.30020680550951384,0.4819128103704038,0.14941847321660173,0.7907201841418838,0.4579517253921296,0.6570374059903041,0.8757837507500137,0.5593056114898838,0.3695901465563223,0.4155398797361659,0.18065546791309772,0.6421801703830211,0.5603078442415449,0.1174454893863286,0.40902550153793615,0.8809256555593951,0.6286552731882001,0.2771312172157334,0.05252063465945478,0.29869284287535824,0.7642925615036466,0.7215644233944989,0.5487248517561734,0.9509867024776169,0.43739313531579016,0.17451437453159746,0.7901225911511413,0.026987734787585094,0.8383217735262035,0.57270642105892,0.5297555591443729,0.6482320702428513,0.12450853359791425,0.43028757962756914,0.02911889818675084,0.289484413427718,0.8530740975949657,0.38662735834402384,0.5439633682633426,0.819700239902319,0.41247168186036764,0.5113028281646798,0.5989994658270276,0.32229196238203994,0.1244656693579802,0.6593921604385009,0.01587740190873166,0.5495559852231962,0.8653097129670256,0.04904377521928205,0.5241672577164866,0.5570147657463114,0.8383306063566677,0.9257460849729335
United Arab Emirates,0.7140492965267614,0.5639846913804144,0.521909817241361,0.9806780665260632,0.08654787222524596,0.49432737057955367,0.6855749352589209,0.7001228101942468,0.866931400529056,0.8022218070364404,0.7475033477838985,0.6807693947537717,0.5115042750813295,0.9536132625072595,0.09376619138072573,0.44214676365155303,0.08687729716667825,0.6694027023508745,0.6826489355665978,0.6204027953824974,0.13473092087805605,0.7826729293451384,0.30229916161431514,0.21318680045701743,0.9987991660010388,0.5662108117398242,0.07295712923309172,0.06449860178642308,0.4424407078066216,0.43661415713720053,0.9999507635147049,0.46852648833242894,0.36490399098448956,0.6531789940288522,0.6457475617083447,0.012575268950446139,0.013182339630226081,0.04576602381927086,0.9697706636164386,0.009661897138588338,0.03902747170056231,0.7730258873058782,0.4320254339216367,0.776597193447633,0.1939156670018688,0.3713688774641144,0.7271110056777691,0.33949298117228355,0.8152509675386318,0.3715760269217153,0.07153253347190647,0.9865017795828747,0.5228338014384768,0.1692367465184902,0.26905082796594315,0.2072673581329444,0.6450162388683218,0.7174139505322319,0.24940532977460417,0.7276998974048662,0.7271101999510752,0.29468511891569116,0.8642784838613585,0.5600072790503532,0.6726020917486493,0.8561043591229679,0.4508321850492123,0.0023674506622350933,0.8053660161908064,0.4326542418896189,0.1613677815901131,0.29225910378827813,0.3141668823788005,0.5575918272938508,0.45733911606868927,0.26415755036436017,0.7117967457003003,0.5405944692134528,0.9193143905492812,0.4227236570433599,0.7456070178113687,0.8801094530554819,0.29013807620683896,0.907607994337559,0.4584958371017458,0.25030949509161393,0.4813323016094244,0.010724613704551689,0.07752400388169467,0.267005373852207,0.7575136048885419,0.8270213149841563,0.9185279582082789,0.08182755199568803,0.5228419774402834,0.5783383217929827,0.9994463203099088,0.2717368671961249,0.15533354367340224,0.019308530482529562,0.10300972498968974,0.7844091223625216,0.24167058073955705,0.5943747427548374,0.24811743623453908,0.9521227787962178,0.22729828376906558,0.030737311641048648,0.16851789158658415,0.7781907495321253,0.7887049449528314,0.39057171855801387,0.5683226397305905,0.636590626122836,0.023137408811730764,0.8617658505943874,0.11853850457199977,0.41890173995171154,0.44644504165454757,0.48781790496569344,0.6540432152101393
United Kingdom,0.0002306225484202118,0.6650644032668984,0.22239881101763326,0.5168795504671999,0.017939814483477257,0.14088969306221621,0.17120973082290258,0.6244463116889413,0.3203375737983589,0.706383356695425,0.5547904015596049,0.5466248093762773,0.05120815844216242,0.4716900311550405,0.037900974218689876,0.4608418083939323,0.21724277253057,0.2805240962141783,0.756059013417433,0.7569399351314849,0.23944261604435702,0.41835882597470964,0.6220914923247975,0.640037575560813,0.8868179398762721,0.18235966471473086,0.12295699865175702,0.8367740367410019,0.293312195477046,0.07399883884740188,0.6636971352795523,0.5668222488566271,0.7757366268749933,0.014527873073934106,0.7633081378676229,0.020278306511531063,0.5107582341201987,0.9227611465645502,0.19184511171284724,0.9827104680335254,0.6642900623792026,0.17749841275976097,0.6456858363925675,0.9411196315615654,0.29497264864919026,0.8465616508867435,0.7326511584501961,0.8465548058345516,0.46021582722143817,0.6928975628641371,0.2987041183257988,0.15981827038508523,0.8297391109299906,0.5310623754402205,0.20864286036773272,0.4329032758062845,0.8751886399104712,0.07798398275272822,0.9915895713626897,0.5950747500229779,0.341945168216819,0.02883631459286351,0.5720411590993486,0.39327544173151197,0.6106703377690254,0.046142078016704446,0.27541976425406045,0.017474814869246513,0.6420041477994812,0.9760108480774411,0.5204200754297998,0.21888717226039245,0.5532586188663807,0.7399450929025904,0.36135851996434154,0.7964972848421422,0.8518936479123903,0.985545959812494,0.2138761672446935,0.9692255866723625,0.3461086196252524,0.41046719905513784,0.21637308748507278,0.7591656337621859,0.530308932025171,0.7702511911651346,0.4969339204210429,0.05515278954922942,0.3005035624149873,0.887197300462891,0.17214517024806164,0.0020101182078070545,0.9474883283074392,0.814272250700337,0.11534248148003601,0.050165007653704685,0.17479927321889532,0.3387403245500493,0.8892528631563766,0.15828233394010705,0.18683111411735398,0.08726383081038935,0.9339980912451976,0.2523729031795443,0.7126486882072989,0.8674188735771873,0.2800270241409899,0.5446736294085557,0.07959631584929872,0.883312530198024,0.5815192939084666,0.1982979648105636,0.26444301012204996,0.14979148362790518,0.7413118796509803,0.5847223517793637,0.7050754109147522,0.1367675368013035,0.0019167896127577633,0.7623438167319412,0.5001469703988817
United States,0.9951714545249766,0.5046024595938093,0.01620996969621402,0.7980451985392888,0.9064187488542053,0.43830437197358085,0.27751152321185224,0.10350539144408355,0.05505815378297374,0.12071746755928559,0.6966340568366157,0.5737230629102507,0.515908135067785,0.038562562442895354,0.656409907864089,0.44818043278459807,0.8542808215550648,0.3532231268270464,0.9205134441759979,0.5938467417635037,0.31698114894715523,0.8601736154005826,0.8127447604774121,0.04298920087627267,0.2547070620631645,0.7912413014345862,0.6108754992372821,0.01832759372510273,0.42242501182190517,0.4304920815862111,0.9363282241980844,0.8202295128603103,0.038083257918101854,0.8715951028709419,0.6099593475055002,0.5328485732218139,0.7117378413914014,0.3933519309581499,0.9327373112522055,0.2750752586087687,0.31180159420013276,0.36442658188601174,0.8883118537493877,0.6683797089008516,0.17067195257549428,0.7456748197442211,0.2653566858245979,0.2058311313611696,0.3847634605006105,0.6075384548651556,0.3699300015929484,0.3825926877941298,0.46757245766589073,0.4387147105022111,0.2234635427890762,0.5434114004000609,0.831596297111225,0.5804147346492182,0.9012021855367472,0.8116384553522588,0.09813444399997939,0.48584168808177786,0.5872745257443749,0.9625193097467054,0.19897221868099835,0.6141084245077566,0.7749608382308109,0.574291670756294,0.02255390679089686,0.836600719024275,0.6022701350960045,0.8669160179210864,0.6092355193006544,0.6757066167101468,0.8892430283750506,0.8216999310303424,0.41417243671761517,0.25250424446292774,0.928982687398076,0.2202228777316939,0.25739109661291215,0.5682331919019971,0.8690353675559056,0.9146892614655042,0.7320670913332645,0.16722991660574715,0.12251091081389553,0.13766939646144183,0.11765088177755956,0.22405344023641705,0.0014481743981478168,0.5689478543187261,0.3345826102306497,0.6993262796890204,0.9926947499099501,0.8491420503665233,0.4101436602275388,0.9913044627763437,0.2010825107524542,0.4099867547823569,0.3791456992531326,0.8179702702850825,0.9075971869607564,0.633614925057598,0.29916240144696715,0.5334192390600581,0.7270218712264809,0.05242919233004506,0.8576166838777495,0.44872838053628417,0.8499720420984973,0.8698417025530166,0.22449400898612437,0.8937948471531376,0.005843376257036348,0.7710345176890864,0.5353437616228395,0.5871031588173508,0.9311590105987169,0.48638553126544737,0.6801313869064894
Viet Nam,0.3159053610436642,0.915064663370261,0.013445987393883585,0.43605544693139964,0.8645657170718548,0.4200472263191394,0.38487684188364457,0.04851796606903114,0.9428880448338304,0.6310929315019769,0.12547763450754412,0.9858337038162734,0.48304365794035375,0.6376798278151017,0.8875217694895662,0.2732496476603198,0.9018469355723229,0.8953862939866968,0.5798283458734832,0.37056869274616966,0.8851623548895037,0.6907133695554163,0.5012978805013044,0.8779716810722337,0.12320956958093388,0.3196872282702613,0.8645953041971801,0.8484738833232847,0.11183930724205016,0.2126314799604705,0.6249175633089729,0.49539377806312035,0.8702290440762601,0.05910041452465531,0.8101540226571834,0.23265541008867485,0.18099036849805483,0.2841286075177898,0.33818276961412863,0.27050117499196635,0.9129513835023286,0.7001237759447377,0.09660535608527265,0.7750734983478499,0.8941134083935713,0.6223928572354371,0.5767755726352067,0.04632885710162016,0.3245968297435661,0.8968906998616295,0.5615291226464273,0.5754266940094049,0.7016663795789101,0.08844137903332094,0.7686392375661337,0.005553829201380811,0.09773473071053485,0.6416820362186684,0.5924268545400291,0.9128417013190231,0.8629594831191679,0.24857487921105514,0.4544810327674458,0.23813850199693976,0.5910036187220572,0.17358334229262495,0.925784561515976,0.736299398552398,0.9516222790917045,0.9982068865276617,0.9548925133829588,0.2071156118325671,0.2537473959012577,0.6069443040499681,0.8512672196958264,0.7435820011328141,0.19959969111962106,0.3003944385543833,0.3939992620071925,0.4988661046118702,0.1527607092325035,0.9685311818828791,0.740145496410274,0.05155513729933214,0.23976319613716324,0.9501824602274602,0.31892166657654164,0.0012371050080822732,0.7821180919874559,0.6454359132172051,0.29377130545427066,0.9010245970187729,0.11699862332175814,0.3894495513362801,0.6905179538278868,0.7283173015134711,0.7489220736525966,0.4019223157459515,0.6954959564782428,0.8837315741924209,0.905752186287807,0.00903253093977685,0.18753466322795587,0.8605641684145516,0.3616524638341493,0.9039848444021581,0.29394809731309424,0.4441927978372149,0.637425079846085,0.3468782456616868,0.8760359275746548,0.7461575864709494,0.45022185017696137,0.6968861071587894,0.33314473431290137,0.6159126822060039,0.6964330913802279,0.6541608191138027,0.2771289186720288,0.18951105748869512,0.9752485988818963
Zaire,0.9764758405990835,0.1452842246185334,0.11351308192708309,0.14314629623562125,0.3663556535054151,0.3493062038555159,0.3710284340971497,0.38922615392428794,0.6583908965539595,0.3667827194447061,0.9447097703782641,0.9524063905974193,0.7903171010287824,0.5816511760591736,0.45758340200546943,0.2312672618813586,0.6128268532399811,0.17404742122594552,0.09441029896931141,0.7360669005868736,0.6089744119445144,0.9476703942175528,0.940220480456485,0.3789643760141651,0.12542012084795884,0.5253357974933432,0.8107100959278396,0.2637543928738536,0.7543525889486419,0.7830959592566491,0.7225878468552386,0.447133292581643,0.5128541926811606,0.8465475296781537,0.509576714907047,0.7327184145412454,0.08252788135491529,0.21263503819585838,0.5760528630254498,0.6726897565580416,0.8610616943074632,0.9815467871067963,0.3710457038509902,0.15178892964511748,0.7213759976226197,0.18542313354700657,0.18311781951730577,0.9559586381317039,0.16341708108552977,0.7605941326036965,0.5338462160939738,0.5122990897191091,0.2402248290622151,0.4860465628583167,0.8956603555678556,0.16844897579154106,0.94171652644633,0.31134163185037944,0.18121060436663916,0.33228244564036746,0.34057172739944597,0.020781571124123488,0.2649728662730112,0.3136698113116375,0.2602315431350062,0.21872413570089366,0.1016030383825125,0.03516997241957631,0.33690487067639063,0.23093119325757183,0.625105402283701,0.1714908297712917,0.3739114357273844,0.8412779003908053,0.6682232761843412,0.3216667038102905,0.8615160031314812,0.9650515616009817,0.38744066138308075,0.0947186885501401,0.9011647947520037,0.05516410848273212,0.09553317303243547,0.4910127389617297,0.2952525833546604,0.3645352169592603,0.3227370987403124,0.8278938090964463,0.18279298986899806,0.21216810555167498,0.4580936688984425,0.6670390856287467,0.5741649292006861,0.23207850660703633,0.6553810229172715,0.4392733519041955,0.80501971944491,0.5694978330889882,0.783467716085179,0.550654758872641,0.038577518669207334,0.7804908573503402,0.8825397698053304,0.10059177701485311,0.28957059190707746,0.6519229189126419,0.05354202168142419,0.9904119317813491,0.6500275286258413,0.9648977217466673,0.5372015794522889,0.9686478589331295,0.5083022915816324,0.5086217037254469,0.3356104392512441,0.6038334285419507,0.3513936038835419,0.3729337543436617,0.4793873525496023,0.8339070418035708,0.3880832477345333
Zambia,0.178324665883981,0.8960640813379719,0.44041638071793,0.9679565640396419,0.2911793638588964,0.9810559145109687,0.6755118389990752,0.8796653098308419,0.021661643537820185,0.4400000701065244,0.14242073191128368,0.7278311202039256,0.2585313698195725,0.8768596716304947,0.31198732389049355,0.5884311160218664,0.6615822509497155,0.8810646919658088,0.11456387472326013,0.1928701864639344,0.942365075449591,0.7965921229177446,0.4390899981549149,0.9360017212321097,0.1461711683133522,0.8377899922922705,0.3653248879708626,0.8829059502064899,0.44220903172633497,0.7335759271695773,0.13091858598377748,0.9602086128247368,0.2943221421708734,0.0035508971529506494,0.8773504300150783,0.1948857615201608,0.9599402126341933,0.9939960784648505,0.3073534504791715,0.6848908875993784,0.9375049066198547,0.7185032530780995,0.26903728415604655,0.8513454433749764,0.41322769187482233,0.8334173790718211,0.7957164359463343,0.623333395257997,0.42697238612686894,0.46176145283793824,0.5764399500477766,0.8557832283278377,0.734499098399484,0.39982981243923343,0.6074421171018007,0.948708400579484,0.541623883692764,0.24484662149909675,0.21775366337822621,0.37634685834272463,0.07009248054449246,0.07027633374088582,0.3908678883160548,0.9563065575657538,0.787810448094317,0.8880408293102376,0.6966576748870422,0.2100667806295855,0.28982668321874794,0.2841683267741747,0.12223187737802665,0.34019192385890973,0.6690035373547427,0.24726966845239162,0.023449002758698434,0.5987886057520097,0.12208044523220507,0.739914564458248,0.8990046614723336,0.13398335494026148,0.8656479588824798,0.4301580739014885,0.14107946248338288,0.8970784857749126,0.1145894040663542,0.5174285258859204,0.3125487687595859,0.966094086738078,0.25398809947162115,0.11223330329650183,0.7769287685608077,0.546464443584122,0.9430907955415333,0.7617215901399956,0.5340901233426901,0.4891602453391336,0.8883383118141027,0.18827445277757326,0.7295795344951925,0.7077884876452311,0.006618753262232269,0.23894432707815028,0.6615093644998931,0.8313217645460973,0.8275661381589645,0.13457339651472855,0.5876152638327659,0.9047309504166645,0.8736931683645679,0.06743625399403919,0.3661924198888674,0.7063254512834539,0.46344484236226147,0.9592103167382375,0.29784531202961795,0.12261272484136643,0.9223498801392538,0.28375679402431375,0.14467070274254357,0.3296950518195626,0.4676230914141707
Zimbabwe,0.1403414987848609,0.41351630767936653,0.4630100590326519,0.15187189524151745,0.8241749528972776,0.2788372982112096,0.9089120883984407,0.0178576953270857,0.12453783062539181,0.2747915428077924,0.449862391137241,0.2832610033234759,0.733359473238039,0.10613267170693874,0.666080075442319,0.8205811068314397,0.7046560505285211,0.5174440486043799,0.1969374620000759,0.8243544529249138,0.7329660104761223,0.9124026313293429,0.6411541650679204,0.2450156893000579,0.5097499697904354,0.12323444028592523,0.6079417636898427,0.3004712663070682,0.2822497291945205,0.1258242488394059,0.18309433418938736,0.5041362570427291,0.7227214355313586,0.8506151334897065,0.4099798837573315,0.4303832134540809,0.08938971267011897,0.2972141337302765,0.7033412821207771,0.145957308785848,0.9134103395225674,0.17817860193962454,0.30730776032550866,0.15582289471433042,0.35845927586869775,0.6295459259184945,0.5869025429518472,0.839672827293836,0.15608966330873386,0.3328141088326554,0.8047844509512582,0.8313845281410228,0.9972887877957898,0.9279317250533121,0.9768743074930575,0.4061107052635978,0.4696306540873826,0.9525441504999068,0.3608049042499808,0.3745370789848278,0.49596112164003836,0.9454930984146573,0.7318125576514627,0.47682282254590413,0.7241296092417371,0.24729021171781396,0.7146257670757417,0.5761540992706025,0.9847727235230318,0.7077735664580654,0.6452324718714048,0.6206840994134443,0.7159956891779018,0.0010590785979602835,0.46963317068351396,0.6575913440130172,0.4570853539156765,0.674454147117121,0.04561385706651322,0.4512037670534259,0.5524386011913685,0.42887608079358175,0.3859156136839359,0.28395648020863185,0.9065866825832887,0.6055378854137307,0.414765552076481,0.6404474518015711,0.9179897230614357,0.1035066252456236,0.18742908745433817,0.5314756991197731,0.9844559074056792,0.1988223913811613,0.7371285769652154,0.8145394547348699,0.15577885672109615,0.06771035968063877,0.11536789154801419,0.3540666070985431,0.009245145680491285,0.9910076110820443,0.9548023235351627,0.9463824158887519,0.7835072205886844,0.6025441618020493,0.07351773602099532,0.3774048458625274,0.541975471125774,0.4484412751686795,0.4789814231676801,0.06676125871020044,0.7866526024225886,0.7175614548207693,0.0707724742779855,0.8893215211934938,0.9425054831713607,0.6773597795142551,0.05273936177752936,0.8491835947713525,0.9074102684969944
