,Afghanistan,Algeria,Argentina,Austria,Azerbaijan,Bangladesh,Belgium,Benin,Bhutan,Bosnia and Herzegovina,Botswana,Brazil,Bulgaria,Burkina Faso,Burundi,Cambodia,Cameroon,Canada,Central African Republic,Chad,Chile,China,Colombia,Costa Rica,Cote d'Ivoire,Croatia,Cuba,Czech Republic,Democratic Republic of the Congo,Dominican Republic,Egypt,El Salvador,Equatorial Guinea,Estonia,Ethiopia,Finland,France,Gabon,Gambia,Georgia,Germany,Ghana,Greece,Greenland,Grenada,Guatemala,Guinea,Haiti,Honduras,Hungary,India,Indonesia,Iran,Iraq,Israel,Italy,Japan,Jordan,Kazakhstan,Kenya,Laos,Latvia,Lebanon,Liberia,Lithuania,Macedonia,Madagascar,Malaysia,Mali,Mauritania,Mexico,Mongolia,Montenegro,Morocco,Mozambique,Myanmar,Namibia,Nepal,Niger,Nigeria,Norway,Oman,Pakistan,Paraguay,Peru,Philippines,Poland,Qatar,Republic of the Congo,Romania,Russia,Rwanda,Saudi Arabia,Senegal,Serbia,Sierra Leone,Slovenia,Somalia,South Africa,South Korea,Spain,Sri Lanka,Sudan,Svalbard,Switzerland,Syria,Taiwan,Tajikistan,Tanzania,Thailand,Tunisia,Turkey,USA,Uganda,Ukraine,United Arab Emirates,United Kingdom,Viet Nam,Zaire,Zambia,Zimbabwe
Afghanistan,0.001,1.6970576267613604e-07,6.520667816583147e-08,2.1810529079258445e-07,5.662422478739564e-07,3.795827562773916e-07,1.900218214353666e-07,1.4481507204298138e-07,3.965273675329273e-07,2.3720527167656806e-07,1.3361258055737873e-07,7.459243832787057e-08,2.742926084820208e-07,1.4085003913854344e-07,1.8286994983336758e-07,2.1642896183456312e-07,1.6050614778390085e-07,1.0487385840145218e-07,1.8620285081865118e-07,1.9847409202387762e-07,6.303563287219042e-08,2.7193059702379953e-07,7.186474471003315e-08,7.027728659531193e-08,1.3040575867810123e-07,2.2650154098281667e-07,7.736108714590309e-08,2.251913012728889e-07,1.799839106221272e-07,7.950480646064105e-08,2.919196348389874e-07,7.075596937063326e-08,1.4986379496519446e-07,2.452416318404536e-07,2.54856515234359e-07,2.293218409346763e-07,1.8319538939211985e-07,1.4868258889848715e-07,1.1859854939191896e-07,4.674899268408156e-07,2.036288464786177e-07,1.353354075038019e-07,2.5659926198560296e-07,1.4200327887965397e-07,8.016164945219402e-08,7.126724020330279e-08,1.2561376054978056e-07,7.87800435382636e-08,7.196537692560392e-08,2.4521396812745395e-07,5.349812672803998e-07,1.3969807648267497e-07,8.829749661033745e-07,5.104047239505887e-07,3.5140613401276585e-07,2.155810417300491e-07,1.5269740595432298e-07,3.6488043967784365e-07,5.936032383116478e-07,2.2074654544540682e-07,2.3155625986993216e-07,2.479246263971408e-07,3.69594617058057e-07,1.222952384296143e-07,2.4710471990081356e-07,2.5723414754853535e-07,1.620818886049808e-07,1.6705681231528373e-07,1.4149739670962596e-07,1.3073469685000055e-07,7.322737303222622e-08,2.714983056849974e-07,2.4176973493524334e-07,1.550868493259622e-07,1.5366405418085263e-07,2.8873766184982833e-07,1.259549492074024e-07,5.254484516621223e-07,1.6665892967417495e-07,1.5762874013285915e-07,1.9939000584374723e-07,6.462779023489821e-07,1.7248224522513995e-06,6.954272183799183e-08,6.540007814023359e-08,1.6213174757560896e-07,2.3997690789662764e-07,6.362311038546123e-07,1.5507633441467988e-07,2.714983056849974e-07,2.5382293943020634e-07,1.872206363322456e-07,4.6814249786434e-07,1.2250172850908238e-07,2.5155722097700664e-07,1.2127134053284126e-07,2.2448011156270134e-07,3.3007522464152956e-07,1.2327182285042082e-07,1.779482238203279e-07,1.6456626079246614e-07,3.0123093554342315e-07,2.467616862181065e-07,1.8327513846114753e-07,2.00417732245672e-07,4.0053816553110996e-07,1.807741660822466e-07,1.1663379799314506e-06,1.8672638731003796e-07,2.467616862181065e-07,1.946504343401569e-07,3.607544026509937e-07,8.384387220302376e-08,2.02242703395274e-07,3.070263948510271e-07,6.820859651084829e-07,1.7697729045342378e-07,2.210011840449113e-07,1.799839106221272e-07,1.5418173685250003e-07,1.4396339606796795e-07
Algeria,1.6970576267613604e-07,0.001,1.0159797547420664e-07,4.299000831466568e-07,2.3384683692847546e-07,1.1733073525787341e-07,3.9430072211691077e-07,4.879480140478466e-07,1.189512229996589e-07,4.4962137178574527e-07,1.6735750051034608e-07,1.3290494768715445e-07,3.8692508272918916e-07,5.746909448468742e-07,2.2075127981798358e-07,9.533965508495027e-08,3.8255737512006016e-07,1.2857816127636398e-07,3.333164820433021e-07,4.5638747676740907e-07,9.853019103158168e-08,1.0791880841879017e-07,1.199968178634009e-07,1.0861322057580569e-07,4.222394747179718e-07,4.538351671871272e-07,1.2099325456636064e-07,3.7896788448874035e-07,2.5724859249123144e-07,1.336289477323396e-07,3.752602986623518e-07,1.0539738283504204e-07,3.364562585284559e-07,2.583530787987115e-07,2.3304550021811055e-07,2.3117898197817722e-07,5.00104540571173e-07,2.991741863238967e-07,3.861741875066018e-07,2.5222222732645994e-07,3.8415119464861087e-07,4.3948114104087053e-07,4.675431454689096e-07,1.8060077712212463e-07,1.4464975352916752e-07,1.0494629338000563e-07,4.309547024025331e-07,1.3067419674041836e-07,1.0873536148284162e-07,3.879922971953623e-07,1.3383233339510592e-07,7.738822803932371e-08,2.0823150626485782e-07,2.5316407249053454e-07,3.241770204033564e-07,5.350953292468333e-07,8.69430080443545e-08,3.1196684209412144e-07,1.6864184441335292e-07,2.0936413052470138e-07,9.793279217851988e-08,2.733865985096378e-07,3.1348788318293506e-07,3.6754564702133916e-07,2.8313112082725426e-07,4.3341598705862545e-07,1.4053473563521833e-07,8.483737174625116e-08,7.070823949288121e-07,5.673767421781225e-07,9.807754221685145e-08,1.1525928732567556e-07,4.7062814875810336e-07,1.123878590175729e-06,1.620649002974354e-07,1.0688441320243728e-07,1.7441735789205443e-07,1.282763954100827e-07,7.017229343911023e-07,4.853882029926625e-07,2.6220862786079576e-07,1.8231377677083144e-07,1.554132731422886e-07,1.1568694440980352e-07,1.0559961482525256e-07,8.304621681943163e-08,3.313945769191827e-07,2.0935601442262186e-07,2.893649463224535e-07,3.598562816743702e-07,1.2944527461630974e-07,2.2726095278157106e-07,2.392403759722002e-07,4.2634637501966973e-07,4.1761374431167834e-07,3.785292277106327e-07,4.4261485929571033e-07,1.9237050975338145e-07,1.494121543510421e-07,9.281228656559667e-08,6.763219494687476e-07,1.1798696441034805e-07,3.1894817585663727e-07,1.7761490718704584e-07,4.643636519853915e-07,2.9446180955216543e-07,8.878733337766656e-08,1.5896948414464846e-07,1.9624074289641413e-07,1.0091214264321539e-07,1.1394798002640444e-06,3.1317682669601436e-07,1.1175051782475364e-07,2.3269899954228606e-07,2.939818603840462e-07,1.965029409237096e-07,3.4290920515675114e-07,9.60169799284442e-08,2.5724859249123144e-07,1.7928528079550814e-07,1.651712988542852e-07
Argentina,6.520667816583147e-08,1.0159797547420664e-07,0.001,8.439659049463911e-08,7.115149542837211e-08,5.7903028693605384e-08,8.687057320836334e-08,1.1795245573682486e-07,5.718106683406838e-08,8.355405658538571e-08,1.1761745229987232e-07,3.555932763464834e-07,8.055914040170842e-08,1.1952174899031716e-07,9.836498580043659e-08,5.7371232267772115e-08,1.0981983986629115e-07,9.259792096250246e-08,1.0013891518718378e-07,9.704492173865982e-08,1.2561838066810048e-06,5.260210381285559e-08,2.3314480389302206e-07,1.883583519946209e-07,1.2891259330463716e-07,8.428517360542949e-08,1.5693640079770444e-07,8.247274522714184e-08,1.0079483778369491e-07,1.6926586101522142e-07,8.34831511445195e-08,1.6904582873662046e-07,1.1536092319364908e-07,7.59098066528293e-08,8.611693698718194e-08,7.494748886896107e-08,9.041125608792524e-08,1.1576365001063286e-07,1.3761417680503995e-07,7.256080048995299e-08,8.469185802831692e-08,1.2484030239551545e-07,8.3462006327903e-08,8.400549231545426e-08,1.9569525767946263e-07,1.62743422671463e-07,1.32066142825523e-07,1.6854969017852312e-07,1.6879592579877353e-07,8.151616784948074e-08,6.294524444637084e-08,6.382767727086008e-08,7.027557182821761e-08,7.417146139492816e-08,7.923698220802532e-08,8.662338296504034e-08,5.552557163309192e-08,7.872493908261609e-08,6.340391865724837e-08,8.942967641189852e-08,5.577962075223284e-08,7.667418735441552e-08,7.797856006792506e-08,1.3746987227781517e-07,7.725403139983962e-08,8.241154959435005e-08,9.446847479521918e-08,6.06130888356012e-08,1.17668126144918e-07,1.2303085195888945e-07,1.3365079477825282e-07,5.439682361149225e-08,8.384489931937523e-08,1.0451014940329344e-07,1.031841082188871e-07,5.6141732383277e-08,1.2690156615109693e-07,5.912732202942433e-08,1.0624013766203517e-07,1.1097381298284415e-07,7.992125412421092e-08,7.090959998374565e-08,6.3720648827822e-08,7.393711098897956e-07,3.416935055679209e-07,5.681263125517437e-08,7.985537525554355e-08,7.249632401554047e-08,1.1189696770939128e-07,7.961908462005039e-08,5.9210265334859825e-08,9.747355482404987e-08,7.57422343710608e-08,1.333508971510447e-07,8.211583018730042e-08,1.3769966922920427e-07,8.417965850367298e-08,7.844692752638766e-08,1.2335959484943828e-07,5.2827117961517703e-08,9.754166893200114e-08,6.516708210386034e-08,8.854573746982027e-08,7.387725672371766e-08,8.700913843422116e-08,7.657357757032527e-08,5.334447828832533e-08,6.251747632560869e-08,9.553272697596179e-08,5.758752329144003e-08,9.341421597956544e-08,7.697798485824718e-08,1.1532597821548421e-07,9.407905250577654e-08,7.590252609312626e-08,7.156052013937045e-08,8.757222432460589e-08,5.625077692986126e-08,1.0079483778369491e-07,1.0577793695421506e-07,1.0932134463928183e-07
Austria,2.1810529079258445e-07,4.299000831466568e-07,8.439659049463911e-08,0.001,3.5430752816721826e-07,1.4077242308693325e-07,1.2753864303374454e-06,2.31372062298705e-07,1.4531638460855563e-07,1.9272290044983117e-06,1.2899743832687748e-07,1.0823198814809059e-07,9.666077844573979e-07,2.4595445952442036e-07,1.7056580292212196e-07,1.1009937507124191e-07,2.182344318225752e-07,1.5461743546727626e-07,2.207890161911504e-07,2.760005286771319e-07,8.334955458860163e-08,1.3578122210713596e-07,1.0715551755357345e-07,1.0260884000680724e-07,2.1306526391646539e-07,3.4172833603549166e-06,1.1731353674343712e-07,3.193168260238961e-06,1.863888820277637e-07,1.244586222969648e-07,3.723103459021105e-07,1.0215227658753655e-07,1.986849198722369e-07,6.472410130151747e-07,2.0214397660010908e-07,4.972173555591997e-07,1.137943405522341e-06,1.8668134901495153e-07,2.1416748572103838e-07,4.084769982836413e-07,1.938517141390392e-06,2.1759546924995158e-07,8.606951306212217e-07,2.601643470394361e-07,1.2660831332253613e-07,1.0261067432978693e-07,2.1814992414620143e-07,1.2247099959176295e-07,1.0505526666700991e-07,1.9727669225475857e-06,1.5561932873194442e-07,8.568042093624616e-08,2.6651104919799487e-07,3.300990300571332e-07,3.9498806283259996e-07,1.9934454565434292e-06,1.0796778556729475e-07,3.7723401714723387e-07,2.4884607701084363e-07,1.7662953168147303e-07,1.1518219239205782e-07,7.484961726922401e-07,4.1513547194280557e-07,1.9916798949103399e-07,8.252045361197075e-07,1.0873380175815871e-06,1.2219983833223508e-07,9.526854501132468e-08,2.6878746336047025e-07,2.63214914840015e-07,1.0105608680454179e-07,1.5201616999141046e-07,1.3455237858208137e-06,4.336788328459128e-07,1.3193162183365363e-07,1.2736187629513913e-07,1.3009701574497176e-07,1.572249286673867e-07,2.849905949054217e-07,2.3989359307600683e-07,6.073368380871209e-07,2.0499392254522873e-07,1.9363839390954377e-07,9.478632125900716e-08,9.285687435597695e-08,9.69622428424548e-08,1.4130320437110013e-06,2.4318010399491536e-07,1.8667231655882128e-07,1.105745626626466e-06,1.830758406910584e-07,1.753728737641693e-07,2.6806937528135793e-07,2.2317583734236598e-07,1.4234094765076074e-06,2.039295148443043e-07,5.117146118014728e-06,1.8781087118792225e-07,1.1735980566888644e-07,1.1614177861297248e-07,6.201826541577388e-07,1.288153676351181e-07,2.562436300907953e-07,2.9155767719963655e-07,2.4648142427694315e-06,4.0561550583252195e-07,1.068683260657884e-07,2.141353794721384e-07,1.5922282536011312e-07,1.1696483571338217e-07,6.560672386734121e-07,5.047800425095998e-07,1.2039620351779657e-07,1.8373647215236356e-07,7.155429835377672e-07,2.2600152264653858e-07,7.638637504496285e-07,1.121641936987863e-07,1.863888820277637e-07,1.4083153693043513e-07,1.3086719623708775e-07
Azerbaijan,5.662422478739564e-07,2.3384683692847546e-07,7.115149542837211e-08,3.5430752816721826e-07,0.001,2.298686571487177e-07,2.8405362575269076e-07,1.7789984124514823e-07,2.3932350412723484e-07,4.07849425271463e-07,1.3633091932083237e-07,8.486794936411312e-08,5.301964300385731e-07,1.757683475067463e-07,1.927327225711946e-07,1.5759808851823673e-07,1.920914744502652e-07,1.1976159165503348e-07,2.197182710903444e-07,2.5315523395513287e-07,6.934810654862751e-08,1.994169558518153e-07,8.231001597481642e-08,7.981361348657728e-08,1.5857647671061147e-07,3.774992407585746e-07,8.879622726823041e-08,3.7123547773767007e-07,1.987992813567456e-07,9.223052093948724e-08,4.547126584733216e-07,7.996900213402155e-08,1.7565947668439611e-07,3.919530937259496e-07,2.6867946956503204e-07,3.3721323893563887e-07,2.707301111708033e-07,1.7091362490682223e-07,1.457238860121033e-07,2.671527599355443e-06,3.1534116273861913e-07,1.6477605529563115e-07,4.578388376384108e-07,1.7553789452543593e-07,9.3380196535859e-08,8.04413630782806e-08,1.541076045718944e-07,9.119048293712095e-08,8.163893446830998e-08,4.3184400595181183e-07,2.77302850786791e-07,1.1225165251919255e-07,9.395814215500193e-07,1.125064854739966e-06,6.579662618248076e-07,3.4739111048136125e-07,1.3215347952276808e-07,6.764510040807888e-07,5.466395490234341e-07,2.2328227266948447e-07,1.6669068005059555e-07,4.0854539393520845e-07,7.862426610037919e-07,1.474633141905576e-07,4.115713813040714e-07,4.6787833556842917e-07,1.4930686582471367e-07,1.293119252751582e-07,1.796640967896678e-07,1.65680857582948e-07,8.129083053550347e-08,2.1705652100605358e-07,4.195461146636418e-07,2.109247523222717e-07,1.5079688253515136e-07,1.9428467413268835e-07,1.3146614026406567e-07,2.7740770321892257e-07,2.1404592079977567e-07,1.9425838925270688e-07,2.890267061630147e-07,4.2700312400325086e-07,4.262979885368962e-07,7.744762671113904e-08,7.38427920759918e-08,1.2858077164578403e-07,4.0753223899378015e-07,5.883582822792475e-07,1.7687003153767672e-07,5.211132204963405e-07,2.395875823202342e-07,1.9875442393863967e-07,5.764787296651241e-07,1.5130373074132698e-07,4.52226637067466e-07,1.471617086041981e-07,3.718776264946327e-07,2.956448507336902e-07,1.2394159105223428e-07,1.489209237430688e-07,2.3160410519178012e-07,2.0062703501004042e-07,3.033468879426537e-07,2.2929310251681195e-07,3.099780684119852e-07,9.660579588129508e-07,1.4295061824919372e-07,4.962911166569937e-07,1.884910737962785e-07,1.7273493704132912e-07,2.8881496341760356e-07,9.2317339179736e-07,9.440106021619459e-08,2.152183422760841e-07,6.47753604144049e-07,5.186581288307703e-07,2.538199510234786e-07,1.6079634522440117e-07,1.987992813567456e-07,1.5612455573217483e-07,1.4411851950050552e-07
Bangladesh,3.795827562773916e-07,1.1733073525787341e-07,5.7903028693605384e-08,1.4077242308693325e-07,2.298686571487177e-07,0.001,1.297969926753727e-07,1.0678430723089925e-07,2.5577069896289664e-06,1.473132160829917e-07,1.1404933489544233e-07,6.246411368056594e-08,1.6044897929252112e-07,1.0378589195506438e-07,1.3949196062076086e-07,5.012593624460973e-07,1.1725561889883713e-07,9.360302800066574e-08,1.3211169216523308e-07,1.3426978771464804e-07,5.546014933590608e-08,5.280344838714632e-07,6.115562215825801e-08,6.177608002915683e-08,9.841372216682884e-08,1.4347889524936091e-07,6.731110028955004e-08,1.446296796365518e-07,1.3358354801981376e-07,6.752208281488787e-08,1.6710175444817005e-07,6.322119063563769e-08,1.1224614452909702e-07,1.5957370197125173e-07,1.723025697864433e-07,1.569625365227431e-07,1.2528548727413628e-07,1.1277166600848804e-07,9.060193114246314e-08,2.1227388485992703e-07,1.3594932900048897e-07,1.0142460587304684e-07,1.53366909249117e-07,1.148926556326743e-07,6.680222315992349e-08,6.396215780481192e-08,9.50644899527537e-08,6.719119896520185e-08,6.380344957044173e-08,1.514223032720667e-07,7.078042632185545e-07,2.1882358274582362e-07,2.683510488639841e-07,2.1854082012662124e-07,1.8334614830957647e-07,1.3847829647686408e-07,2.09744700291221e-07,1.872252325828538e-07,3.0345321771997293e-07,1.6262406771036034e-07,5.904335931233261e-07,1.5888005147823425e-07,1.8750904716899348e-07,9.361588414313456e-08,1.5764674387557198e-07,1.5414277314756315e-07,1.4835775259330416e-07,2.9463709167139683e-07,1.0360458817967516e-07,9.733166154013781e-08,6.827572828260145e-08,3.5871311941187205e-07,1.485218396462162e-07,1.101673602232539e-07,1.3188722926891237e-07,1.1773015037246127e-06,1.0644986514065218e-07,1.33999837798586e-06,1.1746971655024408e-07,1.1412463601424581e-07,1.396674349246889e-07,2.9375794282593257e-07,4.784817937721795e-07,5.963594380305895e-08,5.5954505069086414e-08,2.792445139245396e-07,1.5183838357384714e-07,2.557906566121545e-07,1.1711234727106695e-07,1.6066470529326491e-07,2.454678230841866e-07,1.4103844424093317e-07,2.202156082905364e-07,9.290880395543138e-08,1.52701262192344e-07,9.27044778546422e-08,1.4292878885036062e-07,2.1684612216385196e-07,1.0893232466996506e-07,2.5994060762430867e-07,1.1549781329484394e-07,4.7335497933710386e-07,1.579123733832685e-07,1.4391310983997541e-07,1.3318937893347413e-07,1.949667808868379e-07,3.170142754787079e-07,4.090512120220287e-07,1.4649247038387326e-07,6.915277107434535e-07,1.2868337110197396e-07,1.8530183290830636e-07,7.632112740968981e-08,1.4837928374313366e-07,1.7491609410909911e-07,2.737653222362608e-07,1.2483203782344646e-07,5.285667702477195e-07,1.3358354801981376e-07,1.2788805972375777e-07,1.2309279453294087e-07
Belgium,1.900218214353666e-07,3.9430072211691077e-07,8.687057320836334e-08,1.2753864303374454e-06,2.8405362575269076e-07,1.297969926753727e-07,0.001,2.1808141842128588e-07,1.341509493937864e-07,7.706485218772198e-07,1.2044080867682173e-07,1.1358314932818796e-07,5.518422417586104e-07,2.3637338099375808e-07,1.535893736078824e-07,1.0357360193272701e-07,1.990016754835543e-07,1.7392439460285822e-07,1.957780567850587e-07,2.3828819638234818e-07,8.641460532505141e-08,1.2860351314624607e-07,1.1517245538047369e-07,1.109390835038487e-07,2.0743710712466768e-07,9.413999306932748e-07,1.2868291669013442e-07,1.2085785614660797e-06,1.6741902078158874e-07,1.365671881286195e-07,2.9074522934216837e-07,1.1072349133161628e-07,1.8377510195301605e-07,6.000380903727604e-07,1.7586596025016092e-07,5.116733213697362e-07,1.795131676586731e-06,1.7269122623005462e-07,2.2020053877602566e-07,3.1761285837406223e-07,2.840347077845801e-06,2.0917161734097637e-07,5.190643820261851e-07,3.1324314661802255e-07,1.3758320474070722e-07,1.1134616344150002e-07,2.1748334373510066e-07,1.343065906167839e-07,1.1409406253966525e-07,8.034500715813712e-07,1.4039645376248218e-07,8.167276081148432e-08,2.2256246591247426e-07,2.632946262467774e-07,3.016662556497385e-07,8.976428480037786e-07,1.0651960365336009e-07,2.911513038429406e-07,2.2186971940010387e-07,1.56681803298844e-07,1.0843177698053501e-07,6.523887894355983e-07,3.1326494893488545e-07,1.9717646281122076e-07,6.933403106390829e-07,5.875620554317818e-07,1.12327579222144e-07,9.026211874823503e-08,2.6177639558245337e-07,2.7038411139313467e-07,1.0975193956406194e-07,1.4530942588064102e-07,6.625586829094579e-07,4.507359155684177e-07,1.2149296791506417e-07,1.1884819401916483e-07,1.2243606485687652e-07,1.4347960822960135e-07,2.577248164797873e-07,2.2015938611884193e-07,7.713813740298705e-07,1.7707314673054653e-07,1.7129755029974636e-07,9.824485011066263e-08,9.833053111973473e-08,9.300681094835976e-08,8.941434179053494e-07,2.0472500222799653e-07,1.7129503580303146e-07,6.105131365014204e-07,1.7810537194446168e-07,1.57376562242533e-07,2.2154923747538018e-07,2.2749398203918576e-07,6.731270095848767e-07,2.0384194005561393e-07,1.026803933274485e-06,1.638080085385242e-07,1.1038770692599748e-07,1.1332751672731124e-07,7.380570107646218e-07,1.1771275243587751e-07,2.170168071125392e-07,3.226607180930562e-07,1.9345850545915423e-06,3.0836183281121274e-07,1.0276504747056482e-07,1.9012579966263814e-07,1.4362474211685794e-07,1.0936836126277714e-07,5.227009213078031e-07,3.6365127453386064e-07,1.3284586665506472e-07,1.6339208152656297e-07,4.977360379916952e-07,1.9252551505603102e-07,1.8545930989951728e-06,1.0568759220052006e-07,1.6741902078158874e-07,1.2953065867602795e-07,1.2122199642106438e-07
Benin,1.4481507204298138e-07,4.879480140478466e-07,1.1795245573682486e-07,2.31372062298705e-07,1.7789984124514823e-07,1.0678430723089925e-07,2.1808141842128588e-07,0.001,1.0681861660446093e-07,2.429949026880978e-07,2.3714592744551275e-07,1.4929030606224605e-07,2.3141326815158023e-07,1.6548023352853382e-06,2.943513180337425e-07,8.975385540799891e-08,8.749941762499866e-07,1.0527899779180517e-07,4.798828293615496e-07,5.207599268738754e-07,1.1162169824612015e-07,9.475741068230728e-08,1.2168108655398936e-07,1.060357205654876e-07,1.2273443777244233e-06,2.408124921949479e-07,1.1315089338914467e-07,2.160591902890192e-07,3.661704649224285e-07,1.2673499866398084e-07,2.856141945954095e-07,1.010822478548574e-07,8.380920927029257e-07,1.7103984774819622e-07,2.5409721758045023e-07,1.5789861562429513e-07,2.471818487542202e-07,6.379227874775452e-07,4.764216764704001e-07,1.8521139433606035e-07,2.1537670556240862e-07,2.0154069627183477e-06,2.621542024064462e-07,1.3330907498584693e-07,1.4324739444564488e-07,9.99698326975836e-08,7.395697230979442e-07,1.238501147906492e-07,1.0400865375565135e-07,2.2304937982822715e-07,1.2384580168783832e-07,7.603426717028996e-08,1.73108118136006e-07,1.9980971675974744e-07,2.4122446785226575e-07,2.6079068297164963e-07,7.591497036862486e-08,2.366989524079125e-07,1.3456702574868647e-07,2.457690993469421e-07,9.075048247851793e-08,1.7781115091966077e-07,2.2929684120720358e-07,7.479536555088396e-07,1.8192726607735817e-07,2.4560826258220236e-07,1.6980369102220734e-07,8.203587011460624e-08,9.339251743613454e-07,5.202029457032514e-07,9.059250753955634e-08,9.780253626863458e-08,2.5271921926178673e-07,3.8444373299552863e-07,2.1143759711690668e-07,9.794331359652386e-08,2.6050826601128624e-07,1.1469605032311565e-07,1.0503188708756516e-06,1.5790011971146205e-06,1.7063429250026138e-07,1.6697271824311185e-07,1.3602931136311365e-07,1.3367567798308063e-07,1.119624984696688e-07,7.737735870205787e-08,2.007586641792918e-07,1.8311286102140035e-07,5.466860023218808e-07,2.1788595499347114e-07,1.0497666538887439e-07,3.003362622407571e-07,2.0691137851505817e-07,5.437237249887862e-07,2.3635230022735206e-07,6.596947637336684e-07,2.3672250897519055e-07,1.951057208042864e-07,2.0582868596572826e-07,8.106321644028334e-08,2.910930991116259e-07,1.1543779250711021e-07,3.249600824851074e-07,1.3023638061503624e-07,2.3853649173416697e-07,2.174504885058046e-07,8.04368789402738e-08,1.3302140562604144e-07,2.4895031559858537e-07,9.462920989956151e-08,3.5720248704879843e-07,2.167304249181524e-07,9.835446508385744e-08,2.918849450043287e-07,1.9305199796388026e-07,1.7507030716452368e-07,2.0202290352939708e-07,8.949825124381622e-08,3.661704649224285e-07,2.4458861371959355e-07,2.2420545691147874e-07
Bhutan,3.965273675329273e-07,1.189512229996589e-07,5.718106683406838e-08,1.4531638460855563e-07,2.3932350412723484e-07,2.5577069896289664e-06,1.341509493937864e-07,1.0681861660446093e-07,0.001,1.5172370947402205e-07,1.1102353291735338e-07,6.27850306096315e-08,1.6539724083395286e-07,1.0418326503796593e-07,1.3640338814901794e-07,4.5391486400884803e-07,1.1661279696434031e-07,9.714606816113906e-08,1.3094647873413322e-07,1.3412516011626765e-07,5.493591770911639e-08,6.212896401904925e-07,6.230160285916493e-08,6.323735325719042e-08,9.855975746883162e-08,1.4786724176751607e-07,6.902322176974519e-08,1.4973763752828761e-07,1.3139922343444877e-07,6.907437974430574e-08,1.686897305345856e-07,6.480487782329651e-08,1.1142213639551356e-07,1.673364243241244e-07,1.689283466620368e-07,1.6516638331342606e-07,1.2892506895717535e-07,1.1164718127307609e-07,9.129341269821011e-08,2.2079169343018393e-07,1.406743034050891e-07,1.0148803138001241e-07,1.5720702969262304e-07,1.19906379670354e-07,6.802734986584505e-08,6.559139623319777e-08,9.550332402332603e-08,6.876183967536975e-08,6.539834028832175e-08,1.5654941610179495e-07,6.227566527028316e-07,2.0858589849965578e-07,2.7447948494928686e-07,2.2317661665509562e-07,1.8634144646793585e-07,1.4230215292711101e-07,2.1965078564041586e-07,1.9014182550499766e-07,3.338571438787098e-07,1.5840266464569125e-07,5.492116617694473e-07,1.662507214640222e-07,1.9135616861321364e-07,9.378762924172824e-08,1.6473484638027396e-07,1.5853224536000769e-07,1.420093230426173e-07,2.758749087512334e-07,1.0432605732656161e-07,9.835978870667744e-08,7.013273788624992e-08,4.134740653143746e-07,1.5267086372001364e-07,1.1211705770162044e-07,1.2759489217959762e-07,1.028227513056023e-06,1.0401338634374618e-07,1.5548846531098473e-06,1.1785503587144834e-07,1.1399060180633646e-07,1.4587999379264171e-07,2.8849293852810384e-07,4.953943118538047e-07,5.9429388311780096e-08,5.6770569804645186e-08,2.7427404377126144e-07,1.5779103253177554e-07,2.5621505691012506e-07,1.1576871452150773e-07,1.6621802559631905e-07,2.715206065513625e-07,1.3805140899166424e-07,2.2080226894651015e-07,9.359194728734661e-08,1.5739920960491722e-07,9.303132547458942e-08,1.4740701571194625e-07,2.103070027245014e-07,1.0582606027137327e-07,2.764795222423619e-07,1.1824139352425346e-07,4.030874978620474e-07,1.5696655346908213e-07,1.51927087018144e-07,1.3729538021825642e-07,1.9949698713690118e-07,3.235812269584002e-07,4.5203855939373996e-07,1.424359938404977e-07,5.890509519339321e-07,1.3108168484417924e-07,1.906861200735698e-07,7.86681718325623e-08,1.4531921629523357e-07,1.8225135699600085e-07,2.7251754939284256e-07,1.292199176253618e-07,4.892719601011266e-07,1.3139922343444877e-07,1.2432710951494624e-07,1.1945702930460012e-07
Bosnia and Herzegovina,2.3720527167656806e-07,4.4962137178574527e-07,8.355405658538571e-08,1.9272290044983117e-06,4.07849425271463e-07,1.473132160829917e-07,7.706485218772198e-07,2.429949026880978e-07,1.5172370947402205e-07,0.001,1.3636487259240365e-07,1.0583445104540826e-07,1.7338669158719412e-06,2.5438717202552354e-07,1.8531965991803085e-07,1.1389543557538233e-07,2.352372050361679e-07,1.4336185298449713e-07,2.432980899636629e-07,3.1092276307820046e-07,8.209701634679452e-08,1.389311484418351e-07,1.030495529351844e-07,9.815335110640091e-08,2.187548872828343e-07,4.2140693192757586e-06,1.112403174518211e-07,1.4994283172555834e-06,2.0312188612101316e-07,1.1815918516430375e-07,4.603102939911577e-07,9.74840632666262e-08,2.1189250276892692e-07,5.695101301589501e-07,2.2539160118466593e-07,4.3805439761207485e-07,7.820436960741895e-07,1.9908136071542061e-07,2.1199507997190242e-07,4.801369390210375e-07,9.70203286704044e-07,2.2539160118466593e-07,1.5436457672987854e-06,2.3073759597291713e-07,1.2106148914855052e-07,9.7827382133146e-08,2.202899563163471e-07,1.1628556857553989e-07,1.0016113301322556e-07,2.715802559462166e-06,1.6590895470087143e-07,8.806432617918865e-08,3.0133841586644895e-07,3.90596994901404e-07,4.954466665334192e-07,2.2813256154583693e-06,1.0775423512330471e-07,4.674114500582753e-07,2.610927196049585e-07,1.938594694745774e-07,1.189567617875687e-07,6.54855292189936e-07,5.241606502275328e-07,2.0225561497178042e-07,7.137563151108889e-07,2.4638932162382837e-06,1.3023234103127591e-07,9.823941610010742e-08,2.7486101818495155e-07,2.598642901930846e-07,9.609438044708079e-08,1.5389721739420705e-07,4.225288315369779e-06,4.155224874647993e-07,1.4070521365651128e-07,1.3221448455729596e-07,1.3683004440429612e-07,1.6550665489899131e-07,3.0818478357452364e-07,2.5708780850056145e-07,4.83052993091773e-07,2.2716124836125736e-07,2.085544982827923e-07,9.342261532387117e-08,9.013402634570754e-08,9.896343221634409e-08,1.1088192965445554e-06,2.752773017980952e-07,2.0026694715358398e-07,1.6814158109773264e-06,1.8176569956973798e-07,1.9107111935968276e-07,3.098328126277884e-07,2.2202820942560798e-07,4.1561841787205854e-06,2.0570842356757052e-07,3.081326237720753e-06,2.0801124657643436e-07,1.2336224354060978e-07,1.166292521110965e-07,5.347769882444358e-07,1.3651502401639542e-07,2.9322528424755954e-07,2.6391804505701273e-07,1.1779579398219068e-06,5.04625369800053e-07,1.0866536433102017e-07,2.2812977293022165e-07,1.7256790963124458e-07,1.2147447141226468e-07,7.381725765918831e-07,6.576142830457892e-07,1.133316700657413e-07,2.0157327617950245e-07,8.282754914492091e-07,2.5320141829555004e-07,5.47264935457521e-07,1.1581964437378572e-07,2.0312188612101316e-07,1.5046899357678602e-07,1.3905813387988825e-07
Botswana,1.3361258055737873e-07,1.6735750051034608e-07,1.1761745229987232e-07,1.2899743832687748e-07,1.3633091932083237e-07,1.1404933489544233e-07,1.2044080867682173e-07,2.3714592744551275e-07,1.1102353291735338e-07,1.3636487259240365e-07,0.001,1.1794521413963622e-07,1.3894192443292586e-07,2.0829422040366552e-07,4.657672655655583e-07,1.0367366301242007e-07,2.974007910727568e-07,7.2975903933117e-08,3.10123544884835e-07,2.421888180138881e-07,1.0782949638006518e-07,9.423023203042975e-08,9.258912734820804e-08,8.146579811307235e-08,2.1805974560792326e-07,1.335550601308717e-07,8.155387797374706e-08,1.2513688599537682e-07,4.104720468913227e-07,8.889354680798859e-08,1.8315603792417142e-07,7.74032505497635e-08,3.2674120921729324e-07,1.1137893155793475e-07,2.7371321073864887e-07,1.0487406148912504e-07,1.2736748766166182e-07,3.736970243633314e-07,1.6901053799489016e-07,1.3578261101719219e-07,1.2167134911174188e-07,2.290204786046038e-07,1.4802698011737218e-07,8.718449783089961e-08,9.9247374301875e-08,7.626947505296225e-08,1.9206265713059442e-07,8.754001481796229e-08,7.867611638127009e-08,1.3069107479608078e-07,1.350880092559161e-07,9.591104247026156e-08,1.486515660911905e-07,1.551105564751447e-07,1.6582925497827757e-07,1.3757676819696742e-07,7.390288538633274e-08,1.6657678021691396e-07,1.1224847992738132e-07,3.373420953764894e-07,1.0136122972857892e-07,1.1423066205256408e-07,1.5861239024773753e-07,2.0722035766023439e-07,1.1570908827533024e-07,1.4145143003893563e-07,4.16789471383996e-07,1.0035253651072362e-07,1.89220973986638e-07,1.6458705566648873e-07,6.893366899538189e-08,9.029116807829778e-08,1.4076286164142128e-07,1.486515660911905e-07,8.180854699707456e-07,1.0653336109662062e-07,1.3835624036915038e-06,1.1771852858320693e-07,2.1971203517958938e-07,2.5332720393417254e-07,1.0645031052969108e-07,1.6787733465189054e-07,1.3205875904729014e-07,1.2032197456367618e-07,9.41845004996518e-08,8.802098590660724e-08,1.218557664374223e-07,1.660275804870982e-07,3.9685991610995396e-07,1.3279215495720164e-07,8.808320187921985e-08,4.3364283378668033e-07,1.7625319929414648e-07,1.7391364335029805e-07,1.3672329438818152e-07,1.9463834695768042e-07,1.3184482292162493e-07,2.2370569439313526e-07,1.2895424555516409e-06,7.927169033954424e-08,1.3415993181731167e-07,1.4299713049253662e-07,2.412634851943015e-07,9.010072415394199e-08,1.2806421378255548e-07,1.5433107104491578e-07,8.592449862115936e-08,1.1990783772895002e-07,4.6957289802762727e-07,1.0819283405779498e-07,1.5629545457139542e-07,1.4600567223214033e-07,7.060301224326429e-08,3.7192006102594565e-07,1.2652528133829886e-07,1.6565030716454685e-07,1.1386967431182647e-07,1.0125768487734022e-07,4.104720468913227e-07,9.99451783105426e-07,1.510848242810262e-06
Brazil,7.459243832787057e-08,1.3290494768715445e-07,3.555932763464834e-07,1.0823198814809059e-07,8.486794936411312e-08,6.246411368056594e-08,1.1358314932818796e-07,1.4929030606224605e-07,6.27850306096315e-08,1.0583445104540826e-07,1.1794521413963622e-07,0.001,1.0039726113864639e-07,1.5659393448245128e-07,1.06339598101255e-07,5.608831597437286e-08,1.309535363693283e-07,1.172220610710951e-07,1.1584622121897981e-07,1.1605601414355822e-07,3.612125477213849e-07,6.031497144667768e-08,4.099451555159864e-07,2.564308109729828e-07,1.6982071113775377e-07,1.0745711741477448e-07,2.258354629379828e-07,1.0539007292518402e-07,1.1208233651426951e-07,2.747565716209893e-07,9.975235893355316e-08,2.1831996212084847e-07,1.3654322254896022e-07,9.577213871444985e-08,9.526850148595211e-08,9.467824352023756e-08,1.1904012172054817e-07,1.3421107616733908e-07,2.0095240038872196e-07,8.734079409449544e-08,1.0962613416941523e-07,1.6122585575496155e-07,1.041400800990684e-07,1.0911020065034719e-07,3.9138248172412683e-07,2.082490836648357e-07,1.819615173820631e-07,2.677955156664146e-07,2.251869559400473e-07,1.0307632979852713e-07,6.769477243547149e-08,5.4769892703522086e-08,8.135546790738987e-08,8.734609912798752e-08,9.465484317875419e-08,1.1097352339077312e-07,5.9371410401833186e-08,9.36802334831032e-08,7.542862966878533e-08,9.646663345366145e-08,5.650237944293896e-08,9.677594041094427e-08,9.344477679261048e-08,1.864033772787266e-07,9.759586906925481e-08,1.03216615946943e-07,9.198693887596652e-08,5.430050621003182e-08,1.5730343205885536e-07,1.7353730262534625e-07,1.590230201987649e-07,6.415326753299803e-08,1.0575483257532414e-07,1.4161614525370642e-07,1.0338035715645752e-07,5.9323663945524506e-08,1.289048350745918e-07,6.533909446484376e-08,1.3310968941020682e-07,1.3663016478865751e-07,1.0281760083270237e-07,7.883371044112425e-08,7.180222247866203e-08,6.78556839893599e-07,4.3439865751537224e-07,5.114397611680577e-08,1.0131120850604127e-07,8.255359292321323e-08,1.2809277855505595e-07,9.959452982749073e-08,7.101754422060319e-08,1.0602228788630927e-07,8.709638085446807e-08,1.9054522318290774e-07,1.0332917876318317e-07,1.9095255060644593e-07,1.0749568972379915e-07,8.528387741081021e-08,1.1880990737207088e-07,5.881349395036243e-08,1.3110533662031305e-07,6.585928399830037e-08,1.023339527221247e-07,9.30990556664695e-08,1.1290504751411208e-07,9.161354219861585e-08,5.419246622682332e-08,7.24966820385977e-08,1.009749555305132e-07,5.792616279861387e-08,1.2018378672834315e-07,9.342009987724844e-08,1.4540892931050254e-07,1.0300211817167337e-07,9.413462703990761e-08,8.07367042803177e-08,1.1550043504961037e-07,5.596375901302725e-08,1.1208233651426951e-07,1.0866932213373336e-07,1.096044487018701e-07
Bulgaria,2.742926084820208e-07,3.8692508272918916e-07,8.055914040170842e-08,9.666077844573979e-07,5.301964300385731e-07,1.6044897929252112e-07,5.518422417586104e-07,2.3141326815158023e-07,1.6539724083395286e-07,1.7338669158719412e-06,1.3894192443292586e-07,1.0039726113864639e-07,0.001,2.3717781054202002e-07,1.9326419134279607e-07,1.21557076603544e-07,2.3287977322050237e-07,1.3599861034311562e-07,2.4950575435078744e-07,3.1683609560993656e-07,7.893363413490792e-08,1.4874971631720863e-07,9.729510390808266e-08,9.293135324912614e-08,2.0579882643210894e-07,1.2537729127288026e-06,1.0467924968594178e-07,9.561130387409335e-07,2.0996405926597434e-07,1.1064157644708985e-07,5.458799404582996e-07,9.242288785700449e-08,2.0920279334145954e-07,5.613932980659988e-07,2.450319401291825e-07,4.2771471470464185e-07,5.398033180353396e-07,1.9799755043200563e-07,1.9430500698278238e-07,6.571842857205892e-07,6.657911363261094e-07,2.1325429749694682e-07,1.95760558076708e-06,2.1402842336118183e-07,1.1321150783086634e-07,9.277540982758384e-08,2.0414661136300915e-07,1.0900896353109144e-07,9.480772946904317e-08,1.6837721997810918e-06,1.8344586757050984e-07,9.263964990420034e-08,3.646004504746906e-07,5.008036373238387e-07,6.49616953913682e-07,1.0070182292782336e-06,1.1182605881118585e-07,6.061542883879654e-07,2.974840442898124e-07,2.0707580085197248e-07,1.2714240053860587e-07,6.421807421434411e-07,7.208987450704189e-07,1.8974579611542127e-07,6.907906727084525e-07,3.583976710218996e-06,1.364144259258509e-07,1.0396094303429669e-07,2.5139820518925177e-07,2.3324251424096934e-07,9.163193775507081e-08,1.6416014398593153e-07,1.9785246579456854e-06,3.448857955091842e-07,1.4580747835639516e-07,1.424925902070342e-07,1.3806107424556593e-07,1.8227086083449726e-07,2.9397600662395036e-07,2.492249412300886e-07,4.285337981214574e-07,2.6011303823447786e-07,2.3673295023362157e-07,8.94601673747492e-08,8.579063570900234e-08,1.0422520396839006e-07,9.358569828506554e-07,3.2490834547414823e-07,2.0100204269669483e-07,2.9997056471846135e-06,1.9186135467453597e-07,1.99638251467209e-07,3.6953923139778925e-07,2.0336131767597406e-07,2.9238970962789687e-06,1.9163115595250553e-07,1.1606940589657347e-06,2.3063969057964478e-07,1.2542886304631058e-07,1.220597970171947e-07,4.112023206359542e-07,1.4812171647715683e-07,3.18444219974033e-07,2.560446253210371e-07,7.098209929710978e-07,6.986555630462521e-07,1.1456936150585009e-07,2.5993701672584314e-07,1.8117409654817374e-07,1.3031182037770024e-07,5.842466117038476e-07,1.0520574263562256e-06,1.0753639702917845e-07,2.1257696475381826e-07,1.164469867000295e-06,2.9489030998672247e-07,4.312549547380814e-07,1.2361171147028838e-07,2.0996405926597434e-07,1.552305141835016e-07,1.4298156150256442e-07
Burkina Faso,1.4085003913854344e-07,5.746909448468742e-07,1.1952174899031716e-07,2.4595445952442036e-07,1.757683475067463e-07,1.0378589195506438e-07,2.3637338099375808e-07,1.6548023352853382e-06,1.0418326503796593e-07,2.5438717202552354e-07,2.0829422040366552e-07,1.5659393448245128e-07,2.3717781054202002e-07,0.001,2.5124877715648827e-07,8.710257666751227e-08,5.813306392164104e-07,1.1197509200620027e-07,3.837513159803311e-07,4.388670358545508e-07,1.1382313152308688e-07,9.356593633611626e-08,1.2902271313350395e-07,1.1219131304199606e-07,1.5548380010819378e-06,2.5428603204189154e-07,1.209106446499799e-07,2.284079085970907e-07,3.0228277226148127e-07,1.3628937729696126e-07,2.721394248647233e-07,1.0693015121047724e-07,5.5654253786215e-07,1.7826340210401246e-07,2.268144720168501e-07,1.6489490532182895e-07,2.7190539798696606e-07,4.6113616667122366e-07,6.330119875153758e-07,1.8409898924069481e-07,2.3092605411859173e-07,1.8081250443933535e-06,2.683725652005445e-07,1.4241735170120768e-07,1.545665837655287e-07,1.0578160448021852e-07,1.1125989226847138e-06,1.3297095444952488e-07,1.1025123420212668e-07,2.3292761257066622e-07,1.190751677619822e-07,7.34750526736304e-08,1.6757369873166487e-07,1.9388717992703228e-07,2.338564769699923e-07,2.7768048854863966e-07,7.602839295446577e-08,2.288287575150152e-07,1.3406903022020399e-07,2.1714155675500412e-07,8.838320271306818e-08,1.853500162005105e-07,2.240398753252847e-07,9.154449981378648e-07,1.897934519537768e-07,2.5314193568980985e-07,1.5408308702230075e-07,7.936033795632875e-08,2.0322143571355156e-06,7.585496206722496e-07,9.565571275199611e-08,9.756109689024762e-08,2.6301429540564057e-07,4.70289095723285e-07,1.8748267572331555e-07,9.537847249231372e-08,2.2766514726829438e-07,1.1161612127729521e-07,8.867698945166671e-07,8.770688555419791e-07,1.8103988668481827e-07,1.5842562691899492e-07,1.3192827070630617e-07,1.3725809915773944e-07,1.1677023605476619e-07,7.566996999765848e-08,2.103792536143138e-07,1.7455764247085473e-07,4.1095651983508125e-07,2.2457549608961154e-07,1.0616431187051053e-07,2.560863217498509e-07,1.962035908805027e-07,7.670386517100009e-07,2.452578678862127e-07,8.681585089078945e-07,2.5042125765021605e-07,1.7968362220004638e-07,1.8438390121857744e-07,8.085961428657e-08,3.335292194820517e-07,1.1001763832199036e-07,2.889129477286577e-07,1.3646323683955148e-07,2.5747800627677624e-07,2.129168526037398e-07,7.921118264804951e-08,1.3074028474075423e-07,2.174040648661598e-07,9.174253609317339e-08,3.877967213851957e-07,2.1558348306014782e-07,1.0456778387198496e-07,2.514599363306032e-07,1.974350750813987e-07,1.6666010402484588e-07,2.1986694777605295e-07,8.707758983503397e-08,3.0228277226148127e-07,2.1309589714957116e-07,1.9760723196792368e-07
Burundi,1.8286994983336758e-07,2.2075127981798358e-07,9.836498580043659e-08,1.7056580292212196e-07,1.927327225711946e-07,1.3949196062076086e-07,1.535893736078824e-07,2.943513180337425e-07,1.3640338814901794e-07,1.8531965991803085e-07,4.657672655655583e-07,1.06339598101255e-07,1.9326419134279607e-07,2.5124877715648827e-07,0.001,1.1786997092127526e-07,4.4248409466256035e-07,8.187321981408824e-08,6.525898313011516e-07,4.204305302049305e-07,9.193805599138098e-08,1.1265111767160621e-07,8.790292392398171e-08,7.864601276683549e-08,2.4454166284751696e-07,1.792138213359513e-07,8.17748799993477e-08,1.649352019928893e-07,1.475706372979687e-06,8.876730630766631e-08,2.9632745761872977e-07,7.555967621837503e-08,4.3347218830589364e-07,1.4411849766148326e-07,6.446445136868633e-07,1.3343538431473634e-07,1.6286670826107167e-07,4.8814111622865e-07,1.8262535562154957e-07,1.9155227978817467e-07,1.5718029986611788e-07,2.6496304205851784e-07,2.0934535026530776e-07,1.0313429667243173e-07,9.727230087194825e-08,7.483284905754288e-08,2.1222153558507955e-07,8.733882933601461e-08,7.712649659371972e-08,1.7606306654165283e-07,1.737256580985757e-07,1.0015054471155596e-07,2.1640175850773318e-07,2.3251008024096031e-07,2.560152117214685e-07,1.8469589132581416e-07,8.432631421706775e-08,2.583454165231024e-07,1.4712920565904073e-07,9.80626022815454e-07,1.168808740139019e-07,1.4876165189790826e-07,2.394060774597619e-07,2.208929230566739e-07,1.510958623162012e-07,1.966663256701102e-07,3.852483014895149e-07,1.0865955722674227e-07,2.2877912095581352e-07,1.8956981736379506e-07,6.92802396770902e-08,1.0943119422750454e-07,1.9379354924492206e-07,1.8530703580772244e-07,5.81311642647994e-07,1.2642123492653233e-07,4.0285086583298803e-07,1.4820454033398636e-07,3.0833920922722893e-07,3.4965951874954016e-07,1.3401768019458444e-07,2.4982501079790574e-07,1.7716667001246328e-07,1.0351244867130285e-07,8.547902418537517e-08,9.688762956491125e-08,1.6070074249591817e-07,2.535378832453029e-07,5.913236640310911e-07,1.8164210356491333e-07,1.0814089942918079e-07,6.028987043921442e-06,2.820372776288373e-07,1.91264082395396e-07,1.8735880571655823e-07,2.0859494440264302e-07,1.7606010783146273e-07,3.872882589348238e-07,3.456930628073639e-07,9.163892171411141e-08,1.6844141945338585e-07,1.728854632383103e-07,4.88757505739757e-07,1.1026251853039042e-07,1.6677305415243773e-07,2.3025583403081424e-07,9.73532288171505e-08,1.5849827923930393e-07,1.6136021248599421e-06,1.253305981021685e-07,2.1277343565784908e-07,2.1126050950276858e-07,7.444243039524499e-08,1.8345864958784346e-06,1.718252093795764e-07,2.498488527324454e-07,1.4224050084415295e-07,1.1585067268664624e-07,1.475706372979687e-06,7.861791011595451e-07,5.478397025215269e-07
Cambodia,2.1642896183456312e-07,9.533965508495027e-08,5.7371232267772115e-08,1.1009937507124191e-07,1.5759808851823673e-07,5.012593624460973e-07,1.0357360193272701e-07,8.975385540799891e-08,4.5391486400884803e-07,1.1389543557538233e-07,1.0367366301242007e-07,5.608831597437286e-08,1.21557076603544e-07,8.710257666751227e-08,1.1786997092127526e-07,0.001,9.810886690636722e-08,8.534594284050116e-08,1.087258452874648e-07,1.0836229610056308e-07,5.5315243621085324e-08,4.103604363827683e-07,5.526129929738996e-08,5.7880247947724024e-08,8.365181407448113e-08,1.1163487731295419e-07,6.192144744016863e-08,1.1259483970541936e-07,1.1194046829602258e-07,6.085173121232781e-08,1.2663871991390912e-07,5.998851880939453e-08,9.514586020394017e-08,1.2274590475876793e-07,1.3630334424317596e-07,1.2227239541316205e-07,1.0041591431866647e-07,9.619772465678813e-08,7.720712255869984e-08,1.491389819591887e-07,1.0740774553478964e-07,8.593638377498759e-08,1.1746115380727508e-07,9.779485989600163e-08,5.9286922108778706e-08,6.082915994855062e-08,8.07904153411533e-08,6.077749975325616e-08,6.001453952613014e-08,1.1645706050110525e-07,3.2430886875350245e-07,3.8592928993746566e-07,1.7583791545354308e-07,1.529105398007681e-07,1.3501872675776794e-07,1.0852849724731047e-07,2.398899134746885e-07,1.372039814424412e-07,1.9338783545741076e-07,1.3333640929899352e-07,1.807432104618705e-06,1.2196380556260344e-07,1.3693611314506923e-07,8.014131275577814e-08,1.2106824116654942e-07,1.178917834160703e-07,1.3651365000521608e-07,7.01692181384295e-07,8.657438544765687e-08,8.179973753935276e-08,6.638565060739897e-08,2.73345397125788e-07,1.1457828126910367e-07,9.034933556783696e-08,1.1870040072537979e-07,8.049614745849348e-07,9.664575115359978e-08,3.6488269745385715e-07,9.658716188245608e-08,9.508273500292634e-08,1.1112753707160461e-07,1.9347351050680276e-07,2.4620523834662273e-07,5.581798568032385e-08,5.087169958129294e-08,5.423300408158111e-07,1.1710707783561838e-07,1.7304177167651962e-07,9.957482697011092e-08,1.2178223380438867e-07,1.9110977858681798e-07,1.1843206529160287e-07,1.5608569655009035e-07,7.891216709418477e-08,1.170833479635062e-07,7.922918609136193e-08,1.1133776049469158e-07,1.6374276987344383e-07,1.0150174912374942e-07,2.8759228664749965e-07,9.390217561455879e-08,3.687452380986767e-07,1.2399648337612694e-07,1.179095180914849e-07,1.0542483004394935e-07,1.407287329619054e-07,4.878705019080468e-07,2.266117721954358e-07,1.247029480724191e-07,1.7132180351410975e-06,1.0249331139251416e-07,1.3533752788069512e-07,7.187173496760593e-08,1.2270776203848584e-07,1.3005010716001622e-07,1.8208756083012215e-07,1.007484503249325e-07,2.8653884365051706e-06,1.1194046829602258e-07,1.133409080159591e-07,1.1129923994880228e-07
Cameroon,1.6050614778390085e-07,3.8255737512006016e-07,1.0981983986629115e-07,2.182344318225752e-07,1.920914744502652e-07,1.1725561889883713e-07,1.990016754835543e-07,8.749941762499866e-07,1.1661279696434031e-07,2.352372050361679e-07,2.974007910727568e-07,1.309535363693283e-07,2.3287977322050237e-07,5.813306392164104e-07,4.4248409466256035e-07,9.810886690636722e-08,0.001,9.650111040546925e-08,9.984267470726167e-07,7.963429715631014e-07,1.0336587854172235e-07,1.0094539341637275e-07,1.074166191529094e-07,9.47231231494618e-08,5.287662408034252e-07,2.296931586744113e-07,1.0019647777143523e-07,2.0573258668928152e-07,6.29091481303691e-07,1.107106655683019e-07,3.325946903414912e-07,9.065393394524279e-08,2.020487647978629e-06,1.6665293134055896e-07,3.471193711193382e-07,1.530499292713505e-07,2.2044075181425783e-07,1.2910840493055848e-06,3.087660651411026e-07,1.9770405794048684e-07,2.001444237494408e-07,6.399886359799204e-07,2.6377273560246135e-07,1.2290533180654042e-07,1.2335323065216536e-07,8.973555425328932e-08,4.02656359645263e-07,1.0850185328279162e-07,9.298900119752793e-08,2.1701611640155615e-07,1.3931687371607003e-07,8.289296619732474e-08,1.9465137754531037e-07,2.2419470636921795e-07,2.712903318626617e-07,2.450269623872449e-07,7.86000661086947e-08,2.6787600303896113e-07,1.4220167305809754e-07,3.4009263514968523e-07,9.872862316688313e-08,1.7330479270779697e-07,2.5369611917640393e-07,4.2022016095411394e-07,1.771114603865346e-07,2.444344308118542e-07,2.0874178555657814e-07,8.968167483026403e-08,4.7054360025811763e-07,3.308838119961655e-07,8.214095562135395e-08,1.024030443888901e-07,2.4704052341978864e-07,2.9602467653906876e-07,2.714236383175313e-07,1.0686822122433956e-07,3.179731712910415e-07,1.2600468055099088e-07,8.409066757098572e-07,1.601123546336892e-06,1.6088395257555474e-07,1.9515001766873908e-07,1.5126392235414652e-07,1.2116721249746316e-07,1.0086094310866491e-07,8.322482837707051e-08,1.9406944948647895e-07,2.1280064383283213e-07,1.1865112154684045e-06,2.1708340541241979e-07,1.0728661964861836e-07,4.570948115636017e-07,2.440464187228585e-07,3.3538264183703523e-07,2.3248726371982015e-07,3.8322839731151117e-07,2.251208973390821e-07,2.4386539076319816e-07,2.450597477141321e-07,8.459298861625774e-08,2.443543888777405e-07,1.31133920441909e-07,4.53434316515705e-07,1.2481414093624624e-07,2.1930256252104873e-07,2.3955477869125815e-07,8.572511284794716e-08,1.441924199103671e-07,3.472668660479044e-07,1.0381509253016321e-07,3.2096509978083246e-07,2.311813241613219e-07,8.895454667028117e-08,4.3681827271380027e-07,1.9510137136347999e-07,2.036949049103881e-07,1.82790018367737e-07,9.745823876512965e-08,6.29091481303691e-07,3.272331843005939e-07,2.868313341244543e-07
Canada,1.0487385840145218e-07,1.2857816127636398e-07,9.259792096250246e-08,1.5461743546727626e-07,1.1976159165503348e-07,9.360302800066574e-08,1.7392439460285822e-07,1.0527899779180517e-07,9.714606816113906e-08,1.4336185298449713e-07,7.2975903933117e-08,1.172220610710951e-07,1.3599861034311562e-07,1.1197509200620027e-07,8.187321981408824e-08,8.534594284050116e-08,9.650111040546925e-08,0.001,9.319753595362842e-08,1.016011596380102e-07,9.790162150994562e-08,1.073339129487009e-07,1.535225161646655e-07,1.7782315561236037e-07,1.0820987760779337e-07,1.4792694505236443e-07,2.254114544695789e-07,1.5786950912984794e-07,8.605093984563935e-08,2.020726875665937e-07,1.0933669653680606e-07,1.9422143283338188e-07,9.396176129567044e-08,1.7090500466018984e-07,8.76283327044872e-08,1.8558187507773518e-07,1.644957405757214e-07,9.068482663821664e-08,1.2382845422585675e-07,1.2373709460847198e-07,1.680088450695681e-07,1.0629324170764461e-07,1.3118096476328592e-07,3.7058108750442596e-07,1.6726728645955277e-07,2.0182142033317123e-07,1.1525036158509272e-07,2.0424845260574607e-07,1.982946216155228e-07,1.4767596963564505e-07,9.002623314999164e-08,7.561126917684109e-08,1.0643360745960361e-07,1.1066486312506425e-07,1.1267087267283286e-07,1.4570072985462828e-07,1.2025006188634956e-07,1.114504153268274e-07,1.2605641586834564e-07,8.245617906534246e-08,8.950683380452371e-08,1.6647064598726806e-07,1.1524984207710101e-07,1.0948601569031576e-07,1.6480153632941792e-07,1.360907870213066e-07,6.8260982348735e-08,7.890224658772227e-08,1.1847968015609486e-07,1.2962358496330944e-07,2.411999017791837e-07,1.2324242924488885e-07,1.3873590465264484e-07,1.4316813244023161e-07,7.185750544145033e-08,9.22548495078714e-08,7.507614053304116e-08,9.755157872165163e-08,1.0889155957793083e-07,1.0243713405993326e-07,1.9797623227137604e-07,9.367653010856309e-08,1.006488654431819e-07,1.0209513886803582e-07,1.2591156481507111e-07,8.87594817823568e-08,1.587176519065113e-07,9.957867298421849e-08,8.927157190706691e-08,1.4163344574337068e-07,1.507677035370265e-07,8.28872388887417e-08,1.0094703938155669e-07,1.224174164492989e-07,1.408815802788224e-07,1.132354423902944e-07,1.5011858092619485e-07,8.609024976769391e-08,6.966707962777346e-08,1.1665319405135585e-07,1.5837023934607842e-07,7.957077731242673e-08,9.655027362030838e-08,2.4501780691500283e-07,1.595954345246973e-07,1.1583682385346149e-07,9.814177621070082e-08,1.116490637881782e-07,7.87316538033743e-08,8.633782330168867e-08,1.3307961112271378e-07,1.2315002020977383e-07,4.080504360268306e-07,8.43254014791294e-08,1.426097917006983e-07,9.730554522236845e-08,1.9173036719650534e-07,8.79422798559504e-08,8.605093984563935e-08,7.491891456672606e-08,7.229791500947776e-08
Central African Republic,1.8620285081865118e-07,3.333164820433021e-07,1.0013891518718378e-07,2.207890161911504e-07,2.197182710903444e-07,1.3211169216523308e-07,1.957780567850587e-07,4.798828293615496e-07,1.3094647873413322e-07,2.432980899636629e-07,3.10123544884835e-07,1.1584622121897981e-07,2.4950575435078744e-07,3.837513159803311e-07,6.525898313011516e-07,1.087258452874648e-07,9.984267470726167e-07,9.319753595362842e-08,0.001,1.0971193173504041e-06,9.441195828471634e-08,1.1080707442085865e-07,9.713123959912234e-08,8.686921071811726e-08,3.482654025580119e-07,2.3457043319565225e-07,9.207475280781826e-08,2.0978359390797387e-07,1.1205174567079102e-06,1.0059724315234935e-07,4.1500340260053233e-07,8.362808193041213e-08,7.463956841159395e-07,1.7287804864086723e-07,5.320672285743003e-07,1.57767441483695e-07,2.1313513514228898e-07,7.375595750948894e-07,2.3962787773899777e-07,2.2384587025690396e-07,1.9988792043378005e-07,3.935972443824479e-07,2.82018403610581e-07,1.2051814702686436e-07,1.1034032637279475e-07,8.293771187885506e-08,2.9107764029786914e-07,9.878194460228245e-08,8.564842333158759e-08,2.255189383768257e-07,1.6124311918889856e-07,9.027723557950434e-08,2.3148442597037364e-07,2.6792606159924886e-07,3.2613312673503447e-07,2.469105321691599e-07,8.39322305035475e-08,3.244011867209565e-07,1.576824572611243e-07,4.999512703980162e-07,1.0932678747273116e-07,1.799573893778805e-07,2.9938254134069876e-07,2.9658255295140934e-07,1.8379091972111277e-07,2.5906994164789794e-07,2.4233679575768014e-07,9.851751220342323e-08,3.4080670015346526e-07,2.603905487982518e-07,7.69459562324012e-08,1.1122599604459613e-07,2.575592264910782e-07,2.587924464290878e-07,3.1365437163364585e-07,1.191997028368557e-07,3.088877867948121e-07,1.4279756834656358e-07,5.775662247358753e-07,6.80697998942947e-07,1.620841630916834e-07,2.3969385217416664e-07,1.7516050792455825e-07,1.086740637810347e-07,9.162047774621573e-08,9.06967438671092e-08,2.003956113181708e-07,2.6248021428375814e-07,9.028635511043423e-07,2.304614134169103e-07,1.1462863314003516e-07,7.088398214463795e-07,3.0873032260316204e-07,2.56132771207669e-07,2.4391648620164714e-07,2.7871596713548353e-07,2.2933730235690643e-07,3.226137672048366e-07,2.5023127683404476e-07,9.099385081534787e-08,2.2599744524818977e-07,1.509510017276683e-07,7.562026825417446e-07,1.2677502866002042e-07,2.1721970687390777e-07,2.8122808362671795e-07,9.329465715842897e-08,1.6332550576212594e-07,4.7220429877072045e-07,1.1573340975918213e-07,3.0915977549067785e-07,2.622683388044798e-07,8.396923861398965e-08,7.196291865961162e-07,2.0968133314256525e-07,2.5049522881118077e-07,1.7833837709130264e-07,1.0784059451428033e-07,1.1205174567079102e-06,3.805224723302598e-07,3.1797101655450876e-07
Chad,1.9847409202387762e-07,4.5638747676740907e-07,9.704492173865982e-08,2.760005286771319e-07,2.5315523395513287e-07,1.3426978771464804e-07,2.3828819638234818e-07,5.207599268738754e-07,1.3412516011626765e-07,3.1092276307820046e-07,2.421888180138881e-07,1.1605601414355822e-07,3.1683609560993656e-07,4.388670358545508e-07,4.204305302049305e-07,1.0836229610056308e-07,7.963429715631014e-07,1.016011596380102e-07,1.0971193173504041e-06,0.001,9.230006819618614e-08,1.147750293278743e-07,9.989198588147489e-08,9.006226137976122e-08,3.6657114363571035e-07,2.975282874193195e-07,9.696228211188966e-08,2.585896853374804e-07,5.600524384730515e-07,1.0582682535087374e-07,5.711150205235828e-07,8.711259520526175e-08,5.730840606929726e-07,2.0334254661022643e-07,4.522675199131081e-07,1.8289486706068381e-07,2.641004630788645e-07,5.151116929844698e-07,2.605141920497623e-07,2.627412355018046e-07,2.4433211989197877e-07,4.138393196183499e-07,3.737344379865786e-07,1.3537216271725663e-07,1.1510915900354016e-07,8.656752694960763e-08,3.150034406461382e-07,1.0386532711223171e-07,8.936202128452328e-08,2.8173206476763255e-07,1.6245129684783397e-07,8.817617435980798e-08,2.547606817193643e-07,3.10935913571961e-07,4.1146251497269814e-07,3.1839347291952126e-07,8.710156213051931e-08,4.0344782546435905e-07,1.7309953595958172e-07,3.8458179491990294e-07,1.0990273526913242e-07,2.1328900161493605e-07,3.722121535158091e-07,3.0751576470460566e-07,2.1883627635161358e-07,3.346994053841228e-07,2.02529306554171e-07,9.68782538365178e-08,4.048100567067714e-07,2.9999896731989946e-07,8.098123977808876e-08,1.1738126406430134e-07,3.341523083206509e-07,3.2494259030194985e-07,2.4539879908177955e-07,1.2060420729223129e-07,2.4398534844253884e-07,1.4678533790921256e-07,8.436756438385355e-07,7.593306260152114e-07,1.8987206931464162e-07,2.4575043910073873e-07,1.8327575411325126e-07,1.066548115051253e-07,9.231587356932639e-08,9.088053423370725e-08,2.4358642601812325e-07,2.8146150348055533e-07,5.48377040457041e-07,2.871412670418874e-07,1.238527247724195e-07,4.4703615668104317e-07,3.4125497320702925e-07,2.812334262974606e-07,3.105176130000235e-07,2.943062604430723e-07,2.8923469677955104e-07,3.0261074611080127e-07,2.0416927651278464e-07,9.442563811386284e-08,2.80875389212546e-07,1.4676298007493177e-07,8.45356238429445e-07,1.4279462736539847e-07,2.7084375612714364e-07,3.426018319413542e-07,9.488882414655653e-08,1.751372809240235e-07,3.427796725278399e-07,1.1558082495614264e-07,4.2870186424354204e-07,3.2400959226567316e-07,8.976989317501413e-08,4.745475967682059e-07,2.529677742643808e-07,2.6348041716735005e-07,2.1285607998645198e-07,1.0806113005749392e-07,5.600524384730515e-07,2.8313499660188995e-07,2.466532299706288e-07
Chile,6.303563287219042e-08,9.853019103158168e-08,1.2561838066810048e-06,8.334955458860163e-08,6.934810654862751e-08,5.546014933590608e-08,8.641460532505141e-08,1.1162169824612015e-07,5.493591770911639e-08,8.209701634679452e-08,1.0782949638006518e-07,3.612125477213849e-07,7.893363413490792e-08,1.1382313152308688e-07,9.193805599138098e-08,5.5315243621085324e-08,1.0336587854172235e-07,9.790162150994562e-08,9.441195828471634e-08,9.230006819618614e-08,0.001,5.170268288353478e-08,2.656799019466913e-07,2.1551731414041036e-07,1.2192040431301036e-07,8.29834988038796e-08,1.7302496202328147e-07,8.161507406613685e-08,9.44002446589222e-08,1.844372905480497e-07,8.033096442811775e-08,1.916843838747915e-07,1.080070116962911e-07,7.574056933408697e-08,8.140354974721697e-08,7.521892616666858e-08,8.955369757567408e-08,1.0799029987747485e-07,1.322742141071574e-07,7.08527360551401e-08,8.410203118046651e-08,1.1797365941531671e-07,8.146736688201738e-08,8.64765886365031e-08,2.0978850050660147e-07,1.8376403145059372e-07,1.2580941017240801e-07,1.8436849492625487e-07,1.904906416029527e-07,8.032254226536995e-08,6.014385185199777e-08,6.2658656895471e-08,6.786524780056558e-08,7.172398374754093e-08,7.656019302121402e-08,8.513505364073091e-08,5.798336721490963e-08,7.601693854893698e-08,6.246811310585451e-08,8.406099910626166e-08,5.3715723056277204e-08,7.633762070808429e-08,7.551900511879026e-08,1.298780282577614e-07,7.683950635155067e-08,8.069601274861979e-08,8.787334937498235e-08,5.903770432074092e-08,1.1281827489565367e-07,1.190704643569279e-07,1.48429755135811e-07,5.4960395886216196e-08,8.217640005946586e-08,1.0228252684789871e-07,9.550478545324736e-08,5.374070853851746e-08,1.1574914935659032e-07,5.6857157539976e-08,1.0131577043797418e-07,1.0500698830990077e-07,8.028137256460094e-08,6.77920912994565e-08,6.14091460309886e-08,6.628524033989131e-07,4.3968031104991295e-07,5.648714516312538e-08,7.913118706725165e-08,6.957835178872045e-08,1.0445498284633935e-07,7.827630543913843e-08,6.023061726442048e-08,9.122618661107285e-08,7.267023807916206e-08,1.2802550558602598e-07,8.06212428477227e-08,1.3069932239381328e-07,8.296900484957567e-08,7.435228760673336e-08,1.1242696447084578e-07,5.5123320200125516e-08,9.628909835141395e-08,6.195315485299965e-08,8.41889150620504e-08,7.538244609331009e-08,8.605927342038773e-08,7.423392457333178e-08,5.3675381965433166e-08,6.089035585050114e-08,8.923807913569833e-08,5.52160717140377e-08,9.101991400394902e-08,7.497132186106005e-08,1.2501580844783493e-07,8.83226204733734e-08,7.479086236055518e-08,6.858660897070517e-08,8.762269605823047e-08,5.4275538629745604e-08,9.44002446589222e-08,9.790020924581676e-08,1.0077405838013322e-07
China,2.7193059702379953e-07,1.0791880841879017e-07,5.260210381285559e-08,1.3578122210713596e-07,1.994169558518153e-07,5.280344838714632e-07,1.2860351314624607e-07,9.475741068230728e-08,6.212896401904925e-07,1.389311484418351e-07,9.423023203042975e-08,6.031497144667768e-08,1.4874971631720863e-07,9.356593633611626e-08,1.1265111767160621e-07,4.103604363827683e-07,1.0094539341637275e-07,1.073339129487009e-07,1.1080707442085865e-07,1.147750293278743e-07,5.170268288353478e-08,0.001,6.379268264631928e-08,6.695682530716339e-08,8.859347343810834e-08,1.3659727339398501e-07,7.283949725867412e-08,1.4074524209224894e-07,1.0986840630062953e-07,7.137594269546935e-08,1.4179870593514068e-07,6.941879954796457e-08,9.668955869373608e-08,1.6284913437757257e-07,1.3489821633146542e-07,1.6537176361642086e-07,1.2212137193228957e-07,9.640226196078516e-08,8.435651433348519e-08,1.884842093962434e-07,1.3404354789328211e-07,9.069167814288581e-08,1.402211719458867e-07,1.2773354907143087e-07,6.847194321109171e-08,7.047493515512396e-08,8.693367906516348e-08,7.13190161347703e-08,6.973610702956575e-08,1.4450994291430374e-07,3.115134221890703e-07,2.128424313424707e-07,2.0881845854729655e-07,1.8019756665797723e-07,1.5578310372324444e-07,1.3105950156453348e-07,3.3536910936554746e-07,1.579030645517119e-07,2.9691759049723236e-07,1.271326539350657e-07,5.308951888775258e-07,1.6008952731410004e-07,1.6066152162665366e-07,8.489684313146667e-08,1.5788928606057315e-07,1.4284245642641072e-07,1.1582049288852041e-07,2.716696626172582e-07,9.451295618330094e-08,9.086211960752721e-08,7.701250403336226e-08,8.186702500400514e-07,1.3852444902874853e-07,1.0412045889108494e-07,1.0585760811171299e-07,6.272559195323593e-07,8.921649285961436e-08,4.6830317825083903e-07,1.0389290285496069e-07,9.989110638571117e-08,1.452366767320198e-07,2.0332885180052107e-07,3.013541949777144e-07,5.586436749127472e-08,5.8026972126065884e-08,3.3580761303664276e-07,1.4886375937512244e-07,1.916866677111555e-07,9.924051114227638e-08,1.514434691116148e-07,3.5675792748058825e-07,1.139099950881121e-07,1.7214675399797754e-07,8.612720716743218e-08,1.432971014907786e-07,8.46929671320235e-08,1.3669770415936873e-07,1.5884979294173524e-07,9.042859150118011e-08,4.911592787741149e-07,1.1140969198170737e-07,2.528018122055497e-07,1.2958192164098367e-07,1.6367286381908146e-07,1.292241208547468e-07,1.6691589682715944e-07,4.985035127426457e-07,3.288532043291848e-07,1.1626896907038247e-07,4.402532171143479e-07,1.1880087059563525e-07,1.642083897334957e-07,8.61269566160342e-08,1.189951273182207e-07,1.6663685032702105e-07,1.9849947899713046e-07,1.2610656822101154e-07,4.745381484393761e-07,1.0986840630062953e-07,1.03709216392845e-07,1.0020815013375798e-07
Colombia,7.186474471003315e-08,1.199968178634009e-07,2.3314480389302206e-07,1.0715551755357345e-07,8.231001597481642e-08,6.115562215825801e-08,1.1517245538047369e-07,1.2168108655398936e-07,6.230160285916493e-08,1.030495529351844e-07,9.258912734820804e-08,4.099451555159864e-07,9.729510390808266e-08,1.2902271313350395e-07,8.790292392398171e-08,5.526129929738996e-08,1.074166191529094e-07,1.535225161646655e-07,9.713123959912234e-08,9.989198588147489e-08,2.656799019466913e-07,6.379268264631928e-08,0.001,6.747127523468388e-07,1.3469688954747435e-07,1.052533327639093e-07,4.715879249822028e-07,1.0535276232439357e-07,9.26267859519823e-08,6.003642621871852e-07,9.092358231822893e-08,4.644685370319285e-07,1.0970577389769894e-07,9.915666428517096e-08,8.229413115719139e-08,1.0002593023516731e-07,1.1824816265248976e-07,1.0715306583681421e-07,1.6193720372224787e-07,8.491887180249273e-08,1.1069119855218783e-07,1.289534030648319e-07,9.920775189298313e-08,1.270582944932539e-07,6.899573902585183e-07,4.221200003261815e-07,1.454358432583376e-07,6.024124331883529e-07,4.995971239080064e-07,1.0163906538735998e-07,6.362091110242788e-08,5.3473748574656856e-08,7.7029353368685e-08,8.227829957121967e-08,8.8043081016033e-08,1.0766078486445472e-07,6.851917716707173e-08,8.705894813677721e-08,7.656930454467104e-08,8.17602468337946e-08,5.698321025867437e-08,9.94044338803656e-08,8.773222451201592e-08,1.442969042056878e-07,9.986100625391391e-08,9.951993874409324e-08,7.577279695104698e-08,5.2250905392993193e-08,1.3250039072283628e-07,1.4854598795763178e-07,2.595790086934456e-07,6.916745831404097e-08,1.020547687531078e-07,1.3134470101022238e-07,8.366848751722588e-08,5.905839271494312e-08,9.922198049938913e-08,6.39497129274983e-08,1.1329153573432493e-07,1.1303321935221817e-07,1.0873419813149432e-07,7.237143032413353e-08,6.899031717395203e-08,2.983205376260168e-07,6.209452029772963e-07,5.687682797105061e-08,1.0206722696454169e-07,7.637697241816136e-08,1.0316442429928149e-07,9.773090927071465e-08,7.76809665231749e-08,8.798076518487833e-08,7.992931316555734e-08,1.5487686378186636e-07,1.0056243718034096e-07,1.4908472012904706e-07,1.0570499036715335e-07,7.511236233899311e-08,9.24831841280424e-08,6.649221700381316e-08,1.2724404539680984e-07,5.954014651709846e-08,8.938142855416435e-08,1.0398743751790922e-07,1.1202022901108745e-07,8.651135820570562e-08,6.003891691826643e-08,7.18149885354207e-08,8.372505054771668e-08,5.64024168507687e-08,1.1190969011441175e-07,8.937981867317382e-08,2.2017397558287938e-07,8.646693030546539e-08,9.355558386190205e-08,7.456320397061131e-08,1.1976346550195956e-07,5.6238676814174786e-08,9.26267859519823e-08,8.755753819205503e-08,8.754680033821444e-08
Costa Rica,7.027728659531193e-08,1.0861322057580569e-07,1.883583519946209e-07,1.0260884000680724e-07,7.981361348657728e-08,6.177608002915683e-08,1.109390835038487e-07,1.060357205654876e-07,6.323735325719042e-08,9.815335110640091e-08,8.146579811307235e-08,2.564308109729828e-07,9.293135324912614e-08,1.1219131304199606e-07,7.864601276683549e-08,5.7880247947724024e-08,9.47231231494618e-08,1.7782315561236037e-07,8.686921071811726e-08,9.006226137976122e-08,2.1551731414041036e-07,6.695682530716339e-08,6.747127523468388e-07,0.001,1.1536256808027792e-07,1.0037082764074743e-07,7.448488127243557e-07,1.0161328121460466e-07,8.264369103108271e-08,5.725302525630817e-07,8.462084393459158e-08,1.4638911646179256e-06,9.598639394924762e-08,9.830073980453154e-08,7.51616773343424e-08,1.0039260528018687e-07,1.1224052129533828e-07,9.374017502374078e-08,1.362600240621955e-07,8.223821827329312e-08,1.0682899291789172e-07,1.111702787071601e-07,9.373189100599479e-08,1.334823390569972e-07,4.0809471479363773e-07,1.097357236035532e-06,1.2377855507522003e-07,6.267553940473786e-07,1.6227500652642304e-06,9.761744749503074e-08,6.212882053145482e-08,5.7701369436968757e-08,7.40855634321492e-08,7.84829112373498e-08,8.297719074950513e-08,1.019087708807164e-07,7.52707290471799e-08,8.20826412279422e-08,7.68324061893995e-08,7.408967330382431e-08,5.968052543299849e-08,9.802940250475301e-08,8.311184690652131e-08,1.2192881746106847e-07,9.819866526150699e-08,9.46000875636033e-08,6.817603392136345e-08,5.6394671412431473e-08,1.1571019831099094e-07,1.286929790336437e-07,4.1737519708215843e-07,7.279304111523671e-08,9.682839977743064e-08,1.190816926856364e-07,7.455908369327799e-08,6.076196801697335e-08,8.654966056143333e-08,6.406982165073734e-08,1.0075095577381886e-07,9.956954097022637e-08,1.082339206977776e-07,6.872670096531758e-08,6.764399888814182e-08,2.1639486613647516e-07,4.197114979081819e-07,6.178714591765239e-08,9.921146385503884e-08,7.255124456905355e-08,9.071031593228286e-08,9.395769591941222e-08,8.172695971670292e-08,7.881935389762195e-08,7.533819288638336e-08,1.3140012302699782e-07,9.598197256333531e-08,1.2576080539982982e-07,1.0097636766682657e-07,6.955832887940103e-08,8.133788570786119e-08,7.216981883127823e-08,1.1829184985120218e-07,5.711557189638382e-08,8.165935332430026e-08,1.0820479674227325e-07,1.0689659911476085e-07,8.230072100923422e-08,6.486330947231056e-08,7.143894263835948e-08,7.51569509619501e-08,5.8123009554171924e-08,1.0339096230689707e-07,8.540594832259069e-08,2.9731643017782116e-07,7.785848114193272e-08,9.097078501321512e-08,7.08878340705577e-08,1.163873512197085e-07,5.9071551903505164e-08,8.264369103108271e-08,7.773845064582203e-08,7.75777107714902e-08
Cote d'Ivoire,1.3040575867810123e-07,4.222394747179718e-07,1.2891259330463716e-07,2.1306526391646539e-07,1.5857647671061147e-07,9.841372216682884e-08,2.0743710712466768e-07,1.2273443777244233e-06,9.855975746883162e-08,2.187548872828343e-07,2.1805974560792326e-07,1.6982071113775377e-07,2.0579882643210894e-07,1.5548380010819378e-06,2.4454166284751696e-07,8.365181407448113e-08,5.287662408034252e-07,1.0820987760779337e-07,3.482654025580119e-07,3.6657114363571035e-07,1.2192040431301036e-07,8.859347343810834e-08,1.3469688954747435e-07,1.1536256808027792e-07,0.001,2.1891032053310185e-07,1.2276376198774842e-07,1.9974732958097018e-07,2.9034962581442416e-07,1.3934909254651972e-07,2.3548962483716836e-07,1.092287354989072e-07,5.58606222215052e-07,1.602983621119007e-07,2.110515066893036e-07,1.4962437559405245e-07,2.3448962292184974e-07,4.7420102961498083e-07,7.131519928002705e-07,1.6508018987743674e-07,2.0246733445182606e-07,3.023622454015487e-06,2.2894147181279453e-07,1.333968880378942e-07,1.608023903876366e-07,1.077978375396696e-07,1.559006487138128e-06,1.3586070440057066e-07,1.125879759250928e-07,2.027424255414071e-07,1.1256658436770131e-07,7.169300195696971e-08,1.5299018310891467e-07,1.7413233898209343e-07,2.0540467543760432e-07,2.3611440871091908e-07,7.249820491478203e-08,2.0175043410796513e-07,1.236391681487372e-07,2.0700776985188198e-07,8.457473367889914e-08,1.6594370392459417e-07,1.973592879921778e-07,1.9087635490230106e-06,1.6948425734260073e-07,2.17699787050846e-07,1.5426996256778218e-07,7.691570166713347e-08,9.984450301209905e-07,6.548117910319942e-07,9.632655900548106e-08,9.189614709179007e-08,2.2499004339595887e-07,3.763358904651654e-07,1.8987275334295093e-07,9.083976166395847e-08,2.4412879001719086e-07,1.0521831452121386e-07,5.993877599161691e-07,6.91411699128618e-07,1.6348061968342425e-07,1.4713053359148813e-07,1.2299449747772838e-07,1.4900232764826515e-07,1.232003991528298e-07,7.283946131314603e-08,1.8567815108588837e-07,1.5992720863253592e-07,4.1104886586669124e-07,1.9624044667594404e-07,9.938092449637582e-08,2.4752452765647133e-07,1.778603120187546e-07,8.430844831338347e-07,2.1187325787974545e-07,1.3922543038393094e-06,2.1614011499409393e-07,1.6847396447339764e-07,1.9447534138755748e-07,7.692650198798765e-08,2.8198593925610675e-07,1.0556205135823161e-07,2.5699211491651624e-07,1.2645124371527637e-07,2.2241317791341047e-07,1.8860234356018226e-07,7.575690829737518e-08,1.2126142931227986e-07,2.126278518293355e-07,8.787940638641937e-08,3.1078578635385077e-07,1.8993408832343856e-07,1.0368916380702606e-07,2.3949093292194573e-07,1.7518933998943738e-07,1.535947301952232e-07,1.957570557334209e-07,8.346135608241713e-08,2.9034962581442416e-07,2.162377248868437e-07,2.0289632122361833e-07
Croatia,2.2650154098281667e-07,4.538351671871272e-07,8.428517360542949e-08,3.4172833603549166e-06,3.774992407585746e-07,1.4347889524936091e-07,9.413999306932748e-07,2.408124921949479e-07,1.4786724176751607e-07,4.2140693192757586e-06,1.335550601308717e-07,1.0745711741477448e-07,1.2537729127288026e-06,2.5428603204189154e-07,1.792138213359513e-07,1.1163487731295419e-07,2.296931586744113e-07,1.4792694505236443e-07,2.3457043319565225e-07,2.975282874193195e-07,8.29834988038796e-08,1.3659727339398501e-07,1.052533327639093e-07,1.0037082764074743e-07,2.1891032053310185e-07,0.001,1.1417638384859598e-07,1.963852098131208e-06,1.9643570802145566e-07,1.2133413714190508e-07,4.1775116770513994e-07,9.973790100737003e-08,2.0776928979101202e-07,5.902692965245449e-07,2.1485267173456695e-07,4.552857728872861e-07,9.46703902743478e-07,1.950145724792527e-07,2.1566686513405719e-07,4.3919772219675136e-07,1.2368848334139659e-06,2.2466849882011405e-07,1.1487282106146877e-06,2.4198637361328514e-07,1.240709840449786e-07,1.0011420591629201e-07,2.2222287471052473e-07,1.1938323319830963e-07,1.025333378764856e-07,2.4811614427259104e-06,1.6030895493025854e-07,8.666034034865541e-08,2.8256879188255643e-07,3.583509901239861e-07,4.4341200275253714e-07,2.9691297600233375e-06,1.0723769118946666e-07,4.2077341990045324e-07,2.5267654148279656e-07,1.8624121591128108e-07,1.1663609996256651e-07,6.795195215527636e-07,4.6628083144212967e-07,2.032412493691533e-07,7.438156009283329e-07,1.5548692134139045e-06,1.2672642640306182e-07,9.649582555325327e-08,2.766946336244216e-07,2.655681720531154e-07,9.833365271153276e-08,1.5189527915613637e-07,2.21479668215634e-06,4.3546649886559697e-07,1.3707653504539147e-07,1.292812341439963e-07,1.3442310793045413e-07,1.6066747119919918e-07,3.021424519751943e-07,2.522922029365045e-07,5.245151997086189e-07,2.157538678902191e-07,2.002130264336653e-07,9.447534510927068e-08,9.167267965774138e-08,9.759139533859355e-08,1.2070053991559329e-06,2.5866178186024207e-07,1.9551679285298352e-07,1.339327056118059e-06,1.807357318004363e-07,1.8454857579429195e-07,2.886270980258679e-07,2.255291560324137e-07,2.1948652121756585e-06,2.0740981148621388e-07,9.983882558524549e-06,1.9831527784119224e-07,1.2109119375265415e-07,1.1570811544210402e-07,5.898124537420777e-07,1.3247671791662772e-07,2.768460543110695e-07,2.729756558379167e-07,1.6275709563048346e-06,4.5140464205155057e-07,1.0727240761857227e-07,2.196985028594097e-07,1.6688899671882418e-07,1.1883341243292286e-07,7.358727857749889e-07,5.723323698844937e-07,1.164212657585568e-07,1.9398391797797962e-07,7.575130161995572e-07,2.391253378038031e-07,6.271738751600405e-07,1.1358775420901212e-07,1.9643570802145566e-07,1.4658145299989672e-07,1.3578434598130024e-07
Cuba,7.736108714590309e-08,1.2099325456636064e-07,1.5693640079770444e-07,1.1731353674343712e-07,8.879622726823041e-08,6.731110028955004e-08,1.2868291669013442e-07,1.1315089338914467e-07,6.902322176974519e-08,1.112403174518211e-07,8.155387797374706e-08,2.258354629379828e-07,1.0467924968594178e-07,1.209106446499799e-07,8.17748799993477e-08,6.192144744016863e-08,1.0019647777143523e-07,2.254114544695789e-07,9.207475280781826e-08,9.696228211188966e-08,1.7302496202328147e-07,7.283949725867412e-08,4.715879249822028e-07,7.448488127243557e-07,1.2276376198774842e-07,1.1417638384859598e-07,0.001,1.1635470418083229e-07,8.644364219720067e-08,9.87062948258284e-07,9.282679304479121e-08,7.870181133921735e-07,1.0064722884876065e-07,1.1293374335001895e-07,7.98949522795367e-08,1.1592179921490163e-07,1.2958464590412608e-07,9.767302293647112e-08,1.480772653679467e-07,9.176188409056307e-08,1.232769115641629e-07,1.182560347596274e-07,1.0513565039976531e-07,1.6249835386333943e-07,4.5260929481514735e-07,7.878755338718847e-07,1.3302246654208855e-07,1.1922007272510978e-06,1.0053368617884817e-06,1.1095529455745248e-07,6.764845099857568e-08,5.815503236068112e-08,8.15441324890626e-08,8.658818569702307e-08,9.153866491148023e-08,1.1576304991476723e-07,8.00334060517503e-08,9.045889813380663e-08,8.566077279204434e-08,7.779065416980575e-08,6.409795459370612e-08,1.1244908325090735e-07,9.196625892454514e-08,1.292496905761841e-07,1.125922672559495e-07,1.065700215341949e-07,6.878885470463123e-08,5.873073592132792e-08,1.2614135376150996e-07,1.423687071928317e-07,4.4019424366528997e-07,7.992033739632638e-08,1.0932567522841578e-07,1.349729592575168e-07,7.539158219583814e-08,6.584640159773488e-08,8.643473130513024e-08,7.009766922284037e-08,1.0898437605499535e-07,1.0627993043727125e-07,1.262878170542159e-07,7.468231146365078e-08,7.424117874519113e-08,1.8279121966365297e-07,2.8476867554999457e-07,6.450525205819727e-08,1.1353166400458904e-07,7.924309110113309e-08,9.456271574401705e-08,1.0628550568441815e-07,9.114589107090798e-08,8.218932772793296e-08,8.223688364439196e-08,1.4283036921216643e-07,1.0854775621678096e-07,1.341640280766054e-07,1.1505543628835814e-07,7.432009022689999e-08,8.029422369205568e-08,7.740377167638056e-08,1.36209029500474e-07,6.157891750012485e-08,8.781595290496686e-08,1.2645816517353015e-07,1.2277928279985478e-07,9.116146040959772e-08,6.879745709431285e-08,7.898112767539883e-08,7.784607236233516e-08,6.263111490582154e-08,1.1601942005552833e-07,9.5208446832974e-08,4.080011136046251e-07,8.166992820489201e-08,1.0289647280162586e-07,7.729082429031464e-08,1.3653282801885478e-07,6.327021863530939e-08,8.644364219720067e-08,7.903831232065546e-08,7.809269296811591e-08
Czech Republic,2.251913012728889e-07,3.7896788448874035e-07,8.247274522714184e-08,3.193168260238961e-06,3.7123547773767007e-07,1.446296796365518e-07,1.2085785614660797e-06,2.160591902890192e-07,1.4973763752828761e-07,1.4994283172555834e-06,1.2513688599537682e-07,1.0539007292518402e-07,9.561130387409335e-07,2.284079085970907e-07,1.649352019928893e-07,1.1259483970541936e-07,2.0573258668928152e-07,1.5786950912984794e-07,2.0978359390797387e-07,2.585896853374804e-07,8.161507406613685e-08,1.4074524209224894e-07,1.0535276232439357e-07,1.0161328121460466e-07,1.9974732958097018e-07,1.963852098131208e-06,1.1635470418083229e-07,0.001,1.7898186978006283e-07,1.2271863890730486e-07,3.5537103922495617e-07,1.0149858502001595e-07,1.880544777702749e-07,8.116602873645409e-07,1.968528077009553e-07,5.86209984559529e-07,9.169316879209922e-07,1.774602287119841e-07,2.012034762582274e-07,4.30785166789713e-07,2.071881289002808e-06,2.0379468872345657e-07,7.687561623749092e-07,2.719968644470081e-07,1.2393994662681375e-07,1.0206599994077834e-07,2.042727912353818e-07,1.2087911980950578e-07,1.0430405251434504e-07,2.211259890154865e-06,1.587898345643941e-07,8.716499062526022e-08,2.725619225394752e-07,3.3411722269430487e-07,3.870013419354061e-07,1.2561154966294029e-06,1.1165904811254668e-07,3.70984731630971e-07,2.647878808272842e-07,1.7209328704957582e-07,1.1811084415419565e-07,9.77401815575165e-07,4.114774198212938e-07,1.874891905929994e-07,1.1118780062166898e-06,9.860459675194262e-07,1.2008348253938407e-07,9.707691456553195e-08,2.4792260439602526e-07,2.4382848338225065e-07,1.0126650906614285e-07,1.5889995817357884e-07,1.107446757856347e-06,3.840529495327154e-07,1.2864313067553272e-07,1.308074795465748e-07,1.2581420937712745e-07,1.619526775529018e-07,2.6286024483933326e-07,2.2413914914246253e-07,7.115251054385923e-07,2.066450340294013e-07,1.9930759746439955e-07,9.244352436743487e-08,9.126164778090763e-08,9.935828470974303e-08,2.477861205945193e-06,2.449802698078241e-07,1.7781512516826864e-07,1.2150057746777504e-06,1.9396372029202805e-07,1.6947679650915003e-07,2.6706287855346204e-07,2.0896111364216657e-07,1.3089274291553085e-06,1.917630632946341e-07,2.3887676754617258e-06,1.8582359882568447e-07,1.141175558930115e-07,1.202923379665506e-07,5.334609220504918e-07,1.304087302834595e-07,2.455571064893277e-07,3.1701839117181624e-07,1.577801225016387e-06,4.0716878071930793e-07,1.1000686733619448e-07,2.2361398424439963e-07,1.548370668694135e-07,1.1964632083375984e-07,5.467629711791517e-07,5.127673489220214e-07,1.21159577187579e-07,1.7774456254327913e-07,8.342269178531454e-07,2.2795534978806752e-07,7.749298598275769e-07,1.1490487488117109e-07,1.7898186978006283e-07,1.36755307200155e-07,1.2727225310059627e-07
Democratic Republic of the Congo,1.799839106221272e-07,2.5724859249123144e-07,1.0079483778369491e-07,1.863888820277637e-07,1.987992813567456e-07,1.3358354801981376e-07,1.6741902078158874e-07,3.661704649224285e-07,1.3139922343444877e-07,2.0312188612101316e-07,4.104720468913227e-07,1.1208233651426951e-07,2.0996405926597434e-07,3.0228277226148127e-07,1.475706372979687e-06,1.1194046829602258e-07,6.29091481303691e-07,8.605093984563935e-08,1.1205174567079102e-06,5.600524384730515e-07,9.44002446589222e-08,1.0986840630062953e-07,9.26267859519823e-08,8.264369103108271e-08,2.9034962581442416e-07,1.9643570802145566e-07,8.644364219720067e-08,1.7898186978006283e-07,0.001,9.421633933715256e-08,3.294651093814903e-07,7.937081494667993e-08,5.93810885637908e-07,1.5282911277261608e-07,5.909738719275235e-07,1.408385173756844e-07,1.7947436864433992e-07,6.761107210803418e-07,2.074992162616785e-07,1.9964379125021297e-07,1.7091594624761132e-07,3.201394610688907e-07,2.3098135831575082e-07,1.0910566797980238e-07,1.0356747794934389e-07,7.861756090471307e-08,2.464108381439103e-07,9.260982394238817e-08,8.112950501332406e-08,1.9120545166742476e-07,1.644881373846268e-07,9.457951037564634e-08,2.170923431687949e-07,2.40358634163489e-07,2.751121912749692e-07,2.041895334667103e-07,8.287707781360447e-08,2.760553675614696e-07,1.4838925485188352e-07,6.890380774337865e-07,1.1162476224983812e-07,1.5823000407895588e-07,2.5561692423017784e-07,2.5647988670510934e-07,1.6105077556066112e-07,2.1539784672618094e-07,3.0648565751286517e-07,1.0266216415487221e-07,2.7070279300128757e-07,2.1744600974259768e-07,7.26653152808315e-08,1.0825580648782153e-07,2.1319477794924416e-07,2.10823265430916e-07,4.355182581148752e-07,1.2099951619897146e-07,3.869899346256212e-07,1.428401604809518e-07,3.8867857987319366e-07,4.5797428494421864e-07,1.4300947610012862e-07,2.3901582462999587e-07,1.722619149788173e-07,1.0754087974701901e-07,8.909449275073463e-08,9.278852967891952e-08,1.7293878984916706e-07,2.505989017687231e-07,8.939608959493389e-07,1.9622903036413876e-07,1.0897792097261596e-07,1.669957064725633e-06,2.852652700329547e-07,2.1895171131524435e-07,2.0449951377543994e-07,2.406399263958598e-07,1.9269471802429982e-07,3.473621775149978e-07,3.114262927721886e-07,8.991253871849809e-08,1.880671833511686e-07,1.5960763736776266e-07,5.721315775551905e-07,1.1537997587492269e-07,1.8301963138770926e-07,2.436849440484036e-07,9.408452567857694e-08,1.5704840932965116e-07,7.726943794059004e-07,1.1896870253881754e-07,2.428484546880848e-07,2.253505594128453e-07,7.835687691115938e-08,1.2706420684617887e-06,1.8277927008536734e-07,2.4362140697912797e-07,1.543135566171165e-07,1.1044291020357885e-07,0.001,5.721315775551905e-07,4.3887728165892774e-07
Dominican Republic,7.950480646064105e-08,1.336289477323396e-07,1.6926586101522142e-07,1.244586222969648e-07,9.223052093948724e-08,6.752208281488787e-08,1.365671881286195e-07,1.2673499866398084e-07,6.907437974430574e-08,1.1815918516430375e-07,8.889354680798859e-08,2.747565716209893e-07,1.1064157644708985e-07,1.3628937729696126e-07,8.876730630766631e-08,6.085173121232781e-08,1.107106655683019e-07,2.020726875665937e-07,1.0059724315234935e-07,1.0582682535087374e-07,1.844372905480497e-07,7.137594269546935e-08,6.003642621871852e-07,5.725302525630817e-07,1.3934909254651972e-07,1.2133413714190508e-07,9.87062948258284e-07,1.2271863890730486e-07,9.421633933715256e-08,0.001,9.925391460685962e-08,4.92589989385179e-07,1.1157016547001821e-07,1.1642827496397218e-07,8.575976570664724e-08,1.1842926133705935e-07,1.3916482254929378e-07,1.080456197304726e-07,1.7256292800099644e-07,9.551464680631914e-08,1.3033271443698472e-07,1.3347422278344317e-07,1.1199687488628566e-07,1.6097033350159545e-07,8.137741003192395e-07,4.7244777502214885e-07,1.525383677082622e-07,5.42710630873242e-06,5.740665235607705e-07,1.1712845642791903e-07,6.923421754524443e-08,5.5306864799702165e-08,8.488487522676325e-08,9.084608655858237e-08,9.703349457092314e-08,1.237742651692157e-07,7.567665560549959e-08,9.581245953037964e-08,8.67689324337142e-08,8.374667245036091e-08,6.29548535290266e-08,1.1639469639132787e-07,9.717866414812294e-08,1.480844022740072e-07,1.1681143593600999e-07,1.1312103695491977e-07,7.391582923849831e-08,5.681401134642949e-08,1.4244177362642096e-07,1.6322076591502671e-07,3.04774994099478e-07,7.816768447616536e-08,1.1634709842848828e-07,1.501422075454488e-07,8.160417318990794e-08,6.533425140186707e-08,9.470727148826967e-08,7.07307837766773e-08,1.206472753326489e-07,1.1796043986697824e-07,1.3033355217476833e-07,7.808942922238857e-08,7.606105846894315e-08,2.0635257058607178e-07,3.067066936412879e-07,6.170662211419528e-08,1.1889480746840626e-07,8.305434182919543e-08,1.0419775230500764e-07,1.1189285561275452e-07,8.922550586882155e-08,8.918989758197669e-08,8.675398924019035e-08,1.6525232751238164e-07,1.1498880304245112e-07,1.5442552902505271e-07,1.2216041158384556e-07,7.889348084901372e-08,8.730538732535032e-08,7.395847428970474e-08,1.4905267562149925e-07,6.334357344536118e-08,9.466957791866682e-08,1.2555780114321258e-07,1.3091465400098816e-07,9.602297923761902e-08,6.606513359634114e-08,8.031221357476625e-08,8.418296648918787e-08,6.207736465378429e-08,1.2615308151601253e-07,1.0017527047782416e-07,3.023803681443076e-07,8.839494755329854e-08,1.0727757962580972e-07,8.087954672210325e-08,1.4432555953673456e-07,6.205107442334592e-08,9.421633933715256e-08,8.586843099927665e-08,8.479943445114468e-08
Egypt,2.919196348389874e-07,3.752602986623518e-07,8.34831511445195e-08,3.723103459021105e-07,4.547126584733216e-07,1.6710175444817005e-07,2.9074522934216837e-07,2.856141945954095e-07,1.686897305345856e-07,4.603102939911577e-07,1.8315603792417142e-07,9.975235893355316e-08,5.458799404582996e-07,2.721394248647233e-07,2.9632745761872977e-07,1.2663871991390912e-07,3.325946903414912e-07,1.0933669653680606e-07,4.1500340260053233e-07,5.711150205235828e-07,8.033096442811775e-08,1.4179870593514068e-07,9.092358231822893e-08,8.462084393459158e-08,2.3548962483716836e-07,4.1775116770513994e-07,9.282679304479121e-08,3.5537103922495617e-07,3.294651093814903e-07,9.925391460685962e-08,0.001,8.311936563776857e-08,2.8618707023542953e-07,2.802268221219745e-07,4.412686522513588e-07,2.4258037170341053e-07,3.0802437384619783e-07,2.7291320030757713e-07,1.9763904514425081e-07,4.832271655917463e-07,3.123702003195284e-07,2.515357357447399e-07,6.557896628433544e-07,1.5415284851112644e-07,1.0444843619621476e-07,8.305322468821913e-08,2.2012542571119179e-07,9.769403185406936e-08,8.516034605820563e-08,4.189883985110178e-07,2.0679289647247464e-07,9.741540493946867e-08,4.36083642914829e-07,6.649775772157214e-07,1.4716662320065356e-06,4.263518206472943e-07,1.0261549329415703e-07,1.3633421799314702e-06,2.483535468726827e-07,3.3316479535784863e-07,1.3028493655890663e-07,2.9798411977226253e-07,1.0622282305388062e-06,2.1043464108535634e-07,3.070458833676914e-07,5.555765261913511e-07,1.8135699647956437e-07,1.0933860549801414e-07,2.7263569334154563e-07,2.3044052769495938e-07,8.031598066459919e-08,1.4746627182682466e-07,5.147303890971954e-07,2.9208256457233555e-07,1.9859693601890603e-07,1.4635967263105802e-07,1.7859116193099767e-07,1.8897366202813558e-07,3.8783764303323417e-07,3.356014372866407e-07,2.402189641651118e-07,3.545581809779907e-07,2.557099699692357e-07,9.127705460457108e-08,8.268520834790915e-08,1.0457720141038652e-07,3.448785466930024e-07,4.701525613468716e-07,2.8647782445548646e-07,4.64172919137302e-07,1.5771561589560538e-07,3.1164494870935447e-07,6.591633451478712e-07,2.0908811900935265e-07,4.872775497257687e-07,2.0735251766076478e-07,4.014861723905101e-07,3.64574957299749e-07,1.6051628766802618e-07,1.1274627673197546e-07,2.902556528028716e-07,1.719447302821011e-07,7.526489261014048e-07,1.755198245925906e-07,3.402457641233685e-07,8.549130966131096e-07,1.1166718462569176e-07,2.4893043496357476e-07,2.7095451791708347e-07,1.3674305966372747e-07,4.640275534271804e-07,7.092898011041143e-07,9.138578250646965e-08,3.4662130857437664e-07,4.0848242816526935e-07,4.1119444894785836e-07,2.513765473399618e-07,1.2722127524549867e-07,3.294651093814903e-07,2.152102011672921e-07,1.923078199391605e-07
El Salvador,7.075596937063326e-08,1.0539738283504204e-07,1.6904582873662046e-07,1.0215227658753655e-07,7.996900213402155e-08,6.322119063563769e-08,1.1072349133161628e-07,1.010822478548574e-07,6.480487782329651e-08,9.74840632666262e-08,7.74032505497635e-08,2.1831996212084847e-07,9.242288785700449e-08,1.0693015121047724e-07,7.555967621837503e-08,5.998851880939453e-08,9.065393394524279e-08,1.9422143283338188e-07,8.362808193041213e-08,8.711259520526175e-08,1.916843838747915e-07,6.941879954796457e-08,4.644685370319285e-07,1.4638911646179256e-06,1.092287354989072e-07,9.973790100737003e-08,7.870181133921735e-07,1.0149858502001595e-07,7.937081494667993e-08,4.92589989385179e-07,8.311936563776857e-08,0.001,9.150797313591837e-08,9.944506721266651e-08,7.304350178930411e-08,1.0213293815536638e-07,1.1127499802827141e-07,8.930495443154984e-08,1.2830459446386515e-07,8.233985085252388e-08,1.0672656735806741e-07,1.0551657261799139e-07,9.274601015141025e-08,1.386443943327247e-07,3.3772466788177366e-07,4.277050057406373e-06,1.1699115975238005e-07,5.400339561314653e-07,3.432842472190378e-06,9.73249742548536e-08,6.265108402710541e-08,5.982751917590472e-08,7.396740688567056e-08,7.802494141920834e-08,8.200585299457352e-08,1.0092040635153556e-07,7.924884059140023e-08,8.113753515267531e-08,7.82118944605285e-08,7.164918209518929e-08,6.183889529378947e-08,9.893190081927823e-08,8.234451473653694e-08,1.1484319952177466e-07,9.897223012278328e-08,9.387034887389801e-08,6.535368664561295e-08,5.8653401222361985e-08,1.1053718949887906e-07,1.226141878800961e-07,5.838294518104228e-07,7.55663521863273e-08,9.599648833844216e-08,1.1566654793985095e-07,7.125161872031207e-08,6.261609628051005e-08,8.196240842943034e-08,6.529889731907e-08,9.691893364664335e-08,9.532436631403016e-08,1.0967087788469856e-07,6.821462306968133e-08,6.822059722441936e-08,1.8914278914495967e-07,3.336720451767697e-07,6.450725960148061e-08,9.945890463830516e-08,7.199855662725585e-08,8.658966271016903e-08,9.372542671166729e-08,8.487989449371176e-08,7.579368753133339e-08,7.446245222277875e-08,1.2411324003584055e-07,9.542080798777505e-08,1.1842572197211569e-07,1.0041870404815764e-07,6.809111649651034e-08,7.714206661300269e-08,7.567162261028266e-08,1.1617428327002526e-07,5.7302315827784796e-08,7.94438232199985e-08,1.1191885586577325e-07,1.0624456842767217e-07,8.170718869079747e-08,6.77672345611327e-08,7.247757602262207e-08,7.226524322938804e-08,5.998695374987806e-08,1.0125627001535441e-07,8.496431191773e-08,3.578308169512826e-07,7.508137342665018e-08,9.12306756374005e-08,7.038617474515843e-08,1.1661135098193303e-07,6.12547470087751e-08,7.937081494667993e-08,7.424701864083657e-08,7.394449413371888e-08
Equatorial Guinea,1.4986379496519446e-07,3.364562585284559e-07,1.1536092319364908e-07,1.986849198722369e-07,1.7565947668439611e-07,1.1224614452909702e-07,1.8377510195301605e-07,8.380920927029257e-07,1.1142213639551356e-07,2.1189250276892692e-07,3.2674120921729324e-07,1.3654322254896022e-07,2.0920279334145954e-07,5.5654253786215e-07,4.3347218830589364e-07,9.514586020394017e-08,2.020487647978629e-06,9.396176129567044e-08,7.463956841159395e-07,5.730840606929726e-07,1.080070116962911e-07,9.668955869373608e-08,1.0970577389769894e-07,9.598639394924762e-08,5.58606222215052e-07,2.0776928979101202e-07,1.0064722884876065e-07,1.880544777702749e-07,5.93810885637908e-07,1.1157016547001821e-07,2.8618707023542953e-07,9.150797313591837e-08,0.001,1.5449212218715674e-07,3.150987732130385e-07,1.428304127488403e-07,2.0255111704804654e-07,2.5995535347971244e-06,3.1361910863804633e-07,1.801747087367973e-07,1.8410271480286421e-07,6.727448691636029e-07,2.3391516250900983e-07,1.1752002447486966e-07,1.253634477559156e-07,9.044533033532508e-08,4.126281214082555e-07,1.0932291549715027e-07,9.381954637759073e-08,1.9687491619992006e-07,1.3266154621544044e-07,8.15974141742864e-08,1.7879826087146675e-07,2.02613794093765e-07,2.395964212310678e-07,2.2067988526323356e-07,7.58197546453128e-08,2.3710347423497165e-07,1.3302955917287102e-07,3.2074053250704834e-07,9.543880456099956e-08,1.6018364157583716e-07,2.2565734182697358e-07,4.5031831828275867e-07,1.6345093231495357e-07,2.187125678459615e-07,2.1204879979159505e-07,8.773357367836206e-08,4.4276414204425103e-07,3.212435920255518e-07,8.217397022838284e-08,9.767649591828392e-08,2.2118990661886815e-07,2.721454821146228e-07,2.825975367077161e-07,1.0280281620472142e-07,3.620634762866247e-07,1.1990776328532734e-07,6.394068067591333e-07,1.096551975876807e-06,1.5024531754583115e-07,1.8144528465517243e-07,1.421671784253375e-07,1.2719267320952368e-07,1.0396860110755257e-07,8.099479854916745e-08,1.779337743003051e-07,1.950693479047396e-07,1.5434972500365964e-06,1.9647539383447265e-07,1.0188662384002359e-07,4.406340019588171e-07,2.2042464461082581e-07,3.383937942635903e-07,2.0929420407419812e-07,4.0191905550855064e-07,2.0411127337078235e-07,2.2711565370806691e-07,2.672764834844876e-07,8.143603559696179e-08,2.2522281921576662e-07,1.2670092418585973e-07,3.808763520137324e-07,1.1818212725056352e-07,2.0040627371893535e-07,2.1444463882090722e-07,8.293000790532415e-08,1.352284309279909e-07,3.4288681105646035e-07,1.0039586105177123e-07,2.821638498661543e-07,2.074607914012558e-07,8.80557870968486e-08,4.0805507119095244e-07,1.7808300008829238e-07,1.8790738623112209e-07,1.7039861952462345e-07,9.435641696525944e-08,5.93810885637908e-07,3.4522251562407035e-07,3.0580619585930876e-07
Estonia,2.452416318404536e-07,2.583530787987115e-07,7.59098066528293e-08,6.472410130151747e-07,3.919530937259496e-07,1.5957370197125173e-07,6.000380903727604e-07,1.7103984774819622e-07,1.673364243241244e-07,5.695101301589501e-07,1.1137893155793475e-07,9.577213871444985e-08,5.613932980659988e-07,1.7826340210401246e-07,1.4411849766148326e-07,1.2274590475876793e-07,1.6665293134055896e-07,1.7090500466018984e-07,1.7287804864086723e-07,2.0334254661022643e-07,7.574056933408697e-08,1.6284913437757257e-07,9.915666428517096e-08,9.830073980453154e-08,1.602983621119007e-07,5.902692965245449e-07,1.1293374335001895e-07,8.116602873645409e-07,1.5282911277261608e-07,1.1642827496397218e-07,2.802268221219745e-07,9.944506721266651e-08,1.5449212218715674e-07,0.001,1.7392982888988448e-07,1.7947359778020126e-06,4.634909204509364e-07,1.4771136913441786e-07,1.625682561243403e-07,4.450442612194145e-07,7.148067665428767e-07,1.6296148243240974e-07,4.4595823986260154e-07,3.1592030758587627e-07,1.1458048650659713e-07,1.0041301999060968e-07,1.6347987959559883e-07,1.1513482390460386e-07,1.0184898844110563e-07,7.17628920915843e-07,1.6869946767841767e-07,9.33740626130837e-08,2.765776192912909e-07,3.139628723139405e-07,3.1985062181368227e-07,4.96317312837817e-07,1.2879411396792665e-07,3.1229908957196767e-07,3.354375523488934e-07,1.5344868424499386e-07,1.302128125045739e-07,4.339081989497384e-06,3.4589264137587636e-07,1.5240543238652832e-07,2.817443072601243e-06,5.181070025538713e-07,1.1155198007237728e-07,1.0450876727572165e-07,1.8997420623683484e-07,1.8904464916534335e-07,1.0256000324156014e-07,1.9168659924438456e-07,5.121405004883341e-07,2.6398359897497324e-07,1.1626695923830797e-07,1.4476958786312025e-07,1.1093075800825804e-07,1.797943469513915e-07,2.0013446310244604e-07,1.7715435908169856e-07,1.0664555455855072e-06,2.0447226763586472e-07,2.166910240471666e-07,8.449130710123183e-08,8.590364456199693e-08,1.0967253792059975e-07,1.154919760884356e-06,2.3757146162832595e-07,1.4874127662259652e-07,6.905436265777196e-07,2.518552564115328e-07,1.4764487510186428e-07,2.4636967853406936e-07,1.6717690076896586e-07,5.870609573337516e-07,1.5540492155539165e-07,6.160533292092485e-07,1.732550649137682e-07,1.0252519901903531e-07,1.395344570109577e-07,3.351472169511884e-07,1.3518492210623012e-07,2.0429617269628338e-07,4.6933589527256195e-07,5.588015373872614e-07,3.5589533953329193e-07,1.2384059757091545e-07,2.588810684590026e-07,1.37917882714716e-07,1.3033135686385235e-07,3.2790209761588e-07,4.320154300255774e-07,1.2433174829852685e-07,1.5495697274672265e-07,8.479023809994018e-07,2.2390920496221465e-07,5.566291748540814e-07,1.262062920000857e-07,1.5282911277261608e-07,1.218064889087896e-07,1.1411958270479394e-07
Ethiopia,2.54856515234359e-07,2.3304550021811055e-07,8.611693698718194e-08,2.0214397660010908e-07,2.6867946956503204e-07,1.723025697864433e-07,1.7586596025016092e-07,2.5409721758045023e-07,1.689283466620368e-07,2.2539160118466593e-07,2.7371321073864887e-07,9.526850148595211e-08,2.450319401291825e-07,2.268144720168501e-07,6.446445136868633e-07,1.3630334424317596e-07,3.471193711193382e-07,8.76283327044872e-08,5.320672285743003e-07,4.522675199131081e-07,8.140354974721697e-08,1.3489821633146542e-07,8.229413115719139e-08,7.51616773343424e-08,2.110515066893036e-07,2.1485267173456695e-07,7.98949522795367e-08,1.968528077009553e-07,5.909738719275235e-07,8.575976570664724e-08,4.412686522513588e-07,7.304350178930411e-08,3.150987732130385e-07,1.7392982888988448e-07,0.001,1.590261803969135e-07,1.8393101627558089e-07,3.2479287492347855e-07,1.66983915290978e-07,2.627647490912635e-07,1.830554121879911e-07,2.268649177997967e-07,2.6392684255682267e-07,1.1428550960691115e-07,9.197053430216557e-08,7.26695211026756e-08,1.8954419220262e-07,8.446738754321607e-08,7.461885526737764e-08,2.1508607400676806e-07,2.2706455100407673e-07,1.0849539290276251e-07,3.2491480126137437e-07,3.525594842821521e-07,3.811655858841769e-07,2.1848379489175778e-07,9.630285099002508e-08,3.914195933513769e-07,1.9017828418258986e-07,1.2918606060016868e-06,1.3665869912183695e-07,1.801220021500011e-07,3.4857411792101165e-07,1.9063673283883094e-07,1.8300053090607644e-07,2.4595435103445673e-07,3.076709953063721e-07,1.2089066593304795e-07,2.1448267351634174e-07,1.8049141354801604e-07,6.906082130739458e-08,1.315405290821894e-07,2.3781464503387698e-07,1.9326820180219327e-07,3.422362179130647e-07,1.5161818441708787e-07,2.479426274335651e-07,1.883694409959719e-07,2.9583103599773776e-07,3.0256982179953566e-07,1.5591743656451337e-07,4.0032451307178285e-07,2.4210178751540907e-07,9.114673721254258e-08,7.820189654212844e-08,1.0900284764962645e-07,1.9423689897922514e-07,4.178778317089613e-07,3.649605178709158e-07,2.2769223270410929e-07,1.2975772440016226e-07,7.050454344805971e-07,4.942883610290295e-07,1.751005279938919e-07,2.3162208906560245e-07,1.834808636933427e-07,2.1042016784710886e-07,8.133461146132378e-07,2.293076114175836e-07,1.0595263708517044e-07,1.828372224761703e-07,2.1073601384864997e-07,8.574114864731113e-07,1.274577558566945e-07,1.9317806682454858e-07,3.344547389114717e-07,1.1168007458892959e-07,2.1007622931641087e-07,6.314934822521497e-07,1.473004991177644e-07,2.416359962848234e-07,2.901098372532106e-07,7.627246395636559e-08,9.796298090604791e-07,2.1835652940370706e-07,4.0680139385079715e-07,1.606375724333918e-07,1.3459787890654668e-07,5.909738719275235e-07,3.714018263366553e-07,3.10686748798542e-07
Finland,2.293218409346763e-07,2.3117898197817722e-07,7.494748886896107e-08,4.972173555591997e-07,3.3721323893563887e-07,1.569625365227431e-07,5.116733213697362e-07,1.5789861562429513e-07,1.6516638331342606e-07,4.3805439761207485e-07,1.0487406148912504e-07,9.467824352023756e-08,4.2771471470464185e-07,1.6489490532182895e-07,1.3343538431473634e-07,1.2227239541316205e-07,1.530499292713505e-07,1.8558187507773518e-07,1.57767441483695e-07,1.8289486706068381e-07,7.521892616666858e-08,1.6537176361642086e-07,1.0002593023516731e-07,1.0039260528018687e-07,1.4962437559405245e-07,4.552857728872861e-07,1.1592179921490163e-07,5.86209984559529e-07,1.408385173756844e-07,1.1842926133705935e-07,2.4258037170341053e-07,1.0213293815536638e-07,1.428304127488403e-07,1.7947359778020126e-06,1.590261803969135e-07,0.001,4.012137616506795e-07,1.3688313355684367e-07,1.5396092571220074e-07,3.71142130618556e-07,5.686985611285013e-07,1.5150486497131279e-07,3.57921968474674e-07,3.655227985432029e-07,1.1508354639641912e-07,1.0332376033963709e-07,1.5337387423231496e-07,1.1728187976040828e-07,1.0451945537582248e-07,5.186269331689932e-07,1.6204507873309369e-07,9.348080035891321e-08,2.4866920445004315e-07,2.728640820880741e-07,2.7285146371393747e-07,3.9972187710286544e-07,1.344837040600413e-07,2.6770101979086337e-07,3.2455333763077274e-07,1.4168301821742624e-07,1.3010735888330329e-07,1.2790194396671088e-06,2.9217557561463887e-07,1.4327948168907053e-07,1.1134155697209473e-06,4.03132547421326e-07,1.0539193974400202e-07,1.0432221046574829e-07,1.7557461690387496e-07,1.770560757808388e-07,1.0675090264827914e-07,1.98378282016846e-07,4.017003389778716e-07,2.4061287860734194e-07,1.0926972608861913e-07,1.4383104218504417e-07,1.0453890292461429e-07,1.7555879982018132e-07,1.8162228039739717e-07,1.623412403917041e-07,1.192837322395186e-06,1.8856056841712634e-07,2.054087580193502e-07,8.338728589841406e-08,8.632815933188315e-08,1.1103461672693555e-07,7.239450086539738e-07,2.148741068741706e-07,1.3760311298112443e-07,4.988204255395205e-07,2.7161995920401546e-07,1.3645373091448301e-07,2.1979253625914743e-07,1.5761243779136188e-07,4.4476054809019206e-07,1.4633874504377252e-07,4.724368409318931e-07,1.596960272668613e-07,9.698734677649611e-08,1.449385973107252e-07,3.022610186920166e-07,1.3050699722863855e-07,1.8349904192297134e-07,6.348651108735511e-07,4.5650287912901286e-07,3.005260562508143e-07,1.2624017758482832e-07,2.4767727368753904e-07,1.2820661492406618e-07,1.2923986331320297e-07,2.8293396088113357e-07,3.515836304249697e-07,1.3078953864490747e-07,1.4272370312548243e-07,5.852108950059092e-07,2.0435525274182298e-07,5.17639515940766e-07,1.2607992808469827e-07,1.408385173756844e-07,1.1408256994682211e-07,1.0731121808735469e-07
France,1.8319538939211985e-07,5.00104540571173e-07,9.041125608792524e-08,1.137943405522341e-06,2.707301111708033e-07,1.2528548727413628e-07,1.795131676586731e-06,2.471818487542202e-07,1.2892506895717535e-07,7.820436960741895e-07,1.2736748766166182e-07,1.1904012172054817e-07,5.398033180353396e-07,2.7190539798696606e-07,1.6286670826107167e-07,1.0041591431866647e-07,2.2044075181425783e-07,1.644957405757214e-07,2.1313513514228898e-07,2.641004630788645e-07,8.955369757567408e-08,1.2212137193228957e-07,1.1824816265248976e-07,1.1224052129533828e-07,2.3448962292184974e-07,9.46703902743478e-07,1.2958464590412608e-07,9.169316879209922e-07,1.7947436864433992e-07,1.3916482254929378e-07,3.0802437384619783e-07,1.1127499802827141e-07,2.0255111704804654e-07,4.634909204509364e-07,1.8393101627558089e-07,4.012137616506795e-07,0.001,1.8888903578114404e-07,2.49597280281378e-07,3.0121529117691645e-07,1.3179176163182672e-06,2.364700597511382e-07,5.519166962029095e-07,2.7630619465838323e-07,1.4243266141170402e-07,1.1164975530576775e-07,2.473236838249994e-07,1.3658999509888293e-07,1.148020153978233e-07,7.230015620807681e-07,1.3715240782721212e-07,7.969269344240544e-08,2.1762823844673498e-07,2.606393170293357e-07,3.0888886929681944e-07,1.074424784508701e-06,1.0087814057468125e-07,2.9720741319413464e-07,2.0545766670710696e-07,1.640058251564789e-07,1.0469066180026862e-07,5.010948101707847e-07,3.1634422200759455e-07,2.2147088567815524e-07,5.291744684532148e-07,5.999475922021619e-07,1.1626218956132754e-07,8.791882008918769e-08,3.064097547730636e-07,3.168988239961244e-07,1.0849990746484782e-07,1.3615702373061144e-07,6.989064487885437e-07,6.000075997859852e-07,1.273276410684564e-07,1.1460749531835631e-07,1.301903335245195e-07,1.3814509756136717e-07,2.9646531000852834e-07,2.480802140094562e-07,5.396115333131671e-07,1.7627080409381132e-07,1.6560919644560133e-07,1.0264825682317676e-07,1.0110376805226369e-07,8.966277774497111e-08,6.797950172755288e-07,2.0397911305671766e-07,1.8652910464209232e-07,5.632457638383476e-07,1.6323206646318018e-07,1.6699809369542092e-07,2.2380321933563785e-07,2.5958900409338676e-07,6.619119408750987e-07,2.2976551213111112e-07,9.941318973349678e-07,1.6741865073392056e-07,1.1631238757105732e-07,1.0725751702346431e-07,1.2102187046978164e-06,1.162314831953631e-07,2.3165402867099066e-07,2.7395267082844305e-07,2.1111840063559787e-06,3.074155030845055e-07,9.836437705989697e-08,1.8031488845392083e-07,1.5097388364839794e-07,1.0607230022381207e-07,6.854457393966445e-07,3.5722592194406486e-07,1.2987656356392608e-07,1.7295398640465848e-07,4.406105050574215e-07,1.9152033296223072e-07,1.0700742776950173e-06,1.0217703933234942e-07,1.7947436864433992e-07,1.3664712031535424e-07,1.276173362299444e-07
Gabon,1.4868258889848715e-07,2.991741863238967e-07,1.1576365001063286e-07,1.8668134901495153e-07,1.7091362490682223e-07,1.1277166600848804e-07,1.7269122623005462e-07,6.379227874775452e-07,1.1164718127307609e-07,1.9908136071542061e-07,3.736970243633314e-07,1.3421107616733908e-07,1.9799755043200563e-07,4.6113616667122366e-07,4.8814111622865e-07,9.619772465678813e-08,1.2910840493055848e-06,9.068482663821664e-08,7.375595750948894e-07,5.151116929844698e-07,1.0799029987747485e-07,9.640226196078516e-08,1.0715306583681421e-07,9.374017502374078e-08,4.7420102961498083e-07,1.950145724792527e-07,9.767302293647112e-08,1.774602287119841e-07,6.761107210803418e-07,1.080456197304726e-07,2.7291320030757713e-07,8.930495443154984e-08,2.5995535347971244e-06,1.4771136913441786e-07,3.2479287492347855e-07,1.3688313355684367e-07,1.8888903578114404e-07,0.001,2.848243656198064e-07,1.7444159467716714e-07,1.7335357494499715e-07,5.488379266543252e-07,2.1970834980885566e-07,1.1263015928083444e-07,1.2137937671605625e-07,8.82277788920551e-08,3.637740237201341e-07,1.0593949927913456e-07,9.14628947267953e-08,1.8592592728776877e-07,1.3372891549959168e-07,8.311312573177933e-08,1.7625963547625917e-07,1.9759887484671509e-07,2.3041717000736778e-07,2.0594710552842947e-07,7.535743340486613e-08,2.28688788813497e-07,1.3050321541109587e-07,3.4125668317468335e-07,9.619638930538622e-08,1.5291598147592746e-07,2.171277460858071e-07,3.9959621060703434e-07,1.5585997166113248e-07,2.0599375713982196e-07,2.2857558042998972e-07,8.913473443352332e-08,3.7927026464753095e-07,2.8734366010547907e-07,8.009239629940151e-08,9.670034093593193e-08,2.075615936831721e-07,2.4649859683849044e-07,3.146986104450539e-07,1.0340596970156305e-07,4.180729750254378e-07,1.2006076179787707e-07,5.195093352954141e-07,7.779432272305381e-07,1.4308033303364851e-07,1.8208650303676828e-07,1.4173897255136262e-07,1.2655680883257013e-07,1.0253837206930212e-07,8.171103636998684e-08,1.6877831316832459e-07,1.9370142030805448e-07,2.764465364456474e-06,1.8632396933341775e-07,9.995769221573018e-08,4.916745761381547e-07,2.176333915812793e-07,3.040899698482617e-07,1.9728886719085104e-07,3.5902585951196457e-07,1.9170112016977035e-07,2.324208733579059e-07,2.9754658022677073e-07,8.100270368258852e-08,2.0769997817260876e-07,1.2917965762504122e-07,3.734642305644675e-07,1.138116809179741e-07,1.8760264220148512e-07,2.0694875357037157e-07,8.31816761804077e-08,1.3374328743428903e-07,3.786426852289689e-07,1.0144063344243761e-07,2.574065334616552e-07,1.98949289517904e-07,8.534204761272808e-08,4.4151510706124126e-07,1.7028281318279932e-07,1.87404066425032e-07,1.6057980385865082e-07,9.521318659264913e-08,6.761107210803418e-07,3.9455956260806685e-07,3.45707970985952e-07
Gambia,1.1859854939191896e-07,3.861741875066018e-07,1.3761417680503995e-07,2.1416748572103838e-07,1.457238860121033e-07,9.060193114246314e-08,2.2020053877602566e-07,4.764216764704001e-07,9.129341269821011e-08,2.1199507997190242e-07,1.6901053799489016e-07,2.0095240038872196e-07,1.9430500698278238e-07,6.330119875153758e-07,1.8262535562154957e-07,7.720712255869984e-08,3.087660651411026e-07,1.2382845422585675e-07,2.3962787773899777e-07,2.605141920497623e-07,1.322742141071574e-07,8.435651433348519e-08,1.6193720372224787e-07,1.362600240621955e-07,7.131519928002705e-07,2.1566686513405719e-07,1.480772653679467e-07,2.012034762582274e-07,2.074992162616785e-07,1.7256292800099644e-07,1.9763904514425081e-07,1.2830459446386515e-07,3.1361910863804633e-07,1.625682561243403e-07,1.66983915290978e-07,1.5396092571220074e-07,2.49597280281378e-07,2.848243656198064e-07,0.001,1.5257400657541857e-07,2.1017382490295627e-07,5.868716648898715e-07,2.117209897979362e-07,1.4954507749506463e-07,2.044067128760696e-07,1.2649969551262938e-07,1.306795892463031e-06,1.672513136602277e-07,1.3305309549465342e-07,1.9853337570850003e-07,1.0125816541201908e-07,6.587838688648008e-08,1.3669656323412332e-07,1.544843535746462e-07,1.7893965116646227e-07,2.3222972743843762e-07,7.186190435808258e-08,1.7548740028877625e-07,1.17555351021955e-07,1.6217300386610772e-07,7.85500450653568e-08,1.674880531644836e-07,1.7450315285532416e-07,9.149934003903206e-07,1.7081131553497514e-07,2.054430714823473e-07,1.2685748253205632e-07,7.07204567275769e-08,7.115687268551684e-07,1.1475480736297193e-06,1.1134865298259646e-07,8.916734394757764e-08,2.1448623304721412e-07,4.224178792209199e-07,1.501626363346904e-07,8.415950598136607e-08,1.8625473354050796e-07,9.68195189968959e-08,3.7609187112860426e-07,3.69770866894678e-07,1.7274780922465701e-07,1.2810745613422022e-07,1.1171494512125518e-07,1.6516604241976412e-07,1.4165014841262716e-07,6.84950421275189e-08,1.8610668056575495e-07,1.3940682834443238e-07,2.6085669303679494e-07,1.885891756734111e-07,9.882483910052228e-08,1.8457702679134407e-07,1.5275828910833706e-07,3.520162985517784e-06,2.033304248749325e-07,1.2813590376388957e-06,2.1433378789301997e-07,1.4009020106648896e-07,1.5596852009883555e-07,7.531772122574376e-08,3.137985584752993e-07,9.389267071215116e-08,1.9921327525287667e-07,1.3419796336001464e-07,2.2903863065019496e-07,1.6809510550254092e-07,7.218980340013826e-08,1.1268779741870926e-07,1.6413249427475006e-07,8.085062042188771e-08,2.907001466394671e-07,1.7302502499386313e-07,1.2091966636797349e-07,1.8099647914283935e-07,1.688249188374035e-07,1.3399438696238653e-07,2.1391734418269278e-07,7.740309882558686e-08,2.074992162616785e-07,1.661445569922867e-07,1.586875564187172e-07
Georgia,4.674899268408156e-07,2.5222222732645994e-07,7.256080048995299e-08,4.084769982836413e-07,2.671527599355443e-06,2.1227388485992703e-07,3.1761285837406223e-07,1.8521139433606035e-07,2.2079169343018393e-07,4.801369390210375e-07,1.3578261101719219e-07,8.734079409449544e-08,6.571842857205892e-07,1.8409898924069481e-07,1.9155227978817467e-07,1.491389819591887e-07,1.9770405794048684e-07,1.2373709460847198e-07,2.2384587025690396e-07,2.627412355018046e-07,7.08527360551401e-08,1.884842093962434e-07,8.491887180249273e-08,8.223821827329312e-08,1.6508018987743674e-07,4.3919772219675136e-07,9.176188409056307e-08,4.30785166789713e-07,1.9964379125021297e-07,9.551464680631914e-08,4.832271655917463e-07,8.233985085252388e-08,1.801747087367973e-07,4.450442612194145e-07,2.627647490912635e-07,3.71142130618556e-07,3.0121529117691645e-07,1.7444159467716714e-07,1.5257400657541857e-07,0.001,3.571576396810418e-07,1.714255379236472e-07,5.412491588084113e-07,1.8487717669895936e-07,9.674408229882892e-08,8.281288468053404e-08,1.6104128305544475e-07,9.439245325094445e-08,8.412723877595696e-08,5.151072041801158e-07,2.512462909888427e-07,1.0782813573847472e-07,7.177431147769522e-07,1.0001387690321954e-06,7.136813398687009e-07,3.980631741939727e-07,1.2863021586385242e-07,7.184015300162309e-07,4.918295476234897e-07,2.1860691177064973e-07,1.574887910575455e-07,4.705043496641931e-07,8.856865374409435e-07,1.5334978127408237e-07,4.7683086026403797e-07,5.620962057082998e-07,1.4548698220437812e-07,1.2348437586726884e-07,1.8927959282901615e-07,1.7489953902266036e-07,8.34411132946531e-08,2.0708883715287015e-07,4.943505190015429e-07,2.2749935661355198e-07,1.4864476569055572e-07,1.8182041468133826e-07,1.3170161266725467e-07,2.5222222732645994e-07,2.2486065877790942e-07,2.0182334741968151e-07,3.189060133109687e-07,3.772775246115604e-07,3.6780330263370273e-07,7.931067533348557e-08,7.58927177250022e-08,1.2332511655891072e-07,4.783549472900415e-07,5.092099114328612e-07,1.7992277969083338e-07,6.473101518027343e-07,2.3410126525194507e-07,1.9764683631760428e-07,5.2892154109297e-07,1.5856840093134705e-07,5.428121830183362e-07,1.5337180076693343e-07,4.318434195570275e-07,2.788334942708872e-07,1.2326982704267646e-07,1.4398662915168855e-07,2.5310397744604716e-07,1.8684746834481214e-07,3.0657869833599915e-07,2.410935190681016e-07,3.5064879653492027e-07,1.0956075560224852e-06,1.370183033324673e-07,4.265311771875054e-07,1.857056246100199e-07,1.625367244726682e-07,3.190925347643809e-07,1.2605275574689322e-06,9.72190218727446e-08,2.1344297665610167e-07,8.42861968536869e-07,4.504037738054241e-07,2.798102929996606e-07,1.5215749062261795e-07,1.9964379125021297e-07,1.5476887036843816e-07,1.4278689538529616e-07
Germany,2.036288464786177e-07,3.8415119464861087e-07,8.469185802831692e-08,1.938517141390392e-06,3.1534116273861913e-07,1.3594932900048897e-07,2.840347077845801e-06,2.1537670556240862e-07,1.406743034050891e-07,9.70203286704044e-07,1.2167134911174188e-07,1.0962613416941523e-07,6.657911363261094e-07,2.3092605411859173e-07,1.5718029986611788e-07,1.0740774553478964e-07,2.001444237494408e-07,1.680088450695681e-07,1.9988792043378005e-07,2.4433211989197877e-07,8.410203118046651e-08,1.3404354789328211e-07,1.1069119855218783e-07,1.0682899291789172e-07,2.0246733445182606e-07,1.2368848334139659e-06,1.232769115641629e-07,2.071881289002808e-06,1.7091594624761132e-07,1.3033271443698472e-07,3.123702003195284e-07,1.0672656735806741e-07,1.8410271480286421e-07,7.148067665428767e-07,1.830554121879911e-07,5.686985611285013e-07,1.3179176163182672e-06,1.7335357494499715e-07,2.1017382490295627e-07,3.571576396810418e-07,0.001,2.0516338940344913e-07,5.964013951076741e-07,2.9967610247767194e-07,1.3126199531376195e-07,1.0734809672678764e-07,2.1001273320626713e-07,1.282874214373925e-07,1.0983323060288105e-07,1.088962265704305e-06,1.4767023288583856e-07,8.403083797351049e-08,2.40877928800458e-07,2.8809604330165256e-07,3.3033810104807153e-07,1.0486395961682716e-06,1.091865434731925e-07,3.1814997898648215e-07,2.397304903490791e-07,1.6190396556845823e-07,1.125847159438342e-07,8.070212894211173e-07,3.4616648433683624e-07,1.914821613587074e-07,8.795225165567832e-07,7.024682832390892e-07,1.1496341228068404e-07,9.316672269122623e-08,2.534730260017502e-07,2.5632528470091866e-07,1.0625553408743639e-07,1.516853742960808e-07,7.945280585916114e-07,4.1615223219308627e-07,1.2374776991885987e-07,1.2391226608738727e-07,1.2309281361562358e-07,1.510580549730458e-07,2.575014957655467e-07,2.1991779326413263e-07,8.154245745134957e-07,1.8801143102971215e-07,1.8228493817115866e-07,9.540039493660702e-08,9.507822687496018e-08,9.585069497597114e-08,1.2967834151933826e-06,2.193195714461763e-07,1.7269148671401612e-07,7.674481053403059e-07,1.8626491368523378e-07,1.6122582667289978e-07,2.3764467425156923e-07,2.17570915291305e-07,8.401147869158166e-07,1.9703607980502018e-07,1.4071368654025794e-06,1.7168602750760558e-07,1.1131711578687583e-07,1.1675956670666023e-07,6.309824846696916e-07,1.2271091012229476e-07,2.2651680399737432e-07,3.2857163445092946e-07,2.2182565392236082e-06,3.417264638134694e-07,1.0608124636839635e-07,2.0362300815476856e-07,1.472968821494546e-07,1.1368897376402875e-07,5.295420157396959e-07,4.122846381295678e-07,1.2811348377288393e-07,1.6807773899051128e-07,6.034899910309126e-07,2.055043484574542e-07,1.2238763360709358e-06,1.0963872205913754e-07,1.7091594624761132e-07,1.3171871742452375e-07,1.2301421215579685e-07
Ghana,1.353354075038019e-07,4.3948114104087053e-07,1.2484030239551545e-07,2.1759546924995158e-07,1.6477605529563115e-07,1.0142460587304684e-07,2.0917161734097637e-07,2.0154069627183477e-06,1.0148803138001241e-07,2.2539160118466593e-07,2.290204786046038e-07,1.6122585575496155e-07,2.1325429749694682e-07,1.8081250443933535e-06,2.6496304205851784e-07,8.593638377498759e-08,6.399886359799204e-07,1.0629324170764461e-07,3.935972443824479e-07,4.138393196183499e-07,1.1797365941531671e-07,9.069167814288581e-08,1.289534030648319e-07,1.111702787071601e-07,3.023622454015487e-06,2.2466849882011405e-07,1.182560347596274e-07,2.0379468872345657e-07,3.201394610688907e-07,1.3347422278344317e-07,2.515357357447399e-07,1.0551657261799139e-07,6.727448691636029e-07,1.6296148243240974e-07,2.268649177997967e-07,1.5150486497131279e-07,2.364700597511382e-07,5.488379266543252e-07,5.868716648898715e-07,1.714255379236472e-07,2.0516338940344913e-07,0.001,2.3868190902599656e-07,1.322337781005909e-07,1.5278352658572246e-07,1.0420827361374166e-07,1.065094625745035e-06,1.3027107799450435e-07,1.0866255990530877e-07,2.082473036160018e-07,1.1667739034757287e-07,7.343409418122006e-08,1.5977748535885213e-07,1.8257977302955632e-07,2.169131070944079e-07,2.4253438289873637e-07,7.35558052857869e-08,2.1305320516747538e-07,1.271201400149038e-07,2.220852011658651e-07,8.684068334419053e-08,1.6894296317436957e-07,2.0756572454173636e-07,1.1838790730373114e-06,1.7264087626208824e-07,2.2573587143919914e-07,1.6139846629452415e-07,7.890943188158634e-08,9.812983434290493e-07,5.847316491666053e-07,9.360258640552477e-08,9.378872869642214e-08,2.3278728599827815e-07,3.7378932497919957e-07,2.0019426478263968e-07,9.34118941163206e-08,2.5554132525001714e-07,1.0857058887098533e-07,7.130356229651728e-07,8.916496884384658e-07,1.646789303682797e-07,1.5419775490873448e-07,1.2753396468337007e-07,1.4299193202328674e-07,1.1849052964858432e-07,7.451655759817843e-08,1.895387575036454e-07,1.6794163613073203e-07,4.6875418760015615e-07,2.0240130081537754e-07,1.0099781687097774e-07,2.687588281096831e-07,1.8777451979195585e-07,6.806628383424836e-07,2.187548872828343e-07,9.541121350337943e-07,2.2146236992526437e-07,1.7834846996583936e-07,2.0185420374586722e-07,7.825830477982295e-08,2.8165292269706767e-07,1.0935749955192331e-07,2.799697746169156e-07,1.269183842382471e-07,2.2593004790632962e-07,1.978448375978167e-07,7.740556020754558e-08,1.2519987207171902e-07,2.277941433195584e-07,9.039120657373759e-08,3.233623077154198e-07,1.9828048706289462e-07,1.0096166893645375e-07,2.5979652636457567e-07,1.803562558122903e-07,1.6110667676457496e-07,1.9602983455715643e-07,8.56932857265607e-08,3.201394610688907e-07,2.2978292625640276e-07,2.1378255415024834e-07
Greece,2.5659926198560296e-07,4.675431454689096e-07,8.3462006327903e-08,8.606951306212217e-07,4.578388376384108e-07,1.53366909249117e-07,5.190643820261851e-07,2.621542024064462e-07,1.5720702969262304e-07,1.5436457672987854e-06,1.4802698011737218e-07,1.041400800990684e-07,1.95760558076708e-06,2.683725652005445e-07,2.0934535026530776e-07,1.1746115380727508e-07,2.6377273560246135e-07,1.3118096476328592e-07,2.82018403610581e-07,3.737344379865786e-07,8.146736688201738e-08,1.402211719458867e-07,9.920775189298313e-08,9.373189100599479e-08,2.2894147181279453e-07,1.1487282106146877e-06,1.0513565039976531e-07,7.687561623749092e-07,2.3098135831575082e-07,1.1199687488628566e-07,6.557896628433544e-07,9.274601015141025e-08,2.3391516250900983e-07,4.4595823986260154e-07,2.6392684255682267e-07,3.57921968474674e-07,5.519166962029095e-07,2.1970834980885566e-07,2.117209897979362e-07,5.412491588084113e-07,5.964013951076741e-07,2.3868190902599656e-07,0.001,2.0094019438634892e-07,1.1586811965432579e-07,9.293951723412608e-08,2.2553237192713937e-07,1.1020901765998428e-07,9.52152867821206e-08,1.1068136383735242e-06,1.7735359700768384e-07,9.048392046968067e-08,3.4456432311094927e-07,4.793667964076933e-07,7.014870005860717e-07,1.1348944263001127e-06,1.0607442389246204e-07,6.439129179249133e-07,2.6375433710012625e-07,2.2160946008400397e-07,1.2223277802810307e-07,4.966709409547193e-07,7.327780987538842e-07,2.0874614278952724e-07,5.274668914436311e-07,3.182172531785992e-06,1.4221191606212978e-07,1.0119596939344923e-07,2.85017359344366e-07,2.579551482375771e-07,9.0804492040585e-08,1.5263213041583207e-07,2.3864087073818146e-06,3.9081158825830707e-07,1.5430952160141475e-07,1.3647019280340407e-07,1.476579531613136e-07,1.7308135595487827e-07,3.4582845493553034e-07,2.855708380416116e-07,3.7227777907220457e-07,2.5729654111547654e-07,2.2387120248105825e-07,9.281538719686569e-08,8.776302238922729e-08,1.0044164147012297e-07,6.881736891615102e-07,3.2085747611249067e-07,2.2288617209809853e-07,1.2261214203054147e-06,1.750023625076989e-07,2.1677372445728742e-07,3.7624316898004014e-07,2.2302568350742924e-07,1.7807943740333522e-06,2.104449645508553e-07,1.0346900489862527e-06,2.3889224937341786e-07,1.327908504320567e-07,1.1545926708519966e-07,4.4819439564747733e-07,1.4571414174036676e-07,3.60684872489238e-07,2.3018499887892648e-07,6.929803188815871e-07,6.714071055371845e-07,1.0949803374989614e-07,2.385884343151573e-07,1.938244436349838e-07,1.2580251773256327e-07,7.761514734656302e-07,8.887436713476462e-07,1.057992498406157e-07,2.3097377980578216e-07,7.310989867650554e-07,2.907638301132129e-07,4.060955745889871e-07,1.1906617523356461e-07,2.3098135831575082e-07,1.6569292969028175e-07,1.518844179082007e-07
Greenland,1.4200327887965397e-07,1.8060077712212463e-07,8.400549231545426e-08,2.601643470394361e-07,1.7553789452543593e-07,1.148926556326743e-07,3.1324314661802255e-07,1.3330907498584693e-07,1.19906379670354e-07,2.3073759597291713e-07,8.718449783089961e-08,1.0911020065034719e-07,2.1402842336118183e-07,1.4241735170120768e-07,1.0313429667243173e-07,9.779485989600163e-08,1.2290533180654042e-07,3.7058108750442596e-07,1.2051814702686436e-07,1.3537216271725663e-07,8.64765886365031e-08,1.2773354907143087e-07,1.270582944932539e-07,1.334823390569972e-07,1.333968880378942e-07,2.4198637361328514e-07,1.6249835386333943e-07,2.719968644470081e-07,1.0910566797980238e-07,1.6097033350159545e-07,1.5415284851112644e-07,1.386443943327247e-07,1.1752002447486966e-07,3.1592030758587627e-07,1.1428550960691115e-07,3.655227985432029e-07,2.7630619465838323e-07,1.1263015928083444e-07,1.4954507749506463e-07,1.8487717669895936e-07,2.9967610247767194e-07,1.322337781005909e-07,2.0094019438634892e-07,0.001,1.4686812395766144e-07,1.41403846432526e-07,1.4144846776702244e-07,1.6004160020689998e-07,1.4243131721848614e-07,2.4384593616529777e-07,1.1391864593555562e-07,8.040891948315422e-08,1.480159795573361e-07,1.575579201669233e-07,1.6173504371990596e-07,2.3354552789197537e-07,1.2460693095514657e-07,1.592939194589407e-07,1.7932349057765064e-07,1.0540891987967909e-07,1.032949822813013e-07,3.018865500078567e-07,1.6722776334782498e-07,1.3210949662362452e-07,2.967017231640054e-07,2.132945966796729e-07,8.333238758478896e-08,8.691693571146907e-08,1.5282773437517129e-07,1.6524426775710275e-07,1.506307182005248e-07,1.5080406281181881e-07,2.1881919977980432e-07,2.0392669881193911e-07,8.759637795544639e-08,1.0983156739190001e-07,8.872928188460021e-08,1.231220509965976e-07,1.4377833133753852e-07,1.3162668787666784e-07,4.2474095695315395e-07,1.244166653519116e-07,1.3313841647798404e-07,9.410614092733637e-08,1.0556600351945971e-07,9.542316640640428e-08,2.769279056989552e-07,1.3563452194824798e-07,1.1148313306770764e-07,2.2875163593032411e-07,1.984381604382369e-07,1.048497561332004e-07,1.386824458473807e-07,1.4991231359353914e-07,2.25471287979814e-07,1.3671072124812108e-07,2.479922636753378e-07,1.1212985493697442e-07,8.188801408536208e-08,1.269728894848736e-07,2.45310608250515e-07,9.727841903611463e-08,1.2914010392855606e-07,5.681794966747197e-07,2.7003392320780125e-07,1.6850804219804997e-07,1.0738038834004743e-07,1.5159374385737336e-07,9.877306235593492e-08,1.0094473859547898e-07,1.9701753765441076e-07,1.844418298903848e-07,2.035454999359035e-07,1.0768905970406179e-07,2.3168111170113904e-07,1.3118968311471112e-07,3.714495710247412e-07,1.0083086085200263e-07,1.0910566797980238e-07,9.163760093111204e-08,8.740476509842628e-08
Grenada,8.016164945219402e-08,1.4464975352916752e-07,1.9569525767946263e-07,1.2660831332253613e-07,9.3380196535859e-08,6.680222315992349e-08,1.3758320474070722e-07,1.4324739444564488e-07,6.802734986584505e-08,1.2106148914855052e-07,9.9247374301875e-08,3.9138248172412683e-07,1.1321150783086634e-07,1.545665837655287e-07,9.727230087194825e-08,5.9286922108778706e-08,1.2335323065216536e-07,1.6726728645955277e-07,1.1034032637279475e-07,1.1510915900354016e-07,2.0978850050660147e-07,6.847194321109171e-08,6.899573902585183e-07,4.0809471479363773e-07,1.608023903876366e-07,1.240709840449786e-07,4.5260929481514735e-07,1.2393994662681375e-07,1.0356747794934389e-07,8.137741003192395e-07,1.0444843619621476e-07,3.3772466788177366e-07,1.253634477559156e-07,1.1458048650659713e-07,9.197053430216557e-08,1.1508354639641912e-07,1.4243266141170402e-07,1.2137937671605625e-07,2.044067128760696e-07,9.674408229882892e-08,1.3126199531376195e-07,1.5278352658572246e-07,1.1586811965432579e-07,1.4686812395766144e-07,0.001,3.2151296191446584e-07,1.7765450303630906e-07,7.241446125348005e-07,3.697086286069475e-07,1.1899189583842566e-07,7.008284465406751e-08,5.209179498661801e-08,8.670994321217693e-08,9.341233857089948e-08,1.0085489053373555e-07,1.275150303698703e-07,6.995741432916966e-08,9.955981778303296e-08,8.541037751134282e-08,9.052431567341044e-08,6.108716249202164e-08,1.1514152217260098e-07,1.0049371933476489e-07,1.7370024268040974e-07,1.1586501920498657e-07,1.1626676840787859e-07,8.062811933569101e-08,5.4741565186221145e-08,1.6082837893008115e-07,1.8631954568835184e-07,2.2565858364196565e-07,7.445326656787055e-08,1.1974144601271152e-07,1.619875431946402e-07,8.988038600733102e-08,6.39658266410487e-08,1.0667064570555412e-07,7.02353797159497e-08,1.332705104413552e-07,1.316566447280466e-07,1.270885734661412e-07,8.072466449498894e-08,7.660252075562578e-08,2.560526648087132e-07,3.430728832487543e-07,5.814923415172414e-08,1.192421092253192e-07,8.580606917143512e-08,1.1639440021335534e-07,1.1370058207968367e-07,8.443159599242354e-08,9.759925031695615e-08,9.024395084238496e-08,1.9357374468125283e-07,1.1763924461214907e-07,1.8172537044413502e-07,1.2466086984304782e-07,8.343035449982363e-08,9.760456845664954e-08,6.904304142840638e-08,1.5598951742138897e-07,6.498254797121194e-08,1.0153027617144816e-07,1.176601045481414e-07,1.3346330094458482e-07,9.890990178729088e-08,6.229320634421497e-08,7.983174212798076e-08,9.191491872819578e-08,6.098471727107629e-08,1.3346468313440727e-07,1.0267291564881509e-07,2.2091289180383404e-07,9.620711303755933e-08,1.0790901885408946e-07,8.351169146196588e-08,1.4363267710716798e-07,6.018449719942088e-08,1.0356747794934389e-07,9.490835210203032e-08,9.3968760215786e-08
Guatemala,7.126724020330279e-08,1.0494629338000563e-07,1.62743422671463e-07,1.0261067432978693e-07,8.04413630782806e-08,6.396215780481192e-08,1.1134616344150002e-07,9.99698326975836e-08,6.559139623319777e-08,9.7827382133146e-08,7.626947505296225e-08,2.082490836648357e-07,9.277540982758384e-08,1.0578160448021852e-07,7.483284905754288e-08,6.082915994855062e-08,8.973555425328932e-08,2.0182142033317123e-07,8.293771187885506e-08,8.656752694960763e-08,1.8376403145059372e-07,7.047493515512396e-08,4.221200003261815e-07,1.097357236035532e-06,1.077978375396696e-07,1.0011420591629201e-07,7.878755338718847e-07,1.0206599994077834e-07,7.861756090471307e-08,4.7244777502214885e-07,8.305322468821913e-08,4.277050057406373e-06,9.044533033532508e-08,1.0041301999060968e-07,7.26695211026756e-08,1.0332376033963709e-07,1.1164975530576775e-07,8.82277788920551e-08,1.2649969551262938e-07,8.281288468053404e-08,1.0734809672678764e-07,1.0420827361374166e-07,9.293951723412608e-08,1.41403846432526e-07,3.2151296191446584e-07,0.001,1.1543526001987857e-07,5.170012130986313e-07,2.4593175909559597e-06,9.779398898138747e-08,6.313001508554851e-08,6.050699550147153e-08,7.430591397660442e-08,7.827810443898073e-08,8.21142974064989e-08,1.0118736886449187e-07,8.074364586045504e-08,8.124816023001125e-08,7.906139981600164e-08,7.113690280262141e-08,6.271964395409484e-08,9.98149354839523e-08,8.252546245872325e-08,1.1315022809310685e-07,9.981287859036255e-08,9.416075743055852e-08,6.458150931911099e-08,5.9439229057591316e-08,1.0946431513732237e-07,1.2137612967100857e-07,6.724091708239711e-07,7.678152427558887e-08,9.627126155477614e-08,1.1525548420823544e-07,7.035740658157947e-08,6.344900337381687e-08,8.067959615783385e-08,6.599837183067396e-08,9.6161240860899e-08,9.439849536436778e-08,1.1083801229007566e-07,6.838517126924694e-08,6.874633436171583e-08,1.8113878558227054e-07,3.097551617582348e-07,6.54731311496475e-08,1.0012872822417597e-07,7.217799014510102e-08,8.559744644744133e-08,9.418240590739994e-08,8.631911122836262e-08,7.509454355059979e-08,7.454740147671919e-08,1.2248065478579788e-07,9.578204359101982e-08,1.1669659976812694e-07,1.0082675345929846e-07,6.792158935707289e-08,7.59210262721591e-08,7.702945574425155e-08,1.1620859251971846e-07,5.767279430019165e-08,7.909162371936504e-08,1.1386159118090959e-07,1.0667599420182201e-07,8.194226898117546e-08,6.885819008113291e-08,7.317544853574973e-08,7.15759069535003e-08,6.078867503098684e-08,1.0113550669427813e-07,8.527659484371394e-08,3.875964217807471e-07,7.447317501771283e-08,9.183030335025799e-08,7.057290516717277e-08,1.1744197312054125e-07,6.21288409928828e-08,7.861756090471307e-08,7.332425504559217e-08,7.29461656277953e-08
Guinea,1.2561376054978056e-07,4.309547024025331e-07,1.32066142825523e-07,2.1814992414620143e-07,1.541076045718944e-07,9.50644899527537e-08,2.1748334373510066e-07,7.395697230979442e-07,9.550332402332603e-08,2.202899563163471e-07,1.9206265713059442e-07,1.819615173820631e-07,2.0414661136300915e-07,1.1125989226847138e-06,2.1222153558507955e-07,8.07904153411533e-08,4.02656359645263e-07,1.1525036158509272e-07,2.9107764029786914e-07,3.150034406461382e-07,1.2580941017240801e-07,8.693367906516348e-08,1.454358432583376e-07,1.2377855507522003e-07,1.559006487138128e-06,2.2222287471052473e-07,1.3302246654208855e-07,2.042727912353818e-07,2.464108381439103e-07,1.525383677082622e-07,2.2012542571119179e-07,1.1699115975238005e-07,4.126281214082555e-07,1.6347987959559883e-07,1.8954419220262e-07,1.5337387423231496e-07,2.473236838249994e-07,3.637740237201341e-07,1.306795892463031e-06,1.6104128305544475e-07,2.1001273320626713e-07,1.065094625745035e-06,2.2553237192713937e-07,1.4144846776702244e-07,1.7765450303630906e-07,1.1543526001987857e-07,0.001,1.483704929992459e-07,1.2089895820926612e-07,2.046746440011909e-07,1.0759050225574452e-07,6.901042026139547e-08,1.4639103424298495e-07,1.6643923736279714e-07,1.952325106700483e-07,2.402003129769978e-07,7.23597052483554e-08,1.9149336048053266e-07,1.2171446218628347e-07,1.8452084389846437e-07,8.194646703303997e-08,1.6899917680760986e-07,1.8890590199284742e-07,1.997075436748395e-06,1.725755673827452e-07,2.1630520456567208e-07,1.4038756088809445e-07,7.409530297789112e-08,1.0780914076724996e-06,9.816426830541334e-07,1.0260811399272313e-07,9.10292711127391e-08,2.2496138693085257e-07,4.19908329680699e-07,1.6927173617776496e-07,8.796227699895961e-08,2.1310942391752698e-07,1.0168430695781237e-07,4.939211752942319e-07,5.067857734941024e-07,1.698797217672846e-07,1.3870563880271683e-07,1.1829522220482665e-07,1.5523119716532764e-07,1.3046257073872295e-07,7.092071646678921e-08,1.8903348690884958e-07,1.5110965874253419e-07,3.2585239631453513e-07,1.9610508774973112e-07,9.967190750038207e-08,2.1476250071639708e-07,1.6705693421084086e-07,1.8283808572657293e-06,2.1209776566914935e-07,3.107690621539745e-06,2.1999732855901383e-07,1.550655880421389e-07,1.7424708272361764e-07,7.638770023599383e-08,3.06075519495736e-07,1.0020521903821752e-07,2.2955678630968672e-07,1.3098507833250818e-07,2.3064594698130414e-07,1.8108072180440027e-07,7.4257031252499e-08,1.1798570040010621e-07,1.8767254559503544e-07,8.47709469186063e-08,3.127004363212946e-07,1.8453167226176775e-07,1.1102851355430736e-07,2.0953191596439445e-07,1.7476545490304633e-07,1.450737605677246e-07,2.0738196373548574e-07,8.079999841591287e-08,2.464108381439103e-07,1.8990826338857066e-07,1.7970871269085405e-07
Haiti,7.87800435382636e-08,1.3067419674041836e-07,1.6854969017852312e-07,1.2247099959176295e-07,9.119048293712095e-08,6.719119896520185e-08,1.343065906167839e-07,1.238501147906492e-07,6.876183967536975e-08,1.1628556857553989e-07,8.754001481796229e-08,2.677955156664146e-07,1.0900896353109144e-07,1.3297095444952488e-07,8.733882933601461e-08,6.077749975325616e-08,1.0850185328279162e-07,2.0424845260574607e-07,9.878194460228245e-08,1.0386532711223171e-07,1.8436849492625487e-07,7.13190161347703e-08,6.024124331883529e-07,6.267553940473786e-07,1.3586070440057066e-07,1.1938323319830963e-07,1.1922007272510978e-06,1.2087911980950578e-07,9.260982394238817e-08,5.42710630873242e-06,9.769403185406936e-08,5.400339561314653e-07,1.0932291549715027e-07,1.1513482390460386e-07,8.446738754321607e-08,1.1728187976040828e-07,1.3658999509888293e-07,1.0593949927913456e-07,1.672513136602277e-07,9.439245325094445e-08,1.282874214373925e-07,1.3027107799450435e-07,1.1020901765998428e-07,1.6004160020689998e-07,7.241446125348005e-07,5.170012130986313e-07,1.483704929992459e-07,0.001,6.399500667329437e-07,1.1538605733076709e-07,6.867306261283506e-08,5.5667539391028665e-08,8.392973837123342e-08,8.969460051277963e-08,9.563208554896135e-08,1.2165694366694225e-07,7.615673810508054e-08,9.444587590436966e-08,8.615322155135255e-08,8.248525746218246e-08,6.288628792443342e-08,1.1502602573145987e-07,9.581656710375618e-08,1.4415576694575065e-07,1.153926644774676e-07,1.1136694390773747e-07,7.294407401201188e-08,5.69245094529498e-08,1.3885411052405262e-07,1.5855201203307544e-07,3.22390507024705e-07,7.8115846466163e-08,1.1447992432556542e-07,1.4651899998204909e-07,8.04247011531066e-08,6.513944878898531e-08,9.319093248440345e-08,7.031086374077892e-08,1.1808151319875445e-07,1.1546590141424584e-07,1.2879522230105904e-07,7.719065465453928e-08,7.54140922777725e-08,2.039343342774098e-07,3.0945331845249223e-07,6.198672203637796e-08,1.1726368731689167e-07,8.204885721185511e-08,1.0223603860123401e-07,1.1030178519075655e-07,8.911587398657763e-08,8.774868380862942e-08,8.561010673293467e-08,1.6038173495915994e-07,1.1322927265439948e-07,1.50154136536792e-07,1.2020768752387666e-07,7.783852452490299e-08,8.606314658599818e-08,7.426588174991296e-08,1.4580574830296737e-07,6.279554475915662e-08,9.312516316901434e-08,1.2492357415782869e-07,1.2868483714367149e-07,9.47258271027961e-08,6.62941146318926e-08,7.971075044168324e-08,8.289711767200052e-08,6.190382076289301e-08,1.2367846853872225e-07,9.881614679483036e-08,3.14590530348011e-07,8.698480013675421e-08,1.0593408482363855e-07,7.992757411943756e-08,1.4198227012464334e-07,6.200082573279087e-08,9.260982394238817e-08,8.455408407299937e-08,8.354318164757821e-08
Honduras,7.196537692560392e-08,1.0873536148284162e-07,1.6879592579877353e-07,1.0505526666700991e-07,8.163893446830998e-08,6.380344957044173e-08,1.1409406253966525e-07,1.0400865375565135e-07,6.539834028832175e-08,1.0016113301322556e-07,7.867611638127009e-08,2.251869559400473e-07,9.480772946904317e-08,1.1025123420212668e-07,7.712649659371972e-08,6.001453952613014e-08,9.298900119752793e-08,1.982946216155228e-07,8.564842333158759e-08,8.936202128452328e-08,1.904906416029527e-07,6.973610702956575e-08,4.995971239080064e-07,1.6227500652642304e-06,1.125879759250928e-07,1.025333378764856e-07,1.0053368617884817e-06,1.0430405251434504e-07,8.112950501332406e-08,5.740665235607705e-07,8.516034605820563e-08,3.432842472190378e-06,9.381954637759073e-08,1.0184898844110563e-07,7.461885526737764e-08,1.0451945537582248e-07,1.148020153978233e-07,9.14628947267953e-08,1.3305309549465342e-07,8.412723877595696e-08,1.0983323060288105e-07,1.0866255990530877e-07,9.52152867821206e-08,1.4243131721848614e-07,3.697086286069475e-07,2.4593175909559597e-06,1.2089895820926612e-07,6.399500667329437e-07,0.001,9.993193558969562e-08,6.354149155181605e-08,5.90743919729502e-08,7.543739707743321e-08,7.972266740869407e-08,8.394822616110353e-08,1.0383346212722027e-07,7.884646180356264e-08,8.303734707292492e-08,7.946697830048996e-08,7.312356882020734e-08,6.19371003122204e-08,1.0137045837851756e-07,8.427789024218417e-08,1.1849593715647302e-07,1.0144518590851355e-07,9.636367728207573e-08,6.63156152690498e-08,5.8240978913941686e-08,1.1414195795046959e-07,1.2708885689875195e-07,5.391553310071997e-07,7.603856809951744e-08,9.861687815168729e-08,1.196914704544612e-07,7.24247575735016e-08,6.296345075612767e-08,8.336934094356723e-08,6.605550937265177e-08,9.969538096026861e-08,9.794876328150636e-08,1.1260164214338332e-07,6.952362126946779e-08,6.93047590312504e-08,1.913526956741639e-07,3.3358743791404827e-07,6.406091524372091e-08,1.0207844897069552e-07,7.346025286686923e-08,8.86306323195853e-08,9.613088736068858e-08,8.568707099576399e-08,7.738882483951555e-08,7.606414861946666e-08,1.2857644035781616e-07,9.79704275403786e-08,1.2235781489120646e-07,1.0324029827600261e-07,6.946885352078244e-08,7.8227111551422e-08,7.551899027704468e-08,1.2015371592031157e-07,5.8089153606157666e-08,8.132260991347149e-08,1.1421321420773179e-07,1.0941739838050862e-07,8.358775706936369e-08,6.752745939615145e-08,7.359497107219469e-08,7.368158865771887e-08,6.020049301930874e-08,1.0430230364855815e-07,8.697197475367197e-08,3.635982092872751e-07,7.668431406738481e-08,9.341164521094262e-08,7.177710731094173e-08,1.2027240778766205e-07,6.129493987034344e-08,8.112950501332406e-08,7.557741452220674e-08,7.516118442466944e-08
Hungary,2.4521396812745395e-07,3.879922971953623e-07,8.151616784948074e-08,1.9727669225475857e-06,4.3184400595181183e-07,1.514223032720667e-07,8.034500715813712e-07,2.2304937982822715e-07,1.5654941610179495e-07,2.715802559462166e-06,1.3069107479608078e-07,1.0307632979852713e-07,1.6837721997810918e-06,2.3292761257066622e-07,1.7606306654165283e-07,1.1645706050110525e-07,2.1701611640155615e-07,1.4767596963564505e-07,2.255189383768257e-07,2.8173206476763255e-07,8.032254226536995e-08,1.4450994291430374e-07,1.0163906538735998e-07,9.761744749503074e-08,2.027424255414071e-07,2.4811614427259104e-06,1.1095529455745248e-07,2.211259890154865e-06,1.9120545166742476e-07,1.1712845642791903e-07,4.189883985110178e-07,9.73249742548536e-08,1.9687491619992006e-07,7.17628920915843e-07,2.1508607400676806e-07,5.186269331689932e-07,7.230015620807681e-07,1.8592592728776877e-07,1.9853337570850003e-07,5.151072041801158e-07,1.088962265704305e-06,2.082473036160018e-07,1.1068136383735242e-06,2.4384593616529777e-07,1.1899189583842566e-07,9.779398898138747e-08,2.046746440011909e-07,1.1538605733076709e-07,9.993193558969562e-08,0.001,1.6892179351346775e-07,8.949922050885681e-08,3.071750700018459e-07,3.9145733215716024e-07,4.688622009909514e-07,1.3677814723343055e-06,1.1191341528795135e-07,4.457024160748704e-07,2.809822953388293e-07,1.8559849826867453e-07,1.2204775595908346e-07,8.593523684625272e-07,5.054822565607984e-07,1.8875088148274074e-07,9.627620633486803e-07,1.6775441701291276e-06,1.2659454611965124e-07,1.0002124104804557e-07,2.5054369880786613e-07,2.400431966831626e-07,9.685157858203114e-08,1.6177392188328417e-07,1.7817082074361187e-06,3.7045145483250455e-07,1.3548337596624194e-07,1.3588667777437914e-07,1.307701831127782e-07,1.7065501821032106e-07,2.768507000748873e-07,2.3499687321203893e-07,5.598703709565642e-07,2.270935618065078e-07,2.1471060519125564e-07,9.102037879467194e-08,8.873045191355438e-08,1.0151085510487066e-07,1.7982489121466311e-06,2.745480218314724e-07,1.872592940635936e-07,2.5031014314236236e-06,1.9420940565587762e-07,1.8129391845320779e-07,3.0360034659423843e-07,2.0697317738700315e-07,2.9200988463307304e-06,1.9203077568767726e-07,2.5031014314236236e-06,2.0285343441709494e-07,1.1867852650152388e-07,1.2129705350136432e-07,4.806339828580518e-07,1.3765935267262424e-07,2.7265689654111765e-07,2.8947017692439206e-07,1.0967579775743093e-06,4.97899681362023e-07,1.1210348788346164e-07,2.3948890419448557e-07,1.651687799282709e-07,1.2422174217740224e-07,5.831803598765162e-07,6.632712490930405e-07,1.148658366872731e-07,1.912679681785991e-07,1.0850499720025242e-06,2.5314140172059586e-07,5.76542114852901e-07,1.186881345745644e-07,1.9120545166742476e-07,1.4411815190100407e-07,1.3355889347221885e-07
India,5.349812672803998e-07,1.3383233339510592e-07,6.294524444637084e-08,1.5561932873194442e-07,2.77302850786791e-07,7.078042632185545e-07,1.4039645376248218e-07,1.2384580168783832e-07,6.227566527028316e-07,1.6590895470087143e-07,1.350880092559161e-07,6.769477243547149e-08,1.8344586757050984e-07,1.190751677619822e-07,1.737256580985757e-07,3.2430886875350245e-07,1.3931687371607003e-07,9.002623314999164e-08,1.6124311918889856e-07,1.6245129684783397e-07,6.014385185199777e-08,3.115134221890703e-07,6.362091110242788e-08,6.212882053145482e-08,1.1256658436770131e-07,1.6030895493025854e-07,6.764845099857568e-08,1.587898345643941e-07,1.644881373846268e-07,6.923421754524443e-08,2.0679289647247464e-07,6.265108402710541e-08,1.3266154621544044e-07,1.6869946767841767e-07,2.2706455100407673e-07,1.6204507873309369e-07,1.3715240782721212e-07,1.3372891549959168e-07,1.0125816541201908e-07,2.512462909888427e-07,1.4767023288583856e-07,1.1667739034757287e-07,1.7735359700768384e-07,1.1391864593555562e-07,7.008284465406751e-08,6.313001508554851e-08,1.0759050225574452e-07,6.867306261283506e-08,6.354149155181605e-08,1.6892179351346775e-07,0.001,1.8326743834602913e-07,3.654327170434378e-07,2.800061570177079e-07,2.2746364706589005e-07,1.553769293913162e-07,1.624607945240788e-07,2.3409692539247947e-07,3.115053867984907e-07,2.111283251937106e-07,3.386265399223939e-07,1.6964032054787438e-07,2.3080104733135414e-07,1.0629839454388976e-07,1.691374826144208e-07,1.7624328406633647e-07,1.817426748362028e-07,2.3172001255346637e-07,1.1803854011674518e-07,1.0898871340328265e-07,6.559181785622347e-08,2.5948394484934255e-07,1.688229094005435e-07,1.2297541039263038e-07,1.6026130716450416e-07,4.56029750411968e-07,1.248617309647829e-07,8.800999294176818e-07,1.3754279122014268e-07,1.3410254512255025e-07,1.4569004145170244e-07,4.789637038682765e-07,7.615520429582818e-07,6.503967345555369e-08,5.9068836104636956e-08,2.060902454240949e-07,1.6572667998149274e-07,3.691124765664203e-07,1.3998847707259766e-07,1.8110778562758505e-07,2.0823746448575937e-07,1.7613204076007566e-07,3.002110182805079e-07,1.042266793669673e-07,1.7274695850483384e-07,1.0480524027128509e-07,1.591007889946601e-07,3.1230812044251265e-07,1.2722810972302156e-07,1.91495305428354e-07,1.2721925988271845e-07,6.658799281738356e-07,1.9974068307030525e-07,1.4081400698651564e-07,1.464628754657743e-07,2.4020278361664335e-07,2.1974350286017374e-07,4.579590331145972e-07,1.8441859553270015e-07,3.9967432724320953e-07,1.4693355329251428e-07,2.206874821185365e-07,7.378064371368616e-08,1.8767393945788958e-07,1.952212493024522e-07,4.144152684794331e-07,1.3299868793444893e-07,3.226844642872258e-07,1.644881373846268e-07,1.5533837766170476e-07,1.4772194957579206e-07
Indonesia,1.3969807648267497e-07,7.738822803932371e-08,6.382767727086008e-08,8.568042093624616e-08,1.1225165251919255e-07,2.1882358274582362e-07,8.167276081148432e-08,7.603426717028996e-08,2.0858589849965578e-07,8.806432617918865e-08,9.591104247026156e-08,5.4769892703522086e-08,9.263964990420034e-08,7.34750526736304e-08,1.0015054471155596e-07,3.8592928993746566e-07,8.289296619732474e-08,7.561126917684109e-08,9.027723557950434e-08,8.817617435980798e-08,6.2658656895471e-08,2.128424313424707e-07,5.3473748574656856e-08,5.7701369436968757e-08,7.169300195696971e-08,8.666034034865541e-08,5.815503236068112e-08,8.716499062526022e-08,9.457951037564634e-08,5.5306864799702165e-08,9.741540493946867e-08,5.982751917590472e-08,8.15974141742864e-08,9.33740626130837e-08,1.0849539290276251e-07,9.348080035891321e-08,7.969269344240544e-08,8.311312573177933e-08,6.587838688648008e-08,1.0782813573847472e-07,8.403083797351049e-08,7.343409418122006e-08,9.048392046968067e-08,8.040891948315422e-08,5.209179498661801e-08,6.050699550147153e-08,6.901042026139547e-08,5.5667539391028665e-08,5.90743919729502e-08,8.949922050885681e-08,1.8326743834602913e-07,0.001,1.223663253204685e-07,1.1087865628479083e-07,1.0149418522089182e-07,8.484517128647255e-08,2.0358816374274908e-07,1.0279705298350156e-07,1.2906629242124214e-07,1.0939389064256832e-07,3.2995164691598027e-07,9.281784344755195e-08,1.0221463226857479e-07,6.923669901440494e-08,9.225805232947857e-08,9.05526094094168e-08,1.2420654528165318e-07,8.50176652965233e-07,7.249580737197357e-08,6.858115449353719e-08,6.622155113319161e-08,1.7119413483359816e-07,8.856641831324617e-08,7.362692782361194e-08,1.0732894204173506e-07,2.6108522180189387e-07,8.975500487861444e-08,1.8813667878931105e-07,7.986111145126953e-08,7.985945818098578e-08,8.673004629639283e-08,1.3422381947036042e-07,1.5185104247353985e-07,5.9174986913876117e-08,5.68421932398793e-08,4.992895052305603e-07,8.98522630614082e-08,1.2276738902463263e-07,8.567708371484257e-08,9.264401670646674e-08,1.3480896772090438e-07,1.0000599313574364e-07,1.1430709833300607e-07,6.712993332256628e-08,8.996624833599675e-08,6.819307217037229e-08,8.645789409145051e-08,1.2430489026281368e-07,9.681399413800157e-08,2.121198708470843e-07,7.561533824203728e-08,2.206798592580311e-07,9.842511921423776e-08,9.280951736393231e-08,8.28172757820363e-08,1.041281865233023e-07,3.1699052693040003e-07,1.428050137155964e-07,1.0627851622107604e-07,3.2008541237339153e-07,8.158490897438138e-08,1.0072696793169227e-07,6.763328794028704e-08,1.0197352002140952e-07,9.727979704313386e-08,1.2763807971979175e-07,8.000361287362692e-08,3.586768554324094e-07,9.457951037564634e-08,1.0126537752430552e-07,1.0174623287514627e-07
Iran,8.829749661033745e-07,2.0823150626485782e-07,7.027557182821761e-08,2.6651104919799487e-07,9.395814215500193e-07,2.683510488639841e-07,2.2256246591247426e-07,1.73108118136006e-07,2.7447948494928686e-07,3.0133841586644895e-07,1.486515660911905e-07,8.135546790738987e-08,3.646004504746906e-07,1.6757369873166487e-07,2.1640175850773318e-07,1.7583791545354308e-07,1.9465137754531037e-07,1.0643360745960361e-07,2.3148442597037364e-07,2.547606817193643e-07,6.786524780056558e-08,2.0881845854729655e-07,7.7029353368685e-08,7.40855634321492e-08,1.5299018310891467e-07,2.8256879188255643e-07,8.15441324890626e-08,2.725619225394752e-07,2.170923431687949e-07,8.488487522676325e-08,4.36083642914829e-07,7.396740688567056e-08,1.7879826087146675e-07,2.765776192912909e-07,3.2491480126137437e-07,2.4866920445004315e-07,2.1762823844673498e-07,1.7625963547625917e-07,1.3669656323412332e-07,7.177431147769522e-07,2.40877928800458e-07,1.5977748535885213e-07,3.4456432311094927e-07,1.480159795573361e-07,8.670994321217693e-08,7.430591397660442e-08,1.4639103424298495e-07,8.392973837123342e-08,7.543739707743321e-08,3.071750700018459e-07,3.654327170434378e-07,1.223663253204685e-07,0.001,1.1726670919165004e-06,5.787030396082147e-07,2.6928901797459476e-07,1.3157407990052287e-07,6.183626433144048e-07,4.5836530057958753e-07,2.648362555489768e-07,1.8452102204997724e-07,2.849339048111484e-07,6.184384176922789e-07,1.419558949302235e-07,2.8675183557124726e-07,3.3898803304344697e-07,1.727204108242127e-07,1.42601535793886e-07,1.682912890199343e-07,1.5271175325136696e-07,7.48179840426169e-08,2.1402073636605138e-07,3.126776463853145e-07,1.848436958287768e-07,1.6998371379390864e-07,2.1892451750513414e-07,1.4083854496492418e-07,3.3185826447147777e-07,2.0541812711382898e-07,1.9146941389302138e-07,2.211538274111182e-07,7.800232799394651e-07,6.109112714080279e-07,7.548619921719283e-08,7.013918338527507e-08,1.372289322081186e-07,2.8803034645096553e-07,1.3506778019764461e-06,1.8460204149258192e-07,3.499706547696616e-07,2.1603215931650218e-07,2.233100123894598e-07,9.077226405419732e-07,1.419625122049167e-07,3.242280734887263e-07,1.4055863397855975e-07,2.780994708734853e-07,4.0475687745960826e-07,1.348541923234061e-07,1.4955019059751114e-07,1.950154284548543e-07,2.493000923159651e-07,3.335487054558175e-07,1.8626862004299474e-07,2.413118717106694e-07,6.985874202588323e-07,1.50064862139591e-07,5.543202733585375e-07,2.1650999423342119e-07,1.957217888164407e-07,2.44720701172185e-07,5.543202733585375e-07,8.578735165965159e-08,2.451480737568677e-07,3.879921444145759e-07,1.121092242510366e-06,2.0224864884647805e-07,1.780371738364329e-07,2.170923431687949e-07,1.7388938612154494e-07,1.598653812636305e-07
Iraq,5.104047239505887e-07,2.5316407249053454e-07,7.417146139492816e-08,3.300990300571332e-07,1.125064854739966e-06,2.1854082012662124e-07,2.632946262467774e-07,1.9980971675974744e-07,2.2317661665509562e-07,3.90596994901404e-07,1.551105564751447e-07,8.734609912798752e-08,5.008036373238387e-07,1.9388717992703228e-07,2.3251008024096031e-07,1.529105398007681e-07,2.2419470636921795e-07,1.1066486312506425e-07,2.6792606159924886e-07,3.10935913571961e-07,7.172398374754093e-08,1.8019756665797723e-07,8.227829957121967e-08,7.84829112373498e-08,1.7413233898209343e-07,3.583509901239861e-07,8.658818569702307e-08,3.3411722269430487e-07,2.40358634163489e-07,9.084608655858237e-08,6.649775772157214e-07,7.802494141920834e-08,2.02613794093765e-07,3.139628723139405e-07,3.525594842821521e-07,2.728640820880741e-07,2.606393170293357e-07,1.9759887484671509e-07,1.544843535746462e-07,1.0001387690321954e-06,2.8809604330165256e-07,1.8257977302955632e-07,4.793667964076933e-07,1.575579201669233e-07,9.341233857089948e-08,7.827810443898073e-08,1.6643923736279714e-07,8.969460051277963e-08,7.972266740869407e-08,3.9145733215716024e-07,2.800061570177079e-07,1.1087865628479083e-07,1.1726670919165004e-06,0.001,1.1272798355184346e-06,3.413989379931621e-07,1.2099261130207841e-07,1.2697457914322033e-06,3.8314876354262635e-07,2.779763236026818e-07,1.595511167937529e-07,3.2942457268203194e-07,1.306737558453414e-06,1.6018344582194436e-07,3.3490739700297934e-07,4.6051557149986725e-07,1.7024780014081292e-07,1.2719095182347812e-07,1.9571771842735132e-07,1.7548892353011576e-07,7.788542788210159e-08,1.8850098759963702e-07,4.1423670390524654e-07,2.1913154671281685e-07,1.7386144669770935e-07,1.846916556081022e-07,1.4861274696480455e-07,2.592910724772532e-07,2.452800408461213e-07,2.2326598526468835e-07,2.4843143745463856e-07,5.406902054028506e-07,4.0226205019023913e-07,8.036648941237232e-08,7.459243832787057e-08,1.230506916903045e-07,3.4934704379996026e-07,9.181768904991496e-07,2.0661680185406715e-07,4.6082074096486953e-07,1.991725302995252e-07,2.412925223477885e-07,1.1210574618217682e-06,1.6118665444019833e-07,4.279847386385659e-07,1.5878186663920263e-07,3.4987068481612375e-07,3.849068641502194e-07,1.3928581387669012e-07,1.3555923874962256e-07,2.31632349391864e-07,2.0919312725582846e-07,4.090691614161069e-07,1.9439416323700895e-07,2.9374759793016003e-07,1.6752708261959758e-06,1.339245356271487e-07,3.9786559892975055e-07,2.262487105038388e-07,1.6772808178530088e-07,3.0880394310003737e-07,9.535953355252025e-07,8.950610050294597e-08,2.660801214975114e-07,4.906884364319333e-07,7.162668757150848e-07,2.334614363942504e-07,1.546283247065703e-07,2.40358634163489e-07,1.8126984229519913e-07,1.6525556895894546e-07
Israel,3.5140613401276585e-07,3.241770204033564e-07,7.923698220802532e-08,3.9498806283259996e-07,6.579662618248076e-07,1.8334614830957647e-07,3.016662556497385e-07,2.4122446785226575e-07,1.8634144646793585e-07,4.954466665334192e-07,1.6582925497827757e-07,9.465484317875419e-08,6.49616953913682e-07,2.338564769699923e-07,2.560152117214685e-07,1.3501872675776794e-07,2.712903318626617e-07,1.1267087267283286e-07,3.2613312673503447e-07,4.1146251497269814e-07,7.656019302121402e-08,1.5578310372324444e-07,8.8043081016033e-08,8.297719074950513e-08,2.0540467543760432e-07,4.4341200275253714e-07,9.153866491148023e-08,3.870013419354061e-07,2.751121912749692e-07,9.703349457092314e-08,1.4716662320065356e-06,8.200585299457352e-08,2.395964212310678e-07,3.1985062181368227e-07,3.811655858841769e-07,2.7285146371393747e-07,3.0888886929681944e-07,2.3041717000736778e-07,1.7893965116646227e-07,7.136813398687009e-07,3.3033810104807153e-07,2.169131070944079e-07,7.014870005860717e-07,1.6173504371990596e-07,1.0085489053373555e-07,8.21142974064989e-08,1.952325106700483e-07,9.563208554896135e-08,8.394822616110353e-08,4.688622009909514e-07,2.2746364706589005e-07,1.0149418522089182e-07,5.787030396082147e-07,1.1272798355184346e-06,0.001,4.335230666055244e-07,1.1021095149487473e-07,7.613861805929883e-06,2.9869361494564946e-07,2.9471250910651605e-07,1.399116988957774e-07,3.410892335695928e-07,3.603104278198511e-06,1.8642869057766064e-07,3.510325299117967e-07,6.199279560614475e-07,1.710265954923267e-07,1.148486365924103e-07,2.368371039443999e-07,2.0737662411215852e-07,8.048511018925086e-08,1.636703542813797e-07,5.490948256195134e-07,2.670218852405942e-07,1.8164880476809132e-07,1.5883761411224667e-07,1.6088225442576777e-07,2.1096704409016532e-07,3.1174155604807165e-07,2.7442624550920517e-07,2.6113318005232377e-07,3.997357708218225e-07,2.9718666389272343e-07,8.650717556576713e-08,7.965723560064691e-08,1.1096053670082881e-07,3.883424835940147e-07,5.73244614541863e-07,2.405090884162013e-07,5.506948990971041e-07,1.7645212836614152e-07,2.672753309479092e-07,8.08964683079992e-07,1.8802996541087454e-07,5.443865186444078e-07,1.8472813000730638e-07,4.2714677583056076e-07,3.57351805708595e-07,1.4723656683019652e-07,1.2187584343558427e-07,2.7786845779171577e-07,1.8151447703449997e-07,5.290204851537725e-07,1.9132160265720713e-07,3.5016234981137414e-07,2.0313685858752544e-06,1.1976315870590667e-07,2.959965429482834e-07,2.4096581317049145e-07,1.4649750411922197e-07,4.127722085008992e-07,1.2013416522207302e-06,9.231348674300981e-08,2.951391233848636e-07,5.110108599484835e-07,4.836148563179726e-07,2.60497767253487e-07,1.3617232200998598e-07,2.751121912749692e-07,1.934091333408759e-07,1.747849241586399e-07
Italy,2.155810417300491e-07,5.350953292468333e-07,8.662338296504034e-08,1.9934454565434292e-06,3.4739111048136125e-07,1.3847829647686408e-07,8.976428480037786e-07,2.6079068297164963e-07,1.4230215292711101e-07,2.2813256154583693e-06,1.3757676819696742e-07,1.1097352339077312e-07,1.0070182292782336e-06,2.7768048854863966e-07,1.8469589132581416e-07,1.0852849724731047e-07,2.450269623872449e-07,1.4570072985462828e-07,2.469105321691599e-07,3.1839347291952126e-07,8.513505364073091e-08,1.3105950156453348e-07,1.0766078486445472e-07,1.019087708807164e-07,2.3611440871091908e-07,2.9691297600233375e-06,1.1576304991476723e-07,1.2561154966294029e-06,2.041895334667103e-07,1.237742651692157e-07,4.263518206472943e-07,1.0092040635153556e-07,2.2067988526323356e-07,4.96317312837817e-07,2.1848379489175778e-07,3.9972187710286544e-07,1.074424784508701e-06,2.0594710552842947e-07,2.3222972743843762e-07,3.980631741939727e-07,1.0486395961682716e-06,2.4253438289873637e-07,1.1348944263001127e-06,2.3354552789197537e-07,1.275150303698703e-07,1.0118736886449187e-07,2.402003129769978e-07,1.2165694366694225e-07,1.0383346212722027e-07,1.3677814723343055e-06,1.553769293913162e-07,8.484517128647255e-08,2.6928901797459476e-07,3.413989379931621e-07,4.335230666055244e-07,0.001,1.035041480289846e-07,4.1084319623701394e-07,2.3456367835736503e-07,1.898035155599625e-07,1.1307598901203577e-07,5.567718561828955e-07,4.4733095792804037e-07,2.1814649288555266e-07,5.990730615284781e-07,1.3097114668759054e-06,1.283941900562133e-07,9.424762804136452e-08,3.050503814172545e-07,2.911017389339325e-07,9.862500754799034e-08,1.4469672956490974e-07,1.937871425910499e-06,5.058404898250756e-07,1.4017016298915782e-07,1.250033084707377e-07,1.39074443618834e-07,1.5443827124076832e-07,3.322723750589346e-07,2.7261179150969603e-07,4.6701160065726054e-07,2.1036385343788097e-07,1.9168723908043836e-07,9.734421332598647e-08,9.37697539946501e-08,9.485695896936223e-08,8.674000449924419e-07,2.5108013252047723e-07,2.057918320385421e-07,9.708643594315481e-07,1.7036556811119094e-07,1.9027018242017254e-07,2.826343299433875e-07,2.438674860654086e-07,1.4836045244000953e-06,2.2298598684427597e-07,2.548899133362063e-06,1.9789819218996522e-07,1.244554628829516e-07,1.1141753313523827e-07,6.94870861903108e-07,1.2973814491464117e-07,2.862057028158188e-07,2.5437299037198793e-07,1.66686897423627e-06,4.2762650731165117e-07,1.0380057993245934e-07,2.0742912104109096e-07,1.708353078109985e-07,1.154170283474831e-07,9.65848651759413e-07,5.237052299068915e-07,1.1629104224501664e-07,1.9951935427530944e-07,6.128470547056141e-07,2.3236713920331663e-07,6.057026734518773e-07,1.1024398360537787e-07,2.041895334667103e-07,1.506149845697253e-07,1.3935657988018548e-07
Japan,1.5269740595432298e-07,8.69430080443545e-08,5.552557163309192e-08,1.0796778556729475e-07,1.3215347952276808e-07,2.09744700291221e-07,1.0651960365336009e-07,7.591497036862486e-08,2.1965078564041586e-07,1.0775423512330471e-07,7.390288538633274e-08,5.9371410401833186e-08,1.1182605881118585e-07,7.602839295446577e-08,8.432631421706775e-08,2.398899134746885e-07,7.86000661086947e-08,1.2025006188634956e-07,8.39322305035475e-08,8.710156213051931e-08,5.798336721490963e-08,3.3536910936554746e-07,6.851917716707173e-08,7.52707290471799e-08,7.249820491478203e-08,1.0723769118946666e-07,8.00334060517503e-08,1.1165904811254668e-07,8.287707781360447e-08,7.567665560549959e-08,1.0261549329415703e-07,7.924884059140023e-08,7.58197546453128e-08,1.2879411396792665e-07,9.630285099002508e-08,1.344837040600413e-07,1.0087814057468125e-07,7.535743340486613e-08,7.186190435808258e-08,1.2863021586385242e-07,1.091865434731925e-07,7.35558052857869e-08,1.0607442389246204e-07,1.2460693095514657e-07,6.995741432916966e-08,8.074364586045504e-08,7.23597052483554e-08,7.615673810508054e-08,7.884646180356264e-08,1.1191341528795135e-07,1.624607945240788e-07,2.0358816374274908e-07,1.3157407990052287e-07,1.2099261130207841e-07,1.1021095149487473e-07,1.035041480289846e-07,0.001,1.1096626123964779e-07,1.740690359358081e-07,9.218904963405112e-08,2.627453662063821e-07,1.2583357426875715e-07,1.1315392426157427e-07,7.03633380912356e-08,1.239974009277733e-07,1.0854234176669607e-07,8.788224596114282e-08,2.200696360669378e-07,7.744455778011005e-08,7.661291848324563e-08,9.141955965105276e-08,3.3738982729492654e-07,1.0661450508809264e-07,8.657338578819413e-08,8.109026235836298e-08,2.40410125521417e-07,7.061547122056076e-08,1.9552348661346908e-07,8.182918401940254e-08,7.86506628176211e-08,1.2215852381822776e-07,1.2680783941379656e-07,1.5970518646824945e-07,5.584880455729237e-08,6.434642978542004e-08,3.322169362268176e-07,1.1689552762933134e-07,1.2317485712394588e-07,7.693887809209164e-08,1.1461498105583254e-07,2.6313974847578815e-07,8.503746093567968e-08,1.1526879059685621e-07,7.277502262153285e-08,1.0979414051827695e-07,7.071322671108644e-08,1.0770620993215694e-07,1.0779296129897332e-07,7.199131526654854e-08,1.0562627524596813e-06,9.313574140335625e-08,1.5135176733828706e-07,9.440616549079025e-08,1.4888737123869288e-07,1.047017788600931e-07,1.1628161712848727e-07,4.6637039449240266e-07,1.7251975543205618e-07,8.641045096284084e-08,2.25719952772808e-07,9.411236312623051e-08,1.1684054250025755e-07,9.9463303425128e-08,8.785837367085173e-08,1.2339059944178345e-07,1.2545044406446114e-07,1.0728824495869584e-07,2.587054909943657e-07,8.287707781360447e-08,7.944797614734811e-08,7.763258438905812e-08
Jordan,3.6488043967784365e-07,3.1196684209412144e-07,7.872493908261609e-08,3.7723401714723387e-07,6.764510040807888e-07,1.872252325828538e-07,2.911513038429406e-07,2.366989524079125e-07,1.9014182550499766e-07,4.674114500582753e-07,1.6657678021691396e-07,9.36802334831032e-08,6.061542883879654e-07,2.288287575150152e-07,2.583454165231024e-07,1.372039814424412e-07,2.6787600303896113e-07,1.114504153268274e-07,3.244011867209565e-07,4.0344782546435905e-07,7.601693854893698e-08,1.579030645517119e-07,8.705894813677721e-08,8.20826412279422e-08,2.0175043410796513e-07,4.2077341990045324e-07,9.045889813380663e-08,3.70984731630971e-07,2.760553675614696e-07,9.581245953037964e-08,1.3633421799314702e-06,8.113753515267531e-08,2.3710347423497165e-07,3.1229908957196767e-07,3.914195933513769e-07,2.6770101979086337e-07,2.9720741319413464e-07,2.28688788813497e-07,1.7548740028877625e-07,7.184015300162309e-07,3.1814997898648215e-07,2.1305320516747538e-07,6.439129179249133e-07,1.592939194589407e-07,9.955981778303296e-08,8.124816023001125e-08,1.9149336048053266e-07,9.444587590436966e-08,8.303734707292492e-08,4.457024160748704e-07,2.3409692539247947e-07,1.0279705298350156e-07,6.183626433144048e-07,1.2697457914322033e-06,7.613861805929883e-06,4.1084319623701394e-07,1.1096626123964779e-07,0.001,3.0306651376870027e-07,3.0056239169449966e-07,1.42151803270951e-07,3.3201302166338876e-07,3.182306027901557e-06,1.8329835121711202e-07,3.410132472688393e-07,5.76798201388456e-07,1.734711795735906e-07,1.1649451250045399e-07,2.3111643031514384e-07,2.0250725257500762e-07,7.970862722119851e-08,1.6534717401779804e-07,5.140220841470049e-07,2.581941853609744e-07,1.8346344000274538e-07,1.617020046901155e-07,1.6113387029633635e-07,2.15959447575726e-07,3.0373860543593505e-07,2.69394697809863e-07,2.548820772283845e-07,4.2186469503431233e-07,3.073977275820439e-07,8.579670057619614e-08,7.889433880267251e-08,1.1230869073433442e-07,3.739262419831774e-07,6.195809004617661e-07,2.392007577286653e-07,5.215036928429246e-07,1.772203744677362e-07,2.6975507817906937e-07,9.03833202003069e-07,1.842655411981373e-07,5.118866777942154e-07,1.8146131013435547e-07,4.0629340002003706e-07,3.7229572191420775e-07,1.4790684610420242e-07,1.2290232151505143e-07,2.6808780028792595e-07,1.8592822364444827e-07,5.334206764432754e-07,1.889985311336373e-07,3.3562955522157484e-07,2.0774885287836837e-06,1.2114682503830182e-07,3.036107340737628e-07,2.44150819305273e-07,1.4908698272064672e-07,3.91907025334042e-07,1.120833373794224e-06,9.134567200047886e-08,2.987657356815223e-07,4.933680595125644e-07,5.16230093857792e-07,2.5275755777597575e-07,1.3832606753730674e-07,2.760553675614696e-07,1.9491974746911724e-07,1.760655059251137e-07
Kazakhstan,5.936032383116478e-07,1.6864184441335292e-07,6.340391865724837e-08,2.4884607701084363e-07,5.466395490234341e-07,3.0345321771997293e-07,2.2186971940010387e-07,1.3456702574868647e-07,3.338571438787098e-07,2.610927196049585e-07,1.1224847992738132e-07,7.542862966878533e-08,2.974840442898124e-07,1.3406903022020399e-07,1.4712920565904073e-07,1.9338783545741076e-07,1.4220167305809754e-07,1.2605641586834564e-07,1.576824572611243e-07,1.7309953595958172e-07,6.246811310585451e-08,2.9691759049723236e-07,7.656930454467104e-08,7.68324061893995e-08,1.236391681487372e-07,2.5267654148279656e-07,8.566077279204434e-08,2.647878808272842e-07,1.4838925485188352e-07,8.67689324337142e-08,2.483535468726827e-07,7.82118944605285e-08,1.3302955917287102e-07,3.354375523488934e-07,1.9017828418258986e-07,3.2455333763077274e-07,2.0545766670710696e-07,1.3050321541109587e-07,1.17555351021955e-07,4.918295476234897e-07,2.397304903490791e-07,1.271201400149038e-07,2.6375433710012625e-07,1.7932349057765064e-07,8.541037751134282e-08,7.906139981600164e-08,1.2171446218628347e-07,8.615322155135255e-08,7.946697830048996e-08,2.809822953388293e-07,3.115053867984907e-07,1.2906629242124214e-07,4.5836530057958753e-07,3.8314876354262635e-07,2.9869361494564946e-07,2.3456367835736503e-07,1.740690359358081e-07,3.0306651376870027e-07,0.001,1.679319439268299e-07,2.1190389044018385e-07,3.3022049734063775e-07,3.2250267547510575e-07,1.1702960752133879e-07,3.23495252507247e-07,2.746971526481817e-07,1.2792168944905903e-07,1.516258056088294e-07,1.3720366723487318e-07,1.3073762943266278e-07,8.279517742738575e-08,3.5769272851634267e-07,2.5949165115652074e-07,1.603501227961215e-07,1.243791478407382e-07,2.5448380219987745e-07,1.0787207955490913e-07,3.823289796653217e-07,1.5433471891647498e-07,1.4340171709290343e-07,2.5876068309922706e-07,3.1709424472279024e-07,4.985973598166073e-07,6.880816674690523e-08,6.838963938847236e-08,1.5885394108897943e-07,2.935643288291982e-07,3.4525937917681313e-07,1.3424375877590814e-07,3.090875290488025e-07,4.080761715870456e-07,1.5035823061395557e-07,3.0732333038825977e-07,1.2087683561682897e-07,2.769486265652267e-07,1.172249151112933e-07,2.52731279558412e-07,2.1864228771473465e-07,1.0423994657057812e-07,2.0356374795189255e-07,1.776155237576157e-07,2.123867262160065e-07,1.9800856062933497e-07,2.5689598687001007e-07,2.2703471303341573e-07,3.491100166041665e-07,1.8610227754194717e-07,9.720837140235227e-07,1.471156393217201e-07,2.1314682666620925e-07,1.9734764460459256e-07,3.5412255125291497e-07,9.649582483543776e-08,1.599211517984895e-07,3.791147484788441e-07,3.4056096236363317e-07,2.103073739951658e-07,2.015937415926625e-07,1.4838925485188352e-07,1.2608833025198485e-07,1.1862041553543811e-07
Kenya,2.2074654544540682e-07,2.0936413052470138e-07,8.942967641189852e-08,1.7662953168147303e-07,2.2328227266948447e-07,1.6262406771036034e-07,1.56681803298844e-07,2.457690993469421e-07,1.5840266464569125e-07,1.938594694745774e-07,3.373420953764894e-07,9.646663345366145e-08,2.0707580085197248e-07,2.1714155675500412e-07,9.80626022815454e-07,1.3333640929899352e-07,3.4009263514968523e-07,8.245617906534246e-08,4.999512703980162e-07,3.8458179491990294e-07,8.406099910626166e-08,1.271326539350657e-07,8.17602468337946e-08,7.408967330382431e-08,2.0700776985188198e-07,1.8624121591128108e-07,7.779065416980575e-08,1.7209328704957582e-07,6.890380774337865e-07,8.374667245036091e-08,3.3316479535784863e-07,7.164918209518929e-08,3.2074053250704834e-07,1.5344868424499386e-07,1.2918606060016868e-06,1.4168301821742624e-07,1.640058251564789e-07,3.4125668317468335e-07,1.6217300386610772e-07,2.1860691177064973e-07,1.6190396556845823e-07,2.220852011658651e-07,2.2160946008400397e-07,1.0540891987967909e-07,9.052431567341044e-08,7.113690280262141e-08,1.8452084389846437e-07,8.248525746218246e-08,7.312356882020734e-08,1.8559849826867453e-07,2.111283251937106e-07,1.0939389064256832e-07,2.648362555489768e-07,2.779763236026818e-07,2.9471250910651605e-07,1.898035155599625e-07,9.218904963405112e-08,3.0056239169449966e-07,1.679319439268299e-07,0.001,1.3242542171723279e-07,1.5831050684844188e-07,2.746290080531852e-07,1.883726703139872e-07,1.6058817222964985e-07,2.0839641261765674e-07,3.9650210407486627e-07,1.2062406126365366e-07,2.0292118417082807e-07,1.7149689346443883e-07,6.690793876012903e-08,1.223865392075775e-07,2.0308962895638646e-07,1.7648901618286165e-07,4.6416084894930736e-07,1.4506084698705742e-07,2.926272642595917e-07,1.7441553518177944e-07,2.712516573725654e-07,2.8848386831138207e-07,1.3961557720767683e-07,3.3046936186549496e-07,2.1440065645503686e-07,9.368241901491035e-08,7.894192274221904e-08,1.0704081388992293e-07,1.6955833346388205e-07,3.266225005167159e-07,3.891425563549564e-07,1.943617646564059e-07,1.1916124720139528e-07,1.0524039806292982e-06,3.6229909824831413e-07,1.6947702928662573e-07,1.97942608417483e-07,1.8022715814219908e-07,1.8286384145617954e-07,6.358768804252311e-07,2.747628736928543e-07,1.0099180537246167e-07,1.651665135189168e-07,2.0754399943574738e-07,5.615397456767745e-07,1.1603529231830955e-07,1.7041465132622183e-07,2.656735073193211e-07,1.0802369240998354e-07,1.8579518791765442e-07,1.1865112154684045e-06,1.432000818347205e-07,2.1097601751241672e-07,2.3702200712999588e-07,7.2984779578014e-08,1.497418886546661e-06,1.8691564783276658e-07,3.2525387218536304e-07,1.4451975657816046e-07,1.3097570605250388e-07,6.890380774337865e-07,5.058873543783548e-07,4.0296706762249607e-07
Laos,2.3155625986993216e-07,9.793279217851988e-08,5.577962075223284e-08,1.1518219239205782e-07,1.6669068005059555e-07,5.904335931233261e-07,1.0843177698053501e-07,9.075048247851793e-08,5.492116617694473e-07,1.189567617875687e-07,1.0136122972857892e-07,5.650237944293896e-08,1.2714240053860587e-07,8.838320271306818e-08,1.168808740139019e-07,1.807432104618705e-06,9.872862316688313e-08,8.950683380452371e-08,1.0932678747273116e-07,1.0990273526913242e-07,5.3715723056277204e-08,5.308951888775258e-07,5.698321025867437e-08,5.968052543299849e-08,8.457473367889914e-08,1.1663609996256651e-07,6.409795459370612e-08,1.1811084415419565e-07,1.1162476224983812e-07,6.29548535290266e-08,1.3028493655890663e-07,6.183889529378947e-08,9.543880456099956e-08,1.302128125045739e-07,1.3665869912183695e-07,1.3010735888330329e-07,1.0469066180026862e-07,9.619638930538622e-08,7.85500450653568e-08,1.574887910575455e-07,1.125847159438342e-07,8.684068334419053e-08,1.2223277802810307e-07,1.032949822813013e-07,6.108716249202164e-08,6.271964395409484e-08,8.194646703303997e-08,6.288628792443342e-08,6.19371003122204e-08,1.2204775595908346e-07,3.386265399223939e-07,3.2995164691598027e-07,1.8452102204997724e-07,1.595511167937529e-07,1.399116988957774e-07,1.1307598901203577e-07,2.627453662063821e-07,1.42151803270951e-07,2.1190389044018385e-07,1.3242542171723279e-07,0.001,1.2914490636554687e-07,1.4239969028801788e-07,8.099222312420689e-08,1.2804642355107464e-07,1.2303071322949114e-07,1.3155163703240403e-07,5.262976334583254e-07,8.815744557357122e-08,8.357316589709865e-08,6.844713610197053e-08,3.2205040562688023e-07,1.1947969384339963e-07,9.311293806421777e-08,1.1568611093486821e-07,1.1685674091432614e-06,9.477919059173528e-08,4.139595454231373e-07,9.814773548642687e-08,9.60971159475397e-08,1.1747120871687733e-07,1.9875185003531745e-07,2.643710186329394e-07,5.502232516909836e-08,5.232128520556336e-08,5.249447500556232e-07,1.2326522080479995e-07,1.7902416255390476e-07,9.949040546265734e-08,1.2775315882054227e-07,2.1365688620389364e-07,1.1762859419573991e-07,1.6082872573890575e-07,8.028112113619347e-08,1.2240382081392515e-07,8.022619842675151e-08,1.1639562269123886e-07,1.641198725528074e-07,9.872177149711945e-08,3.2827034160401796e-07,9.737938970546073e-08,3.479919767176807e-07,1.256534491331255e-07,1.2593001004760378e-07,1.1012072777078865e-07,1.4672986887096223e-07,5.641568462674922e-07,2.4856478834253345e-07,1.2301476009316774e-07,1.5909394256409058e-06,1.0587147394211393e-07,1.415913629830926e-07,7.465266780740416e-08,1.2218858338729515e-07,1.3727744242588592e-07,1.880946991163862e-07,1.0561121305056319e-07,4.071350793298894e-06,1.1162476224983812e-07,1.1112022464786076e-07,1.0864807156177017e-07
Latvia,2.479246263971408e-07,2.733865985096378e-07,7.667418735441552e-08,7.484961726922401e-07,4.0854539393520845e-07,1.5888005147823425e-07,6.523887894355983e-07,1.7781115091966077e-07,1.662507214640222e-07,6.54855292189936e-07,1.1423066205256408e-07,9.677594041094427e-08,6.421807421434411e-07,1.853500162005105e-07,1.4876165189790826e-07,1.2196380556260344e-07,1.7330479270779697e-07,1.6647064598726806e-07,1.799573893778805e-07,2.1328900161493605e-07,7.633762070808429e-08,1.6008952731410004e-07,9.94044338803656e-08,9.802940250475301e-08,1.6594370392459417e-07,6.795195215527636e-07,1.1244908325090735e-07,9.77401815575165e-07,1.5823000407895588e-07,1.1639469639132787e-07,2.9798411977226253e-07,9.893190081927823e-08,1.6018364157583716e-07,4.339081989497384e-06,1.801220021500011e-07,1.2790194396671088e-06,5.010948101707847e-07,1.5291598147592746e-07,1.674880531644836e-07,4.705043496641931e-07,8.070212894211173e-07,1.6894296317436957e-07,4.966709409547193e-07,3.018865500078567e-07,1.1514152217260098e-07,9.98149354839523e-08,1.6899917680760986e-07,1.1502602573145987e-07,1.0137045837851756e-07,8.593523684625272e-07,1.6964032054787438e-07,9.281784344755195e-08,2.849339048111484e-07,3.2942457268203194e-07,3.410892335695928e-07,5.567718561828955e-07,1.2583357426875715e-07,3.3201302166338876e-07,3.3022049734063775e-07,1.5831050684844188e-07,1.2914490636554687e-07,0.001,3.699087810548948e-07,1.5731286671395345e-07,7.858952693060905e-06,5.879841590808516e-07,1.1393964931321481e-07,1.0391272350689812e-07,1.9777338812932916e-07,1.9586088296497218e-07,1.0142511269952243e-07,1.8675184934783904e-07,5.80611672010565e-07,2.7746229789755096e-07,1.191804960608401e-07,1.4373122680739893e-07,1.1381984953851392e-07,1.7924503427084562e-07,2.0966405830828157e-07,1.8461868881625855e-07,9.879182334990333e-07,2.0938675263989977e-07,2.182330695730954e-07,8.538721612251881e-08,8.620869998946741e-08,1.0841294609056305e-07,1.5537964386193395e-06,2.452078233840459e-07,1.5401524373735883e-07,8.171083132999753e-07,2.4105912319350935e-07,1.525192388318257e-07,2.56465931971393e-07,1.7256573998524397e-07,6.788721359366809e-07,1.60357657361612e-07,7.123495330202917e-07,1.7827210013188514e-07,1.0493565085582645e-07,1.3641176698375882e-07,3.5471072766335075e-07,1.3604832697335668e-07,2.1367176250733533e-07,4.2560322761146457e-07,6.232464320092187e-07,3.796409965169496e-07,1.2197857661246984e-07,2.583721108608891e-07,1.419954263447909e-07,1.2965803552388557e-07,3.5342487837903545e-07,4.6932055655446573e-07,1.2252088778386462e-07,1.6023874736274087e-07,9.945268558830927e-07,2.3018600396126554e-07,5.791439271262838e-07,1.2522270975229005e-07,1.5823000407895588e-07,1.2511884915017016e-07,1.1702614982976449e-07
Lebanon,3.69594617058057e-07,3.1348788318293506e-07,7.797856006792506e-08,4.1513547194280557e-07,7.862426610037919e-07,1.8750904716899348e-07,3.1326494893488545e-07,2.2929684120720358e-07,1.9135616861321364e-07,5.241606502275328e-07,1.5861239024773753e-07,9.344477679261048e-08,7.208987450704189e-07,2.240398753252847e-07,2.394060774597619e-07,1.3693611314506923e-07,2.5369611917640393e-07,1.1524984207710101e-07,2.9938254134069876e-07,3.722121535158091e-07,7.551900511879026e-08,1.6066152162665366e-07,8.773222451201592e-08,8.311184690652131e-08,1.973592879921778e-07,4.6628083144212967e-07,9.196625892454514e-08,4.114774198212938e-07,2.5561692423017784e-07,9.717866414812294e-08,1.0622282305388062e-06,8.234451473653694e-08,2.2565734182697358e-07,3.4589264137587636e-07,3.4857411792101165e-07,2.9217557561463887e-07,3.1634422200759455e-07,2.171277460858071e-07,1.7450315285532416e-07,8.856865374409435e-07,3.4616648433683624e-07,2.0756572454173636e-07,7.327780987538842e-07,1.6722776334782498e-07,1.0049371933476489e-07,8.252546245872325e-08,1.8890590199284742e-07,9.581656710375618e-08,8.427789024218417e-08,5.054822565607984e-07,2.3080104733135414e-07,1.0221463226857479e-07,6.184384176922789e-07,1.306737558453414e-06,3.603104278198511e-06,4.4733095792804037e-07,1.1315392426157427e-07,3.182306027901557e-06,3.2250267547510575e-07,2.746290080531852e-07,1.4239969028801788e-07,3.699087810548948e-07,0.001,1.8002595074649337e-07,3.8076743373287926e-07,6.649965445668129e-07,1.6463699813979152e-07,1.1590961798707882e-07,2.281314340406137e-07,2.0228071554179068e-07,8.13013679127199e-08,1.7018892908893854e-07,5.777303172447264e-07,2.6317849519175677e-07,1.7348669420332854e-07,1.6212836811738762e-07,1.5400695293818994e-07,2.1700428453705383e-07,2.9271461412546807e-07,2.579358106156361e-07,2.758011685964372e-07,3.965269489782382e-07,3.081964217784268e-07,8.521048705055105e-08,7.910774639080025e-08,1.1273782918701837e-07,4.192367762367519e-07,5.707350690115398e-07,2.2578871234296708e-07,6.11729197270458e-07,1.8521147653257404e-07,2.492026549702602e-07,7.566991080790677e-07,1.829830974105584e-07,5.859620085417841e-07,1.7886451355618985e-07,4.496402861995125e-07,3.375850582340405e-07,1.415444783384382e-07,1.253340726998432e-07,2.790123182937747e-07,1.8161727020335173e-07,4.6150655669335513e-07,2.0092679963941026e-07,3.629027265272957e-07,4.201893801120224e-06,1.2235224977285966e-07,3.138989899319909e-07,2.26801420268397e-07,1.4868157712356179e-07,4.041939191413297e-07,1.7286083963548744e-06,9.360908456457694e-08,2.7351304448478967e-07,5.832976373101071e-07,4.819220187441406e-07,2.698903675123112e-07,1.3840882266195283e-07,2.5561692423017784e-07,1.8385396826112286e-07,1.669667403260124e-07
Liberia,1.222952384296143e-07,3.6754564702133916e-07,1.3746987227781517e-07,1.9916798949103399e-07,1.474633141905576e-07,9.361588414313456e-08,1.9717646281122076e-07,7.479536555088396e-07,9.378762924172824e-08,2.0225561497178042e-07,2.0722035766023439e-07,1.864033772787266e-07,1.8974579611542127e-07,9.154449981378648e-07,2.208929230566739e-07,8.014131275577814e-08,4.2022016095411394e-07,1.0948601569031576e-07,2.9658255295140934e-07,3.0751576470460566e-07,1.298780282577614e-07,8.489684313146667e-08,1.442969042056878e-07,1.2192881746106847e-07,1.9087635490230106e-06,2.032412493691533e-07,1.292496905761841e-07,1.874891905929994e-07,2.5647988670510934e-07,1.480844022740072e-07,2.1043464108535634e-07,1.1484319952177466e-07,4.5031831828275867e-07,1.5240543238652832e-07,1.9063673283883094e-07,1.4327948168907053e-07,2.2147088567815524e-07,3.9959621060703434e-07,9.149934003903206e-07,1.5334978127408237e-07,1.914821613587074e-07,1.1838790730373114e-06,2.0874614278952724e-07,1.3210949662362452e-07,1.7370024268040974e-07,1.1315022809310685e-07,1.997075436748395e-06,1.4415576694575065e-07,1.1849593715647302e-07,1.8875088148274074e-07,1.0629839454388976e-07,6.923669901440494e-08,1.419558949302235e-07,1.6018344582194436e-07,1.8642869057766064e-07,2.1814649288555266e-07,7.03633380912356e-08,1.8329835121711202e-07,1.1702960752133879e-07,1.883726703139872e-07,8.099222312420689e-08,1.5731286671395345e-07,1.8002595074649337e-07,0.001,1.60444395935529e-07,2.0003989888870182e-07,1.4614155560884902e-07,7.399346888624852e-08,7.652892430733135e-07,6.588277975860402e-07,1.0008869942591667e-07,8.824605784294903e-08,2.0683612968354996e-07,3.4945869212041354e-07,1.7854031938948462e-07,8.6732846731441e-08,2.3379854053327608e-07,9.979169300796467e-08,4.5905034434190363e-07,5.086279482287649e-07,1.5713273388107792e-07,1.366038551408185e-07,1.1566945390224363e-07,1.6119666575641256e-07,1.316631080279079e-07,7.016651218968325e-08,1.7472326013711673e-07,1.4764778511323702e-07,3.514030653339893e-07,1.8217469306060486e-07,9.573219147951158e-08,2.2276398383601274e-07,1.6281571408512196e-07,1.0364684341549844e-06,1.9578048241053495e-07,3.200144440998704e-06,2.0115690370812222e-07,1.5505403164681272e-07,1.879407807464545e-07,7.436466520430404e-08,2.6657364317708724e-07,1.001395046742053e-07,2.2654086708448946e-07,1.2310530136328287e-07,2.0876815799863109e-07,1.7276004700248636e-07,7.295473496329242e-08,1.1442620916678584e-07,1.948032446081796e-07,8.401191107707557e-08,2.7840451439662754e-07,1.7458871901137334e-07,1.0692410615368689e-07,2.1516268996917646e-07,1.6371116897197873e-07,1.4219496988961142e-07,1.88306879805653e-07,7.996609969902972e-08,2.5647988670510934e-07,2.0142262033454444e-07,1.914135425305269e-07
Lithuania,2.4710471990081356e-07,2.8313112082725426e-07,7.725403139983962e-08,8.252045361197075e-07,4.115713813040714e-07,1.5764674387557198e-07,6.933403106390829e-07,1.8192726607735817e-07,1.6473484638027396e-07,7.137563151108889e-07,1.1570908827533024e-07,9.759586906925481e-08,6.907906727084525e-07,1.897934519537768e-07,1.510958623162012e-07,1.2106824116654942e-07,1.771114603865346e-07,1.6480153632941792e-07,1.8379091972111277e-07,2.1883627635161358e-07,7.683950635155067e-08,1.5788928606057315e-07,9.986100625391391e-08,9.819866526150699e-08,1.6948425734260073e-07,7.438156009283329e-07,1.125922672559495e-07,1.1118780062166898e-06,1.6105077556066112e-07,1.1681143593600999e-07,3.070458833676914e-07,9.897223012278328e-08,1.6345093231495357e-07,2.817443072601243e-06,1.8300053090607644e-07,1.1134155697209473e-06,5.291744684532148e-07,1.5585997166113248e-07,1.7081131553497514e-07,4.7683086026403797e-07,8.795225165567832e-07,1.7264087626208824e-07,5.274668914436311e-07,2.967017231640054e-07,1.1586501920498657e-07,9.981287859036255e-08,1.725755673827452e-07,1.153926644774676e-07,1.0144518590851355e-07,9.627620633486803e-07,1.691374826144208e-07,9.225805232947857e-08,2.8675183557124726e-07,3.3490739700297934e-07,3.510325299117967e-07,5.990730615284781e-07,1.239974009277733e-07,3.410132472688393e-07,3.23495252507247e-07,1.6058817222964985e-07,1.2804642355107464e-07,7.858952693060905e-06,3.8076743373287926e-07,1.60444395935529e-07,0.001,6.319356706125208e-07,1.1499969883662913e-07,1.0325515949656653e-07,2.0277606424852143e-07,2.0046382341894666e-07,1.0112309928192908e-07,1.8328632219910771e-07,6.25673148663754e-07,2.8675183557124726e-07,1.2059591475121945e-07,1.424990662210743e-07,1.1537087947581843e-07,1.7782653369881255e-07,2.1538844074414097e-07,1.8902739755751367e-07,9.594517332342226e-07,2.1068731547796213e-07,2.1733060767644454e-07,8.608084966352663e-08,8.661932981657637e-08,1.0741269105316653e-07,1.9359428342811753e-06,2.475795840348101e-07,1.5694548019206366e-07,8.971360016427784e-07,2.344593261757176e-07,1.5497051459180456e-07,2.603490122216087e-07,1.761631658340517e-07,7.398491871201626e-07,1.6356664257128118e-07,7.831194684982666e-07,1.8024684995690812e-07,1.0618154627167827e-07,1.3437644582624378e-07,3.688821211684867e-07,1.3588965897557293e-07,2.184160277365751e-07,4.0681712525253116e-07,6.715273603427429e-07,3.8966048304672945e-07,1.2059572313316433e-07,2.556250566371026e-07,1.4396710882339377e-07,1.2874501236890696e-07,3.7004479955446077e-07,4.85938653052681e-07,1.2197857016578003e-07,1.6285340654517566e-07,1.054472882314372e-06,2.3197017049333987e-07,5.993266096786087e-07,1.2420108176881757e-07,1.6105077556066112e-07,1.2678101397926392e-07,1.1848406380360573e-07
Macedonia,2.5723414754853535e-07,4.3341598705862545e-07,8.241154959435005e-08,1.0873380175815871e-06,4.6787833556842917e-07,1.5414277314756315e-07,5.875620554317818e-07,2.4560826258220236e-07,1.5853224536000769e-07,2.4638932162382837e-06,1.4145143003893563e-07,1.03216615946943e-07,3.583976710218996e-06,2.5314193568980985e-07,1.966663256701102e-07,1.178917834160703e-07,2.444344308118542e-07,1.360907870213066e-07,2.5906994164789794e-07,3.346994053841228e-07,8.069601274861979e-08,1.4284245642641072e-07,9.951993874409324e-08,9.46000875636033e-08,2.17699787050846e-07,1.5548692134139045e-06,1.065700215341949e-07,9.860459675194262e-07,2.1539784672618094e-07,1.1312103695491977e-07,5.555765261913511e-07,9.387034887389801e-08,2.187125678459615e-07,5.181070025538713e-07,2.4595435103445673e-07,4.03132547421326e-07,5.999475922021619e-07,2.0599375713982196e-07,2.054430714823473e-07,5.620962057082998e-07,7.024682832390892e-07,2.2573587143919914e-07,3.182172531785992e-06,2.132945966796729e-07,1.1626676840787859e-07,9.416075743055852e-08,2.1630520456567208e-07,1.1136694390773747e-07,9.636367728207573e-08,1.6775441701291276e-06,1.7624328406633647e-07,9.05526094094168e-08,3.3898803304344697e-07,4.6051557149986725e-07,6.199279560614475e-07,1.3097114668759054e-06,1.0854234176669607e-07,5.76798201388456e-07,2.746971526481817e-07,2.0839641261765674e-07,1.2303071322949114e-07,5.879841590808516e-07,6.649965445668129e-07,2.0003989888870182e-07,6.319356706125208e-07,0.001,1.3672770806925967e-07,1.0132921771705556e-07,2.699868644066187e-07,2.494667181337319e-07,9.24894706253059e-08,1.5700972439335732e-07,4.006649902154766e-06,3.806564889489886e-07,1.4738599853269482e-07,1.3738297453212592e-07,1.4113645802863032e-07,1.7416236064285725e-07,3.1625875494056786e-07,2.6428679301849116e-07,4.1978548847996817e-07,2.495860658390167e-07,2.2401116138483013e-07,9.174042387889578e-08,8.766294431744405e-08,1.0134638866547182e-07,8.766634854670216e-07,3.0900022701243016e-07,2.085280771510004e-07,1.91517840829671e-06,1.8274446610261207e-07,2.0322336318591204e-07,3.5430833878346345e-07,2.1558597897925213e-07,3.929040116836402e-06,2.0229167056186127e-07,1.3735064086574234e-06,2.270193250900252e-07,1.274742540448899e-07,1.1808579218103847e-07,4.563471571836862e-07,1.4395030564172726e-07,3.255382464575407e-07,2.48132590990417e-07,7.98845618255434e-07,6.304634046187188e-07,1.1103487192976195e-07,2.430647430011689e-07,1.8319025859007976e-07,1.2616377734938394e-07,6.977131003685274e-07,8.726413179124501e-07,1.0839773588644618e-07,2.158816291424719e-07,8.96708963461288e-07,2.81319609780348e-07,4.4871773121103253e-07,1.1974450533158107e-07,2.1539784672618094e-07,1.5759692179582923e-07,1.450404726255834e-07
Madagascar,1.620818886049808e-07,1.4053473563521833e-07,9.446847479521918e-08,1.2219983833223508e-07,1.4930686582471367e-07,1.4835775259330416e-07,1.12327579222144e-07,1.6980369102220734e-07,1.420093230426173e-07,1.3023234103127591e-07,4.16789471383996e-07,9.198693887596652e-08,1.364144259258509e-07,1.5408308702230075e-07,3.852483014895149e-07,1.3651365000521608e-07,2.0874178555657814e-07,6.8260982348735e-08,2.4233679575768014e-07,2.02529306554171e-07,8.787334937498235e-08,1.1582049288852041e-07,7.577279695104698e-08,6.817603392136345e-08,1.5426996256778218e-07,1.2672642640306182e-07,6.878885470463123e-08,1.2008348253938407e-07,3.0648565751286517e-07,7.391582923849831e-08,1.8135699647956437e-07,6.535368664561295e-08,2.1204879979159505e-07,1.1155198007237728e-07,3.076709953063721e-07,1.0539193974400202e-07,1.1626218956132754e-07,2.2857558042998972e-07,1.2685748253205632e-07,1.4548698220437812e-07,1.1496341228068404e-07,1.6139846629452415e-07,1.4221191606212978e-07,8.333238758478896e-08,8.062811933569101e-08,6.458150931911099e-08,1.4038756088809445e-07,7.294407401201188e-08,6.63156152690498e-08,1.2659454611965124e-07,1.817426748362028e-07,1.2420654528165318e-07,1.727204108242127e-07,1.7024780014081292e-07,1.710265954923267e-07,1.283941900562133e-07,8.788224596114282e-08,1.734711795735906e-07,1.2792168944905903e-07,3.9650210407486627e-07,1.3155163703240403e-07,1.1393964931321481e-07,1.6463699813979152e-07,1.4614155560884902e-07,1.1499969883662913e-07,1.3672770806925967e-07,0.001,1.3215776990349338e-07,1.446079980365442e-07,1.2811219398285954e-07,5.949207677469873e-08,1.0693010015610845e-07,1.3432335684396835e-07,1.251772005524899e-07,7.830729419804587e-07,1.3822311069549786e-07,3.2030147025052933e-07,1.506383641132325e-07,1.7136202036746247e-07,1.8483488661619258e-07,1.0350240558061572e-07,2.1439142473166627e-07,1.6510009973580117e-07,9.43466171896653e-08,7.716822748321805e-08,1.1129923994880228e-07,1.1909301317340543e-07,1.978330488672402e-07,2.457893434913293e-07,1.3091357509418985e-07,9.929193990876772e-08,3.680006835267579e-07,2.006771255999969e-07,1.3049017372814755e-07,1.3216709034014167e-07,1.4006314446998485e-07,1.2515564642884055e-07,3.00710923782196e-07,3.953705089413282e-07,9.503622143114881e-08,1.1779000771401785e-07,2.095057727524063e-07,2.328107607225364e-07,9.080852346260315e-08,1.1922734518084725e-07,1.623134281076276e-07,1.0686007285722155e-07,1.4298344508969735e-07,4.948474373186575e-07,1.4340973292300512e-07,1.3875413861631062e-07,1.503827331022698e-07,6.240802011213774e-08,3.51896905160553e-07,1.284396874142277e-07,2.029834814269924e-07,1.0594692239651217e-07,1.3189123975881292e-07,3.0648565751286517e-07,5.299395052057706e-07,5.623565684391415e-07
Malaysia,1.6705681231528373e-07,8.483737174625116e-08,6.06130888356012e-08,9.526854501132468e-08,1.293119252751582e-07,2.9463709167139683e-07,9.026211874823503e-08,8.203587011460624e-08,2.758749087512334e-07,9.823941610010742e-08,1.0035253651072362e-07,5.430050621003182e-08,1.0396094303429669e-07,7.936033795632875e-08,1.0865955722674227e-07,7.01692181384295e-07,8.968167483026403e-08,7.890224658772227e-08,9.851751220342323e-08,9.68782538365178e-08,5.903770432074092e-08,2.716696626172582e-07,5.2250905392993193e-08,5.6394671412431473e-08,7.691570166713347e-08,9.649582555325327e-08,5.873073592132792e-08,9.707691456553195e-08,1.0266216415487221e-07,5.681401134642949e-08,1.0933860549801414e-07,5.8653401222361985e-08,8.773357367836206e-08,1.0450876727572165e-07,1.2089066593304795e-07,1.0432221046574829e-07,8.791882008918769e-08,8.913473443352332e-08,7.07204567275769e-08,1.2348437586726884e-07,9.316672269122623e-08,7.890943188158634e-08,1.0119596939344923e-07,8.691693571146907e-08,5.4741565186221145e-08,5.9439229057591316e-08,7.409530297789112e-08,5.69245094529498e-08,5.8240978913941686e-08,1.0002124104804557e-07,2.3172001255346637e-07,8.50176652965233e-07,1.42601535793886e-07,1.2719095182347812e-07,1.148486365924103e-07,9.424762804136452e-08,2.200696360669378e-07,1.1649451250045399e-07,1.516258056088294e-07,1.2062406126365366e-07,5.262976334583254e-07,1.0391272350689812e-07,1.1590961798707882e-07,7.399346888624852e-08,1.0325515949656653e-07,1.0132921771705556e-07,1.3215776990349338e-07,0.001,7.850733619621437e-08,7.417176464987471e-08,6.520162892427014e-08,2.0513927311018684e-07,9.885165011006106e-08,8.05085380663196e-08,1.1382575268320503e-07,3.7489524516892104e-07,9.356805497614538e-08,2.415936772815348e-07,8.70445723817877e-08,8.653125369654213e-08,9.60509295650055e-08,1.5754211415213502e-07,1.846721798832778e-07,5.7077202194309444e-08,5.328056995452307e-08,6.397312848674874e-07,1.0037824387037724e-07,1.424581825619187e-07,9.210185824883763e-08,1.0397210826137594e-07,1.5462499474420053e-07,1.0875718872462875e-07,1.310155487571208e-07,7.21698032814829e-08,1.0061169612728896e-07,7.297555647647603e-08,9.624184948380462e-08,1.4152768058585807e-07,9.997575563042097e-08,2.428341465292774e-07,8.299562995179081e-08,2.8339546689380624e-07,1.0940922311691401e-07,1.0214132270048126e-07,9.173839959432999e-08,1.1844586330718454e-07,4.003934459945851e-07,1.7153907702990087e-07,1.154001863611766e-07,5.133263882137338e-07,9.010030371409314e-08,1.1419257980576482e-07,6.850650410984995e-08,1.1163852089266784e-07,1.0981070372703789e-07,1.4892454646327997e-07,8.810474438243005e-08,6.044270914449586e-07,1.0266216415487221e-07,1.0771606362409397e-07,1.0720730242511347e-07
Mali,1.4149739670962596e-07,7.070823949288121e-07,1.17668126144918e-07,2.6878746336047025e-07,1.796640967896678e-07,1.0360458817967516e-07,2.6177639558245337e-07,9.339251743613454e-07,1.0432605732656161e-07,2.7486101818495155e-07,1.89220973986638e-07,1.5730343205885536e-07,2.5139820518925177e-07,2.0322143571355156e-06,2.2877912095581352e-07,8.657438544765687e-08,4.7054360025811763e-07,1.1847968015609486e-07,3.4080670015346526e-07,4.048100567067714e-07,1.1281827489565367e-07,9.451295618330094e-08,1.3250039072283628e-07,1.1571019831099094e-07,9.984450301209905e-07,2.766946336244216e-07,1.2614135376150996e-07,2.4792260439602526e-07,2.7070279300128757e-07,1.4244177362642096e-07,2.7263569334154563e-07,1.1053718949887906e-07,4.4276414204425103e-07,1.8997420623683484e-07,2.1448267351634174e-07,1.7557461690387496e-07,3.064097547730636e-07,3.7927026464753095e-07,7.115687268551684e-07,1.8927959282901615e-07,2.534730260017502e-07,9.812983434290493e-07,2.85017359344366e-07,1.5282773437517129e-07,1.6082837893008115e-07,1.0946431513732237e-07,1.0780914076724996e-06,1.3885411052405262e-07,1.1414195795046959e-07,2.5054369880786613e-07,1.1803854011674518e-07,7.249580737197357e-08,1.682912890199343e-07,1.9571771842735132e-07,2.368371039443999e-07,3.050503814172545e-07,7.744455778011005e-08,2.3111643031514384e-07,1.3720366723487318e-07,2.0292118417082807e-07,8.815744557357122e-08,1.9777338812932916e-07,2.281314340406137e-07,7.652892430733135e-07,2.0277606424852143e-07,2.699868644066187e-07,1.446079980365442e-07,7.850733619621437e-08,0.001,1.1018657532887528e-06,9.925701504562671e-08,9.940174767978481e-08,2.8305546162796894e-07,6.007430913551197e-07,1.729064735563214e-07,9.524045119284413e-08,2.0475093288292337e-07,1.1168686350666107e-07,7.777676405943237e-07,6.615693915851857e-07,1.9544995960810052e-07,1.5623531980905685e-07,1.3204567763897662e-07,1.3594874854442056e-07,1.1813514961585245e-07,7.560036677937855e-08,2.2622720680175246e-07,1.7323699842064532e-07,3.468522076561035e-07,2.388002308621116e-07,1.0941477109261545e-07,2.3340920685595607e-07,1.9440034436861635e-07,8.905455923406681e-07,2.628263377493738e-07,8.04220543124685e-07,2.7276227944643763e-07,1.7319747047921542e-07,1.6909759946244735e-07,8.217880456941648e-08,3.922765652747997e-07,1.0796158723792997e-07,2.746138608365765e-07,1.447863622490975e-07,2.852700428062606e-07,2.1694333936670994e-07,7.966550848690008e-08,1.3228985353797138e-07,2.0047749056809055e-07,9.118068866010709e-08,4.371559605784792e-07,2.2254170197635863e-07,1.0962096879771822e-07,2.3138131380455212e-07,2.0796496493131828e-07,1.6502592074170174e-07,2.4335305021792577e-07,8.675670177660397e-08,2.7070279300128757e-07,1.9435631894455244e-07,1.8088399152010633e-07
Mauritania,1.3073469685000055e-07,5.673767421781225e-07,1.2303085195888945e-07,2.63214914840015e-07,1.65680857582948e-07,9.733166154013781e-08,2.7038411139313467e-07,5.202029457032514e-07,9.835978870667744e-08,2.598642901930846e-07,1.6458705566648873e-07,1.7353730262534625e-07,2.3324251424096934e-07,7.585496206722496e-07,1.8956981736379506e-07,8.179973753935276e-08,3.308838119961655e-07,1.2962358496330944e-07,2.603905487982518e-07,2.9999896731989946e-07,1.190704643569279e-07,9.086211960752721e-08,1.4854598795763178e-07,1.286929790336437e-07,6.548117910319942e-07,2.655681720531154e-07,1.423687071928317e-07,2.4382848338225065e-07,2.1744600974259768e-07,1.6322076591502671e-07,2.3044052769495938e-07,1.226141878800961e-07,3.212435920255518e-07,1.8904464916534335e-07,1.8049141354801604e-07,1.770560757808388e-07,3.168988239961244e-07,2.8734366010547907e-07,1.1475480736297193e-06,1.7489953902266036e-07,2.5632528470091866e-07,5.847316491666053e-07,2.579551482375771e-07,1.6524426775710275e-07,1.8631954568835184e-07,1.2137612967100857e-07,9.816426830541334e-07,1.5855201203307544e-07,1.2708885689875195e-07,2.400431966831626e-07,1.0898871340328265e-07,6.858115449353719e-08,1.5271175325136696e-07,1.7548892353011576e-07,2.0737662411215852e-07,2.911017389339325e-07,7.661291848324563e-08,2.0250725257500762e-07,1.3073762943266278e-07,1.7149689346443883e-07,8.357316589709865e-08,1.9586088296497218e-07,2.0228071554179068e-07,6.588277975860402e-07,2.0046382341894666e-07,2.494667181337319e-07,1.2811219398285954e-07,7.417176464987471e-08,1.1018657532887528e-06,0.001,1.0907913933017013e-07,9.666303856158228e-08,2.6324476924515744e-07,6.658548950820643e-07,1.5034799125923542e-07,8.999716486333373e-08,1.7807519825133322e-07,1.0469199557588072e-07,4.624698739533957e-07,4.140241543518788e-07,2.0142853436180277e-07,1.4010812523904967e-07,1.2218631639512918e-07,1.449719262072639e-07,1.2895166626839966e-07,7.244330019088704e-08,2.2202022044536842e-07,1.5464665956677587e-07,2.6655791955243277e-07,2.2545774782034745e-07,1.0806647932860361e-07,1.926591840029663e-07,1.709448299153042e-07,1.4341034032260387e-06,2.468063591636042e-07,7.852036464488117e-07,2.635593629291951e-07,1.5105454799969295e-07,1.50164009000168e-07,8.060763296223282e-08,4.264322599363734e-07,9.935704816222209e-08,2.2304945668856472e-07,1.4989594231400163e-07,2.8557048858260197e-07,1.9401477772292308e-07,7.687151834924168e-08,1.242145872639214e-07,1.6969241085767167e-07,8.588930863626512e-08,3.8626774831722195e-07,2.0190414495847223e-07,1.2128588478430536e-07,1.9124915991638116e-07,1.9782210861560407e-07,1.47750744145728e-07,2.584835573010877e-07,8.220247590207896e-08,2.1744600974259768e-07,1.664010948278947e-07,1.57056770832037e-07
Mexico,7.322737303222622e-08,9.807754221685145e-08,1.3365079477825282e-07,1.0105608680454179e-07,8.129083053550347e-08,6.827572828260145e-08,1.0975193956406194e-07,9.059250753955634e-08,7.013273788624992e-08,9.609438044708079e-08,6.893366899538189e-08,1.590230201987649e-07,9.163193775507081e-08,9.565571275199611e-08,6.92802396770902e-08,6.638565060739897e-08,8.214095562135395e-08,2.411999017791837e-07,7.69459562324012e-08,8.098123977808876e-08,1.48429755135811e-07,7.701250403336226e-08,2.595790086934456e-07,4.1737519708215843e-07,9.632655900548106e-08,9.833365271153276e-08,4.4019424366528997e-07,1.0126650906614285e-07,7.26653152808315e-08,3.04774994099478e-07,8.031598066459919e-08,5.838294518104228e-07,8.217397022838284e-08,1.0256000324156014e-07,6.906082130739458e-08,1.0675090264827914e-07,1.0849990746484782e-07,8.009239629940151e-08,1.1134865298259646e-07,8.34411132946531e-08,1.0625553408743639e-07,9.360258640552477e-08,9.0804492040585e-08,1.506307182005248e-07,2.2565858364196565e-07,6.724091708239711e-07,1.0260811399272313e-07,3.22390507024705e-07,5.391553310071997e-07,9.685157858203114e-08,6.559181785622347e-08,6.622155113319161e-08,7.48179840426169e-08,7.788542788210159e-08,8.048511018925086e-08,9.862500754799034e-08,9.141955965105276e-08,7.970862722119851e-08,8.279517742738575e-08,6.690793876012903e-08,6.844713610197053e-08,1.0142511269952243e-07,8.13013679127199e-08,1.0008869942591667e-07,1.0112309928192908e-07,9.24894706253059e-08,5.949207677469873e-08,6.520162892427014e-08,9.925701504562671e-08,1.0907913933017013e-07,0.001,8.407778189781804e-08,9.428508918300681e-08,1.0742187104787139e-07,6.436948767255774e-08,6.859155525710356e-08,7.245510485995303e-08,6.98096964793012e-08,8.870542643741537e-08,8.635173057148722e-08,1.1300940626857924e-07,6.832938240446436e-08,7.103387634045898e-08,1.434700500432257e-07,2.1639486613647516e-07,7.251617429809613e-08,1.0022961089937416e-07,7.184837598452705e-08,7.803929063335862e-08,9.355510094723112e-08,9.442699872948371e-08,6.965418218056301e-08,7.342797345724766e-08,1.0849254274938537e-07,9.437892899974735e-08,1.0307562462984831e-07,9.916263611572391e-08,6.583670017289255e-08,6.836379884125926e-08,8.630840025588196e-08,1.105603809232418e-07,5.998945821263947e-08,7.510360438626667e-08,1.218724031973864e-07,1.0447574493451152e-07,8.110707584166839e-08,7.643773521431586e-08,7.632121089786344e-08,6.642831274744978e-08,6.590729014291067e-08,9.637648768148925e-08,8.461930621768826e-08,5.780154707049783e-07,6.951887473598899e-08,9.239593888027032e-08,7.042831258745836e-08,1.163506678971083e-07,6.788175770936076e-08,7.26653152808315e-08,6.700880030927894e-08,6.636199387945449e-08
Mongolia,2.714983056849974e-07,1.1525928732567556e-07,5.439682361149225e-08,1.5201616999141046e-07,2.1705652100605358e-07,3.5871311941187205e-07,1.4530942588064102e-07,9.780253626863458e-08,4.134740653143746e-07,1.5389721739420705e-07,9.029116807829778e-08,6.415326753299803e-08,1.6416014398593153e-07,9.756109689024762e-08,1.0943119422750454e-07,2.73345397125788e-07,1.024030443888901e-07,1.2324242924488885e-07,1.1122599604459613e-07,1.1738126406430134e-07,5.4960395886216196e-08,8.186702500400514e-07,6.916745831404097e-08,7.279304111523671e-08,9.189614709179007e-08,1.5189527915613637e-07,7.992033739632638e-08,1.5889995817357884e-07,1.0825580648782153e-07,7.816768447616536e-08,1.4746627182682466e-07,7.55663521863273e-08,9.767649591828392e-08,1.9168659924438456e-07,1.315405290821894e-07,1.98378282016846e-07,1.3615702373061144e-07,9.670034093593193e-08,8.916734394757764e-08,2.0708883715287015e-07,1.516853742960808e-07,9.378872869642214e-08,1.5263213041583207e-07,1.5080406281181881e-07,7.445326656787055e-08,7.678152427558887e-08,9.10292711127391e-08,7.8115846466163e-08,7.603856809951744e-08,1.6177392188328417e-07,2.5948394484934255e-07,1.7119413483359816e-07,2.1402073636605138e-07,1.8850098759963702e-07,1.636703542813797e-07,1.4469672956490974e-07,3.3738982729492654e-07,1.6534717401779804e-07,3.5769272851634267e-07,1.223865392075775e-07,3.2205040562688023e-07,1.8675184934783904e-07,1.7018892908893854e-07,8.824605784294903e-08,1.8328632219910771e-07,1.5700972439335732e-07,1.0693010015610845e-07,2.0513927311018684e-07,9.940174767978481e-08,9.666303856158228e-08,8.407778189781804e-08,0.001,1.524144901875424e-07,1.1265921856862775e-07,1.0008323481346964e-07,3.6536283893229524e-07,8.630141271664889e-08,3.678038704142918e-07,1.0783528890984068e-07,1.0254064608480636e-07,1.7029862938146313e-07,1.9436864749285285e-07,2.8495090152656074e-07,5.8710472672484556e-08,6.245090914994435e-08,2.5042125765021605e-07,1.697097826026418e-07,1.9057525470297294e-07,9.911291916410334e-08,1.6907108394990407e-07,6.278984868992054e-07,1.1090763062778807e-07,1.7344669321549913e-07,9.091635928765383e-08,1.5872908108584445e-07,8.84679400320837e-08,1.524127527826835e-07,1.5113100129323204e-07,8.601405045196176e-08,4.722385857044906e-07,1.2254917993980527e-07,2.041577246149156e-07,1.303799990481894e-07,2.0263447440525266e-07,1.444693828797284e-07,1.773699626763006e-07,3.470095187724671e-07,3.476277973649454e-07,1.1147505627581964e-07,2.8828693030489616e-07,1.2817701777747958e-07,1.7795601386208446e-07,9.573869502069294e-08,1.1598217600879009e-07,1.889477946820311e-07,1.943605832507903e-07,1.4358308114797515e-07,3.005035942688443e-07,1.0825580648782153e-07,9.923489831987531e-08,9.536434126371616e-08
Montenegro,2.4176973493524334e-07,4.7062814875810336e-07,8.384489931937523e-08,1.3455237858208137e-06,4.195461146636418e-07,1.485218396462162e-07,6.625586829094579e-07,2.5271921926178673e-07,1.5267086372001364e-07,4.225288315369779e-06,1.4076286164142128e-07,1.0575483257532414e-07,1.9785246579456854e-06,2.6301429540564057e-07,1.9379354924492206e-07,1.1457828126910367e-07,2.4704052341978864e-07,1.3873590465264484e-07,2.575592264910782e-07,3.341523083206509e-07,8.217640005946586e-08,1.3852444902874853e-07,1.020547687531078e-07,9.682839977743064e-08,2.2499004339595887e-07,2.21479668215634e-06,1.0932567522841578e-07,1.107446757856347e-06,2.1319477794924416e-07,1.1634709842848828e-07,5.147303890971954e-07,9.599648833844216e-08,2.2118990661886815e-07,5.121405004883341e-07,2.3781464503387698e-07,4.017003389778716e-07,6.989064487885437e-07,2.075615936831721e-07,2.1448623304721412e-07,4.943505190015429e-07,7.945280585916114e-07,2.3278728599827815e-07,2.3864087073818146e-06,2.1881919977980432e-07,1.1974144601271152e-07,9.627126155477614e-08,2.2496138693085257e-07,1.1447992432556542e-07,9.861687815168729e-08,1.7817082074361187e-06,1.688229094005435e-07,8.856641831324617e-08,3.126776463853145e-07,4.1423670390524654e-07,5.490948256195134e-07,1.937871425910499e-06,1.0661450508809264e-07,5.140220841470049e-07,2.5949165115652074e-07,2.0308962895638646e-07,1.1947969384339963e-07,5.80611672010565e-07,5.777303172447264e-07,2.0683612968354996e-07,6.25673148663754e-07,4.006649902154766e-06,1.3432335684396835e-07,9.885165011006106e-08,2.8305546162796894e-07,2.6324476924515744e-07,9.428508918300681e-08,1.524144901875424e-07,0.001,4.1741097367686923e-07,1.4554754625157746e-07,1.3295027436988028e-07,1.4107487842990114e-07,1.6702646133955662e-07,3.2589404527412906e-07,2.6987715523173576e-07,4.3394974419749295e-07,2.356614154285623e-07,2.1217837029009703e-07,9.361924959233391e-08,8.96073141256804e-08,9.901986703684586e-08,8.974438786536351e-07,2.8797265175836896e-07,2.0923926554904765e-07,1.5273600950828377e-06,1.77994362117056e-07,2.0009700761893554e-07,3.2859146187774574e-07,2.2526501869799092e-07,3.628548971899476e-06,2.0979840550196813e-07,1.8248775353697466e-06,2.1747388186903497e-07,1.2694081757645624e-07,1.1558237062944559e-07,5.149618393140794e-07,1.3904313171139294e-07,3.1506360935191263e-07,2.493483413519424e-07,9.66299009996617e-07,5.479052988497113e-07,1.0840185169850108e-07,2.2975826565892876e-07,1.7991437468823718e-07,1.2235791604010013e-07,8.017584435121047e-07,7.172038460708506e-07,1.1066462786862902e-07,2.1167117873916793e-07,7.832375295639209e-07,2.636921075237191e-07,4.891943528285564e-07,1.1636447073882054e-07,2.1319477794924416e-07,1.5598103806629666e-07,1.43742125689726e-07
Morocco,1.550868493259622e-07,1.123878590175729e-06,1.0451014940329344e-07,4.336788328459128e-07,2.109247523222717e-07,1.101673602232539e-07,4.507359155684177e-07,3.8444373299552863e-07,1.1211705770162044e-07,4.155224874647993e-07,1.486515660911905e-07,1.4161614525370642e-07,3.448857955091842e-07,4.70289095723285e-07,1.8530703580772244e-07,9.034933556783696e-08,2.9602467653906876e-07,1.4316813244023161e-07,2.587924464290878e-07,3.2494259030194985e-07,1.0228252684789871e-07,1.0412045889108494e-07,1.3134470101022238e-07,1.190816926856364e-07,3.763358904651654e-07,4.3546649886559697e-07,1.349729592575168e-07,3.840529495327154e-07,2.10823265430916e-07,1.501422075454488e-07,2.9208256457233555e-07,1.1566654793985095e-07,2.721454821146228e-07,2.6398359897497324e-07,1.9326820180219327e-07,2.4061287860734194e-07,6.000075997859852e-07,2.4649859683849044e-07,4.224178792209199e-07,2.2749935661355198e-07,4.1615223219308627e-07,3.7378932497919957e-07,3.9081158825830707e-07,2.0392669881193911e-07,1.619875431946402e-07,1.1525548420823544e-07,4.19908329680699e-07,1.4651899998204909e-07,1.196914704544612e-07,3.7045145483250455e-07,1.2297541039263038e-07,7.362692782361194e-08,1.848436958287768e-07,2.1913154671281685e-07,2.670218852405942e-07,5.058404898250756e-07,8.657338578819413e-08,2.581941853609744e-07,1.603501227961215e-07,1.7648901618286165e-07,9.311293806421777e-08,2.7746229789755096e-07,2.6317849519175677e-07,3.4945869212041354e-07,2.8675183557124726e-07,3.806564889489886e-07,1.251772005524899e-07,8.05085380663196e-08,6.007430913551197e-07,6.658548950820643e-07,1.0742187104787139e-07,1.1265921856862775e-07,4.1741097367686923e-07,0.001,1.4268218587646333e-07,1.0114937722849193e-07,1.5578770371592726e-07,1.199680923323586e-07,4.5309574191446816e-07,3.597349168406838e-07,2.853028722087445e-07,1.6081790207549326e-07,1.4261924811497677e-07,1.2051913255865708e-07,1.129676525985353e-07,8.003843751813748e-08,3.3252794287247403e-07,1.824512636674205e-07,2.3713065574535935e-07,3.3320059499927116e-07,1.2899372306286165e-07,1.8970634031518923e-07,2.0352144529425452e-07,4.557540548855036e-07,3.8067502579189576e-07,3.7211237526072786e-07,4.3190990426933e-07,1.6538368298883124e-07,1.348541923234061e-07,9.160988860115671e-08,1.1207938639550366e-06,1.0835460119832044e-07,2.491309541116013e-07,1.8991712212110746e-07,5.000090672237961e-07,2.513274478321934e-07,8.61387836918233e-08,1.484070897899306e-07,1.6745964735442948e-07,9.523989075623474e-08,7.541992670467533e-07,2.71691863600066e-07,1.2400558456735154e-07,1.930052811081132e-07,2.77113079696478e-07,1.7238043265818774e-07,4.0721129321911047e-07,9.126214490010292e-08,2.10823265430916e-07,1.562004145889669e-07,1.4580575094239636e-07
Mozambique,1.5366405418085263e-07,1.620649002974354e-07,1.031841082188871e-07,1.3193162183365363e-07,1.5079688253515136e-07,1.3188722926891237e-07,1.2149296791506417e-07,2.1143759711690668e-07,1.2759489217959762e-07,1.4070521365651128e-07,8.180854699707456e-07,1.0338035715645752e-07,1.4580747835639516e-07,1.8748267572331555e-07,5.81311642647994e-07,1.1870040072537979e-07,2.714236383175313e-07,7.185750544145033e-08,3.1365437163364585e-07,2.4539879908177955e-07,9.550478545324736e-08,1.0585760811171299e-07,8.366848751722588e-08,7.455908369327799e-08,1.8987275334295093e-07,1.3707653504539147e-07,7.539158219583814e-08,1.2864313067553272e-07,4.355182581148752e-07,8.160417318990794e-08,1.9859693601890603e-07,7.125161872031207e-08,2.825975367077161e-07,1.1626695923830797e-07,3.422362179130647e-07,1.0926972608861913e-07,1.273276410684564e-07,3.146986104450539e-07,1.501626363346904e-07,1.4864476569055572e-07,1.2374776991885987e-07,2.0019426478263968e-07,1.5430952160141475e-07,8.759637795544639e-08,8.988038600733102e-08,7.035740658157947e-08,1.6927173617776496e-07,8.04247011531066e-08,7.24247575735016e-08,1.3548337596624194e-07,1.6026130716450416e-07,1.0732894204173506e-07,1.6998371379390864e-07,1.7386144669770935e-07,1.8164880476809132e-07,1.4017016298915782e-07,8.109026235836298e-08,1.8346344000274538e-07,1.243791478407382e-07,4.6416084894930736e-07,1.1568611093486821e-07,1.191804960608401e-07,1.7348669420332854e-07,1.7854031938948462e-07,1.2059591475121945e-07,1.4738599853269482e-07,7.830729419804587e-07,1.1382575268320503e-07,1.729064735563214e-07,1.5034799125923542e-07,6.436948767255774e-08,1.0008323481346964e-07,1.4554754625157746e-07,1.4268218587646333e-07,0.001,1.222818504357873e-07,5.192015629120252e-07,1.3603197072776328e-07,2.0801166520322742e-07,2.3209571674316314e-07,1.0909327346043935e-07,2.0158232166364408e-07,1.5323044267389006e-07,1.048969712884781e-07,8.449156974621771e-08,9.849956337528875e-08,1.2630575450781947e-07,1.941674071325425e-07,3.4464280727437087e-07,1.3916037145559544e-07,9.579279968773018e-08,5.323140493665948e-07,2.0383212207545016e-07,1.5497510080273658e-07,1.4207070686149926e-07,1.6940375148967062e-07,1.352215036184097e-07,2.871339772875456e-07,6.118634767251145e-07,8.751151162444805e-08,1.3137154985783693e-07,1.7324045255622727e-07,2.6893870417056584e-07,9.324996001747845e-08,1.295943197955078e-07,1.6944034438785876e-07,9.600315018873495e-08,1.358025493631291e-07,7.379080295479365e-07,1.2467773590473804e-07,1.560955625888069e-07,1.5779948305813214e-07,6.713840138035154e-08,4.6416084894930736e-07,1.341521958895546e-07,1.957282586790568e-07,1.1429550903478674e-07,1.155610096572334e-07,4.355182581148752e-07,1.554468548919949e-06,1.783945713399164e-06
Myanmar,2.8873766184982833e-07,1.0688441320243728e-07,5.6141732383277e-08,1.2736187629513913e-07,1.9428467413268835e-07,1.1773015037246127e-06,1.1884819401916483e-07,9.794331359652386e-08,1.028227513056023e-06,1.3221448455729596e-07,1.0653336109662062e-07,5.9323663945524506e-08,1.424925902070342e-07,9.537847249231372e-08,1.2642123492653233e-07,8.049614745849348e-07,1.0686822122433956e-07,9.22548495078714e-08,1.191997028368557e-07,1.2060420729223129e-07,5.374070853851746e-08,6.272559195323593e-07,5.905839271494312e-08,6.076196801697335e-08,9.083976166395847e-08,1.292812341439963e-07,6.584640159773488e-08,1.308074795465748e-07,1.2099951619897146e-07,6.533425140186707e-08,1.4635967263105802e-07,6.261609628051005e-08,1.0280281620472142e-07,1.4476958786312025e-07,1.5161818441708787e-07,1.4383104218504417e-07,1.1460749531835631e-07,1.0340596970156305e-07,8.415950598136607e-08,1.8182041468133826e-07,1.2391226608738727e-07,9.34118941163206e-08,1.3647019280340407e-07,1.0983156739190001e-07,6.39658266410487e-08,6.344900337381687e-08,8.796227699895961e-08,6.513944878898531e-08,6.296345075612767e-08,1.3588667777437914e-07,4.56029750411968e-07,2.6108522180189387e-07,2.1892451750513414e-07,1.846916556081022e-07,1.5883761411224667e-07,1.250033084707377e-07,2.40410125521417e-07,1.617020046901155e-07,2.5448380219987745e-07,1.4506084698705742e-07,1.1685674091432614e-06,1.4373122680739893e-07,1.6212836811738762e-07,8.6732846731441e-08,1.424990662210743e-07,1.3738297453212592e-07,1.3822311069549786e-07,3.7489524516892104e-07,9.524045119284413e-08,8.999716486333373e-08,6.859155525710356e-08,3.6536283893229524e-07,1.3295027436988028e-07,1.0114937722849193e-07,1.222818504357873e-07,0.001,9.957725445610211e-08,6.409245595497305e-07,1.0681656920286892e-07,1.041149210456504e-07,1.2874663826849083e-07,2.36012448327604e-07,3.411670649778454e-07,5.6937523294763085e-08,5.395159478600606e-08,3.660666928473088e-07,1.370008647001455e-07,2.1017309017235386e-07,1.0711869991620085e-07,1.4309278211678406e-07,2.3678660094433866e-07,1.275230792316817e-07,1.8553820406374746e-07,8.613888038873225e-08,1.3650449876280896e-07,8.593829636874044e-08,1.28938374586295e-07,1.85673835348533e-07,1.0274468271692896e-07,3.041476567758479e-07,1.060478472284874e-07,4.0527503982732984e-07,1.3950337374244207e-07,1.3610990543480585e-07,1.211686132901376e-07,1.6778724778423892e-07,4.2271325034166714e-07,3.140911865544491e-07,1.3282166789130692e-07,1.2452758694665563e-06,1.1641325911256419e-07,1.6108276716197122e-07,7.586571804798529e-08,1.3325634677443176e-07,1.5489672195361365e-07,2.2230643518983646e-07,1.1515644210419156e-07,9.326527110704096e-07,1.2099951619897146e-07,1.1805406677595559e-07,1.1453323565858183e-07
Namibia,1.259549492074024e-07,1.7441735789205443e-07,1.2690156615109693e-07,1.3009701574497176e-07,1.3146614026406567e-07,1.0644986514065218e-07,1.2243606485687652e-07,2.6050826601128624e-07,1.0401338634374618e-07,1.3683004440429612e-07,1.3835624036915038e-06,1.289048350745918e-07,1.3806107424556593e-07,2.2766514726829438e-07,4.0285086583298803e-07,9.664575115359978e-08,3.179731712910415e-07,7.507614053304116e-08,3.088877867948121e-07,2.4398534844253884e-07,1.1574914935659032e-07,8.921649285961436e-08,9.922198049938913e-08,8.654966056143333e-08,2.4412879001719086e-07,1.3442310793045413e-07,8.643473130513024e-08,1.2581420937712745e-07,3.869899346256212e-07,9.470727148826967e-08,1.7859116193099767e-07,8.196240842943034e-08,3.620634762866247e-07,1.1093075800825804e-07,2.479426274335651e-07,1.0453890292461429e-07,1.301903335245195e-07,4.180729750254378e-07,1.8625473354050796e-07,1.3170161266725467e-07,1.2309281361562358e-07,2.5554132525001714e-07,1.476579531613136e-07,8.872928188460021e-08,1.0667064570555412e-07,8.067959615783385e-08,2.1310942391752698e-07,9.319093248440345e-08,8.336934094356723e-08,1.307701831127782e-07,1.248617309647829e-07,8.975500487861444e-08,1.4083854496492418e-07,1.4861274696480455e-07,1.6088225442576777e-07,1.39074443618834e-07,7.061547122056076e-08,1.6113387029633635e-07,1.0787207955490913e-07,2.926272642595917e-07,9.477919059173528e-08,1.1381984953851392e-07,1.5400695293818994e-07,2.3379854053327608e-07,1.1537087947581843e-07,1.4113645802863032e-07,3.2030147025052933e-07,9.356805497614538e-08,2.0475093288292337e-07,1.7807519825133322e-07,7.245510485995303e-08,8.630141271664889e-08,1.4107487842990114e-07,1.5578770371592726e-07,5.192015629120252e-07,9.957725445610211e-08,0.001,1.1016096084396766e-07,2.3166472610944017e-07,2.7221271160321146e-07,1.0716217415754987e-07,1.552073751550675e-07,1.2378227220972104e-07,1.311685436991345e-07,1.0090884722615983e-07,8.280379875222223e-08,1.219160567204608e-07,1.55612266364335e-07,4.2857350694594484e-07,1.3204440665171396e-07,8.532490112550591e-08,3.8133895121829437e-07,1.662138897705828e-07,1.913573398023673e-07,1.3663009541229173e-07,2.1790018519364962e-07,1.3275625470932683e-07,2.0105537799217364e-07,9.55425379166614e-07,7.558056451285047e-08,1.3885842041520846e-07,1.3025313945364673e-07,2.3085444775111458e-07,9.011157410837858e-08,1.2996341151777707e-07,1.4953675888595514e-07,8.114998216442418e-08,1.1382156355073174e-07,3.81119214733013e-07,1.0069225680837958e-07,1.5986684515792625e-07,1.4268809174276205e-07,7.380410714560104e-08,3.309588711194847e-07,1.2494437625241685e-07,1.5442168355823497e-07,1.1607255409031153e-07,9.461362229819506e-08,3.869899346256212e-07,6.348654828008855e-07,7.303710031113207e-07
Nepal,5.254484516621223e-07,1.282763954100827e-07,5.912732202942433e-08,1.572249286673867e-07,2.7740770321892257e-07,1.33999837798586e-06,1.4347960822960135e-07,1.1469605032311565e-07,1.5548846531098473e-06,1.6550665489899131e-07,1.1771852858320693e-07,6.533909446484376e-08,1.8227086083449726e-07,1.1161612127729521e-07,1.4820454033398636e-07,3.6488269745385715e-07,1.2600468055099088e-07,9.755157872165163e-08,1.4279756834656358e-07,1.4678533790921256e-07,5.6857157539976e-08,4.6830317825083903e-07,6.39497129274983e-08,6.406982165073734e-08,1.0521831452121386e-07,1.6066747119919918e-07,7.009766922284037e-08,1.619526775529018e-07,1.428401604809518e-07,7.07307837766773e-08,1.8897366202813558e-07,6.529889731907e-08,1.1990776328532734e-07,1.797943469513915e-07,1.883694409959719e-07,1.7555879982018132e-07,1.3814509756136717e-07,1.2006076179787707e-07,9.68195189968959e-08,2.5222222732645994e-07,1.510580549730458e-07,1.0857058887098533e-07,1.7308135595487827e-07,1.231220509965976e-07,7.02353797159497e-08,6.599837183067396e-08,1.0168430695781237e-07,7.031086374077892e-08,6.605550937265177e-08,1.7065501821032106e-07,8.800999294176818e-07,1.8813667878931105e-07,3.3185826447147777e-07,2.592910724772532e-07,2.1096704409016532e-07,1.5443827124076832e-07,1.9552348661346908e-07,2.15959447575726e-07,3.823289796653217e-07,1.7441553518177944e-07,4.139595454231373e-07,1.7924503427084562e-07,2.1700428453705383e-07,9.979169300796467e-08,1.7782653369881255e-07,1.7416236064285725e-07,1.506383641132325e-07,2.415936772815348e-07,1.1168686350666107e-07,1.0469199557588072e-07,6.98096964793012e-08,3.678038704142918e-07,1.6702646133955662e-07,1.199680923323586e-07,1.3603197072776328e-07,6.409245595497305e-07,1.1016096084396766e-07,0.001,1.2748466911414714e-07,1.2300748629064514e-07,1.54606696023573e-07,3.5243994362409457e-07,7.240523148667967e-07,6.17851668199891e-08,5.837856083527663e-08,2.3396428452141836e-07,1.7089491685935017e-07,3.0676089779587687e-07,1.247745797947761e-07,1.8252204481690385e-07,2.661414928435437e-07,1.502974179059325e-07,2.573427088448944e-07,9.942881015590896e-08,1.7233965894432635e-07,9.890782050082039e-08,1.5996113866891752e-07,2.4006138944610425e-07,1.1138102342130025e-07,2.3979616291976096e-07,1.2639057908274053e-07,4.2629358068554273e-07,1.7448784790782892e-07,1.5665905866673388e-07,1.4781718342579595e-07,2.2728911845721197e-07,2.6799689591263144e-07,5.836607554634188e-07,1.5465994872778035e-07,4.5638747676740907e-07,1.421798139733658e-07,2.1482333947173039e-07,7.875719175127373e-08,1.59132467261608e-07,2.0094325864023378e-07,3.302139156005522e-07,1.3721407212575967e-07,3.8098516128305956e-07,1.428401604809518e-07,1.3304489904014578e-07,1.2703095322555776e-07
Niger,1.6665892967417495e-07,7.017229343911023e-07,1.0624013766203517e-07,2.849905949054217e-07,2.1404592079977567e-07,1.1746971655024408e-07,2.577248164797873e-07,1.0503188708756516e-06,1.1785503587144834e-07,3.0818478357452364e-07,2.1971203517958938e-07,1.3310968941020682e-07,2.9397600662395036e-07,8.867698945166671e-07,3.0833920922722893e-07,9.658716188245608e-08,8.409066757098572e-07,1.0889155957793083e-07,5.775662247358753e-07,8.436756438385355e-07,1.0131577043797418e-07,1.0389290285496069e-07,1.1329153573432493e-07,1.0075095577381886e-07,5.993877599161691e-07,3.021424519751943e-07,1.0898437605499535e-07,2.6286024483933326e-07,3.8867857987319366e-07,1.206472753326489e-07,3.8783764303323417e-07,9.691893364664335e-08,6.394068067591333e-07,2.0013446310244604e-07,2.9583103599773776e-07,1.8162228039739717e-07,2.9646531000852834e-07,5.195093352954141e-07,3.7609187112860426e-07,2.2486065877790942e-07,2.575014957655467e-07,7.130356229651728e-07,3.4582845493553034e-07,1.4377833133753852e-07,1.332705104413552e-07,9.6161240860899e-08,4.939211752942319e-07,1.1808151319875445e-07,9.969538096026861e-08,2.768507000748873e-07,1.3754279122014268e-07,7.986111145126953e-08,2.0541812711382898e-07,2.452800408461213e-07,3.1174155604807165e-07,3.322723750589346e-07,8.182918401940254e-08,3.0373860543593505e-07,1.5433471891647498e-07,2.712516573725654e-07,9.814773548642687e-08,2.0966405830828157e-07,2.9271461412546807e-07,4.5905034434190363e-07,2.1538844074414097e-07,3.1625875494056786e-07,1.7136202036746247e-07,8.70445723817877e-08,7.777676405943237e-07,4.624698739533957e-07,8.870542643741537e-08,1.0783528890984068e-07,3.2589404527412906e-07,4.5309574191446816e-07,2.0801166520322742e-07,1.0681656920286892e-07,2.3166472610944017e-07,1.2748466911414714e-07,0.001,1.5065041810713735e-06,1.9570478435960292e-07,1.9286661299304372e-07,1.5462354586933682e-07,1.1934055136709706e-07,1.032233771840956e-07,8.270565258473062e-08,2.4197138129152976e-07,2.1718829927872797e-07,4.922139271822298e-07,2.714766784617832e-07,1.1641294434034213e-07,3.191017914419254e-07,2.5174058137598765e-07,4.20997902388543e-07,2.995554251261361e-07,4.393585538857385e-07,2.9500682545400263e-07,2.227274840645041e-07,1.8982243251725758e-07,8.782706906638927e-08,3.444368087820675e-07,1.2513107163224374e-07,4.233647223414968e-07,1.4442873532728217e-07,2.909003088351672e-07,2.737215594912058e-07,8.671594656208804e-08,1.5185108709981235e-07,2.6018694547107074e-07,1.0232799232152999e-07,5.008672158105741e-07,2.7306965394037614e-07,9.813351371027276e-08,3.212361673012612e-07,2.3477525585888821e-07,2.0519810027906022e-07,2.3229381937616498e-07,9.655402212280695e-08,3.8867857987319366e-07,2.383228182401742e-07,2.1492504849885853e-07
Nigeria,1.5762874013285915e-07,4.853882029926625e-07,1.1097381298284415e-07,2.3989359307600683e-07,1.9425838925270688e-07,1.1412463601424581e-07,2.2015938611884193e-07,1.5790011971146205e-06,1.1399060180633646e-07,2.5708780850056145e-07,2.5332720393417254e-07,1.3663016478865751e-07,2.492249412300886e-07,8.770688555419791e-07,3.4965951874954016e-07,9.508273500292634e-08,1.601123546336892e-06,1.0243713405993326e-07,6.80697998942947e-07,7.593306260152114e-07,1.0500698830990077e-07,9.989110638571117e-08,1.1303321935221817e-07,9.956954097022637e-08,6.91411699128618e-07,2.522922029365045e-07,1.0627993043727125e-07,2.2413914914246253e-07,4.5797428494421864e-07,1.1796043986697824e-07,3.356014372866407e-07,9.532436631403016e-08,1.096551975876807e-06,1.7715435908169856e-07,3.0256982179953566e-07,1.623412403917041e-07,2.480802140094562e-07,7.779432272305381e-07,3.69770866894678e-07,2.0182334741968151e-07,2.1991779326413263e-07,8.916496884384658e-07,2.855708380416116e-07,1.3162668787666784e-07,1.316566447280466e-07,9.439849536436778e-08,5.067857734941024e-07,1.1546590141424584e-07,9.794876328150636e-08,2.3499687321203893e-07,1.3410254512255025e-07,7.985945818098578e-08,1.9146941389302138e-07,2.2326598526468835e-07,2.7442624550920517e-07,2.7261179150969603e-07,7.86506628176211e-08,2.69394697809863e-07,1.4340171709290343e-07,2.8848386831138207e-07,9.60971159475397e-08,1.8461868881625855e-07,2.579358106156361e-07,5.086279482287649e-07,1.8902739755751367e-07,2.6428679301849116e-07,1.8483488661619258e-07,8.653125369654213e-08,6.615693915851857e-07,4.140241543518788e-07,8.635173057148722e-08,1.0254064608480636e-07,2.6987715523173576e-07,3.597349168406838e-07,2.3209571674316314e-07,1.041149210456504e-07,2.7221271160321146e-07,1.2300748629064514e-07,1.5065041810713735e-06,0.001,1.732091469906378e-07,1.8605341517230286e-07,1.476810319271998e-07,1.2407108472297959e-07,1.045916007576719e-07,8.124231973648445e-08,2.0906879843727696e-07,2.0534917715391724e-07,6.931563327056399e-07,2.3224443853409276e-07,1.0915285059700991e-07,3.602052014976129e-07,2.355028942216682e-07,4.106438303619486e-07,2.517955682905674e-07,4.653833529360277e-07,2.4718489704738635e-07,2.2260954486599015e-07,2.1528440108325977e-07,8.440014996992307e-08,2.833272167321643e-07,1.245427561796335e-07,4.07670248305752e-07,1.3180685037338684e-07,2.438196488303648e-07,2.4303296343425196e-07,8.435613303236364e-08,1.430718796636359e-07,2.875463301401683e-07,1.0055221086311827e-07,3.7597264732948e-07,2.3889224937341786e-07,9.41685244897021e-08,3.525110056090084e-07,2.0553966661846116e-07,1.9565429638340377e-07,2.0158352483043307e-07,9.473512178211042e-08,4.5797428494421864e-07,2.7181167440702356e-07,2.4380683236841794e-07
Norway,1.9939000584374723e-07,2.6220862786079576e-07,7.992125412421092e-08,6.073368380871209e-07,2.890267061630147e-07,1.396674349246889e-07,7.713813740298705e-07,1.7063429250026138e-07,1.4587999379264171e-07,4.83052993091773e-07,1.0645031052969108e-07,1.0281760083270237e-07,4.285337981214574e-07,1.8103988668481827e-07,1.3401768019458444e-07,1.1112753707160461e-07,1.6088395257555474e-07,1.9797623227137604e-07,1.620841630916834e-07,1.8987206931464162e-07,8.028137256460094e-08,1.452366767320198e-07,1.0873419813149432e-07,1.082339206977776e-07,1.6348061968342425e-07,5.245151997086189e-07,1.262878170542159e-07,7.115251054385923e-07,1.4300947610012862e-07,1.3033355217476833e-07,2.402189641651118e-07,1.0967087788469856e-07,1.5024531754583115e-07,1.0664555455855072e-06,1.5591743656451337e-07,1.192837322395186e-06,5.396115333131671e-07,1.4308033303364851e-07,1.7274780922465701e-07,3.189060133109687e-07,8.154245745134957e-07,1.646789303682797e-07,3.7227777907220457e-07,4.2474095695315395e-07,1.270885734661412e-07,1.1083801229007566e-07,1.698797217672846e-07,1.2879522230105904e-07,1.1260164214338332e-07,5.598703709565642e-07,1.4569004145170244e-07,8.673004629639283e-08,2.211538274111182e-07,2.4843143745463856e-07,2.6113318005232377e-07,4.6701160065726054e-07,1.2215852381822776e-07,2.548820772283845e-07,2.5876068309922706e-07,1.3961557720767683e-07,1.1747120871687733e-07,9.879182334990333e-07,2.758011685964372e-07,1.5713273388107792e-07,9.594517332342226e-07,4.1978548847996817e-07,1.0350240558061572e-07,9.60509295650055e-08,1.9544995960810052e-07,2.0142853436180277e-07,1.1300940626857924e-07,1.7029862938146313e-07,4.3394974419749295e-07,2.853028722087445e-07,1.0909327346043935e-07,1.2874663826849083e-07,1.0716217415754987e-07,1.54606696023573e-07,1.9570478435960292e-07,1.732091469906378e-07,0.001,1.7282573663505007e-07,1.8013514524691425e-07,8.959996290432684e-08,9.283354187871251e-08,1.0159131795335588e-07,7.902937473875827e-07,1.9679747503095258e-07,1.4284993959412831e-07,4.942815775696273e-07,2.2331484563359283e-07,1.3701587501324226e-07,2.0526171999260397e-07,1.7665853120780094e-07,4.699256609888859e-07,1.6152595988503285e-07,5.526492826675113e-07,1.5216204339103695e-07,9.838215068325832e-08,1.2998637848570275e-07,3.8108494257861594e-07,1.1997663577893625e-07,1.8336423956512576e-07,5.497446398306309e-07,5.971913870309028e-07,2.7885668258646426e-07,1.1423802983988576e-07,2.0915311561709798e-07,1.2754832213050623e-07,1.1701825981845381e-07,3.211222799871304e-07,3.256260669790944e-07,1.3974451082737464e-07,1.4256598469560556e-07,5.031218307386143e-07,1.868347084651052e-07,8.807937090826996e-07,1.141811231160505e-07,1.4300947610012862e-07,1.1474018301031798e-07,1.0797641929937412e-07
Oman,6.462779023489821e-07,1.8231377677083144e-07,7.090959998374565e-08,2.0499392254522873e-07,4.2700312400325086e-07,2.9375794282593257e-07,1.7707314673054653e-07,1.6697271824311185e-07,2.8849293852810384e-07,2.2716124836125736e-07,1.6787733465189054e-07,7.883371044112425e-08,2.6011303823447786e-07,1.5842562691899492e-07,2.4982501079790574e-07,1.9347351050680276e-07,1.9515001766873908e-07,9.367653010856309e-08,2.3969385217416664e-07,2.4575043910073873e-07,6.77920912994565e-08,2.0332885180052107e-07,7.237143032413353e-08,6.872670096531758e-08,1.4713053359148813e-07,2.157538678902191e-07,7.468231146365078e-08,2.066450340294013e-07,2.3901582462999587e-07,7.808942922238857e-08,3.545581809779907e-07,6.821462306968133e-08,1.8144528465517243e-07,2.0447226763586472e-07,4.0032451307178285e-07,1.8856056841712634e-07,1.7627080409381132e-07,1.8208650303676828e-07,1.2810745613422022e-07,3.772775246115604e-07,1.8801143102971215e-07,1.5419775490873448e-07,2.5729654111547654e-07,1.244166653519116e-07,8.072466449498894e-08,6.838517126924694e-08,1.3870563880271683e-07,7.719065465453928e-08,6.952362126946779e-08,2.270935618065078e-07,4.789637038682765e-07,1.3422381947036042e-07,7.800232799394651e-07,5.406902054028506e-07,3.997357708218225e-07,2.1036385343788097e-07,1.2680783941379656e-07,4.2186469503431233e-07,3.1709424472279024e-07,3.3046936186549496e-07,1.9875185003531745e-07,2.0938675263989977e-07,3.965269489782382e-07,1.366038551408185e-07,2.1068731547796213e-07,2.495860658390167e-07,2.1439142473166627e-07,1.5754211415213502e-07,1.5623531980905685e-07,1.4010812523904967e-07,6.832938240446436e-08,1.9436864749285285e-07,2.356614154285623e-07,1.6081790207549326e-07,2.0158232166364408e-07,2.36012448327604e-07,1.552073751550675e-07,3.5243994362409457e-07,1.9286661299304372e-07,1.8605341517230286e-07,1.7282573663505007e-07,0.001,6.091419477142129e-07,7.477929616194244e-08,6.727219834663438e-08,1.4419652171622635e-07,2.1338302130011237e-07,1.2971957751148315e-06,1.9313130288810687e-07,2.489857571850456e-07,1.8229969754557445e-07,2.570905654202781e-07,7.651666940135404e-07,1.3292191750034005e-07,2.3908015953204097e-07,1.3415582657758693e-07,2.12537562306195e-07,6.718270514306787e-07,1.5221894184145303e-07,1.4408510779765834e-07,1.640176316448238e-07,3.319242202002641e-07,3.4114033901804933e-07,1.507632997152413e-07,1.9050207463459025e-07,4.130775567100127e-07,1.5273562300577714e-07,4.1616343021573743e-07,2.6082481354237337e-07,2.179266110514846e-07,2.0370773488580718e-07,3.4505473315995677e-07,7.731778151788906e-08,2.854684561685916e-07,2.6196936346471835e-07,2.205312649848412e-06,1.6316372545774796e-07,1.9286661299304372e-07,2.3901582462999587e-07,2.0176125203640414e-07,1.8500945291440538e-07
Pakistan,1.7248224522513995e-06,1.554132731422886e-07,6.3720648827822e-08,1.9363839390954377e-07,4.262979885368962e-07,4.784817937721795e-07,1.7129755029974636e-07,1.3602931136311365e-07,4.953943118538047e-07,2.085544982827923e-07,1.3205875904729014e-07,7.180222247866203e-08,2.3673295023362157e-07,1.3192827070630617e-07,1.7716667001246328e-07,2.4620523834662273e-07,1.5126392235414652e-07,1.006488654431819e-07,1.7516050792455825e-07,1.8327575411325126e-07,6.14091460309886e-08,3.013541949777144e-07,6.899031717395203e-08,6.764399888814182e-08,1.2299449747772838e-07,2.002130264336653e-07,7.424117874519113e-08,1.9930759746439955e-07,1.722619149788173e-07,7.606105846894315e-08,2.557099699692357e-07,6.822059722441936e-08,1.421671784253375e-07,2.166910240471666e-07,2.4210178751540907e-07,2.054087580193502e-07,1.6560919644560133e-07,1.4173897255136262e-07,1.1171494512125518e-07,3.6780330263370273e-07,1.8228493817115866e-07,1.2753396468337007e-07,2.2387120248105825e-07,1.3313841647798404e-07,7.660252075562578e-08,6.874633436171583e-08,1.1829522220482665e-07,7.54140922777725e-08,6.93047590312504e-08,2.1471060519125564e-07,7.615520429582818e-07,1.5185104247353985e-07,6.109112714080279e-07,4.0226205019023913e-07,2.9718666389272343e-07,1.9168723908043836e-07,1.5970518646824945e-07,3.073977275820439e-07,4.985973598166073e-07,2.1440065645503686e-07,2.643710186329394e-07,2.182330695730954e-07,3.081964217784268e-07,1.1566945390224363e-07,2.1733060767644454e-07,2.2401116138483013e-07,1.6510009973580117e-07,1.846721798832778e-07,1.3204567763897662e-07,1.2218631639512918e-07,7.103387634045898e-08,2.8495090152656074e-07,2.1217837029009703e-07,1.4261924811497677e-07,1.5323044267389006e-07,3.411670649778454e-07,1.2378227220972104e-07,7.240523148667967e-07,1.5462354586933682e-07,1.476810319271998e-07,1.8013514524691425e-07,6.091419477142129e-07,0.001,6.74283885449529e-08,6.304804806674402e-08,1.768559414972515e-07,2.110514571275941e-07,5.230063892850387e-07,1.4795610675625102e-07,2.3458212222104934e-07,2.490223990136677e-07,1.8082350792085183e-07,3.958601526253832e-07,1.1521996353481421e-07,2.1956608443726655e-07,1.1454036771993065e-07,1.9862954259606175e-07,3.2179331136002846e-07,1.2264465708696897e-07,1.8800488907456626e-07,1.5028165624235076e-07,3.578953181709479e-07,2.267671255454267e-07,1.7017240742957908e-07,1.7956437345705176e-07,3.2845989956242863e-07,1.9671951024753283e-07,9.974218702404624e-07,1.831023939857904e-07,2.8662118532239664e-07,1.7556338572776154e-07,2.991792799030432e-07,8.092832283018936e-08,1.9448743936495306e-07,2.610740028443496e-07,5.815839094108702e-07,1.6080900012072988e-07,2.5117998752717426e-07,1.722619149788173e-07,1.521488878003941e-07,1.428856241398077e-07
Paraguay,6.954272183799183e-08,1.1568694440980352e-07,7.393711098897956e-07,9.478632125900716e-08,7.744762671113904e-08,5.963594380305895e-08,9.824485011066263e-08,1.3367567798308063e-07,5.9429388311780096e-08,9.342261532387117e-08,1.2032197456367618e-07,6.78556839893599e-07,8.94601673747492e-08,1.3725809915773944e-07,1.0351244867130285e-07,5.581798568032385e-08,1.2116721249746316e-07,1.0209513886803582e-07,1.086740637810347e-07,1.066548115051253e-07,6.628524033989131e-07,5.586436749127472e-08,2.983205376260168e-07,2.1639486613647516e-07,1.4900232764826515e-07,9.447534510927068e-08,1.8279121966365297e-07,9.244352436743487e-08,1.0754087974701901e-07,2.0635257058607178e-07,9.127705460457108e-08,1.8914278914495967e-07,1.2719267320952368e-07,8.449130710123183e-08,9.114673721254258e-08,8.338728589841406e-08,1.0264825682317676e-07,1.2655680883257013e-07,1.6516604241976412e-07,7.931067533348557e-08,9.540039493660702e-08,1.4299193202328674e-07,9.281538719686569e-08,9.410614092733637e-08,2.560526648087132e-07,1.8113878558227054e-07,1.5523119716532764e-07,2.039343342774098e-07,1.913526956741639e-07,9.102037879467194e-08,6.503967345555369e-08,5.9174986913876117e-08,7.548619921719283e-08,8.036648941237232e-08,8.650717556576713e-08,9.734421332598647e-08,5.584880455729237e-08,8.579670057619614e-08,6.880816674690523e-08,9.368241901491035e-08,5.502232516909836e-08,8.538721612251881e-08,8.521048705055105e-08,1.6119666575641256e-07,8.608084966352663e-08,9.174042387889578e-08,9.43466171896653e-08,5.7077202194309444e-08,1.3594874854442056e-07,1.449719262072639e-07,1.434700500432257e-07,5.8710472672484556e-08,9.361924959233391e-08,1.2051913255865708e-07,1.048969712884781e-07,5.6937523294763085e-08,1.311685436991345e-07,6.17851668199891e-08,1.1934055136709706e-07,1.2407108472297959e-07,8.959996290432684e-08,7.477929616194244e-08,6.74283885449529e-08,0.001,4.1737519708215843e-07,5.2918159505933433e-08,8.920296485742878e-08,7.735125040424148e-08,1.2146710598427954e-07,8.85066049193168e-08,6.430010508534771e-08,1.0282700644663668e-07,8.126035401330983e-08,1.5864156463499355e-07,9.155508909218588e-08,1.6268748070797735e-07,9.44035962627692e-08,8.211794831850466e-08,1.2391197856879695e-07,5.4445087749602413e-08,1.118179124474166e-07,6.535462521839432e-08,9.563313323035803e-08,8.186711259464112e-08,9.819603126639035e-08,8.358425121353539e-08,5.023486223220983e-08,6.704822848386396e-08,9.936669054749561e-08,5.6967797386000527e-08,1.0541014904025404e-07,8.45239395578638e-08,1.2678023610738767e-07,9.941067718827583e-08,8.400975614294971e-08,7.600392301006922e-08,9.928740307562616e-08,5.500414503944191e-08,1.0754087974701901e-07,1.089807216877105e-07,1.1144694118448653e-07
Peru,6.540007814023359e-08,1.0559961482525256e-07,3.416935055679209e-07,9.285687435597695e-08,7.38427920759918e-08,5.5954505069086414e-08,9.833053111973473e-08,1.119624984696688e-07,5.6770569804645186e-08,9.013402634570754e-08,9.41845004996518e-08,4.3439865751537224e-07,8.579063570900234e-08,1.1677023605476619e-07,8.547902418537517e-08,5.087169958129294e-08,1.0086094310866491e-07,1.2591156481507111e-07,9.162047774621573e-08,9.231587356932639e-08,4.3968031104991295e-07,5.8026972126065884e-08,6.209452029772963e-07,4.197114979081819e-07,1.232003991528298e-07,9.167267965774138e-08,2.8476867554999457e-07,9.126164778090763e-08,8.909449275073463e-08,3.067066936412879e-07,8.268520834790915e-08,3.336720451767697e-07,1.0396860110755257e-07,8.590364456199693e-08,7.820189654212844e-08,8.632815933188315e-08,1.0110376805226369e-07,1.0253837206930212e-07,1.4165014841262716e-07,7.58927177250022e-08,9.507822687496018e-08,1.1849052964858432e-07,8.776302238922729e-08,1.0556600351945971e-07,3.430728832487543e-07,3.097551617582348e-07,1.3046257073872295e-07,3.0945331845249223e-07,3.3358743791404827e-07,8.873045191355438e-08,5.9068836104636956e-08,5.68421932398793e-08,7.013918338527507e-08,7.459243832787057e-08,7.965723560064691e-08,9.37697539946501e-08,6.434642978542004e-08,7.889433880267251e-08,6.838963938847236e-08,7.894192274221904e-08,5.232128520556336e-08,8.620869998946741e-08,7.910774639080025e-08,1.316631080279079e-07,8.661932981657637e-08,8.766294431744405e-08,7.716822748321805e-08,5.328056995452307e-08,1.1813514961585245e-07,1.2895166626839966e-07,2.1639486613647516e-07,6.245090914994435e-08,8.96073141256804e-08,1.129676525985353e-07,8.449156974621771e-08,5.395159478600606e-08,1.0090884722615983e-07,5.837856083527663e-08,1.032233771840956e-07,1.045916007576719e-07,9.283354187871251e-08,6.727219834663438e-08,6.304804806674402e-08,4.1737519708215843e-07,0.001,5.541960197916981e-08,8.858958132153593e-08,7.032228857314339e-08,9.892442728255289e-08,8.581808797352525e-08,6.922452055963811e-08,8.524547697877956e-08,7.353327501450016e-08,1.3620148971344224e-07,8.822389192389106e-08,1.3450558788678215e-07,9.19186412393536e-08,7.135851644959257e-08,9.581123208618937e-08,6.171572021428258e-08,1.083946008488415e-07,5.719907730624668e-08,8.328894395627552e-08,8.910096669877503e-08,9.648331163253746e-08,7.794913303764483e-08,5.656933493050213e-08,6.481609030327427e-08,8.207880675274916e-08,5.178126130509888e-08,9.830345849360984e-08,7.987766805288824e-08,1.7404753999554955e-07,8.326037063496947e-08,8.227305145133266e-08,6.888077438662024e-08,1.0125278634972208e-07,5.17907861083403e-08,8.909449275073463e-08,8.75895471261214e-08,8.868030030823641e-08
Philippines,1.6213174757560896e-07,8.304621681943163e-08,5.681263125517437e-08,9.69622428424548e-08,1.2858077164578403e-07,2.792445139245396e-07,9.300681094835976e-08,7.737735870205787e-08,2.7427404377126144e-07,9.896343221634409e-08,8.802098590660724e-08,5.114397611680577e-08,1.0422520396839006e-07,7.566996999765848e-08,9.688762956491125e-08,5.423300408158111e-07,8.322482837707051e-08,8.87594817823568e-08,9.06967438671092e-08,9.088053423370725e-08,5.648714516312538e-08,3.3580761303664276e-07,5.687682797105061e-08,6.178714591765239e-08,7.283946131314603e-08,9.759139533859355e-08,6.450525205819727e-08,9.935828470974303e-08,9.278852967891952e-08,6.170662211419528e-08,1.0457720141038652e-07,6.450725960148061e-08,8.099479854916745e-08,1.0967253792059975e-07,1.0900284764962645e-07,1.1103461672693555e-07,8.966277774497111e-08,8.171103636998684e-08,6.84950421275189e-08,1.2332511655891072e-07,9.585069497597114e-08,7.451655759817843e-08,1.0044164147012297e-07,9.542316640640428e-08,5.814923415172414e-08,6.54731311496475e-08,7.092071646678921e-08,6.198672203637796e-08,6.406091524372091e-08,1.0151085510487066e-07,2.060902454240949e-07,4.992895052305603e-07,1.372289322081186e-07,1.230506916903045e-07,1.1096053670082881e-07,9.485695896936223e-08,3.322169362268176e-07,1.1230869073433442e-07,1.5885394108897943e-07,1.0704081388992293e-07,5.249447500556232e-07,1.0841294609056305e-07,1.1273782918701837e-07,7.016651218968325e-08,1.0741269105316653e-07,1.0134638866547182e-07,1.1129923994880228e-07,6.397312848674874e-07,7.560036677937855e-08,7.244330019088704e-08,7.251617429809613e-08,2.5042125765021605e-07,9.901986703684586e-08,8.003843751813748e-08,9.849956337528875e-08,3.660666928473088e-07,8.280379875222223e-08,2.3396428452141836e-07,8.270565258473062e-08,8.124231973648445e-08,1.0159131795335588e-07,1.4419652171622635e-07,1.768559414972515e-07,5.2918159505933433e-08,5.541960197916981e-08,0.001,1.032724938960656e-07,1.3356715216827545e-07,8.413052115725509e-08,1.051245682035712e-07,1.811377777899937e-07,9.723511359365241e-08,1.2316966612014762e-07,6.978116640802587e-08,1.012554901425576e-07,6.960578449620493e-08,9.756109689024762e-08,1.2586917940502547e-07,8.715456725934357e-08,3.6835590115879253e-07,8.385595141495799e-08,2.2032770605211937e-07,1.0143395925747393e-07,1.1271249834699679e-07,9.349310095223367e-08,1.1555129948950934e-07,8.569094531515835e-07,1.7346475466434735e-07,1.0159863937958513e-07,4.19107784619006e-07,8.897276487258935e-08,1.129028414484941e-07,7.65914147986027e-08,1.0006893391427796e-07,1.1198692032357088e-07,1.384931469675949e-07,9.170623445515279e-08,5.695369744734682e-07,9.278852967891952e-08,9.4383191010075e-08,9.339180463007406e-08
Poland,2.3997690789662764e-07,3.313945769191827e-07,7.985537525554355e-08,1.4130320437110013e-06,4.0753223899378015e-07,1.5183838357384714e-07,8.941434179053494e-07,2.007586641792918e-07,1.5779103253177554e-07,1.1088192965445554e-06,1.218557664374223e-07,1.0131120850604127e-07,9.358569828506554e-07,2.103792536143138e-07,1.6070074249591817e-07,1.1710707783561838e-07,1.9406944948647895e-07,1.587176519065113e-07,2.003956113181708e-07,2.4358642601812325e-07,7.913118706725165e-08,1.4886375937512244e-07,1.0206722696454169e-07,9.921146385503884e-08,1.8567815108588837e-07,1.2070053991559329e-06,1.1353166400458904e-07,2.477861205945193e-06,1.7293878984916706e-07,1.1889480746840626e-07,3.448785466930024e-07,9.945890463830516e-08,1.779337743003051e-07,1.154919760884356e-06,1.9423689897922514e-07,7.239450086539738e-07,6.797950172755288e-07,1.6877831316832459e-07,1.8610668056575495e-07,4.783549472900415e-07,1.2967834151933826e-06,1.895387575036454e-07,6.881736891615102e-07,2.769279056989552e-07,1.192421092253192e-07,1.0012872822417597e-07,1.8903348690884958e-07,1.1726368731689167e-07,1.0207844897069552e-07,1.7982489121466311e-06,1.6572667998149274e-07,8.98522630614082e-08,2.8803034645096553e-07,3.4934704379996026e-07,3.883424835940147e-07,8.674000449924419e-07,1.1689552762933134e-07,3.739262419831774e-07,2.935643288291982e-07,1.6955833346388205e-07,1.2326522080479995e-07,1.5537964386193395e-06,4.192367762367519e-07,1.7472326013711673e-07,1.9359428342811753e-06,8.766634854670216e-07,1.1909301317340543e-07,1.0037824387037724e-07,2.2622720680175246e-07,2.2202022044536842e-07,1.0022961089937416e-07,1.697097826026418e-07,8.974438786536351e-07,3.3252794287247403e-07,1.2630575450781947e-07,1.370008647001455e-07,1.219160567204608e-07,1.7089491685935017e-07,2.4197138129152976e-07,2.0906879843727696e-07,7.902937473875827e-07,2.1338302130011237e-07,2.110514571275941e-07,8.920296485742878e-08,8.858958132153593e-08,1.032724938960656e-07,0.001,2.534267974276991e-07,1.69701145624008e-07,1.3148476564647447e-06,2.103195191565933e-07,1.6506274378365685e-07,2.726589478172446e-07,1.9277319944670756e-07,1.1202949674288246e-06,1.7825085376607364e-07,1.3148476564647447e-06,1.8705528137555648e-07,1.1134452807075144e-07,1.264300828309667e-07,4.4041015086199226e-07,1.3445632927051363e-07,2.381130589799704e-07,3.4500713630253156e-07,9.709352933632009e-07,4.218078490037321e-07,1.1497382401907681e-07,2.414707643449102e-07,1.518962474810427e-07,1.2460532258289515e-07,4.5748352882424086e-07,5.396589673068773e-07,1.2017571263412258e-07,1.735198357460282e-07,1.0951646558836094e-06,2.359250846143055e-07,6.722772089595539e-07,1.1974859877047863e-07,1.7293878984916706e-07,1.33597481155879e-07,1.2445684570382218e-07
Qatar,6.362311038546123e-07,2.0935601442262186e-07,7.249632401554047e-08,2.4318010399491536e-07,5.883582822792475e-07,2.557906566121545e-07,2.0472500222799653e-07,1.8311286102140035e-07,2.5621505691012506e-07,2.752773017980952e-07,1.660275804870982e-07,8.255359292321323e-08,3.2490834547414823e-07,1.7455764247085473e-07,2.535378832453029e-07,1.7304177167651962e-07,2.1280064383283213e-07,9.957867298421849e-08,2.6248021428375814e-07,2.8146150348055533e-07,6.957835178872045e-08,1.916866677111555e-07,7.637697241816136e-08,7.255124456905355e-08,1.5992720863253592e-07,2.5866178186024207e-07,7.924309110113309e-08,2.449802698078241e-07,2.505989017687231e-07,8.305434182919543e-08,4.701525613468716e-07,7.199855662725585e-08,1.950693479047396e-07,2.3757146162832595e-07,4.178778317089613e-07,2.148741068741706e-07,2.0397911305671766e-07,1.9370142030805448e-07,1.3940682834443238e-07,5.092099114328612e-07,2.193195714461763e-07,1.6794163613073203e-07,3.2085747611249067e-07,1.3563452194824798e-07,8.580606917143512e-08,7.217799014510102e-08,1.5110965874253419e-07,8.204885721185511e-08,7.346025286686923e-08,2.745480218314724e-07,3.691124765664203e-07,1.2276738902463263e-07,1.3506778019764461e-06,9.181768904991496e-07,5.73244614541863e-07,2.5108013252047723e-07,1.2317485712394588e-07,6.195809004617661e-07,3.4525937917681313e-07,3.266225005167159e-07,1.7902416255390476e-07,2.452078233840459e-07,5.707350690115398e-07,1.4764778511323702e-07,2.475795840348101e-07,3.0900022701243016e-07,1.978330488672402e-07,1.424581825619187e-07,1.7323699842064532e-07,1.5464665956677587e-07,7.184837598452705e-08,1.9057525470297294e-07,2.8797265175836896e-07,1.824512636674205e-07,1.941674071325425e-07,2.1017309017235386e-07,1.55612266364335e-07,3.0676089779587687e-07,2.1718829927872797e-07,2.0534917715391724e-07,1.9679747503095258e-07,1.2971957751148315e-06,5.230063892850387e-07,7.735125040424148e-08,7.032228857314339e-08,1.3356715216827545e-07,2.534267974276991e-07,0.001,2.0494299231990482e-07,3.068321535608768e-07,1.8759770291734045e-07,2.625839296290693e-07,1.5822111418913136e-06,1.4506559685763195e-07,2.9284104568221235e-07,1.4535330867192744e-07,2.539799042735598e-07,5.773766342506802e-07,1.4930676046581315e-07,1.3915966422868257e-07,1.8756171008826669e-07,2.655887105239489e-07,3.9986064926835963e-07,1.6508789388157787e-07,2.2319122261084608e-07,6.056782132159497e-07,1.4311887300625467e-07,4.203342553942739e-07,2.561948147680628e-07,1.9248214279164806e-07,2.401846891860657e-07,4.6840788356879125e-07,8.171825080423471e-08,2.933397894753113e-07,3.228138217150957e-07,3.086407453460509e-06,1.8613685252431142e-07,1.7362537545319633e-07,2.505989017687231e-07,1.9847886915803003e-07,1.8070316639693191e-07
Republic of the Congo,1.5507633441467988e-07,2.893649463224535e-07,1.1189696770939128e-07,1.8667231655882128e-07,1.7687003153767672e-07,1.1711234727106695e-07,1.7129503580303146e-07,5.466860023218808e-07,1.1576871452150773e-07,2.0026694715358398e-07,3.9685991610995396e-07,1.2809277855505595e-07,2.0100204269669483e-07,4.1095651983508125e-07,5.913236640310911e-07,9.957482697011092e-08,1.1865112154684045e-06,8.927157190706691e-08,9.028635511043423e-07,5.48377040457041e-07,1.0445498284633935e-07,9.924051114227638e-08,1.0316442429928149e-07,9.071031593228286e-08,4.1104886586669124e-07,1.9551679285298352e-07,9.456271574401705e-08,1.7781512516826864e-07,8.939608959493389e-07,1.0419775230500764e-07,2.8647782445548646e-07,8.658966271016903e-08,1.5434972500365964e-06,1.4874127662259652e-07,3.649605178709158e-07,1.3760311298112443e-07,1.8652910464209232e-07,2.764465364456474e-06,2.6085669303679494e-07,1.7992277969083338e-07,1.7269148671401612e-07,4.6875418760015615e-07,2.2288617209809853e-07,1.1148313306770764e-07,1.1639440021335534e-07,8.559744644744133e-08,3.2585239631453513e-07,1.0223603860123401e-07,8.86306323195853e-08,1.872592940635936e-07,1.3998847707259766e-07,8.567708371484257e-08,1.8460204149258192e-07,2.0661680185406715e-07,2.405090884162013e-07,2.057918320385421e-07,7.693887809209164e-08,2.392007577286653e-07,1.3424375877590814e-07,3.891425563549564e-07,9.949040546265734e-08,1.5401524373735883e-07,2.2578871234296708e-07,3.514030653339893e-07,1.5694548019206366e-07,2.085280771510004e-07,2.457893434913293e-07,9.210185824883763e-08,3.468522076561035e-07,2.6655791955243277e-07,7.803929063335862e-08,9.911291916410334e-08,2.0923926554904765e-07,2.3713065574535935e-07,3.4464280727437087e-07,1.0711869991620085e-07,4.2857350694594484e-07,1.247745797947761e-07,4.922139271822298e-07,6.931563327056399e-07,1.4284993959412831e-07,1.9313130288810687e-07,1.4795610675625102e-07,1.2146710598427954e-07,9.892442728255289e-08,8.413052115725509e-08,1.69701145624008e-07,2.0494299231990482e-07,0.001,1.8872859012946003e-07,1.0179982261835256e-07,5.977793441696358e-07,2.3107110021171963e-07,2.7759464673151063e-07,1.99201161696047e-07,3.202860171687697e-07,1.920616939647862e-07,2.526182170608078e-07,3.0837224056954027e-07,8.288353535580313e-08,2.026580443811421e-07,1.3544852574603587e-07,4.131106094583814e-07,1.1392674112339535e-07,1.865125763201477e-07,2.1508082537712937e-07,8.552861295745307e-08,1.3856738264074642e-07,4.3681827271380027e-07,1.0516781920945669e-07,2.547924614704634e-07,2.0498840058105412e-07,8.33576174891144e-08,5.248753459371294e-07,1.731122715562894e-07,1.9842278308178996e-07,1.5884575079393778e-07,9.847472538487747e-08,8.939608959493389e-07,4.4205068302845555e-07,3.7566371211890657e-07
Romania,2.714983056849974e-07,3.598562816743702e-07,7.961908462005039e-08,1.105745626626466e-06,5.211132204963405e-07,1.6066470529326491e-07,6.105131365014204e-07,2.1788595499347114e-07,1.6621802559631905e-07,1.6814158109773264e-06,1.3279215495720164e-07,9.959452982749073e-08,2.9997056471846135e-06,2.2457549608961154e-07,1.8164210356491333e-07,1.2178223380438867e-07,2.1708340541241979e-07,1.4163344574337068e-07,2.304614134169103e-07,2.871412670418874e-07,7.827630543913843e-08,1.514434691116148e-07,9.773090927071465e-08,9.395769591941222e-08,1.9624044667594404e-07,1.339327056118059e-06,1.0628550568441815e-07,1.2150057746777504e-06,1.9622903036413876e-07,1.1189285561275452e-07,4.64172919137302e-07,9.372542671166729e-08,1.9647539383447265e-07,6.905436265777196e-07,2.2769223270410929e-07,4.988204255395205e-07,5.632457638383476e-07,1.8632396933341775e-07,1.885891756734111e-07,6.473101518027343e-07,7.674481053403059e-07,2.0240130081537754e-07,1.2261214203054147e-06,2.2875163593032411e-07,1.1370058207968367e-07,9.418240590739994e-08,1.9610508774973112e-07,1.1030178519075655e-07,9.613088736068858e-08,2.5031014314236236e-06,1.8110778562758505e-07,9.264401670646674e-08,3.499706547696616e-07,4.6082074096486953e-07,5.506948990971041e-07,9.708643594315481e-07,1.1461498105583254e-07,5.215036928429246e-07,3.090875290488025e-07,1.943617646564059e-07,1.2775315882054227e-07,8.171083132999753e-07,6.11729197270458e-07,1.8217469306060486e-07,8.971360016427784e-07,1.91517840829671e-06,1.3091357509418985e-07,1.0397210826137594e-07,2.388002308621116e-07,2.2545774782034745e-07,9.355510094723112e-08,1.6907108394990407e-07,1.5273600950828377e-06,3.3320059499927116e-07,1.3916037145559544e-07,1.4309278211678406e-07,1.3204440665171396e-07,1.8252204481690385e-07,2.714766784617832e-07,2.3224443853409276e-07,4.942815775696273e-07,2.489857571850456e-07,2.3458212222104934e-07,8.85066049193168e-08,8.581808797352525e-08,1.051245682035712e-07,1.3148476564647447e-06,3.068321535608768e-07,1.8872859012946003e-07,0.001,2.0134835367810122e-07,1.87265634742385e-07,3.4067260949337454e-07,1.9667678205501882e-07,2.592295694519551e-06,1.8447852410291788e-07,1.2917834012392456e-06,2.1754422847662852e-07,1.2039532989571465e-07,1.2499522193081075e-07,4.095637970990551e-07,1.4566063335914384e-07,2.8828693030489616e-07,2.7992515892511054e-07,7.650525215597251e-07,6.094539410332077e-07,1.161709077687378e-07,2.6279639634372126e-07,1.7109879456575346e-07,1.303799990481894e-07,5.258950973662503e-07,8.850760116112515e-07,1.1046203891790187e-07,1.9871569206883361e-07,1.6034892194349397e-06,2.8059798331737075e-07,4.7318530489378745e-07,1.2411025367674884e-07,1.9622903036413876e-07,1.4762775361716568e-07,1.3650217912517522e-07
Russia,2.5382293943020634e-07,1.2944527461630974e-07,5.9210265334859825e-08,1.830758406910584e-07,2.395875823202342e-07,2.454678230841866e-07,1.7810537194446168e-07,1.0497666538887439e-07,2.715206065513625e-07,1.8176569956973798e-07,8.808320187921985e-08,7.101754422060319e-08,1.9186135467453597e-07,1.0616431187051053e-07,1.0814089942918079e-07,1.9110977858681798e-07,1.0728661964861836e-07,1.507677035370265e-07,1.1462863314003516e-07,1.238527247724195e-07,6.023061726442048e-08,3.5675792748058825e-07,7.76809665231749e-08,8.172695971670292e-08,9.938092449637582e-08,1.807357318004363e-07,9.114589107090798e-08,1.9396372029202805e-07,1.0897792097261596e-07,8.922550586882155e-08,1.5771561589560538e-07,8.487989449371176e-08,1.0188662384002359e-07,2.518552564115328e-07,1.2975772440016226e-07,2.7161995920401546e-07,1.6323206646318018e-07,9.995769221573018e-08,9.882483910052228e-08,2.3410126525194507e-07,1.8626491368523378e-07,1.0099781687097774e-07,1.750023625076989e-07,1.984381604382369e-07,8.443159599242354e-08,8.631911122836262e-08,9.967190750038207e-08,8.911587398657763e-08,8.568707099576399e-08,1.9420940565587762e-07,2.0823746448575937e-07,1.3480896772090438e-07,2.1603215931650218e-07,1.991725302995252e-07,1.7645212836614152e-07,1.7036556811119094e-07,2.6313974847578815e-07,1.772203744677362e-07,4.080761715870456e-07,1.1916124720139528e-07,2.1365688620389364e-07,2.4105912319350935e-07,1.8521147653257404e-07,9.573219147951158e-08,2.344593261757176e-07,1.8274446610261207e-07,9.929193990876772e-08,1.5462499474420053e-07,1.0941477109261545e-07,1.0806647932860361e-07,9.442699872948371e-08,6.278984868992054e-07,1.77994362117056e-07,1.2899372306286165e-07,9.579279968773018e-08,2.3678660094433866e-07,8.532490112550591e-08,2.661414928435437e-07,1.1641294434034213e-07,1.0915285059700991e-07,2.2331484563359283e-07,1.8229969754557445e-07,2.490223990136677e-07,6.430010508534771e-08,6.922452055963811e-08,1.811377777899937e-07,2.103195191565933e-07,1.8759770291734045e-07,1.0179982261835256e-07,2.0134835367810122e-07,0.001,1.0987476204518797e-07,1.7531623028048474e-07,1.0059561204669035e-07,1.8714778608783106e-07,9.657813780067211e-08,1.8218550161276945e-07,1.4374993604274968e-07,8.317860698334481e-08,3.1074152601236776e-07,1.4383523799400656e-07,1.640851705893644e-07,1.339909638746707e-07,2.976849278696593e-07,1.738270429911423e-07,1.932332159365524e-07,2.2873999305979094e-07,3.234430098282445e-07,1.083090057215671e-07,2.001968643837769e-07,1.4588038787303422e-07,2.0013703314270216e-07,1.1072762255205584e-07,1.1489494707397425e-07,2.2951499612113004e-07,1.8738800559728203e-07,1.7837922974386152e-07,2.0372070375636771e-07,1.0897792097261596e-07,9.6447002331471e-08,9.211745620245938e-08
Rwanda,1.872206363322456e-07,2.2726095278157106e-07,9.747355482404987e-08,1.753728737641693e-07,1.9875442393863967e-07,1.4103844424093317e-07,1.57376562242533e-07,3.003362622407571e-07,1.3805140899166424e-07,1.9107111935968276e-07,4.3364283378668033e-07,1.0602228788630927e-07,1.99638251467209e-07,2.560863217498509e-07,6.028987043921442e-06,1.1843206529160287e-07,4.570948115636017e-07,8.28872388887417e-08,7.088398214463795e-07,4.4703615668104317e-07,9.122618661107285e-08,1.139099950881121e-07,8.798076518487833e-08,7.881935389762195e-08,2.4752452765647133e-07,1.8454857579429195e-07,8.218932772793296e-08,1.6947679650915003e-07,1.669957064725633e-06,8.918989758197669e-08,3.1164494870935447e-07,7.579368753133339e-08,4.406340019588171e-07,1.4764487510186428e-07,7.050454344805971e-07,1.3645373091448301e-07,1.6699809369542092e-07,4.916745761381547e-07,1.8457702679134407e-07,1.9764683631760428e-07,1.6122582667289978e-07,2.687588281096831e-07,2.1677372445728742e-07,1.048497561332004e-07,9.759925031695615e-08,7.509454355059979e-08,2.1476250071639708e-07,8.774868380862942e-08,7.738882483951555e-08,1.8129391845320779e-07,1.7613204076007566e-07,1.0000599313574364e-07,2.233100123894598e-07,2.412925223477885e-07,2.672753309479092e-07,1.9027018242017254e-07,8.503746093567968e-08,2.6975507817906937e-07,1.5035823061395557e-07,1.0524039806292982e-06,1.1762859419573991e-07,1.525192388318257e-07,2.492026549702602e-07,2.2276398383601274e-07,1.5497051459180456e-07,2.0322336318591204e-07,3.680006835267579e-07,1.0875718872462875e-07,2.3340920685595607e-07,1.926591840029663e-07,6.965418218056301e-08,1.1090763062778807e-07,2.0009700761893554e-07,1.8970634031518923e-07,5.323140493665948e-07,1.275230792316817e-07,3.8133895121829437e-07,1.502974179059325e-07,3.191017914419254e-07,3.602052014976129e-07,1.3701587501324226e-07,2.570905654202781e-07,1.8082350792085183e-07,1.0282700644663668e-07,8.524547697877956e-08,9.723511359365241e-08,1.6506274378365685e-07,2.625839296290693e-07,5.977793441696358e-07,1.87265634742385e-07,1.0987476204518797e-07,0.001,2.943080688858058e-07,1.9357219232822356e-07,1.9329431869227095e-07,2.1054390357099894e-07,1.8120447347018715e-07,4.017331514004767e-07,3.2731836581910224e-07,9.248275528429699e-08,1.7249925419322326e-07,1.73841348455126e-07,5.318755566744038e-07,1.1231523630258747e-07,1.71261341542768e-07,2.3923605389695553e-07,9.798052746848314e-08,1.618519252589681e-07,1.4088371319564066e-06,1.2608520144889027e-07,2.197031893704067e-07,2.1889072516092727e-07,7.50777816568358e-08,2.5031793173498478e-06,1.76863629039712e-07,2.5804495750292765e-07,1.4545211050623448e-07,1.1650490091547403e-07,1.669957064725633e-06,6.954876101610236e-07,5.022054854089654e-07
Saudi Arabia,4.6814249786434e-07,2.392403759722002e-07,7.57422343710608e-08,2.6806937528135793e-07,5.764787296651241e-07,2.202156082905364e-07,2.2154923747538018e-07,2.0691137851505817e-07,2.2080226894651015e-07,3.098328126277884e-07,1.7625319929414648e-07,8.709638085446807e-08,3.6953923139778925e-07,1.962035908805027e-07,2.820372776288373e-07,1.5608569655009035e-07,2.440464187228585e-07,1.0094703938155669e-07,3.0873032260316204e-07,3.4125497320702925e-07,7.267023807916206e-08,1.7214675399797754e-07,7.992931316555734e-08,7.533819288638336e-08,1.778603120187546e-07,2.886270980258679e-07,8.223688364439196e-08,2.6706287855346204e-07,2.852652700329547e-07,8.675398924019035e-08,6.591633451478712e-07,7.446245222277875e-08,2.2042464461082581e-07,2.4636967853406936e-07,4.942883610290295e-07,2.1979253625914743e-07,2.2380321933563785e-07,2.176333915812793e-07,1.5275828910833706e-07,5.2892154109297e-07,2.3764467425156923e-07,1.8777451979195585e-07,3.7624316898004014e-07,1.386824458473807e-07,9.024395084238496e-08,7.454740147671919e-08,1.6705693421084086e-07,8.561010673293467e-08,7.606414861946666e-08,3.0360034659423843e-07,3.002110182805079e-07,1.1430709833300607e-07,9.077226405419732e-07,1.1210574618217682e-06,8.08964683079992e-07,2.826343299433875e-07,1.1526879059685621e-07,9.03833202003069e-07,3.0732333038825977e-07,3.6229909824831413e-07,1.6082872573890575e-07,2.56465931971393e-07,7.566991080790677e-07,1.6281571408512196e-07,2.603490122216087e-07,3.5430833878346345e-07,2.006771255999969e-07,1.310155487571208e-07,1.9440034436861635e-07,1.709448299153042e-07,7.342797345724766e-08,1.7344669321549913e-07,3.2859146187774574e-07,2.0352144529425452e-07,2.0383212207545016e-07,1.8553820406374746e-07,1.662138897705828e-07,2.573427088448944e-07,2.5174058137598765e-07,2.355028942216682e-07,2.0526171999260397e-07,7.651666940135404e-07,3.958601526253832e-07,8.126035401330983e-08,7.353327501450016e-08,1.2316966612014762e-07,2.726589478172446e-07,1.5822111418913136e-06,2.3107110021171963e-07,3.4067260949337454e-07,1.7531623028048474e-07,2.943080688858058e-07,0.001,1.595961236802058e-07,3.302394496940719e-07,1.6005720265574359e-07,2.820777289632846e-07,5.836714643096802e-07,1.5664751962629882e-07,1.2900279525053493e-07,2.0712740035229638e-07,2.317226568942491e-07,5.213446143043866e-07,1.6566725011714964e-07,2.454830022069885e-07,7.709280855187396e-07,1.314340216077705e-07,3.4604406538799363e-07,2.7804311048638503e-07,1.7172622575922674e-07,2.770154619210323e-07,5.51093984826745e-07,8.342486738577968e-08,3.332163835986179e-07,3.4548593821163593e-07,1.088477571231792e-06,1.9900959124775786e-07,1.5647489825709806e-07,2.852652700329547e-07,2.1208256703392118e-07,1.9096053743725114e-07
Senegal,1.2250172850908238e-07,4.2634637501966973e-07,1.333508971510447e-07,2.2317583734236598e-07,1.5130373074132698e-07,9.290880395543138e-08,2.2749398203918576e-07,5.437237249887862e-07,9.359194728734661e-08,2.2202820942560798e-07,1.7391364335029805e-07,1.9054522318290774e-07,2.0336131767597406e-07,7.670386517100009e-07,1.91264082395396e-07,7.891216709418477e-08,3.3538264183703523e-07,1.224174164492989e-07,2.56132771207669e-07,2.812334262974606e-07,1.2802550558602598e-07,8.612720716743218e-08,1.5487686378186636e-07,1.3140012302699782e-07,8.430844831338347e-07,2.255291560324137e-07,1.4283036921216643e-07,2.0896111364216657e-07,2.1895171131524435e-07,1.6525232751238164e-07,2.0908811900935265e-07,1.2411324003584055e-07,3.383937942635903e-07,1.6717690076896586e-07,1.751005279938919e-07,1.5761243779136188e-07,2.5958900409338676e-07,3.040899698482617e-07,3.520162985517784e-06,1.5856840093134705e-07,2.17570915291305e-07,6.806628383424836e-07,2.2302568350742924e-07,1.4991231359353914e-07,1.9357374468125283e-07,1.2248065478579788e-07,1.8283808572657293e-06,1.6038173495915994e-07,1.2857644035781616e-07,2.0697317738700315e-07,1.042266793669673e-07,6.712993332256628e-08,1.419625122049167e-07,1.6118665444019833e-07,1.8802996541087454e-07,2.438674860654086e-07,7.277502262153285e-08,1.842655411981373e-07,1.2087683561682897e-07,1.6947702928662573e-07,8.028112113619347e-08,1.7256573998524397e-07,1.829830974105584e-07,1.0364684341549844e-06,1.761631658340517e-07,2.1558597897925213e-07,1.3049017372814755e-07,7.21698032814829e-08,8.905455923406681e-07,1.4341034032260387e-06,1.0849254274938537e-07,9.091635928765383e-08,2.2526501869799092e-07,4.557540548855036e-07,1.5497510080273658e-07,8.613888038873225e-08,1.913573398023673e-07,9.942881015590896e-08,4.20997902388543e-07,4.106438303619486e-07,1.7665853120780094e-07,1.3292191750034005e-07,1.1521996353481421e-07,1.5864156463499355e-07,1.3620148971344224e-07,6.978116640802587e-08,1.9277319944670756e-07,1.4506559685763195e-07,2.7759464673151063e-07,1.9667678205501882e-07,1.0059561204669035e-07,1.9357219232822356e-07,1.595961236802058e-07,0.001,2.128077085892968e-07,1.4997339409027443e-06,2.2384147819445718e-07,1.4584388248944956e-07,1.5944730418039097e-07,7.647753362105553e-08,3.2870037108342056e-07,9.646061363369628e-08,2.1112523715213852e-07,1.3592422647112758e-07,2.38520664628154e-07,1.758904078219246e-07,7.350977611895824e-08,1.1603417873412969e-07,1.7103532382846763e-07,8.272197871334909e-08,3.1184673264663e-07,1.8091240443909223e-07,1.1820606787454328e-07,1.899940499738522e-07,1.7522130474678654e-07,1.3923645998128729e-07,2.192742559807237e-07,7.909529063956611e-08,2.1895171131524435e-07,1.7210750492834832e-07,1.6362618010902442e-07
Serbia,2.5155722097700664e-07,4.1761374431167834e-07,8.211583018730042e-08,1.4234094765076074e-06,4.52226637067466e-07,1.52701262192344e-07,6.731270095848767e-07,2.3635230022735206e-07,1.5739920960491722e-07,4.1561841787205854e-06,1.3672329438818152e-07,1.0332917876318317e-07,2.9238970962789687e-06,2.452578678862127e-07,1.8735880571655823e-07,1.170833479635062e-07,2.3248726371982015e-07,1.408815802788224e-07,2.4391648620164714e-07,3.105176130000235e-07,8.06212428477227e-08,1.432971014907786e-07,1.0056243718034096e-07,9.598197256333531e-08,2.1187325787974545e-07,2.1948652121756585e-06,1.0854775621678096e-07,1.3089274291553085e-06,2.0449951377543994e-07,1.1498880304245112e-07,4.872775497257687e-07,9.542080798777505e-08,2.0929420407419812e-07,5.870609573337516e-07,2.3162208906560245e-07,4.4476054809019206e-07,6.619119408750987e-07,1.9728886719085104e-07,2.033304248749325e-07,5.428121830183362e-07,8.401147869158166e-07,2.187548872828343e-07,1.7807943740333522e-06,2.25471287979814e-07,1.1763924461214907e-07,9.578204359101982e-08,2.1209776566914935e-07,1.1322927265439948e-07,9.79704275403786e-08,2.9200988463307304e-06,1.7274695850483384e-07,8.996624833599675e-08,3.242280734887263e-07,4.279847386385659e-07,5.443865186444078e-07,1.4836045244000953e-06,1.0979414051827695e-07,5.118866777942154e-07,2.769486265652267e-07,1.97942608417483e-07,1.2240382081392515e-07,6.788721359366809e-07,5.859620085417841e-07,1.9578048241053495e-07,7.398491871201626e-07,3.929040116836402e-06,1.3216709034014167e-07,1.0061169612728896e-07,2.628263377493738e-07,2.468063591636042e-07,9.437892899974735e-08,1.5872908108584445e-07,3.628548971899476e-06,3.8067502579189576e-07,1.4207070686149926e-07,1.3650449876280896e-07,1.3663009541229173e-07,1.7233965894432635e-07,2.995554251261361e-07,2.517955682905674e-07,4.699256609888859e-07,2.3908015953204097e-07,2.1956608443726655e-07,9.155508909218588e-08,8.822389192389106e-08,1.012554901425576e-07,1.1202949674288246e-06,2.9284104568221235e-07,1.99201161696047e-07,2.592295694519551e-06,1.8714778608783106e-07,1.9329431869227095e-07,3.302394496940719e-07,2.128077085892968e-07,0.001,1.9855885637224065e-07,1.91385060409247e-06,2.157786193547711e-07,1.2362655276058205e-07,1.1924646890471614e-07,4.740000719269657e-07,1.409810241858082e-07,3.0063703949965185e-07,2.639725440794659e-07,9.364573978813004e-07,5.664292041722657e-07,1.113070367494232e-07,2.411273383164916e-07,1.7503102209711423e-07,1.2511942519276326e-07,6.589052889798067e-07,7.740752804357283e-07,1.1116189717031151e-07,2.046537995998971e-07,9.907331417211314e-07,2.6813564706764877e-07,4.992788464467636e-07,1.1909358694724424e-07,2.0449951377543994e-07,1.5159173679810083e-07,1.3994868855614318e-07
Sierra Leone,1.2127134053284126e-07,3.785292277106327e-07,1.3769966922920427e-07,2.039295148443043e-07,1.471617086041981e-07,9.27044778546422e-08,2.0384194005561393e-07,6.596947637336684e-07,9.303132547458942e-08,2.0570842356757052e-07,1.9463834695768042e-07,1.9095255060644593e-07,1.9163115595250553e-07,8.681585089078945e-07,2.0859494440264302e-07,7.922918609136193e-08,3.8322839731151117e-07,1.132354423902944e-07,2.7871596713548353e-07,2.943062604430723e-07,1.3069932239381328e-07,8.46929671320235e-08,1.4908472012904706e-07,1.2576080539982982e-07,1.3922543038393094e-06,2.0740981148621388e-07,1.341640280766054e-07,1.917630632946341e-07,2.406399263958598e-07,1.5442552902505271e-07,2.0735251766076478e-07,1.1842572197211569e-07,4.0191905550855064e-07,1.5540492155539165e-07,1.834808636933427e-07,1.4633874504377252e-07,2.2976551213111112e-07,3.5902585951196457e-07,1.2813590376388957e-06,1.5337180076693343e-07,1.9703607980502018e-07,9.541121350337943e-07,2.104449645508553e-07,1.3671072124812108e-07,1.8172537044413502e-07,1.1669659976812694e-07,3.107690621539745e-06,1.50154136536792e-07,1.2235781489120646e-07,1.9203077568767726e-07,1.0480524027128509e-07,6.819307217037229e-08,1.4055863397855975e-07,1.5878186663920263e-07,1.8472813000730638e-07,2.2298598684427597e-07,7.071322671108644e-08,1.8146131013435547e-07,1.172249151112933e-07,1.8022715814219908e-07,8.022619842675151e-08,1.60357657361612e-07,1.7886451355618985e-07,3.200144440998704e-06,1.6356664257128118e-07,2.0229167056186127e-07,1.4006314446998485e-07,7.297555647647603e-08,8.04220543124685e-07,7.852036464488117e-07,1.0307562462984831e-07,8.84679400320837e-08,2.0979840550196813e-07,3.7211237526072786e-07,1.6940375148967062e-07,8.593829636874044e-08,2.1790018519364962e-07,9.890782050082039e-08,4.393585538857385e-07,4.653833529360277e-07,1.6152595988503285e-07,1.3415582657758693e-07,1.1454036771993065e-07,1.6268748070797735e-07,1.3450558788678215e-07,6.960578449620493e-08,1.7825085376607364e-07,1.4535330867192744e-07,3.202860171687697e-07,1.8447852410291788e-07,9.657813780067211e-08,2.1054390357099894e-07,1.6005720265574359e-07,1.4997339409027443e-06,1.9855885637224065e-07,0.001,2.054868554493282e-07,1.50585734708519e-07,1.7753956603795849e-07,7.456715391483222e-08,2.8023906804114683e-07,9.82557260604444e-08,2.1865658184162984e-07,1.2613722024767452e-07,2.1498018971692242e-07,1.7178746712187526e-07,7.266118432228792e-08,1.1395508122999006e-07,1.8503214436184615e-07,8.303832728158137e-08,2.8415248213095925e-07,1.7456212718320225e-07,1.1058646176749704e-07,2.044022546483951e-07,1.6547512610515472e-07,1.3987650104025007e-07,1.9541698994915806e-07,7.916292199573817e-08,2.406399263958598e-07,1.8992544824744732e-07,1.8076301359670587e-07
Slovenia,2.2448011156270134e-07,4.4261485929571033e-07,8.417965850367298e-08,5.117146118014728e-06,3.718776264946327e-07,1.4292878885036062e-07,1.026803933274485e-06,2.3672250897519055e-07,1.4740701571194625e-07,3.081326237720753e-06,1.3184482292162493e-07,1.0749568972379915e-07,1.1606940589657347e-06,2.5042125765021605e-07,1.7606010783146273e-07,1.1133776049469158e-07,2.251208973390821e-07,1.5011858092619485e-07,2.2933730235690643e-07,2.8923469677955104e-07,8.296900484957567e-08,1.3669770415936873e-07,1.0570499036715335e-07,1.0097636766682657e-07,2.1614011499409393e-07,9.983882558524549e-06,1.1505543628835814e-07,2.3887676754617258e-06,1.9269471802429982e-07,1.2216041158384556e-07,4.014861723905101e-07,1.0041870404815764e-07,2.0411127337078235e-07,6.160533292092485e-07,2.1042016784710886e-07,4.724368409318931e-07,9.941318973349678e-07,1.9170112016977035e-07,2.1433378789301997e-07,4.318434195570275e-07,1.4071368654025794e-06,2.2146236992526437e-07,1.0346900489862527e-06,2.479922636753378e-07,1.2466086984304782e-07,1.0082675345929846e-07,2.1999732855901383e-07,1.2020768752387666e-07,1.0324029827600261e-07,2.5031014314236236e-06,1.591007889946601e-07,8.645789409145051e-08,2.780994708734853e-07,3.4987068481612375e-07,4.2714677583056076e-07,2.548899133362063e-06,1.0770620993215694e-07,4.0629340002003706e-07,2.52731279558412e-07,1.8286384145617954e-07,1.1639562269123886e-07,7.123495330202917e-07,4.496402861995125e-07,2.0115690370812222e-07,7.831194684982666e-07,1.3735064086574234e-06,1.2515564642884055e-07,9.624184948380462e-08,2.7276227944643763e-07,2.635593629291951e-07,9.916263611572391e-08,1.524127527826835e-07,1.8248775353697466e-06,4.3190990426933e-07,1.352215036184097e-07,1.28938374586295e-07,1.3275625470932683e-07,1.5996113866891752e-07,2.9500682545400263e-07,2.4718489704738635e-07,5.526492826675113e-07,2.12537562306195e-07,1.9862954259606175e-07,9.44035962627692e-08,9.19186412393536e-08,9.756109689024762e-08,1.3148476564647447e-06,2.539799042735598e-07,1.920616939647862e-07,1.2917834012392456e-06,1.8218550161276945e-07,1.8120447347018715e-07,2.820777289632846e-07,2.2384147819445718e-07,1.91385060409247e-06,2.054868554493282e-07,0.001,1.9486500771254785e-07,1.1968883589910082e-07,1.1612113477104172e-07,5.948211874194903e-07,1.3146120253644823e-07,2.693941798884906e-07,2.7992515892511054e-07,1.823105646162234e-06,4.3709550509154464e-07,1.0736331140274622e-07,2.1872884153310393e-07,1.6414615091632732e-07,1.1844901236926456e-07,7.010387429794738e-07,5.519166962029095e-07,1.1765865120633933e-07,1.9028678396181626e-07,7.573302932070061e-07,2.351965090427625e-07,6.654525139295516e-07,1.133426103982852e-07,1.9269471802429982e-07,1.4447475871161683e-07,1.339790081360086e-07
Somalia,3.3007522464152956e-07,1.9237050975338145e-07,7.844692752638766e-08,1.8781087118792225e-07,2.956448507336902e-07,2.1684612216385196e-07,1.638080085385242e-07,1.951057208042864e-07,2.103070027245014e-07,2.0801124657643436e-07,2.2370569439313526e-07,8.528387741081021e-08,2.3063969057964478e-07,1.7968362220004638e-07,3.872882589348238e-07,1.6374276987344383e-07,2.4386539076319816e-07,8.609024976769391e-08,3.226137672048366e-07,3.0261074611080127e-07,7.435228760673336e-08,1.5884979294173524e-07,7.511236233899311e-08,6.955832887940103e-08,1.6847396447339764e-07,1.9831527784119224e-07,7.432009022689999e-08,1.8582359882568447e-07,3.473621775149978e-07,7.889348084901372e-08,3.64574957299749e-07,6.809111649651034e-08,2.2711565370806691e-07,1.732550649137682e-07,8.133461146132378e-07,1.596960272668613e-07,1.6741865073392056e-07,2.324208733579059e-07,1.4009020106648896e-07,2.788334942708872e-07,1.7168602750760558e-07,1.7834846996583936e-07,2.3889224937341786e-07,1.1212985493697442e-07,8.343035449982363e-08,6.792158935707289e-08,1.550655880421389e-07,7.783852452490299e-08,6.946885352078244e-08,2.0285343441709494e-07,3.1230812044251265e-07,1.2430489026281368e-07,4.0475687745960826e-07,3.849068641502194e-07,3.57351805708595e-07,1.9789819218996522e-07,1.0779296129897332e-07,3.7229572191420775e-07,2.1864228771473465e-07,6.358768804252311e-07,1.641198725528074e-07,1.7827210013188514e-07,3.375850582340405e-07,1.5505403164681272e-07,1.8024684995690812e-07,2.270193250900252e-07,3.00710923782196e-07,1.4152768058585807e-07,1.7319747047921542e-07,1.5105454799969295e-07,6.583670017289255e-08,1.5113100129323204e-07,2.1747388186903497e-07,1.6538368298883124e-07,2.871339772875456e-07,1.85673835348533e-07,2.0105537799217364e-07,2.4006138944610425e-07,2.227274840645041e-07,2.2260954486599015e-07,1.5216204339103695e-07,6.718270514306787e-07,3.2179331136002846e-07,8.211794831850466e-08,7.135851644959257e-08,1.2586917940502547e-07,1.8705528137555648e-07,5.773766342506802e-07,2.526182170608078e-07,2.1754422847662852e-07,1.4374993604274968e-07,4.017331514004767e-07,5.836714643096802e-07,1.4584388248944956e-07,2.157786193547711e-07,1.50585734708519e-07,1.9486500771254785e-07,0.001,1.967444469999716e-07,1.2003342105545206e-07,1.6185592856668237e-07,2.826866036664715e-07,4.6796964431540167e-07,1.29326693070289e-07,1.7765109498392597e-07,3.34910287727716e-07,1.290334270406575e-07,2.572742387991962e-07,4.248347820041428e-07,1.7986088523767917e-07,2.0564566251396777e-07,2.855708380416116e-07,7.336800721778838e-08,4.6976375532672126e-07,2.1720352110250065e-07,6.105730815256791e-07,1.5075052206703722e-07,1.61246706387211e-07,3.473621775149978e-07,2.882167500918682e-07,2.552699286471937e-07
South Africa,1.2327182285042082e-07,1.494121543510421e-07,1.2335959484943828e-07,1.1735980566888644e-07,1.2394159105223428e-07,1.0893232466996506e-07,1.1038770692599748e-07,2.0582868596572826e-07,1.0582606027137327e-07,1.2336224354060978e-07,1.2895424555516409e-06,1.1880990737207088e-07,1.2542886304631058e-07,1.8438390121857744e-07,3.456930628073639e-07,1.0150174912374942e-07,2.450597477141321e-07,6.966707962777346e-08,2.5023127683404476e-07,2.0416927651278464e-07,1.1242696447084578e-07,9.042859150118011e-08,9.24831841280424e-08,8.133788570786119e-08,1.9447534138755748e-07,1.2109119375265415e-07,8.029422369205568e-08,1.141175558930115e-07,3.114262927721886e-07,8.730538732535032e-08,1.6051628766802618e-07,7.714206661300269e-08,2.672764834844876e-07,1.0252519901903531e-07,2.293076114175836e-07,9.698734677649611e-08,1.1631238757105732e-07,2.9754658022677073e-07,1.5596852009883555e-07,1.2326982704267646e-07,1.1131711578687583e-07,2.0185420374586722e-07,1.327908504320567e-07,8.188801408536208e-08,9.760456845664954e-08,7.59210262721591e-08,1.7424708272361764e-07,8.606314658599818e-08,7.8227111551422e-08,1.1867852650152388e-07,1.2722810972302156e-07,9.681399413800157e-08,1.348541923234061e-07,1.3928581387669012e-07,1.4723656683019652e-07,1.244554628829516e-07,7.199131526654854e-08,1.4790684610420242e-07,1.0423994657057812e-07,2.747628736928543e-07,9.872177149711945e-08,1.0493565085582645e-07,1.415444783384382e-07,1.879407807464545e-07,1.0618154627167827e-07,1.274742540448899e-07,3.953705089413282e-07,9.997575563042097e-08,1.6909759946244735e-07,1.50164009000168e-07,6.836379884125926e-08,8.601405045196176e-08,1.2694081757645624e-07,1.348541923234061e-07,6.118634767251145e-07,1.0274468271692896e-07,9.55425379166614e-07,1.1138102342130025e-07,1.8982243251725758e-07,2.1528440108325977e-07,9.838215068325832e-08,1.5221894184145303e-07,1.2264465708696897e-07,1.2391197856879695e-07,9.581123208618937e-08,8.715456725934357e-08,1.1134452807075144e-07,1.4930676046581315e-07,3.0837224056954027e-07,1.2039532989571465e-07,8.317860698334481e-08,3.2731836581910224e-07,1.5664751962629882e-07,1.5944730418039097e-07,1.2362655276058205e-07,1.7753956603795849e-07,1.1968883589910082e-07,1.967444469999716e-07,0.001,7.686354554924259e-08,1.2240019081858938e-07,1.3724786143200143e-07,2.0362948550421925e-07,8.42171098452414e-08,1.1670130234699456e-07,1.3821753195239582e-07,8.412350748687444e-08,1.114886821875479e-07,3.5756423380186283e-07,1.0525176710620133e-07,1.398664637599359e-07,1.3133728808663185e-07,6.876138759379211e-08,2.9175567607410993e-07,1.1526703501938635e-07,1.4954539769901245e-07,1.049261961816547e-07,9.889998588559198e-08,3.114262927721886e-07,5.992923560551033e-07,8.567549481433028e-07
South Korea,1.779482238203279e-07,9.281228656559667e-08,5.2827117961517703e-08,1.1614177861297248e-07,1.489209237430688e-07,2.5994060762430867e-07,1.1332751672731124e-07,8.106321644028334e-08,2.764795222423619e-07,1.166292521110965e-07,7.927169033954424e-08,5.881349395036243e-08,1.220597970171947e-07,8.085961428657e-08,9.163892171411141e-08,2.8759228664749965e-07,8.459298861625774e-08,1.1665319405135585e-07,9.099385081534787e-08,9.442563811386284e-08,5.5123320200125516e-08,4.911592787741149e-07,6.649221700381316e-08,7.216981883127823e-08,7.692650198798765e-08,1.1570811544210402e-07,7.740377167638056e-08,1.202923379665506e-07,8.991253871849809e-08,7.395847428970474e-08,1.1274627673197546e-07,7.567162261028266e-08,8.143603559696179e-08,1.395344570109577e-07,1.0595263708517044e-07,1.449385973107252e-07,1.0725751702346431e-07,8.100270368258852e-08,7.531772122574376e-08,1.4398662915168855e-07,1.1675956670666023e-07,7.825830477982295e-08,1.1545926708519966e-07,1.269728894848736e-07,6.904304142840638e-08,7.702945574425155e-08,7.638770023599383e-08,7.426588174991296e-08,7.551899027704468e-08,1.2129705350136432e-07,1.91495305428354e-07,2.121198708470843e-07,1.4955019059751114e-07,1.3555923874962256e-07,1.2187584343558427e-07,1.1141753313523827e-07,1.0562627524596813e-06,1.2290232151505143e-07,2.0356374795189255e-07,1.0099180537246167e-07,3.2827034160401796e-07,1.3641176698375882e-07,1.253340726998432e-07,7.436466520430404e-08,1.3437644582624378e-07,1.1808579218103847e-07,9.503622143114881e-08,2.428341465292774e-07,8.217880456941648e-08,8.060763296223282e-08,8.630840025588196e-08,4.722385857044906e-07,1.1558237062944559e-07,9.160988860115671e-08,8.751151162444805e-08,3.041476567758479e-07,7.558056451285047e-08,2.3979616291976096e-07,8.782706906638927e-08,8.440014996992307e-08,1.2998637848570275e-07,1.4408510779765834e-07,1.8800488907456626e-07,5.4445087749602413e-08,6.171572021428258e-08,3.6835590115879253e-07,1.264300828309667e-07,1.3915966422868257e-07,8.288353535580313e-08,1.2499522193081075e-07,3.1074152601236776e-07,9.248275528429699e-08,1.2900279525053493e-07,7.647753362105553e-08,1.1924646890471614e-07,7.456715391483222e-08,1.1612113477104172e-07,1.2003342105545206e-07,7.686354554924259e-08,0.001,9.853284078131124e-08,1.738032864524963e-07,1.0341385439936489e-07,1.5631191079745264e-07,1.1199675598844711e-07,1.2918694691423743e-07,6.169327607188282e-07,2.0465823917086198e-07,9.405036292180063e-08,2.7387371911323247e-07,1.0103552002231488e-07,1.2925996913081455e-07,9.496162098398781e-08,9.582869422493666e-08,1.355626002850484e-07,1.422091124049043e-07,1.1333470116502105e-07,3.177109248220354e-07,8.991253871849809e-08,8.577085885340071e-08,8.353705487496e-08
Spain,1.6456626079246614e-07,6.763219494687476e-07,9.754166893200114e-08,6.201826541577388e-07,2.3160410519178012e-07,1.1549781329484394e-07,7.380570107646218e-07,2.910930991116259e-07,1.1824139352425346e-07,5.347769882444358e-07,1.3415993181731167e-07,1.3110533662031305e-07,4.112023206359542e-07,3.335292194820517e-07,1.6844141945338585e-07,9.390217561455879e-08,2.443543888777405e-07,1.5837023934607842e-07,2.2599744524818977e-07,2.80875389212546e-07,9.628909835141395e-08,1.1140969198170737e-07,1.2724404539680984e-07,1.1829184985120218e-07,2.8198593925610675e-07,5.898124537420777e-07,1.36209029500474e-07,5.334609220504918e-07,1.880671833511686e-07,1.4905267562149925e-07,2.902556528028716e-07,1.1617428327002526e-07,2.2522281921576662e-07,3.351472169511884e-07,1.828372224761703e-07,3.022610186920166e-07,1.2102187046978164e-06,2.0769997817260876e-07,3.137985584752993e-07,2.5310397744604716e-07,6.309824846696916e-07,2.8165292269706767e-07,4.4819439564747733e-07,2.45310608250515e-07,1.5598951742138897e-07,1.1620859251971846e-07,3.06075519495736e-07,1.4580574830296737e-07,1.2015371592031157e-07,4.806339828580518e-07,1.2721925988271845e-07,7.561533824203728e-08,1.950154284548543e-07,2.31632349391864e-07,2.7786845779171577e-07,6.94870861903108e-07,9.313574140335625e-08,2.6808780028792595e-07,1.776155237576157e-07,1.651665135189168e-07,9.737938970546073e-08,3.5471072766335075e-07,2.790123182937747e-07,2.6657364317708724e-07,3.688821211684867e-07,4.563471571836862e-07,1.1779000771401785e-07,8.299562995179081e-08,3.922765652747997e-07,4.264322599363734e-07,1.105603809232418e-07,1.2254917993980527e-07,5.149618393140794e-07,1.1207938639550366e-06,1.3137154985783693e-07,1.060478472284874e-07,1.3885842041520846e-07,1.2639057908274053e-07,3.444368087820675e-07,2.833272167321643e-07,3.8108494257861594e-07,1.640176316448238e-07,1.5028165624235076e-07,1.118179124474166e-07,1.083946008488415e-07,8.385595141495799e-08,4.4041015086199226e-07,1.8756171008826669e-07,2.026580443811421e-07,4.095637970990551e-07,1.4383523799400656e-07,1.7249925419322326e-07,2.0712740035229638e-07,3.2870037108342056e-07,4.740000719269657e-07,2.8023906804114683e-07,5.948211874194903e-07,1.6185592856668237e-07,1.2240019081858938e-07,9.853284078131124e-08,0.001,1.100111675405438e-07,2.3211362476043484e-07,2.2864835343345279e-07,8.056206549335687e-07,2.68789972634913e-07,9.120293950322956e-08,1.6008153063929648e-07,1.5447516446711559e-07,9.898969241100863e-08,7.501686412509117e-07,3.0035737843149244e-07,1.3069505805961849e-07,1.770392543522746e-07,3.3338231932435304e-07,1.7682025029033023e-07,6.39534441749927e-07,9.524763642573497e-08,1.880671833511686e-07,1.4217371461698516e-07,1.329550481843131e-07
Sri Lanka,3.0123093554342315e-07,1.1798696441034805e-07,6.516708210386034e-08,1.288153676351181e-07,2.0062703501004042e-07,4.7335497933710386e-07,1.1771275243587751e-07,1.1543779250711021e-07,4.030874978620474e-07,1.3651502401639542e-07,1.4299713049253662e-07,6.585928399830037e-08,1.4812171647715683e-07,1.1001763832199036e-07,1.728854632383103e-07,3.687452380986767e-07,1.31133920441909e-07,7.957077731242673e-08,1.509510017276683e-07,1.4676298007493177e-07,6.195315485299965e-08,2.528018122055497e-07,5.954014651709846e-08,5.711557189638382e-08,1.0556205135823161e-07,1.3247671791662772e-07,6.157891750012485e-08,1.304087302834595e-07,1.5960763736776266e-07,6.334357344536118e-08,1.719447302821011e-07,5.7302315827784796e-08,1.2670092418585973e-07,1.3518492210623012e-07,2.1073601384864997e-07,1.3050699722863855e-07,1.162314831953631e-07,1.2917965762504122e-07,9.389267071215116e-08,1.8684746834481214e-07,1.2271091012229476e-07,1.0935749955192331e-07,1.4571414174036676e-07,9.727841903611463e-08,6.498254797121194e-08,5.767279430019165e-08,1.0020521903821752e-07,6.279554475915662e-08,5.8089153606157666e-08,1.3765935267262424e-07,6.658799281738356e-07,2.206798592580311e-07,2.493000923159651e-07,2.0919312725582846e-07,1.8151447703449997e-07,1.2973814491464117e-07,1.5135176733828706e-07,1.8592822364444827e-07,2.123867262160065e-07,2.0754399943574738e-07,3.479919767176807e-07,1.3604832697335668e-07,1.8161727020335173e-07,1.001395046742053e-07,1.3588965897557293e-07,1.4395030564172726e-07,2.095057727524063e-07,2.8339546689380624e-07,1.0796158723792997e-07,9.935704816222209e-08,5.998945821263947e-08,2.041577246149156e-07,1.3904313171139294e-07,1.0835460119832044e-07,1.7324045255622727e-07,4.0527503982732984e-07,1.3025313945364673e-07,4.2629358068554273e-07,1.2513107163224374e-07,1.245427561796335e-07,1.1997663577893625e-07,3.319242202002641e-07,3.578953181709479e-07,6.535462521839432e-08,5.719907730624668e-08,2.2032770605211937e-07,1.3445632927051363e-07,2.655887105239489e-07,1.3544852574603587e-07,1.4566063335914384e-07,1.640851705893644e-07,1.73841348455126e-07,2.317226568942491e-07,9.646061363369628e-08,1.409810241858082e-07,9.82557260604444e-08,1.3146120253644823e-07,2.826866036664715e-07,1.3724786143200143e-07,1.738032864524963e-07,1.100111675405438e-07,0.001,1.7757980361874148e-07,1.1633628769056516e-07,1.2262232783246948e-07,1.860496988284704e-07,2.1523541908917313e-07,2.7145083753407834e-07,1.8840164493127027e-07,4.434351817620063e-07,1.2623517702613417e-07,1.7226306121202685e-07,6.658631165297186e-08,1.825360115574375e-07,1.5325266022384808e-07,2.9056626471330565e-07,1.12056126379811e-07,3.448608508659787e-07,1.5960763736776266e-07,1.6312433468087234e-07,1.5793388916759226e-07
Sudan,2.467616862181065e-07,3.1894817585663727e-07,8.854573746982027e-08,2.562436300907953e-07,3.033468879426537e-07,1.579123733832685e-07,2.170168071125392e-07,3.249600824851074e-07,1.5696655346908213e-07,2.9322528424755954e-07,2.412634851943015e-07,1.023339527221247e-07,3.18444219974033e-07,2.889129477286577e-07,4.88757505739757e-07,1.2399648337612694e-07,4.53434316515705e-07,9.655027362030838e-08,7.562026825417446e-07,8.45356238429445e-07,8.41889150620504e-08,1.2958192164098367e-07,8.938142855416435e-08,8.165935332430026e-08,2.5699211491651624e-07,2.768460543110695e-07,8.781595290496686e-08,2.455571064893277e-07,5.721315775551905e-07,9.466957791866682e-08,7.526489261014048e-07,7.94438232199985e-08,3.808763520137324e-07,2.0429617269628338e-07,8.574114864731113e-07,1.8349904192297134e-07,2.3165402867099066e-07,3.734642305644675e-07,1.9921327525287667e-07,3.0657869833599915e-07,2.2651680399737432e-07,2.799697746169156e-07,3.60684872489238e-07,1.2914010392855606e-07,1.0153027617144816e-07,7.909162371936504e-08,2.2955678630968672e-07,9.312516316901434e-08,8.132260991347149e-08,2.7265689654111765e-07,1.9974068307030525e-07,9.842511921423776e-08,3.335487054558175e-07,4.090691614161069e-07,5.290204851537725e-07,2.862057028158188e-07,9.440616549079025e-08,5.334206764432754e-07,1.9800856062933497e-07,5.615397456767745e-07,1.256534491331255e-07,2.1367176250733533e-07,4.6150655669335513e-07,2.2654086708448946e-07,2.184160277365751e-07,3.255382464575407e-07,2.328107607225364e-07,1.0940922311691401e-07,2.746138608365765e-07,2.2304945668856472e-07,7.510360438626667e-08,1.303799990481894e-07,3.1506360935191263e-07,2.491309541116013e-07,2.6893870417056584e-07,1.3950337374244207e-07,2.3085444775111458e-07,1.7448784790782892e-07,4.233647223414968e-07,4.07670248305752e-07,1.8336423956512576e-07,3.4114033901804933e-07,2.267671255454267e-07,9.563313323035803e-08,8.328894395627552e-08,1.0143395925747393e-07,2.381130589799704e-07,3.9986064926835963e-07,4.131106094583814e-07,2.8828693030489616e-07,1.339909638746707e-07,5.318755566744038e-07,5.213446143043866e-07,2.1112523715213852e-07,3.0063703949965185e-07,2.1865658184162984e-07,2.693941798884906e-07,4.6796964431540167e-07,2.0362948550421925e-07,1.0341385439936489e-07,2.3211362476043484e-07,1.7757980361874148e-07,0.001,1.4235366932493285e-07,2.443633622159378e-07,4.244788534738274e-07,1.0569627288103729e-07,2.0831530832987034e-07,4.1891911857318156e-07,1.3347340599825518e-07,3.3551510904228666e-07,3.6979209669992583e-07,8.363351502605675e-08,6.394054261425451e-07,2.6489619403166575e-07,3.6983010830325716e-07,1.944209471126204e-07,1.2339278866946503e-07,5.721315775551905e-07,3.013882686151567e-07,2.5830743553588694e-07
Svalbard,1.8327513846114753e-07,1.7761490718704584e-07,7.387725672371766e-08,2.9155767719963655e-07,2.2929310251681195e-07,1.4391310983997541e-07,3.226607180930562e-07,1.3023638061503624e-07,1.51927087018144e-07,2.6391804505701273e-07,9.010072415394199e-08,9.30990556664695e-08,2.560446253210371e-07,1.3646323683955148e-07,1.1026251853039042e-07,1.179095180914849e-07,1.2481414093624624e-07,2.4501780691500283e-07,1.2677502866002042e-07,1.4279462736539847e-07,7.538244609331009e-08,1.6367286381908146e-07,1.0398743751790922e-07,1.0820479674227325e-07,1.2645124371527637e-07,2.729756558379167e-07,1.2645816517353015e-07,3.1701839117181624e-07,1.1537997587492269e-07,1.2555780114321258e-07,1.755198245925906e-07,1.1191885586577325e-07,1.1818212725056352e-07,4.6933589527256195e-07,1.274577558566945e-07,6.348651108735511e-07,2.7395267082844305e-07,1.138116809179741e-07,1.3419796336001464e-07,2.410935190681016e-07,3.2857163445092946e-07,1.269183842382471e-07,2.3018499887892648e-07,5.681794966747197e-07,1.176601045481414e-07,1.1386159118090959e-07,1.3098507833250818e-07,1.2492357415782869e-07,1.1421321420773179e-07,2.8947017692439206e-07,1.4081400698651564e-07,9.280951736393231e-08,1.8626862004299474e-07,1.9439416323700895e-07,1.9132160265720713e-07,2.5437299037198793e-07,1.4888737123869288e-07,1.889985311336373e-07,2.5689598687001007e-07,1.1603529231830955e-07,1.2593001004760378e-07,4.2560322761146457e-07,2.0092679963941026e-07,1.2310530136328287e-07,4.0681712525253116e-07,2.48132590990417e-07,9.080852346260315e-08,1.0214132270048126e-07,1.447863622490975e-07,1.4989594231400163e-07,1.218724031973864e-07,2.0263447440525266e-07,2.493483413519424e-07,1.8991712212110746e-07,9.324996001747845e-08,1.3610990543480585e-07,9.011157410837858e-08,1.5665905866673388e-07,1.4442873532728217e-07,1.3180685037338684e-07,5.497446398306309e-07,1.507632997152413e-07,1.7017240742957908e-07,8.186711259464112e-08,8.910096669877503e-08,1.1271249834699679e-07,3.4500713630253156e-07,1.6508789388157787e-07,1.1392674112339535e-07,2.7992515892511054e-07,2.976849278696593e-07,1.1231523630258747e-07,1.6566725011714964e-07,1.3592422647112758e-07,2.639725440794659e-07,1.2613722024767452e-07,2.7992515892511054e-07,1.29326693070289e-07,8.42171098452414e-08,1.5631191079745264e-07,2.2864835343345279e-07,1.1633628769056516e-07,1.4235366932493285e-07,0.001,2.8629370082760887e-07,2.055497629921771e-07,1.296341363681938e-07,2.0320177896811796e-07,1.0671594732644342e-07,1.227113685895786e-07,2.0295100133246245e-07,2.2732179030882555e-07,1.5430708443884363e-07,1.1653506304071606e-07,3.0568369370994995e-07,1.597444913068339e-07,3.555290150810279e-07,1.222471596094125e-07,1.1537997587492269e-07,9.670806840799251e-08,9.179863713996895e-08
Switzerland,2.00417732245672e-07,4.643636519853915e-07,8.700913843422116e-08,2.4648142427694315e-06,3.099780684119852e-07,1.3318937893347413e-07,1.9345850545915423e-06,2.3853649173416697e-07,1.3729538021825642e-07,1.1779579398219068e-06,1.2806421378255548e-07,1.1290504751411208e-07,7.098209929710978e-07,2.5747800627677624e-07,1.6677305415243773e-07,1.0542483004394935e-07,2.1930256252104873e-07,1.595954345246973e-07,2.1721970687390777e-07,2.7084375612714364e-07,8.605927342038773e-08,1.292241208547468e-07,1.1202022901108745e-07,1.0689659911476085e-07,2.2241317791341047e-07,1.6275709563048346e-06,1.2277928279985478e-07,1.577801225016387e-06,1.8301963138770926e-07,1.3091465400098816e-07,3.402457641233685e-07,1.0624456842767217e-07,2.0040627371893535e-07,5.588015373872614e-07,1.9317806682454858e-07,4.5650287912901286e-07,2.1111840063559787e-06,1.8760264220148512e-07,2.2903863065019496e-07,3.5064879653492027e-07,2.2182565392236082e-06,2.2593004790632962e-07,6.929803188815871e-07,2.7003392320780125e-07,1.3346330094458482e-07,1.0667599420182201e-07,2.3064594698130414e-07,1.2868483714367149e-07,1.0941739838050862e-07,1.0967579775743093e-06,1.464628754657743e-07,8.28172757820363e-08,2.413118717106694e-07,2.9374759793016003e-07,3.5016234981137414e-07,1.66686897423627e-06,1.047017788600931e-07,3.3562955522157484e-07,2.2703471303341573e-07,1.7041465132622183e-07,1.1012072777078865e-07,6.232464320092187e-07,3.629027265272957e-07,2.0876815799863109e-07,6.715273603427429e-07,7.98845618255434e-07,1.1922734518084725e-07,9.173839959432999e-08,2.852700428062606e-07,2.8557048858260197e-07,1.0447574493451152e-07,1.444693828797284e-07,9.66299009996617e-07,5.000090672237961e-07,1.295943197955078e-07,1.211686132901376e-07,1.2996341151777707e-07,1.4781718342579595e-07,2.909003088351672e-07,2.438196488303648e-07,5.971913870309028e-07,1.9050207463459025e-07,1.7956437345705176e-07,9.819603126639035e-08,9.648331163253746e-08,9.349310095223367e-08,9.709352933632009e-07,2.2319122261084608e-07,1.865125763201477e-07,7.650525215597251e-07,1.738270429911423e-07,1.71261341542768e-07,2.454830022069885e-07,2.38520664628154e-07,9.364573978813004e-07,2.1498018971692242e-07,1.823105646162234e-06,1.7765109498392597e-07,1.1670130234699456e-07,1.1199675598844711e-07,8.056206549335687e-07,1.2262232783246948e-07,2.443633622159378e-07,2.8629370082760887e-07,0.001,3.533976564796343e-07,1.028375721511774e-07,1.9713674826493704e-07,1.5514141772246233e-07,1.1168340098336898e-07,6.915447346863565e-07,4.23850966092526e-07,1.2481367760799452e-07,1.7846188082950573e-07,5.564482509301675e-07,2.0849642081100753e-07,9.510667918909316e-07,1.0734928357525214e-07,1.8301963138770926e-07,1.3869569780807933e-07,1.291728707792252e-07
Syria,4.0053816553110996e-07,2.9446180955216543e-07,7.657357757032527e-08,4.0561550583252195e-07,9.660579588129508e-07,1.949667808868379e-07,3.0836183281121274e-07,2.174504885058046e-07,1.9949698713690118e-07,5.04625369800053e-07,1.5433107104491578e-07,9.161354219861585e-08,6.986555630462521e-07,2.129168526037398e-07,2.3025583403081424e-07,1.407287329619054e-07,2.3955477869125815e-07,1.1583682385346149e-07,2.8122808362671795e-07,3.426018319413542e-07,7.423392457333178e-08,1.6691589682715944e-07,8.651135820570562e-08,8.230072100923422e-08,1.8860234356018226e-07,4.5140464205155057e-07,9.116146040959772e-08,4.0716878071930793e-07,2.436849440484036e-07,9.602297923761902e-08,8.549130966131096e-07,8.170718869079747e-08,2.1444463882090722e-07,3.5589533953329193e-07,3.344547389114717e-07,3.005260562508143e-07,3.074155030845055e-07,2.0694875357037157e-07,1.6809510550254092e-07,1.0956075560224852e-06,3.417264638134694e-07,1.978448375978167e-07,6.714071055371845e-07,1.6850804219804997e-07,9.890990178729088e-08,8.194226898117546e-08,1.8108072180440027e-07,9.47258271027961e-08,8.358775706936369e-08,4.97899681362023e-07,2.4020278361664335e-07,1.041281865233023e-07,6.985874202588323e-07,1.6752708261959758e-06,2.0313685858752544e-06,4.2762650731165117e-07,1.1628161712848727e-07,2.0774885287836837e-06,3.491100166041665e-07,2.656735073193211e-07,1.4672986887096223e-07,3.796409965169496e-07,4.201893801120224e-06,1.7276004700248636e-07,3.8966048304672945e-07,6.304634046187188e-07,1.623134281076276e-07,1.1844586330718454e-07,2.1694333936670994e-07,1.9401477772292308e-07,8.110707584166839e-08,1.773699626763006e-07,5.479052988497113e-07,2.513274478321934e-07,1.6944034438785876e-07,1.6778724778423892e-07,1.4953675888595514e-07,2.2728911845721197e-07,2.737215594912058e-07,2.4303296343425196e-07,2.7885668258646426e-07,4.130775567100127e-07,3.2845989956242863e-07,8.358425121353539e-08,7.794913303764483e-08,1.1555129948950934e-07,4.218078490037321e-07,6.056782132159497e-07,2.1508082537712937e-07,6.094539410332077e-07,1.932332159365524e-07,2.3923605389695553e-07,7.709280855187396e-07,1.758904078219246e-07,5.664292041722657e-07,1.7178746712187526e-07,4.3709550509154464e-07,3.34910287727716e-07,1.3821753195239582e-07,1.2918694691423743e-07,2.68789972634913e-07,1.860496988284704e-07,4.244788534738274e-07,2.055497629921771e-07,3.533976564796343e-07,0.001,1.258721598202444e-07,3.3848969236580246e-07,2.1982972698911652e-07,1.5310929604127286e-07,3.7646040662244265e-07,1.930658654584954e-06,9.354670750135193e-08,2.6210877059808297e-07,6.130353484010806e-07,5.079754514695439e-07,2.671725749502419e-07,1.4243777203820538e-07,2.436849440484036e-07,1.7864055112572248e-07,1.627214346604542e-07
Taiwan,1.807741660822466e-07,8.878733337766656e-08,5.334447828832533e-08,1.068683260657884e-07,1.4295061824919372e-07,3.170142754787079e-07,1.0276504747056482e-07,8.04368789402738e-08,3.235812269584002e-07,1.0866536433102017e-07,8.592449862115936e-08,5.419246622682332e-08,1.1456936150585009e-07,7.921118264804951e-08,9.73532288171505e-08,4.878705019080468e-07,8.572511284794716e-08,9.814177621070082e-08,9.329465715842897e-08,9.488882414655653e-08,5.3675381965433166e-08,4.985035127426457e-07,6.003891691826643e-08,6.486330947231056e-08,7.575690829737518e-08,1.0727240761857227e-07,6.879745709431285e-08,1.1000686733619448e-07,9.408452567857694e-08,6.606513359634114e-08,1.1166718462569176e-07,6.77672345611327e-08,8.293000790532415e-08,1.2384059757091545e-07,1.1168007458892959e-07,1.2624017758482832e-07,9.836437705989697e-08,8.31816761804077e-08,7.218980340013826e-08,1.370183033324673e-07,1.0608124636839635e-07,7.740556020754558e-08,1.0949803374989614e-07,1.0738038834004743e-07,6.229320634421497e-08,6.885819008113291e-08,7.4257031252499e-08,6.62941146318926e-08,6.752745939615145e-08,1.1210348788346164e-07,2.1974350286017374e-07,3.1699052693040003e-07,1.50064862139591e-07,1.339245356271487e-07,1.1976315870590667e-07,1.0380057993245934e-07,4.6637039449240266e-07,1.2114682503830182e-07,1.8610227754194717e-07,1.0802369240998354e-07,5.641568462674922e-07,1.2197857661246984e-07,1.2235224977285966e-07,7.295473496329242e-08,1.2059572313316433e-07,1.1103487192976195e-07,1.0686007285722155e-07,4.003934459945851e-07,7.966550848690008e-08,7.687151834924168e-08,7.643773521431586e-08,3.470095187724671e-07,1.0840185169850108e-07,8.61387836918233e-08,9.600315018873495e-08,4.2271325034166714e-07,8.114998216442418e-08,2.6799689591263144e-07,8.671594656208804e-08,8.435613303236364e-08,1.1423802983988576e-07,1.5273562300577714e-07,1.9671951024753283e-07,5.023486223220983e-08,5.656933493050213e-08,8.569094531515835e-07,1.1497382401907681e-07,1.4311887300625467e-07,8.552861295745307e-08,1.161709077687378e-07,2.2873999305979094e-07,9.798052746848314e-08,1.314340216077705e-07,7.350977611895824e-08,1.113070367494232e-07,7.266118432228792e-08,1.0736331140274622e-07,1.290334270406575e-07,8.412350748687444e-08,6.169327607188282e-07,9.120293950322956e-08,2.1523541908917313e-07,1.0569627288103729e-07,1.296341363681938e-07,1.028375721511774e-07,1.258721598202444e-07,0.001,2.002638327252404e-07,1.0128433878285603e-07,4.1733624403620503e-07,9.5970567040803e-08,1.2381977809803728e-07,8.244211926504135e-08,1.0131712793475944e-07,1.2494731866979461e-07,1.4793719139637768e-07,1.0162085126057307e-07,5.630297736707935e-07,9.408452567857694e-08,9.286826770704128e-08,9.1104632749246e-08
Tajikistan,1.1663379799314506e-06,1.5896948414464846e-07,6.251747632560869e-08,2.141353794721384e-07,4.962911166569937e-07,4.090512120220287e-07,1.9012579966263814e-07,1.3302140562604144e-07,4.5203855939373996e-07,2.2812977293022165e-07,1.1990783772895002e-07,7.24966820385977e-08,2.5993701672584314e-07,1.3074028474075423e-07,1.5849827923930393e-07,2.266117721954358e-07,1.441924199103671e-07,1.116490637881782e-07,1.6332550576212594e-07,1.751372809240235e-07,6.089035585050114e-08,3.288532043291848e-07,7.18149885354207e-08,7.143894263835948e-08,1.2126142931227986e-07,2.196985028594097e-07,7.898112767539883e-08,2.2361398424439963e-07,1.5704840932965116e-07,8.031221357476625e-08,2.4893043496357476e-07,7.247757602262207e-08,1.352284309279909e-07,2.588810684590026e-07,2.1007622931641087e-07,2.4767727368753904e-07,1.8031488845392083e-07,1.3374328743428903e-07,1.1268779741870926e-07,4.265311771875054e-07,2.0362300815476856e-07,1.2519987207171902e-07,2.385884343151573e-07,1.5159374385737336e-07,7.983174212798076e-08,7.317544853574973e-08,1.1798570040010621e-07,7.971075044168324e-08,7.359497107219469e-08,2.3948890419448557e-07,4.579590331145972e-07,1.428050137155964e-07,5.543202733585375e-07,3.9786559892975055e-07,2.959965429482834e-07,2.0742912104109096e-07,1.7251975543205618e-07,3.036107340737628e-07,9.720837140235227e-07,1.8579518791765442e-07,2.4856478834253345e-07,2.583721108608891e-07,3.138989899319909e-07,1.1442620916678584e-07,2.556250566371026e-07,2.430647430011689e-07,1.4298344508969735e-07,1.7153907702990087e-07,1.3228985353797138e-07,1.242145872639214e-07,7.632121089786344e-08,3.476277973649454e-07,2.2975826565892876e-07,1.484070897899306e-07,1.358025493631291e-07,3.140911865544491e-07,1.1382156355073174e-07,5.836607554634188e-07,1.5185108709981235e-07,1.430718796636359e-07,2.0915311561709798e-07,4.1616343021573743e-07,9.974218702404624e-07,6.704822848386396e-08,6.481609030327427e-08,1.7346475466434735e-07,2.414707643449102e-07,4.203342553942739e-07,1.3856738264074642e-07,2.6279639634372126e-07,3.234430098282445e-07,1.618519252589681e-07,3.4604406538799363e-07,1.1603417873412969e-07,2.411273383164916e-07,1.1395508122999006e-07,2.1872884153310393e-07,2.572742387991962e-07,1.114886821875479e-07,2.0465823917086198e-07,1.6008153063929648e-07,2.7145083753407834e-07,2.0831530832987034e-07,2.0320177896811796e-07,1.9713674826493704e-07,3.3848969236580246e-07,2.002638327252404e-07,0.001,1.6102103234939834e-07,2.5731836610185246e-07,1.8264840073739144e-07,3.228117420616731e-07,8.779246148891783e-08,1.730033617335364e-07,3.0514522906957175e-07,4.328420842947176e-07,1.793753054486946e-07,2.3517616149672118e-07,1.5704840932965116e-07,1.3620464904015594e-07,1.281461183241438e-07
Tanzania,1.8672638731003796e-07,1.9624074289641413e-07,9.553272697596179e-08,1.5922282536011312e-07,1.884910737962785e-07,1.4649247038387326e-07,1.4362474211685794e-07,2.4895031559858537e-07,1.424359938404977e-07,1.7256790963124458e-07,4.6957289802762727e-07,1.009749555305132e-07,1.8117409654817374e-07,2.174040648661598e-07,1.6136021248599421e-06,1.247029480724191e-07,3.472668660479044e-07,7.87316538033743e-08,4.7220429877072045e-07,3.427796725278399e-07,8.923807913569833e-08,1.1626896907038247e-07,8.372505054771668e-08,7.51569509619501e-08,2.126278518293355e-07,1.6688899671882418e-07,7.784607236233516e-08,1.548370668694135e-07,7.726943794059004e-07,8.418296648918787e-08,2.7095451791708347e-07,7.226524322938804e-08,3.4288681105646035e-07,1.37917882714716e-07,6.314934822521497e-07,1.2820661492406618e-07,1.5097388364839794e-07,3.786426852289689e-07,1.6413249427475006e-07,1.857056246100199e-07,1.472968821494546e-07,2.277941433195584e-07,1.938244436349838e-07,9.877306235593492e-08,9.191491872819578e-08,7.15759069535003e-08,1.8767254559503544e-07,8.289711767200052e-08,7.368158865771887e-08,1.651687799282709e-07,1.8441859553270015e-07,1.0627851622107604e-07,2.1650999423342119e-07,2.262487105038388e-07,2.4096581317049145e-07,1.708353078109985e-07,8.641045096284084e-08,2.44150819305273e-07,1.471156393217201e-07,1.1865112154684045e-06,1.2301476009316774e-07,1.419954263447909e-07,2.26801420268397e-07,1.948032446081796e-07,1.4396710882339377e-07,1.8319025859007976e-07,4.948474373186575e-07,1.154001863611766e-07,2.0047749056809055e-07,1.6969241085767167e-07,6.642831274744978e-08,1.1147505627581964e-07,1.7991437468823718e-07,1.6745964735442948e-07,7.379080295479365e-07,1.3282166789130692e-07,3.81119214733013e-07,1.5465994872778035e-07,2.6018694547107074e-07,2.875463301401683e-07,1.2754832213050623e-07,2.6082481354237337e-07,1.831023939857904e-07,9.936669054749561e-08,8.207880675274916e-08,1.0159863937958513e-07,1.518962474810427e-07,2.561948147680628e-07,4.3681827271380027e-07,1.7109879456575346e-07,1.083090057215671e-07,1.4088371319564066e-06,2.7804311048638503e-07,1.7103532382846763e-07,1.7503102209711423e-07,1.8503214436184615e-07,1.6414615091632732e-07,4.248347820041428e-07,3.5756423380186283e-07,9.405036292180063e-08,1.5447516446711559e-07,1.8840164493127027e-07,4.1891911857318156e-07,1.0671594732644342e-07,1.5514141772246233e-07,2.1982972698911652e-07,1.0128433878285603e-07,1.6102103234939834e-07,0.001,1.327026997574612e-07,1.9210991083319027e-07,2.0072365130920509e-07,7.129335002996537e-08,1.1865112154684045e-06,1.6393177659237903e-07,2.559024369209662e-07,1.3348766748942066e-07,1.221260648650247e-07,7.726943794059004e-07,8.80466074668384e-07,6.095294317812765e-07
Thailand,2.467616862181065e-07,1.0091214264321539e-07,5.758752329144003e-08,1.1696483571338217e-07,1.7273493704132912e-07,6.915277107434535e-07,1.0936836126277714e-07,9.462920989956151e-08,5.890509519339321e-07,1.2147447141226468e-07,1.0819283405779498e-07,5.792616279861387e-08,1.3031182037770024e-07,9.174253609317339e-08,1.253305981021685e-07,1.7132180351410975e-06,1.0381509253016321e-07,8.633782330168867e-08,1.1573340975918213e-07,1.1558082495614264e-07,5.52160717140377e-08,4.402532171143479e-07,5.64024168507687e-08,5.8123009554171924e-08,8.787940638641937e-08,1.1883341243292286e-07,6.263111490582154e-08,1.1964632083375984e-07,1.1896870253881754e-07,6.207736465378429e-08,1.3674305966372747e-07,5.998695374987806e-08,1.0039586105177123e-07,1.3033135686385235e-07,1.473004991177644e-07,1.2923986331320297e-07,1.0607230022381207e-07,1.0144063344243761e-07,8.085062042188771e-08,1.625367244726682e-07,1.1368897376402875e-07,9.039120657373759e-08,1.2580251773256327e-07,1.0094473859547898e-07,6.098471727107629e-08,6.078867503098684e-08,8.47709469186063e-08,6.190382076289301e-08,6.020049301930874e-08,1.2422174217740224e-07,3.9967432724320953e-07,3.2008541237339153e-07,1.957217888164407e-07,1.6772808178530088e-07,1.4649750411922197e-07,1.154170283474831e-07,2.25719952772808e-07,1.4908698272064672e-07,2.1314682666620925e-07,1.432000818347205e-07,1.5909394256409058e-06,1.2965803552388557e-07,1.4868157712356179e-07,8.401191107707557e-08,1.2874501236890696e-07,1.2616377734938394e-07,1.4340973292300512e-07,5.133263882137338e-07,9.118068866010709e-08,8.588930863626512e-08,6.590729014291067e-08,2.8828693030489616e-07,1.2235791604010013e-07,9.523989075623474e-08,1.2467773590473804e-07,1.2452758694665563e-06,1.0069225680837958e-07,4.5638747676740907e-07,1.0232799232152999e-07,1.0055221086311827e-07,1.1701825981845381e-07,2.179266110514846e-07,2.8662118532239664e-07,5.6967797386000527e-08,5.178126130509888e-08,4.19107784619006e-07,1.2460532258289515e-07,1.9248214279164806e-07,1.0516781920945669e-07,1.303799990481894e-07,2.001968643837769e-07,1.2608520144889027e-07,1.7172622575922674e-07,8.272197871334909e-08,1.2511942519276326e-07,8.303832728158137e-08,1.1844901236926456e-07,1.7986088523767917e-07,1.0525176710620133e-07,2.7387371911323247e-07,9.898969241100863e-08,4.434351817620063e-07,1.3347340599825518e-07,1.227113685895786e-07,1.1168340098336898e-07,1.5310929604127286e-07,4.1733624403620503e-07,2.5731836610185246e-07,1.327026997574612e-07,0.001,1.0887553520048962e-07,1.46545188089684e-07,7.206340224385854e-08,1.3114303596243125e-07,1.396323045481659e-07,2.0372028626955538e-07,1.0597931957516564e-07,1.5309508065892185e-06,1.1896870253881754e-07,1.192591866817936e-07,1.1653760503910639e-07
Tunisia,1.946504343401569e-07,1.1394798002640444e-06,9.341421597956544e-08,6.560672386734121e-07,2.8881496341760356e-07,1.2868337110197396e-07,5.227009213078031e-07,3.5720248704879843e-07,1.3108168484417924e-07,7.381725765918831e-07,1.5629545457139542e-07,1.2018378672834315e-07,5.842466117038476e-07,3.877967213851957e-07,2.1277343565784908e-07,1.0249331139251416e-07,3.2096509978083246e-07,1.3307961112271378e-07,3.0915977549067785e-07,4.2870186424354204e-07,9.101991400394902e-08,1.1880087059563525e-07,1.1190969011441175e-07,1.0339096230689707e-07,3.1078578635385077e-07,7.358727857749889e-07,1.1601942005552833e-07,5.467629711791517e-07,2.428484546880848e-07,1.2615308151601253e-07,4.640275534271804e-07,1.0125627001535441e-07,2.821638498661543e-07,3.2790209761588e-07,2.416359962848234e-07,2.8293396088113357e-07,6.854457393966445e-07,2.574065334616552e-07,2.907001466394671e-07,3.190925347643809e-07,5.295420157396959e-07,3.233623077154198e-07,7.761514734656302e-07,1.9701753765441076e-07,1.3346468313440727e-07,1.0113550669427813e-07,3.127004363212946e-07,1.2367846853872225e-07,1.0430230364855815e-07,5.831803598765162e-07,1.4693355329251428e-07,8.158490897438138e-08,2.44720701172185e-07,3.0880394310003737e-07,4.127722085008992e-07,9.65848651759413e-07,9.411236312623051e-08,3.91907025334042e-07,1.9734764460459256e-07,2.1097601751241672e-07,1.0587147394211393e-07,3.5342487837903545e-07,4.041939191413297e-07,2.7840451439662754e-07,3.7004479955446077e-07,6.977131003685274e-07,1.3875413861631062e-07,9.010030371409314e-08,4.371559605784792e-07,3.8626774831722195e-07,9.637648768148925e-08,1.2817701777747958e-07,8.017584435121047e-07,7.541992670467533e-07,1.560955625888069e-07,1.1641325911256419e-07,1.5986684515792625e-07,1.421798139733658e-07,5.008672158105741e-07,3.7597264732948e-07,3.211222799871304e-07,2.0370773488580718e-07,1.7556338572776154e-07,1.0541014904025404e-07,9.830345849360984e-08,8.897276487258935e-08,4.5748352882424086e-07,2.401846891860657e-07,2.547924614704634e-07,5.258950973662503e-07,1.4588038787303422e-07,2.197031893704067e-07,2.770154619210323e-07,3.1184673264663e-07,6.589052889798067e-07,2.8415248213095925e-07,7.010387429794738e-07,2.0564566251396777e-07,1.398664637599359e-07,1.0103552002231488e-07,7.501686412509117e-07,1.2623517702613417e-07,3.3551510904228666e-07,2.0295100133246245e-07,6.915447346863565e-07,3.7646040662244265e-07,9.5970567040803e-08,1.8264840073739144e-07,1.9210991083319027e-07,1.0887553520048962e-07,0.001,4.191711976431576e-07,1.11402734839689e-07,2.288899647808032e-07,3.961953124585098e-07,2.2295529895643612e-07,4.1939289368693796e-07,1.0354024934366182e-07,2.428484546880848e-07,1.7058739846072587e-07,1.567996537111266e-07
Turkey,3.607544026509937e-07,3.1317682669601436e-07,7.697798485824718e-08,5.047800425095998e-07,9.2317339179736e-07,1.8530183290830636e-07,3.6365127453386064e-07,2.167304249181524e-07,1.906861200735698e-07,6.576142830457892e-07,1.4600567223214033e-07,9.342009987724844e-08,1.0520574263562256e-06,2.1558348306014782e-07,2.1126050950276858e-07,1.3533752788069512e-07,2.311813241613219e-07,1.2315002020977383e-07,2.622683388044798e-07,3.2400959226567316e-07,7.497132186106005e-08,1.642083897334957e-07,8.937981867317382e-08,8.540594832259069e-08,1.8993408832343856e-07,5.723323698844937e-07,9.5208446832974e-08,5.127673489220214e-07,2.253505594128453e-07,1.0017527047782416e-07,7.092898011041143e-07,8.496431191773e-08,2.074607914012558e-07,4.320154300255774e-07,2.901098372532106e-07,3.515836304249697e-07,3.5722592194406486e-07,1.98949289517904e-07,1.7302502499386313e-07,1.2605275574689322e-06,4.122846381295678e-07,1.9828048706289462e-07,8.887436713476462e-07,1.844418298903848e-07,1.0267291564881509e-07,8.527659484371394e-08,1.8453167226176775e-07,9.881614679483036e-08,8.697197475367197e-08,6.632712490930405e-07,2.206874821185365e-07,1.0072696793169227e-07,5.543202733585375e-07,9.535953355252025e-07,1.2013416522207302e-06,5.237052299068915e-07,1.1684054250025755e-07,1.120833373794224e-06,3.5412255125291497e-07,2.3702200712999588e-07,1.415913629830926e-07,4.6932055655446573e-07,1.7286083963548744e-06,1.7458871901137334e-07,4.85938653052681e-07,8.726413179124501e-07,1.503827331022698e-07,1.1419257980576482e-07,2.2254170197635863e-07,2.0190414495847223e-07,8.461930621768826e-08,1.7795601386208446e-07,7.172038460708506e-07,2.71691863600066e-07,1.5779948305813214e-07,1.6108276716197122e-07,1.4268809174276205e-07,2.1482333947173039e-07,2.7306965394037614e-07,2.3889224937341786e-07,3.256260669790944e-07,3.4505473315995677e-07,2.991792799030432e-07,8.45239395578638e-08,7.987766805288824e-08,1.129028414484941e-07,5.396589673068773e-07,4.6840788356879125e-07,2.0498840058105412e-07,8.850760116112515e-07,2.0013703314270216e-07,2.1889072516092727e-07,5.51093984826745e-07,1.8091240443909223e-07,7.740752804357283e-07,1.7456212718320225e-07,5.519166962029095e-07,2.855708380416116e-07,1.3133728808663185e-07,1.2925996913081455e-07,3.0035737843149244e-07,1.7226306121202685e-07,3.6979209669992583e-07,2.2732179030882555e-07,4.23850966092526e-07,1.930658654584954e-06,1.2381977809803728e-07,3.228117420616731e-07,2.0072365130920509e-07,1.46545188089684e-07,4.191711976431576e-07,0.001,9.829864645126708e-08,2.3702200712999588e-07,8.797941985279531e-07,4.090512120220287e-07,3.086355552825067e-07,1.3740056459994654e-07,2.253505594128453e-07,1.6666315190134134e-07,1.5263311214482823e-07
USA,8.384387220302376e-08,1.1175051782475364e-07,1.1532597821548421e-07,1.2039620351779657e-07,9.440106021619459e-08,7.632112740968981e-08,1.3284586665506472e-07,9.835446508385744e-08,7.86681718325623e-08,1.133316700657413e-07,7.060301224326429e-08,1.4540892931050254e-07,1.0753639702917845e-07,1.0456778387198496e-07,7.444243039524499e-08,7.187173496760593e-08,8.895454667028117e-08,4.080504360268306e-07,8.396923861398965e-08,8.976989317501413e-08,1.2501580844783493e-07,8.61269566160342e-08,2.2017397558287938e-07,2.9731643017782116e-07,1.0368916380702606e-07,1.164212657585568e-07,4.080011136046251e-07,1.21159577187579e-07,7.835687691115938e-08,3.023803681443076e-07,9.138578250646965e-08,3.578308169512826e-07,8.80557870968486e-08,1.2433174829852685e-07,7.627246395636559e-08,1.3078953864490747e-07,1.2987656356392608e-07,8.534204761272808e-08,1.2091966636797349e-07,9.72190218727446e-08,1.2811348377288393e-07,1.0096166893645375e-07,1.057992498406157e-07,2.035454999359035e-07,2.2091289180383404e-07,3.875964217807471e-07,1.1102851355430736e-07,3.14590530348011e-07,3.635982092872751e-07,1.148658366872731e-07,7.378064371368616e-08,6.763328794028704e-08,8.578735165965159e-08,8.950610050294597e-08,9.231348674300981e-08,1.1629104224501664e-07,9.9463303425128e-08,9.134567200047886e-08,9.649582483543776e-08,7.2984779578014e-08,7.465266780740416e-08,1.2252088778386462e-07,9.360908456457694e-08,1.0692410615368689e-07,1.2197857016578003e-07,1.0839773588644618e-07,6.240802011213774e-08,6.850650410984995e-08,1.0962096879771822e-07,1.2128588478430536e-07,5.780154707049783e-07,9.573869502069294e-08,1.1066462786862902e-07,1.2400558456735154e-07,6.713840138035154e-08,7.586571804798529e-08,7.380410714560104e-08,7.875719175127373e-08,9.813351371027276e-08,9.41685244897021e-08,1.3974451082737464e-07,7.731778151788906e-08,8.092832283018936e-08,1.2678023610738767e-07,1.7404753999554955e-07,7.65914147986027e-08,1.2017571263412258e-07,8.171825080423471e-08,8.33576174891144e-08,1.1046203891790187e-07,1.1072762255205584e-07,7.50777816568358e-08,8.342486738577968e-08,1.1820606787454328e-07,1.1116189717031151e-07,1.1058646176749704e-07,1.1765865120633933e-07,7.336800721778838e-08,6.876138759379211e-08,9.496162098398781e-08,1.3069505805961849e-07,6.658631165297186e-08,8.363351502605675e-08,1.5430708443884363e-07,1.2481367760799452e-07,9.354670750135193e-08,8.244211926504135e-08,8.779246148891783e-08,7.129335002996537e-08,7.206340224385854e-08,1.11402734839689e-07,9.829864645126708e-08,0.001,7.549849913803555e-08,1.0940397808322929e-07,7.996143295958755e-08,1.429227944310557e-07,7.371802872740445e-08,7.835687691115938e-08,7.016657990545023e-08,6.863117769188705e-08
Uganda,2.02242703395274e-07,2.3269899954228606e-07,9.407905250577654e-08,1.8373647215236356e-07,2.152183422760841e-07,1.4837928374313366e-07,1.6339208152656297e-07,2.918849450043287e-07,1.4531921629523357e-07,2.0157327617950245e-07,3.7192006102594565e-07,1.0300211817167337e-07,2.1257696475381826e-07,2.514599363306032e-07,1.8345864958784346e-06,1.2270776203848584e-07,4.3681827271380027e-07,8.43254014791294e-08,7.196291865961162e-07,4.745475967682059e-07,8.83226204733734e-08,1.189951273182207e-07,8.646693030546539e-08,7.785848114193272e-08,2.3949093292194573e-07,1.9398391797797962e-07,8.166992820489201e-08,1.7774456254327913e-07,1.2706420684617887e-06,8.839494755329854e-08,3.4662130857437664e-07,7.508137342665018e-08,4.0805507119095244e-07,1.5495697274672265e-07,9.796298090604791e-07,1.4272370312548243e-07,1.7295398640465848e-07,4.4151510706124126e-07,1.8099647914283935e-07,2.1344297665610167e-07,1.6807773899051128e-07,2.5979652636457567e-07,2.3097377980578216e-07,1.0768905970406179e-07,9.620711303755933e-08,7.447317501771283e-08,2.0953191596439445e-07,8.698480013675421e-08,7.668431406738481e-08,1.912679681785991e-07,1.8767393945788958e-07,1.0197352002140952e-07,2.451480737568677e-07,2.660801214975114e-07,2.951391233848636e-07,1.9951935427530944e-07,8.785837367085173e-08,2.987657356815223e-07,1.599211517984895e-07,1.497418886546661e-06,1.2218858338729515e-07,1.6023874736274087e-07,2.7351304448478967e-07,2.1516268996917646e-07,1.6285340654517566e-07,2.158816291424719e-07,3.51896905160553e-07,1.1163852089266784e-07,2.3138131380455212e-07,1.9124915991638116e-07,6.951887473598899e-08,1.1598217600879009e-07,2.1167117873916793e-07,1.930052811081132e-07,4.6416084894930736e-07,1.3325634677443176e-07,3.309588711194847e-07,1.59132467261608e-07,3.212361673012612e-07,3.525110056090084e-07,1.4256598469560556e-07,2.854684561685916e-07,1.9448743936495306e-07,9.941067718827583e-08,8.326037063496947e-08,1.0006893391427796e-07,1.735198357460282e-07,2.933397894753113e-07,5.248753459371294e-07,1.9871569206883361e-07,1.1489494707397425e-07,2.5031793173498478e-06,3.332163835986179e-07,1.899940499738522e-07,2.046537995998971e-07,2.044022546483951e-07,1.9028678396181626e-07,4.6976375532672126e-07,2.9175567607410993e-07,9.582869422493666e-08,1.770392543522746e-07,1.825360115574375e-07,6.394054261425451e-07,1.1653506304071606e-07,1.7846188082950573e-07,2.6210877059808297e-07,1.0131712793475944e-07,1.730033617335364e-07,1.1865112154684045e-06,1.3114303596243125e-07,2.288899647808032e-07,2.3702200712999588e-07,7.549849913803555e-08,0.001,1.880033822157164e-07,2.874505302945766e-07,1.5040747756795506e-07,1.2084085512092782e-07,1.2706420684617887e-06,5.607842237786837e-07,4.2860089312838216e-07
Ukraine,3.070263948510271e-07,2.939818603840462e-07,7.590252609312626e-08,7.155429835377672e-07,6.47753604144049e-07,1.7491609410909911e-07,4.977360379916952e-07,1.9305199796388026e-07,1.8225135699600085e-07,8.282754914492091e-07,1.2652528133829886e-07,9.413462703990761e-08,1.164469867000295e-06,1.974350750813987e-07,1.718252093795764e-07,1.3005010716001622e-07,1.9510137136347999e-07,1.426097917006983e-07,2.0968133314256525e-07,2.529677742643808e-07,7.479086236055518e-08,1.6663685032702105e-07,9.355558386190205e-08,9.097078501321512e-08,1.7518933998943738e-07,7.575130161995572e-07,1.0289647280162586e-07,8.342269178531454e-07,1.8277927008536734e-07,1.0727757962580972e-07,4.0848242816526935e-07,9.12306756374005e-08,1.7808300008829238e-07,8.479023809994018e-07,2.1835652940370706e-07,5.852108950059092e-07,4.406105050574215e-07,1.7028281318279932e-07,1.688249188374035e-07,8.42861968536869e-07,6.034899910309126e-07,1.803562558122903e-07,7.310989867650554e-07,2.3168111170113904e-07,1.0790901885408946e-07,9.183030335025799e-08,1.7476545490304633e-07,1.0593408482363855e-07,9.341164521094262e-08,1.0850499720025242e-06,1.952212493024522e-07,9.727979704313386e-08,3.879921444145759e-07,4.906884364319333e-07,5.110108599484835e-07,6.128470547056141e-07,1.2339059944178345e-07,4.933680595125644e-07,3.791147484788441e-07,1.8691564783276658e-07,1.3727744242588592e-07,9.945268558830927e-07,5.832976373101071e-07,1.6371116897197873e-07,1.054472882314372e-06,8.96708963461288e-07,1.284396874142277e-07,1.0981070372703789e-07,2.0796496493131828e-07,1.9782210861560407e-07,9.239593888027032e-08,1.889477946820311e-07,7.832375295639209e-07,2.77113079696478e-07,1.341521958895546e-07,1.5489672195361365e-07,1.2494437625241685e-07,2.0094325864023378e-07,2.3477525585888821e-07,2.0553966661846116e-07,5.031218307386143e-07,2.6196936346471835e-07,2.610740028443496e-07,8.400975614294971e-08,8.227305145133266e-08,1.1198692032357088e-07,1.0951646558836094e-06,3.228138217150957e-07,1.731122715562894e-07,1.6034892194349397e-06,2.2951499612113004e-07,1.76863629039712e-07,3.4548593821163593e-07,1.7522130474678654e-07,9.907331417211314e-07,1.6547512610515472e-07,7.573302932070061e-07,2.1720352110250065e-07,1.1526703501938635e-07,1.355626002850484e-07,3.3338231932435304e-07,1.5325266022384808e-07,2.6489619403166575e-07,3.0568369370994995e-07,5.564482509301675e-07,6.130353484010806e-07,1.2494731866979461e-07,3.0514522906957175e-07,1.6393177659237903e-07,1.396323045481659e-07,3.961953124585098e-07,8.797941985279531e-07,1.0940397808322929e-07,1.880033822157164e-07,0.001,2.9617772742860874e-07,4.165703175145596e-07,1.330054022365019e-07,1.8277927008536734e-07,1.4101641806096025e-07,1.308117205375359e-07
United Arab Emirates,6.820859651084829e-07,1.965029409237096e-07,7.156052013937045e-08,2.2600152264653858e-07,5.186581288307703e-07,2.737653222362608e-07,1.9252551505603102e-07,1.7507030716452368e-07,2.7251754939284256e-07,2.5320141829555004e-07,1.6565030716454685e-07,8.07367042803177e-08,2.9489030998672247e-07,1.6666010402484588e-07,2.498488527324454e-07,1.8208756083012215e-07,2.036949049103881e-07,9.730554522236845e-08,2.5049522881118077e-07,2.6348041716735005e-07,6.858660897070517e-08,1.9849947899713046e-07,7.456320397061131e-08,7.08878340705577e-08,1.535947301952232e-07,2.391253378038031e-07,7.729082429031464e-08,2.2795534978806752e-07,2.4362140697912797e-07,8.087954672210325e-08,4.1119444894785836e-07,7.038617474515843e-08,1.8790738623112209e-07,2.2390920496221465e-07,4.0680139385079715e-07,2.0435525274182298e-07,1.9152033296223072e-07,1.87404066425032e-07,1.3399438696238653e-07,4.504037738054241e-07,2.055043484574542e-07,1.6110667676457496e-07,2.907638301132129e-07,1.3118968311471112e-07,8.351169146196588e-08,7.057290516717277e-08,1.450737605677246e-07,7.992757411943756e-08,7.177710731094173e-08,2.5314140172059586e-07,4.144152684794331e-07,1.2763807971979175e-07,1.121092242510366e-06,7.162668757150848e-07,4.836148563179726e-07,2.3236713920331663e-07,1.2545044406446114e-07,5.16230093857792e-07,3.4056096236363317e-07,3.2525387218536304e-07,1.880946991163862e-07,2.3018600396126554e-07,4.819220187441406e-07,1.4219496988961142e-07,2.3197017049333987e-07,2.81319609780348e-07,2.029834814269924e-07,1.4892454646327997e-07,1.6502592074170174e-07,1.47750744145728e-07,7.042831258745836e-08,1.943605832507903e-07,2.636921075237191e-07,1.7238043265818774e-07,1.957282586790568e-07,2.2230643518983646e-07,1.5442168355823497e-07,3.302139156005522e-07,2.0519810027906022e-07,1.9565429638340377e-07,1.868347084651052e-07,2.205312649848412e-06,5.815839094108702e-07,7.600392301006922e-08,6.888077438662024e-08,1.384931469675949e-07,2.359250846143055e-07,3.086407453460509e-06,1.9842278308178996e-07,2.8059798331737075e-07,1.8738800559728203e-07,2.5804495750292765e-07,1.088477571231792e-06,1.3923645998128729e-07,2.6813564706764877e-07,1.3987650104025007e-07,2.351965090427625e-07,6.105730815256791e-07,1.4954539769901245e-07,1.422091124049043e-07,1.7682025029033023e-07,2.9056626471330565e-07,3.6983010830325716e-07,1.597444913068339e-07,2.0849642081100753e-07,5.079754514695439e-07,1.4793719139637768e-07,4.328420842947176e-07,2.559024369209662e-07,2.0372028626955538e-07,2.2295529895643612e-07,4.090512120220287e-07,7.996143295958755e-08,2.874505302945766e-07,2.9617772742860874e-07,0.001,1.761580796137286e-07,1.8235552700352562e-07,2.4362140697912797e-07,1.9831753020884829e-07,1.8116357141547112e-07
United Kingdom,1.7697729045342378e-07,3.4290920515675114e-07,8.757222432460589e-08,7.638637504496285e-07,2.538199510234786e-07,1.2483203782344646e-07,1.8545930989951728e-06,2.0202290352939708e-07,1.292199176253618e-07,5.47264935457521e-07,1.1386967431182647e-07,1.1550043504961037e-07,4.312549547380814e-07,2.1986694777605295e-07,1.4224050084415295e-07,1.007484503249325e-07,1.82790018367737e-07,1.9173036719650534e-07,1.7833837709130264e-07,2.1285607998645198e-07,8.762269605823047e-08,1.2610656822101154e-07,1.1976346550195956e-07,1.163873512197085e-07,1.957570557334209e-07,6.271738751600405e-07,1.3653282801885478e-07,7.749298598275769e-07,1.543135566171165e-07,1.4432555953673456e-07,2.513765473399618e-07,1.1661135098193303e-07,1.7039861952462345e-07,5.566291748540814e-07,1.606375724333918e-07,5.17639515940766e-07,1.0700742776950173e-06,1.6057980385865082e-07,2.1391734418269278e-07,2.798102929996606e-07,1.2238763360709358e-06,1.9602983455715643e-07,4.060955745889871e-07,3.714495710247412e-07,1.4363267710716798e-07,1.1744197312054125e-07,2.0738196373548574e-07,1.4198227012464334e-07,1.2027240778766205e-07,5.76542114852901e-07,1.3299868793444893e-07,8.000361287362692e-08,2.0224864884647805e-07,2.334614363942504e-07,2.60497767253487e-07,6.057026734518773e-07,1.0728824495869584e-07,2.5275755777597575e-07,2.103073739951658e-07,1.4451975657816046e-07,1.0561121305056319e-07,5.791439271262838e-07,2.698903675123112e-07,1.88306879805653e-07,5.993266096786087e-07,4.4871773121103253e-07,1.0594692239651217e-07,8.810474438243005e-08,2.4335305021792577e-07,2.584835573010877e-07,1.163506678971083e-07,1.4358308114797515e-07,4.891943528285564e-07,4.0721129321911047e-07,1.1429550903478674e-07,1.1515644210419156e-07,1.1607255409031153e-07,1.3721407212575967e-07,2.3229381937616498e-07,2.0158352483043307e-07,8.807937090826996e-07,1.6316372545774796e-07,1.6080900012072988e-07,9.928740307562616e-08,1.0125278634972208e-07,9.170623445515279e-08,6.722772089595539e-07,1.8613685252431142e-07,1.5884575079393778e-07,4.7318530489378745e-07,1.7837922974386152e-07,1.4545211050623448e-07,1.9900959124775786e-07,2.192742559807237e-07,4.992788464467636e-07,1.9541698994915806e-07,6.654525139295516e-07,1.5075052206703722e-07,1.049261961816547e-07,1.1333470116502105e-07,6.39534441749927e-07,1.12056126379811e-07,1.944209471126204e-07,3.555290150810279e-07,9.510667918909316e-07,2.671725749502419e-07,1.0162085126057307e-07,1.793753054486946e-07,1.3348766748942066e-07,1.0597931957516564e-07,4.1939289368693796e-07,3.086355552825067e-07,1.429227944310557e-07,1.5040747756795506e-07,4.165703175145596e-07,1.761580796137286e-07,0.001,1.0296978475423907e-07,1.543135566171165e-07,1.2153399209757995e-07,1.1425860237156776e-07
Viet Nam,2.210011840449113e-07,9.60169799284442e-08,5.625077692986126e-08,1.121641936987863e-07,1.6079634522440117e-07,5.285667702477195e-07,1.0568759220052006e-07,8.949825124381622e-08,4.892719601011266e-07,1.1581964437378572e-07,1.0125768487734022e-07,5.596375901302725e-08,1.2361171147028838e-07,8.707758983503397e-08,1.1585067268664624e-07,2.8653884365051706e-06,9.745823876512965e-08,8.79422798559504e-08,1.0784059451428033e-07,1.0806113005749392e-07,5.4275538629745604e-08,4.745381484393761e-07,5.6238676814174786e-08,5.9071551903505164e-08,8.346135608241713e-08,1.1358775420901212e-07,6.327021863530939e-08,1.1490487488117109e-07,1.1044291020357885e-07,6.205107442334592e-08,1.2722127524549867e-07,6.12547470087751e-08,9.435641696525944e-08,1.262062920000857e-07,1.3459787890654668e-07,1.2607992808469827e-07,1.0217703933234942e-07,9.521318659264913e-08,7.740309882558686e-08,1.5215749062261795e-07,1.0963872205913754e-07,8.56932857265607e-08,1.1906617523356461e-07,1.0083086085200263e-07,6.018449719942088e-08,6.21288409928828e-08,8.079999841591287e-08,6.200082573279087e-08,6.129493987034344e-08,1.186881345745644e-07,3.226844642872258e-07,3.586768554324094e-07,1.780371738364329e-07,1.546283247065703e-07,1.3617232200998598e-07,1.1024398360537787e-07,2.587054909943657e-07,1.3832606753730674e-07,2.015937415926625e-07,1.3097570605250388e-07,4.071350793298894e-06,1.2522270975229005e-07,1.3840882266195283e-07,7.996609969902972e-08,1.2420108176881757e-07,1.1974450533158107e-07,1.3189123975881292e-07,6.044270914449586e-07,8.675670177660397e-08,8.220247590207896e-08,6.788175770936076e-08,3.005035942688443e-07,1.1636447073882054e-07,9.126214490010292e-08,1.155610096572334e-07,9.326527110704096e-07,9.461362229819506e-08,3.8098516128305956e-07,9.655402212280695e-08,9.473512178211042e-08,1.141811231160505e-07,1.9286661299304372e-07,2.5117998752717426e-07,5.500414503944191e-08,5.17907861083403e-08,5.695369744734682e-07,1.1974859877047863e-07,1.7362537545319633e-07,9.847472538487747e-08,1.2411025367674884e-07,2.0372070375636771e-07,1.1650490091547403e-07,1.5647489825709806e-07,7.909529063956611e-08,1.1909358694724424e-07,7.916292199573817e-08,1.133426103982852e-07,1.61246706387211e-07,9.889998588559198e-08,3.177109248220354e-07,9.524763642573497e-08,3.448608508659787e-07,1.2339278866946503e-07,1.222471596094125e-07,1.0734928357525214e-07,1.4243777203820538e-07,5.630297736707935e-07,2.3517616149672118e-07,1.221260648650247e-07,1.5309508065892185e-06,1.0354024934366182e-07,1.3740056459994654e-07,7.371802872740445e-08,1.2084085512092782e-07,1.330054022365019e-07,1.8235552700352562e-07,1.0296978475423907e-07,0.001,1.1044291020357885e-07,1.1075006629620591e-07,1.0853075925111154e-07
Zaire,1.799839106221272e-07,2.5724859249123144e-07,1.0079483778369491e-07,1.863888820277637e-07,1.987992813567456e-07,1.3358354801981376e-07,1.6741902078158874e-07,3.661704649224285e-07,1.3139922343444877e-07,2.0312188612101316e-07,4.104720468913227e-07,1.1208233651426951e-07,2.0996405926597434e-07,3.0228277226148127e-07,1.475706372979687e-06,1.1194046829602258e-07,6.29091481303691e-07,8.605093984563935e-08,1.1205174567079102e-06,5.600524384730515e-07,9.44002446589222e-08,1.0986840630062953e-07,9.26267859519823e-08,8.264369103108271e-08,2.9034962581442416e-07,1.9643570802145566e-07,8.644364219720067e-08,1.7898186978006283e-07,0.001,9.421633933715256e-08,3.294651093814903e-07,7.937081494667993e-08,5.93810885637908e-07,1.5282911277261608e-07,5.909738719275235e-07,1.408385173756844e-07,1.7947436864433992e-07,6.761107210803418e-07,2.074992162616785e-07,1.9964379125021297e-07,1.7091594624761132e-07,3.201394610688907e-07,2.3098135831575082e-07,1.0910566797980238e-07,1.0356747794934389e-07,7.861756090471307e-08,2.464108381439103e-07,9.260982394238817e-08,8.112950501332406e-08,1.9120545166742476e-07,1.644881373846268e-07,9.457951037564634e-08,2.170923431687949e-07,2.40358634163489e-07,2.751121912749692e-07,2.041895334667103e-07,8.287707781360447e-08,2.760553675614696e-07,1.4838925485188352e-07,6.890380774337865e-07,1.1162476224983812e-07,1.5823000407895588e-07,2.5561692423017784e-07,2.5647988670510934e-07,1.6105077556066112e-07,2.1539784672618094e-07,3.0648565751286517e-07,1.0266216415487221e-07,2.7070279300128757e-07,2.1744600974259768e-07,7.26653152808315e-08,1.0825580648782153e-07,2.1319477794924416e-07,2.10823265430916e-07,4.355182581148752e-07,1.2099951619897146e-07,3.869899346256212e-07,1.428401604809518e-07,3.8867857987319366e-07,4.5797428494421864e-07,1.4300947610012862e-07,2.3901582462999587e-07,1.722619149788173e-07,1.0754087974701901e-07,8.909449275073463e-08,9.278852967891952e-08,1.7293878984916706e-07,2.505989017687231e-07,8.939608959493389e-07,1.9622903036413876e-07,1.0897792097261596e-07,1.669957064725633e-06,2.852652700329547e-07,2.1895171131524435e-07,2.0449951377543994e-07,2.406399263958598e-07,1.9269471802429982e-07,3.473621775149978e-07,3.114262927721886e-07,8.991253871849809e-08,1.880671833511686e-07,1.5960763736776266e-07,5.721315775551905e-07,1.1537997587492269e-07,1.8301963138770926e-07,2.436849440484036e-07,9.408452567857694e-08,1.5704840932965116e-07,7.726943794059004e-07,1.1896870253881754e-07,2.428484546880848e-07,2.253505594128453e-07,7.835687691115938e-08,1.2706420684617887e-06,1.8277927008536734e-07,2.4362140697912797e-07,1.543135566171165e-07,1.1044291020357885e-07,0.001,5.721315775551905e-07,4.3887728165892774e-07
Zambia,1.5418173685250003e-07,1.7928528079550814e-07,1.0577793695421506e-07,1.4083153693043513e-07,1.5612455573217483e-07,1.2788805972375777e-07,1.2953065867602795e-07,2.4458861371959355e-07,1.2432710951494624e-07,1.5046899357678602e-07,9.99451783105426e-07,1.0866932213373336e-07,1.552305141835016e-07,2.1309589714957116e-07,7.861791011595451e-07,1.133409080159591e-07,3.272331843005939e-07,7.491891456672606e-08,3.805224723302598e-07,2.8313499660188995e-07,9.790020924581676e-08,1.03709216392845e-07,8.755753819205503e-08,7.773845064582203e-08,2.162377248868437e-07,1.4658145299989672e-07,7.903831232065546e-08,1.36755307200155e-07,5.721315775551905e-07,8.586843099927665e-08,2.152102011672921e-07,7.424701864083657e-08,3.4522251562407035e-07,1.218064889087896e-07,3.714018263366553e-07,1.1408256994682211e-07,1.3664712031535424e-07,3.9455956260806685e-07,1.661445569922867e-07,1.5476887036843816e-07,1.3171871742452375e-07,2.2978292625640276e-07,1.6569292969028175e-07,9.163760093111204e-08,9.490835210203032e-08,7.332425504559217e-08,1.8990826338857066e-07,8.455408407299937e-08,7.557741452220674e-08,1.4411815190100407e-07,1.5533837766170476e-07,1.0126537752430552e-07,1.7388938612154494e-07,1.8126984229519913e-07,1.934091333408759e-07,1.506149845697253e-07,7.944797614734811e-08,1.9491974746911724e-07,1.2608833025198485e-07,5.058873543783548e-07,1.1112022464786076e-07,1.2511884915017016e-07,1.8385396826112286e-07,2.0142262033454444e-07,1.2678101397926392e-07,1.5759692179582923e-07,5.299395052057706e-07,1.0771606362409397e-07,1.9435631894455244e-07,1.664010948278947e-07,6.700880030927894e-08,9.923489831987531e-08,1.5598103806629666e-07,1.562004145889669e-07,1.554468548919949e-06,1.1805406677595559e-07,6.348654828008855e-07,1.3304489904014578e-07,2.383228182401742e-07,2.7181167440702356e-07,1.1474018301031798e-07,2.0176125203640414e-07,1.521488878003941e-07,1.089807216877105e-07,8.75895471261214e-08,9.4383191010075e-08,1.33597481155879e-07,1.9847886915803003e-07,4.4205068302845555e-07,1.4762775361716568e-07,9.6447002331471e-08,6.954876101610236e-07,2.1208256703392118e-07,1.7210750492834832e-07,1.5159173679810083e-07,1.8992544824744732e-07,1.4447475871161683e-07,2.882167500918682e-07,5.992923560551033e-07,8.577085885340071e-08,1.4217371461698516e-07,1.6312433468087234e-07,3.013882686151567e-07,9.670806840799251e-08,1.3869569780807933e-07,1.7864055112572248e-07,9.286826770704128e-08,1.3620464904015594e-07,8.80466074668384e-07,1.192591866817936e-07,1.7058739846072587e-07,1.6666315190134134e-07,7.016657990545023e-08,5.607842237786837e-07,1.4101641806096025e-07,1.9831753020884829e-07,1.2153399209757995e-07,1.1075006629620591e-07,5.721315775551905e-07,0.001,1.8070874029602673e-06
Zimbabwe,1.4396339606796795e-07,1.651712988542852e-07,1.0932134463928183e-07,1.3086719623708775e-07,1.4411851950050552e-07,1.2309279453294087e-07,1.2122199642106438e-07,2.2420545691147874e-07,1.1945702930460012e-07,1.3905813387988825e-07,1.510848242810262e-06,1.096044487018701e-07,1.4298156150256442e-07,1.9760723196792368e-07,5.478397025215269e-07,1.1129923994880228e-07,2.868313341244543e-07,7.229791500947776e-08,3.1797101655450876e-07,2.466532299706288e-07,1.0077405838013322e-07,1.0020815013375798e-07,8.754680033821444e-08,7.75777107714902e-08,2.0289632122361833e-07,1.3578434598130024e-07,7.809269296811591e-08,1.2727225310059627e-07,4.3887728165892774e-07,8.479943445114468e-08,1.923078199391605e-07,7.394449413371888e-08,3.0580619585930876e-07,1.1411958270479394e-07,3.10686748798542e-07,1.0731121808735469e-07,1.276173362299444e-07,3.45707970985952e-07,1.586875564187172e-07,1.4278689538529616e-07,1.2301421215579685e-07,2.1378255415024834e-07,1.518844179082007e-07,8.740476509842628e-08,9.3968760215786e-08,7.29461656277953e-08,1.7970871269085405e-07,8.354318164757821e-08,7.516118442466944e-08,1.3355889347221885e-07,1.4772194957579206e-07,1.0174623287514627e-07,1.598653812636305e-07,1.6525556895894546e-07,1.747849241586399e-07,1.3935657988018548e-07,7.763258438905812e-08,1.760655059251137e-07,1.1862041553543811e-07,4.0296706762249607e-07,1.0864807156177017e-07,1.1702614982976449e-07,1.669667403260124e-07,1.914135425305269e-07,1.1848406380360573e-07,1.450404726255834e-07,5.623565684391415e-07,1.0720730242511347e-07,1.8088399152010633e-07,1.57056770832037e-07,6.636199387945449e-08,9.536434126371616e-08,1.43742125689726e-07,1.4580575094239636e-07,1.783945713399164e-06,1.1453323565858183e-07,7.303710031113207e-07,1.2703095322555776e-07,2.1492504849885853e-07,2.4380683236841794e-07,1.0797641929937412e-07,1.8500945291440538e-07,1.428856241398077e-07,1.1144694118448653e-07,8.868030030823641e-08,9.339180463007406e-08,1.2445684570382218e-07,1.8070316639693191e-07,3.7566371211890657e-07,1.3650217912517522e-07,9.211745620245938e-08,5.022054854089654e-07,1.9096053743725114e-07,1.6362618010902442e-07,1.3994868855614318e-07,1.8076301359670587e-07,1.339790081360086e-07,2.552699286471937e-07,8.567549481433028e-07,8.353705487496e-08,1.329550481843131e-07,1.5793388916759226e-07,2.5830743553588694e-07,9.179863713996895e-08,1.291728707792252e-07,1.627214346604542e-07,9.1104632749246e-08,1.281461183241438e-07,6.095294317812765e-07,1.1653760503910639e-07,1.567996537111266e-07,1.5263311214482823e-07,6.863117769188705e-08,4.2860089312838216e-07,1.308117205375359e-07,1.8116357141547112e-07,1.1425860237156776e-07,1.0853075925111154e-07,4.3887728165892774e-07,1.8070874029602673e-06,0.001
